order_id,sku,quantity
1,breakfast_wrap,1
1,breakfast_wrap,1
2,breakfast_wrap,1
2,hash_brown,1
3,hash_brown,1
3,breakfast_wrap,1
4,breakfast_wrap,1
4,hash_brown,1
5,breakfast_wrap,1
6,breakfast_wrap,1
7,hash_brown,1
8,breakfast_wrap,1
9,breakfast_wrap,1
9,hash_brown,1
10,hash_brown,1
11,hash_brown,2
12,hash_brown,1
13,breakfast_wrap,1
13,hash_brown,1
14,hash_brown,1
15,breakfast_wrap,1
16,hash_brown,1
16,breakfast_wrap,1
17,breakfast_wrap,1
18,hash_brown,1
18,hash_brown,1
19,breakfast_wrap,1
19,hash_brown,1
20,hash_brown,1
21,hash_brown,1
22,breakfast_wrap,1
23,hash_brown,1
24,hash_brown,1
25,breakfast_wrap,1
26,hash_brown,1
27,breakfast_wrap,2
28,hash_brown,1
29,hash_brown,1
30,hash_brown,1
30,breakfast_wrap,2
31,breakfast_wrap,1
32,breakfast_wrap,1
33,hash_brown,1
34,hash_brown,1
34,breakfast_wrap,1
35,hash_brown,1
36,hash_brown,1
37,hash_brown,1
38,breakfast_wrap,2
38,hash_brown,1
39,breakfast_wrap,1
40,hash_brown,1
41,breakfast_wrap,1
41,hash_brown,1
42,hash_brown,1
42,breakfast_wrap,1
43,breakfast_wrap,1
43,hash_brown,1
44,breakfast_wrap,2
45,breakfast_wrap,1
46,hash_brown,1
47,breakfast_wrap,1
48,breakfast_wrap,1
48,breakfast_wrap,1
49,hash_brown,1
50,breakfast_wrap,2
51,breakfast_wrap,1
51,breakfast_wrap,1
52,breakfast_wrap,1
53,hash_brown,1
54,hash_brown,1
55,breakfast_wrap,1
56,hash_brown,1
57,breakfast_wrap,1
58,hash_brown,1
58,hash_brown,1
59,breakfast_wrap,1
60,hash_brown,1
61,breakfast_wrap,1
62,breakfast_wrap,2
63,breakfast_wrap,1
63,breakfast_wrap,2
64,breakfast_wrap,1
65,hash_brown,1
66,breakfast_wrap,1
66,hash_brown,1
67,hash_brown,1
68,hash_brown,1
68,hash_brown,1
69,breakfast_wrap,2
69,hash_brown,2
70,breakfast_wrap,1
71,breakfast_wrap,1
72,hash_brown,1
73,breakfast_wrap,1
73,breakfast_wrap,2
74,breakfast_wrap,1
74,hash_brown,1
75,chicken_tenders,1
76,fries,1
77,chicken_tenders,1
78,fries,1
78,chicken_tenders,1
79,fries,1
80,fries,1
81,chicken_tenders,1
82,chicken_tenders,1
83,chicken_tenders,1
84,fries,1
85,fries,1
86,fries,1
87,chicken_tenders,1
88,chicken_tenders,2
89,chicken_tenders,1
90,chicken_tenders,1
90,fries,1
91,fries,1
92,chicken_tenders,1
93,fries,1
93,fries,2
94,chicken_tenders,1
95,chicken_tenders,1
96,chicken_tenders,1
97,fries,1
98,chicken_tenders,1
99,fries,2
99,chicken_tenders,2
100,chicken_tenders,1
100,chicken_tenders,1
101,chicken_tenders,1
101,chicken_tenders,1
102,chicken_tenders,1
103,fries,1
104,fries,1
104,chicken_tenders,1
105,fries,1
106,chicken_tenders,1
106,chicken_tenders,1
107,chicken_tenders,1
108,chicken_tenders,1
109,fries,1
110,fries,1
110,fries,1
111,chicken_tenders,1
112,chicken_tenders,1
112,chicken_tenders,2
113,chicken_tenders,1
114,chicken_tenders,1
115,fries,1
116,chicken_tenders,1
117,chicken_tenders,1
118,fries,2
119,fries,2
120,chicken_tenders,1
120,chicken_tenders,1
121,chicken_tenders,2
122,chicken_tenders,1
122,fries,1
123,chicken_tenders,1
123,fries,1
124,chicken_tenders,1
125,chicken_tenders,1
126,chicken_tenders,1
127,fries,1
128,chicken_tenders,1
129,chicken_tenders,1
130,chicken_tenders,1
131,chicken_tenders,2
132,chicken_tenders,1
133,fries,1
134,fries,1
134,chicken_tenders,1
135,chicken_tenders,1
135,chicken_tenders,1
136,fries,1
137,chicken_tenders,1
138,fries,2
139,chicken_tenders,1
140,chicken_tenders,2
141,chicken_tenders,1
142,chicken_tenders,1
143,fries,1
144,fries,1
145,fries,1
146,fries,1
147,chicken_tenders,1
148,chicken_tenders,1
149,fries,1
149,chicken_tenders,1
150,fries,2
151,chicken_tenders,1
152,chicken_tenders,1
153,chicken_tenders,2
154,chicken_tenders,2
155,chicken_tenders,1
156,chicken_tenders,2
156,fries,2
157,chicken_tenders,1
158,fries,1
159,chicken_tenders,1
160,fries,1
160,fries,1
161,fries,1
161,chicken_tenders,1
162,chicken_tenders,2
162,fries,1
163,chicken_tenders,2
164,fries,1
165,fries,1
166,fries,1
167,chicken_tenders,1
167,chicken_tenders,1
168,chicken_tenders,2
169,fries,1
170,fries,1
170,fries,2
171,fries,2
172,chicken_tenders,1
173,fries,1
174,chicken_tenders,1
175,fries,2
176,fries,1
177,chicken_tenders,1
177,fries,1
178,chicken_tenders,1
179,fries,1
180,fries,1
181,chicken_tenders,1
182,fries,1
183,fries,1
184,chicken_tenders,2
185,chicken_tenders,1
186,fries,2
187,chicken_tenders,1
187,fries,1
188,chicken_tenders,1
189,chicken_tenders,1
190,fries,1
191,chicken_tenders,1
191,fries,1
192,chicken_tenders,1
192,chicken_tenders,1
193,fries,1
194,chicken_tenders,2
195,fries,2
196,chicken_tenders,1
197,chicken_tenders,1
198,fries,1
198,fries,1
199,chicken_tenders,1
200,fries,1
201,fries,1
201,chicken_tenders,1
202,fries,1
203,chicken_tenders,1
204,chicken_tenders,1
204,fries,1
205,fries,2
206,chicken_tenders,1
207,chicken_tenders,1
207,fries,1
208,fries,1
209,fries,1
210,chicken_tenders,2
211,fries,1
211,fries,2
212,chicken_tenders,1
213,fries,1
214,chicken_tenders,1
215,fries,2
215,fries,1
216,fries,1
216,chicken_tenders,1
217,fries,1
217,fries,1
218,fries,1
219,chicken_tenders,1
219,fries,1
220,chicken_tenders,2
220,fries,1
221,hash_brown,1
222,hash_brown,1
223,breakfast_wrap,1
223,hash_brown,2
224,breakfast_wrap,1
224,breakfast_wrap,1
225,hash_brown,1
226,hash_brown,1
226,breakfast_wrap,1
227,hash_brown,1
227,hash_brown,2
228,breakfast_wrap,2
229,hash_brown,1
230,breakfast_wrap,1
231,breakfast_wrap,1
232,breakfast_wrap,1
233,breakfast_wrap,1
234,hash_brown,1
235,hash_brown,1
236,hash_brown,2
237,breakfast_wrap,2
238,breakfast_wrap,1
238,breakfast_wrap,1
239,breakfast_wrap,2
240,breakfast_wrap,1
241,breakfast_wrap,1
241,breakfast_wrap,2
242,breakfast_wrap,1
243,hash_brown,1
244,hash_brown,1
245,breakfast_wrap,1
245,hash_brown,2
246,breakfast_wrap,1
247,hash_brown,2
248,breakfast_wrap,1
249,hash_brown,1
249,hash_brown,1
250,hash_brown,1
251,breakfast_wrap,1
252,breakfast_wrap,1
253,hash_brown,1
253,hash_brown,1
254,hash_brown,1
255,hash_brown,1
256,hash_brown,1
257,hash_brown,1
258,breakfast_wrap,1
259,breakfast_wrap,1
260,breakfast_wrap,2
261,hash_brown,1
262,hash_brown,1
263,hash_brown,1
264,hash_brown,1
264,hash_brown,1
265,hash_brown,1
266,hash_brown,1
267,hash_brown,1
268,hash_brown,1
269,breakfast_wrap,1
269,breakfast_wrap,1
270,breakfast_wrap,2
270,hash_brown,1
271,breakfast_wrap,1
272,hash_brown,1
273,breakfast_wrap,1
273,hash_brown,1
274,hash_brown,1
274,breakfast_wrap,1
275,hash_brown,1
275,hash_brown,2
276,hash_brown,1
277,breakfast_wrap,1
278,hash_brown,1
279,breakfast_wrap,1
280,breakfast_wrap,1
281,hash_brown,1
281,hash_brown,2
282,hash_brown,1
282,hash_brown,1
283,hash_brown,1
284,hash_brown,1
285,hash_brown,1
286,breakfast_wrap,2
286,hash_brown,1
287,breakfast_wrap,1
287,hash_brown,1
288,hash_brown,1
288,breakfast_wrap,2
289,breakfast_wrap,1
290,breakfast_wrap,1
291,hash_brown,2
292,hash_brown,1
292,breakfast_wrap,1
293,breakfast_wrap,2
294,breakfast_wrap,2
294,hash_brown,2
295,hash_brown,1
296,hash_brown,1
296,breakfast_wrap,2
297,breakfast_wrap,2
297,hash_brown,1
298,breakfast_wrap,1
299,hash_brown,2
300,breakfast_wrap,1
300,hash_brown,1
301,breakfast_wrap,1
302,breakfast_wrap,1
303,hash_brown,2
304,fries,1
305,chicken_tenders,1
305,chicken_tenders,1
306,chicken_tenders,2
307,chicken_tenders,1
308,fries,1
309,fries,1
310,chicken_tenders,1
311,fries,1
312,fries,1
312,chicken_tenders,1
313,fries,1
314,fries,2
315,chicken_tenders,1
316,fries,1
317,fries,1
317,chicken_tenders,1
318,chicken_tenders,1
318,fries,1
319,chicken_tenders,2
320,fries,2
321,chicken_tenders,1
322,fries,1
322,chicken_tenders,1
323,fries,1
323,chicken_tenders,1
324,fries,1
325,fries,1
326,fries,1
326,fries,1
327,chicken_tenders,2
328,fries,1
329,fries,1
330,fries,1
330,chicken_tenders,1
331,fries,1
332,chicken_tenders,1
332,fries,1
333,fries,1
334,fries,2
335,fries,1
336,fries,1
337,fries,1
337,fries,1
338,fries,2
339,fries,1
340,fries,1
340,fries,2
341,chicken_tenders,1
342,chicken_tenders,1
343,fries,1
343,fries,1
344,fries,1
344,chicken_tenders,1
345,fries,1
346,chicken_tenders,1
347,chicken_tenders,1
348,chicken_tenders,1
349,fries,1
350,fries,1
351,fries,2
351,fries,2
352,chicken_tenders,1
353,chicken_tenders,1
354,chicken_tenders,1
355,fries,1
356,chicken_tenders,1
356,chicken_tenders,2
357,chicken_tenders,1
357,fries,1
358,fries,1
359,chicken_tenders,1
360,fries,1
361,chicken_tenders,2
362,chicken_tenders,2
363,chicken_tenders,1
364,chicken_tenders,2
365,fries,1
366,fries,1
367,chicken_tenders,1
368,fries,2
368,chicken_tenders,1
369,chicken_tenders,1
369,fries,1
370,chicken_tenders,1
371,fries,1
371,fries,1
372,chicken_tenders,1
373,chicken_tenders,1
374,fries,1
375,fries,1
376,chicken_tenders,1
377,chicken_tenders,1
377,chicken_tenders,1
378,chicken_tenders,1
379,chicken_tenders,1
379,chicken_tenders,1
380,chicken_tenders,1
381,chicken_tenders,2
382,chicken_tenders,2
383,chicken_tenders,1
384,fries,1
384,fries,1
385,fries,1
386,chicken_tenders,1
387,chicken_tenders,1
387,chicken_tenders,2
388,chicken_tenders,1
388,chicken_tenders,1
389,fries,1
389,chicken_tenders,2
390,chicken_tenders,1
391,fries,1
392,chicken_tenders,1
393,fries,1
394,fries,1
395,fries,1
396,chicken_tenders,1
397,fries,1
397,chicken_tenders,1
398,chicken_tenders,1
399,chicken_tenders,2
400,chicken_tenders,1
401,fries,1
401,fries,1
402,fries,1
402,chicken_tenders,1
403,chicken_tenders,1
404,chicken_tenders,1
405,fries,2
406,fries,1
407,chicken_tenders,1
408,chicken_tenders,1
408,fries,1
409,fries,1
410,chicken_tenders,1
410,chicken_tenders,1
411,fries,1
411,chicken_tenders,1
412,fries,1
412,chicken_tenders,1
413,fries,1
414,chicken_tenders,2
415,fries,1
416,fries,1
417,fries,1
417,fries,1
418,chicken_tenders,1
418,fries,1
419,chicken_tenders,1
420,chicken_tenders,1
421,fries,1
421,fries,1
422,chicken_tenders,2
423,fries,1
424,chicken_tenders,1
424,fries,1
425,chicken_tenders,1
426,fries,1
426,fries,1
427,chicken_tenders,2
428,fries,1
429,fries,1
430,fries,1
431,chicken_tenders,1
432,fries,1
433,chicken_tenders,1
434,chicken_tenders,1
434,fries,1
435,fries,1
435,chicken_tenders,1
436,chicken_tenders,1
437,chicken_tenders,1
438,fries,1
439,chicken_tenders,1
440,fries,1
441,chicken_tenders,1
441,fries,1
442,chicken_tenders,1
442,fries,1
443,chicken_tenders,1
444,fries,1
444,fries,1
445,chicken_tenders,2
446,chicken_tenders,1
447,chicken_tenders,1
448,fries,1
449,chicken_tenders,2
449,fries,1
450,fries,1
451,chicken_tenders,2
452,breakfast_wrap,1
453,hash_brown,2
453,hash_brown,1
454,breakfast_wrap,2
454,hash_brown,1
455,hash_brown,1
456,hash_brown,1
457,hash_brown,1
458,breakfast_wrap,1
459,hash_brown,1
459,hash_brown,1
460,breakfast_wrap,1
461,hash_brown,2
462,hash_brown,1
462,breakfast_wrap,2
463,hash_brown,1
463,hash_brown,1
464,breakfast_wrap,1
465,breakfast_wrap,2
466,hash_brown,1
467,breakfast_wrap,1
468,breakfast_wrap,1
469,hash_brown,1
470,hash_brown,1
470,hash_brown,1
471,breakfast_wrap,1
472,breakfast_wrap,1
473,breakfast_wrap,1
473,breakfast_wrap,1
474,breakfast_wrap,1
474,breakfast_wrap,1
475,hash_brown,1
476,hash_brown,1
477,breakfast_wrap,1
478,hash_brown,2
478,breakfast_wrap,1
479,breakfast_wrap,1
480,hash_brown,1
481,hash_brown,1
482,hash_brown,2
483,breakfast_wrap,1
484,breakfast_wrap,1
485,breakfast_wrap,1
486,hash_brown,1
487,hash_brown,1
488,breakfast_wrap,1
489,hash_brown,1
490,hash_brown,1
490,breakfast_wrap,1
491,breakfast_wrap,1
492,breakfast_wrap,1
493,hash_brown,1
493,hash_brown,1
494,hash_brown,1
495,hash_brown,1
496,breakfast_wrap,1
497,breakfast_wrap,2
498,breakfast_wrap,1
499,breakfast_wrap,1
500,breakfast_wrap,1
501,hash_brown,2
502,hash_brown,1
503,hash_brown,1
504,breakfast_wrap,1
505,breakfast_wrap,1
506,breakfast_wrap,1
506,breakfast_wrap,1
507,hash_brown,2
507,breakfast_wrap,1
508,breakfast_wrap,1
508,breakfast_wrap,1
509,hash_brown,1
510,breakfast_wrap,1
511,hash_brown,1
512,breakfast_wrap,1
513,breakfast_wrap,1
514,breakfast_wrap,1
514,breakfast_wrap,1
515,breakfast_wrap,1
516,breakfast_wrap,1
516,hash_brown,1
517,hash_brown,1
518,breakfast_wrap,2
519,hash_brown,1
520,hash_brown,1
521,hash_brown,1
522,hash_brown,1
523,breakfast_wrap,1
523,breakfast_wrap,1
524,breakfast_wrap,2
525,breakfast_wrap,1
526,hash_brown,1
527,hash_brown,2
528,hash_brown,1
528,hash_brown,2
529,breakfast_wrap,2
529,breakfast_wrap,1
530,hash_brown,1
531,hash_brown,1
532,breakfast_wrap,1
533,hash_brown,1
533,hash_brown,1
534,hash_brown,2
535,hash_brown,1
536,hash_brown,1
537,breakfast_wrap,1
538,chicken_tenders,1
539,chicken_tenders,1
539,fries,1
540,chicken_tenders,1
541,fries,1
541,chicken_tenders,1
542,fries,1
543,fries,2
544,chicken_tenders,1
545,fries,2
546,fries,1
547,fries,1
547,chicken_tenders,1
548,chicken_tenders,2
548,chicken_tenders,1
549,chicken_tenders,1
550,chicken_tenders,1
551,chicken_tenders,1
552,fries,1
553,chicken_tenders,1
554,fries,1
555,fries,1
556,chicken_tenders,1
557,chicken_tenders,2
558,chicken_tenders,2
559,chicken_tenders,1
560,chicken_tenders,1
561,chicken_tenders,1
562,chicken_tenders,1
563,fries,1
564,fries,1
565,chicken_tenders,1
566,chicken_tenders,1
567,chicken_tenders,1
568,chicken_tenders,1
569,chicken_tenders,1
569,fries,1
570,chicken_tenders,2
571,fries,1
572,chicken_tenders,1
573,chicken_tenders,1
574,fries,1
574,chicken_tenders,1
575,chicken_tenders,1
575,chicken_tenders,1
576,chicken_tenders,2
577,fries,1
577,fries,1
578,fries,1
579,fries,1
580,fries,1
581,chicken_tenders,1
582,fries,1
583,chicken_tenders,1
583,chicken_tenders,2
584,fries,1
585,chicken_tenders,1
586,chicken_tenders,2
587,chicken_tenders,1
588,fries,1
589,chicken_tenders,1
590,chicken_tenders,1
590,fries,1
591,chicken_tenders,1
592,fries,1
592,fries,2
593,chicken_tenders,1
594,chicken_tenders,1
595,chicken_tenders,2
596,chicken_tenders,1
596,fries,1
597,fries,2
597,fries,2
598,chicken_tenders,1
598,chicken_tenders,1
599,chicken_tenders,1
600,chicken_tenders,1
601,fries,1
602,chicken_tenders,1
603,fries,1
604,fries,2
605,chicken_tenders,1
606,fries,1
607,fries,1
608,fries,1
609,fries,1
610,fries,1
611,chicken_tenders,1
612,chicken_tenders,2
613,chicken_tenders,1
613,chicken_tenders,1
614,chicken_tenders,1
615,fries,2
615,chicken_tenders,1
616,chicken_tenders,1
616,chicken_tenders,1
617,fries,1
618,chicken_tenders,1
618,fries,1
619,fries,1
619,chicken_tenders,2
620,fries,1
620,chicken_tenders,2
621,fries,1
621,fries,1
622,chicken_tenders,1
623,fries,1
624,chicken_tenders,1
625,fries,1
626,fries,2
627,fries,1
628,fries,1
628,fries,1
629,chicken_tenders,1
630,chicken_tenders,2
631,chicken_tenders,1
632,chicken_tenders,1
632,chicken_tenders,2
633,fries,1
634,fries,1
635,fries,1
636,fries,1
637,chicken_tenders,1
638,fries,1
639,chicken_tenders,2
640,chicken_tenders,1
641,fries,1
641,chicken_tenders,1
642,fries,1
642,fries,1
643,fries,2
643,fries,1
644,fries,1
644,chicken_tenders,1
645,chicken_tenders,2
646,chicken_tenders,1
647,chicken_tenders,1
648,fries,1
648,chicken_tenders,1
649,chicken_tenders,2
649,chicken_tenders,1
650,chicken_tenders,1
651,chicken_tenders,2
652,fries,2
653,fries,1
654,fries,1
655,chicken_tenders,1
656,chicken_tenders,1
657,chicken_tenders,1
658,chicken_tenders,1
658,fries,1
659,fries,1
660,chicken_tenders,1
661,fries,1
662,chicken_tenders,1
663,chicken_tenders,1
664,chicken_tenders,1
665,fries,1
666,fries,1
667,chicken_tenders,1
668,chicken_tenders,1
669,chicken_tenders,1
670,fries,1
671,chicken_tenders,1
671,chicken_tenders,1
672,fries,2
673,fries,1
673,fries,1
674,fries,2
675,chicken_tenders,1
676,chicken_tenders,1
676,fries,1
677,fries,1
677,fries,1
678,chicken_tenders,1
679,chicken_tenders,1
679,fries,1
680,chicken_tenders,1
681,fries,1
682,chicken_tenders,1
683,chicken_tenders,2
684,chicken_tenders,2
684,fries,1
685,fries,1
686,chicken_tenders,1
687,chicken_tenders,1
688,chicken_tenders,1
689,chicken_tenders,1
690,fries,1
691,chicken_tenders,1
692,chicken_tenders,1
693,chicken_tenders,1
694,chicken_tenders,1
695,chicken_tenders,1
696,fries,1
697,fries,2
697,fries,1
698,fries,1
698,chicken_tenders,1
699,chicken_tenders,1
700,chicken_tenders,1
701,fries,1
702,chicken_tenders,1
703,fries,1
704,fries,1
704,fries,2
705,chicken_tenders,1
706,fries,1
707,fries,1
708,fries,1
709,chicken_tenders,1
710,fries,1
711,chicken_tenders,2
712,chicken_tenders,2
713,fries,1
714,chicken_tenders,1
714,chicken_tenders,2
715,fries,1
716,fries,1
716,fries,1
717,fries,2
718,chicken_tenders,1
719,chicken_tenders,1
720,chicken_tenders,1
721,chicken_tenders,1
721,chicken_tenders,1
722,fries,1
722,chicken_tenders,1
723,chicken_tenders,1
723,chicken_tenders,2
724,chicken_tenders,1
724,fries,1
725,fries,1
725,chicken_tenders,1
726,chicken_tenders,1
726,fries,1
727,chicken_tenders,1
728,fries,1
728,fries,1
729,fries,1
730,chicken_tenders,1
731,fries,2
732,breakfast_wrap,1
732,hash_brown,1
733,hash_brown,2
734,breakfast_wrap,1
734,breakfast_wrap,1
735,hash_brown,1
736,hash_brown,1
737,breakfast_wrap,2
737,hash_brown,1
738,hash_brown,1
739,breakfast_wrap,1
740,breakfast_wrap,1
741,breakfast_wrap,2
741,hash_brown,1
742,breakfast_wrap,1
743,hash_brown,1
743,hash_brown,1
744,breakfast_wrap,1
745,hash_brown,2
746,breakfast_wrap,1
747,breakfast_wrap,1
747,breakfast_wrap,1
748,breakfast_wrap,1
749,breakfast_wrap,1
749,hash_brown,1
750,hash_brown,1
751,hash_brown,1
751,breakfast_wrap,2
752,breakfast_wrap,1
753,hash_brown,2
753,breakfast_wrap,1
754,hash_brown,1
755,hash_brown,1
756,hash_brown,1
757,breakfast_wrap,1
758,hash_brown,2
759,breakfast_wrap,1
760,hash_brown,1
760,breakfast_wrap,1
761,hash_brown,2
762,hash_brown,1
763,breakfast_wrap,1
764,hash_brown,1
765,breakfast_wrap,1
766,breakfast_wrap,1
767,breakfast_wrap,2
768,hash_brown,2
769,breakfast_wrap,1
770,hash_brown,2
771,hash_brown,1
772,hash_brown,1
773,hash_brown,2
774,breakfast_wrap,1
775,hash_brown,1
776,breakfast_wrap,1
777,breakfast_wrap,1
777,hash_brown,1
778,breakfast_wrap,2
779,hash_brown,1
780,breakfast_wrap,1
781,hash_brown,1
781,breakfast_wrap,1
782,hash_brown,1
783,hash_brown,1
783,breakfast_wrap,1
784,breakfast_wrap,1
784,hash_brown,1
785,breakfast_wrap,1
785,hash_brown,1
786,hash_brown,1
787,hash_brown,1
787,hash_brown,1
788,hash_brown,1
789,hash_brown,1
789,hash_brown,2
790,hash_brown,1
790,breakfast_wrap,1
791,breakfast_wrap,1
792,breakfast_wrap,1
793,breakfast_wrap,1
794,hash_brown,1
795,hash_brown,1
795,hash_brown,2
796,hash_brown,1
797,hash_brown,1
797,breakfast_wrap,1
798,hash_brown,1
799,hash_brown,2
800,breakfast_wrap,1
801,hash_brown,1
802,breakfast_wrap,1
803,hash_brown,1
804,hash_brown,1
805,hash_brown,1
806,breakfast_wrap,2
807,hash_brown,1
808,hash_brown,1
809,hash_brown,1
810,breakfast_wrap,2
811,hash_brown,1
811,breakfast_wrap,1
812,hash_brown,1
813,hash_brown,2
814,hash_brown,1
815,breakfast_wrap,1
816,hash_brown,1
817,hash_brown,1
818,hash_brown,1
819,breakfast_wrap,1
820,hash_brown,2
821,breakfast_wrap,1
822,breakfast_wrap,1
823,fries,2
824,chicken_tenders,1
825,fries,2
826,fries,1
827,fries,1
828,chicken_tenders,1
829,chicken_tenders,1
830,fries,1
831,chicken_tenders,1
831,chicken_tenders,1
832,fries,1
832,fries,1
833,chicken_tenders,1
833,chicken_tenders,1
834,chicken_tenders,1
835,fries,1
835,chicken_tenders,1
836,fries,1
837,chicken_tenders,1
838,fries,1
839,fries,1
839,chicken_tenders,1
840,fries,1
841,chicken_tenders,1
841,chicken_tenders,2
842,chicken_tenders,1
843,fries,1
844,chicken_tenders,1
845,fries,1
846,chicken_tenders,1
847,fries,1
848,fries,1
849,fries,2
850,chicken_tenders,1
851,fries,2
852,chicken_tenders,1
853,chicken_tenders,1
853,chicken_tenders,1
854,chicken_tenders,1
854,chicken_tenders,1
855,chicken_tenders,1
856,fries,2
857,fries,1
858,fries,1
858,fries,1
859,fries,1
860,fries,1
860,chicken_tenders,1
861,chicken_tenders,1
862,chicken_tenders,1
863,chicken_tenders,1
864,chicken_tenders,1
865,fries,2
866,chicken_tenders,1
867,chicken_tenders,1
868,fries,1
869,fries,1
869,chicken_tenders,1
870,fries,1
871,chicken_tenders,1
872,chicken_tenders,1
873,fries,1
874,fries,2
874,chicken_tenders,1
875,chicken_tenders,1
876,fries,1
877,chicken_tenders,1
878,chicken_tenders,1
879,fries,1
880,chicken_tenders,1
881,chicken_tenders,1
882,chicken_tenders,1
883,chicken_tenders,2
884,fries,2
884,chicken_tenders,1
885,chicken_tenders,1
886,fries,1
887,fries,1
888,chicken_tenders,1
888,chicken_tenders,1
889,fries,1
890,fries,1
891,chicken_tenders,1
891,chicken_tenders,1
892,fries,1
893,fries,1
893,fries,1
894,fries,2
894,fries,2
895,chicken_tenders,1
896,chicken_tenders,1
897,chicken_tenders,2
898,chicken_tenders,1
899,chicken_tenders,1
900,fries,1
901,chicken_tenders,2
902,chicken_tenders,1
902,fries,1
903,chicken_tenders,2
904,fries,1
905,fries,1
906,fries,2
907,fries,1
908,chicken_tenders,1
909,fries,1
910,chicken_tenders,1
911,fries,1
912,chicken_tenders,1
913,chicken_tenders,1
914,chicken_tenders,1
914,chicken_tenders,1
915,chicken_tenders,1
916,fries,1
917,chicken_tenders,2
918,fries,1
919,fries,1
920,fries,1
921,fries,1
922,chicken_tenders,1
923,fries,1
924,fries,1
924,chicken_tenders,1
925,chicken_tenders,1
926,fries,1
927,chicken_tenders,1
928,chicken_tenders,1
928,chicken_tenders,1
929,fries,1
930,chicken_tenders,2
931,fries,1
932,fries,1
933,fries,1
934,chicken_tenders,1
934,chicken_tenders,1
935,chicken_tenders,1
935,fries,1
936,fries,1
937,fries,1
937,chicken_tenders,1
938,fries,2
939,chicken_tenders,1
940,chicken_tenders,1
941,chicken_tenders,1
941,chicken_tenders,1
942,chicken_tenders,1
942,chicken_tenders,2
943,chicken_tenders,1
944,fries,1
944,fries,1
945,fries,1
946,fries,1
947,fries,1
947,chicken_tenders,1
948,chicken_tenders,1
949,fries,1
950,chicken_tenders,1
951,fries,1
952,chicken_tenders,2
953,chicken_tenders,1
954,chicken_tenders,1
954,chicken_tenders,1
955,fries,2
956,chicken_tenders,1
956,chicken_tenders,1
957,chicken_tenders,1
958,fries,1
959,fries,1
960,chicken_tenders,2
961,chicken_tenders,1
962,fries,1
962,chicken_tenders,1
963,chicken_tenders,1
963,chicken_tenders,1
964,chicken_tenders,1
965,chicken_tenders,1
966,fries,1
967,chicken_tenders,2
968,fries,1
969,fries,2
970,fries,2
971,chicken_tenders,1
972,fries,1
973,fries,1
974,chicken_tenders,1
975,chicken_tenders,2
976,chicken_tenders,1
977,fries,1
978,chicken_tenders,1
979,fries,1
979,fries,1
980,chicken_tenders,1
981,chicken_tenders,1
982,fries,1
983,fries,1
983,chicken_tenders,1
984,fries,1
985,chicken_tenders,1
985,chicken_tenders,1
986,chicken_tenders,1
987,chicken_tenders,2
988,fries,1
989,fries,1
990,chicken_tenders,2
990,chicken_tenders,1
991,chicken_tenders,2
991,chicken_tenders,1
992,chicken_tenders,1
992,fries,1
993,chicken_tenders,1
994,fries,2
994,fries,1
995,chicken_tenders,2
995,chicken_tenders,1
996,chicken_tenders,2
997,fries,1
998,fries,2
999,chicken_tenders,1
1000,chicken_tenders,2
1000,fries,1
1001,chicken_tenders,1
1001,chicken_tenders,1
1002,chicken_tenders,1
1003,fries,1
1003,fries,1
1004,fries,1
1005,chicken_tenders,1
1006,chicken_tenders,1
1007,chicken_tenders,2
1007,chicken_tenders,1
1008,fries,2
1009,fries,1
1010,fries,1
1011,chicken_tenders,1
1011,chicken_tenders,1
1012,chicken_tenders,1
1013,fries,1
1014,chicken_tenders,1
1014,chicken_tenders,1
1015,chicken_tenders,1
1015,fries,1
1016,fries,2
1017,chicken_tenders,1
1018,fries,1
1018,chicken_tenders,1
1019,chicken_tenders,1
1019,fries,1
1020,fries,1
1021,fries,1
1022,chicken_tenders,1
1023,fries,1
1024,fries,1
1024,fries,1
1025,chicken_tenders,1
1025,chicken_tenders,1
1026,chicken_tenders,1
1026,fries,1
1027,fries,1
1028,chicken_tenders,1
1029,chicken_tenders,1
1029,fries,1
1030,chicken_tenders,1
1031,fries,1
1032,chicken_tenders,1
1033,hash_brown,1
1033,breakfast_wrap,1
1034,hash_brown,1
1035,hash_brown,1
1036,breakfast_wrap,1
1037,hash_brown,1
1038,breakfast_wrap,1
1039,hash_brown,2
1040,hash_brown,1
1041,breakfast_wrap,1
1042,hash_brown,1
1042,breakfast_wrap,1
1043,breakfast_wrap,1
1044,hash_brown,2
1044,breakfast_wrap,1
1045,breakfast_wrap,1
1046,hash_brown,1
1046,breakfast_wrap,2
1047,hash_brown,1
1047,hash_brown,1
1048,hash_brown,1
1048,hash_brown,1
1049,hash_brown,2
1049,hash_brown,1
1050,hash_brown,1
1051,breakfast_wrap,1
1052,hash_brown,1
1052,hash_brown,1
1053,hash_brown,2
1054,hash_brown,1
1055,hash_brown,1
1056,breakfast_wrap,1
1057,hash_brown,1
1058,breakfast_wrap,1
1059,hash_brown,1
1060,hash_brown,1
1061,hash_brown,1
1061,breakfast_wrap,2
1062,breakfast_wrap,1
1063,hash_brown,2
1064,hash_brown,1
1065,hash_brown,1
1066,hash_brown,1
1067,breakfast_wrap,1
1068,hash_brown,1
1069,breakfast_wrap,1
1069,breakfast_wrap,1
1070,breakfast_wrap,1
1071,hash_brown,1
1072,breakfast_wrap,1
1073,breakfast_wrap,1
1073,breakfast_wrap,1
1074,hash_brown,1
1075,breakfast_wrap,1
1075,hash_brown,1
1076,hash_brown,1
1076,hash_brown,1
1077,hash_brown,1
1077,breakfast_wrap,2
1078,hash_brown,1
1079,hash_brown,1
1080,breakfast_wrap,1
1080,hash_brown,1
1081,hash_brown,1
1082,hash_brown,1
1083,hash_brown,2
1084,hash_brown,1
1085,hash_brown,1
1086,hash_brown,2
1087,breakfast_wrap,1
1088,hash_brown,1
1088,breakfast_wrap,1
1089,hash_brown,1
1089,hash_brown,1
1090,hash_brown,1
1091,hash_brown,1
1091,breakfast_wrap,1
1092,breakfast_wrap,1
1092,hash_brown,1
1093,breakfast_wrap,2
1094,breakfast_wrap,2
1095,breakfast_wrap,1
1096,hash_brown,1
1097,breakfast_wrap,1
1098,hash_brown,1
1099,breakfast_wrap,1
1100,breakfast_wrap,1
1101,hash_brown,1
1102,breakfast_wrap,1
1103,breakfast_wrap,2
1103,breakfast_wrap,1
1104,hash_brown,2
1104,hash_brown,1
1105,hash_brown,2
1106,breakfast_wrap,1
1107,chicken_tenders,1
1108,fries,1
1109,fries,1
1110,fries,1
1110,chicken_tenders,1
1111,chicken_tenders,1
1112,chicken_tenders,1
1112,chicken_tenders,1
1113,fries,2
1113,chicken_tenders,1
1114,chicken_tenders,1
1115,chicken_tenders,1
1116,chicken_tenders,1
1117,fries,1
1118,fries,1
1119,fries,2
1120,fries,1
1121,fries,1
1122,fries,1
1123,fries,2
1124,chicken_tenders,2
1124,fries,1
1125,fries,1
1126,fries,1
1127,fries,1
1127,chicken_tenders,2
1128,chicken_tenders,2
1129,chicken_tenders,1
1130,chicken_tenders,2
1131,fries,1
1131,fries,1
1132,chicken_tenders,1
1133,chicken_tenders,1
1133,fries,1
1134,chicken_tenders,1
1135,chicken_tenders,1
1135,fries,1
1136,fries,1
1137,chicken_tenders,2
1137,chicken_tenders,1
1138,fries,1
1138,fries,1
1139,chicken_tenders,1
1139,chicken_tenders,1
1140,fries,1
1140,chicken_tenders,1
1141,fries,1
1141,chicken_tenders,1
1142,chicken_tenders,1
1143,fries,1
1144,fries,2
1144,fries,1
1145,chicken_tenders,1
1146,chicken_tenders,1
1147,chicken_tenders,1
1147,chicken_tenders,1
1148,fries,1
1149,fries,2
1150,chicken_tenders,1
1150,chicken_tenders,1
1151,fries,1
1151,fries,1
1152,fries,1
1153,fries,1
1154,fries,1
1155,fries,1
1155,fries,1
1156,chicken_tenders,1
1156,chicken_tenders,1
1157,chicken_tenders,1
1157,fries,1
1158,fries,1
1159,chicken_tenders,2
1160,fries,2
1161,fries,1
1161,fries,1
1162,chicken_tenders,1
1162,chicken_tenders,1
1163,fries,1
1164,chicken_tenders,1
1165,fries,1
1165,chicken_tenders,1
1166,chicken_tenders,1
1167,chicken_tenders,1
1168,fries,1
1169,chicken_tenders,1
1169,chicken_tenders,1
1170,chicken_tenders,1
1171,chicken_tenders,2
1171,chicken_tenders,1
1172,fries,1
1173,chicken_tenders,1
1173,fries,1
1174,fries,2
1175,fries,1
1176,chicken_tenders,1
1176,chicken_tenders,1
1177,fries,1
1178,fries,1
1179,chicken_tenders,1
1180,chicken_tenders,1
1181,chicken_tenders,1
1182,chicken_tenders,1
1183,chicken_tenders,1
1183,fries,1
1184,fries,1
1184,fries,1
1185,fries,1
1185,fries,1
1186,fries,2
1187,chicken_tenders,1
1188,chicken_tenders,1
1189,chicken_tenders,2
1190,chicken_tenders,1
1191,fries,1
1192,fries,1
1193,chicken_tenders,1
1194,fries,2
1194,fries,1
1195,chicken_tenders,1
1196,fries,1
1197,chicken_tenders,1
1197,chicken_tenders,1
1198,fries,1
1198,chicken_tenders,1
1199,chicken_tenders,1
1199,fries,1
1200,chicken_tenders,2
1201,chicken_tenders,1
1202,chicken_tenders,2
1203,fries,1
1204,chicken_tenders,1
1205,fries,1
1206,fries,1
1206,fries,1
1207,chicken_tenders,1
1208,fries,1
1209,fries,1
1209,chicken_tenders,2
1210,fries,1
1210,fries,1
1211,fries,1
1212,chicken_tenders,1
1213,fries,1
1213,fries,1
1214,fries,2
1214,fries,1
1215,fries,1
1216,fries,1
1217,chicken_tenders,2
1218,chicken_tenders,1
1219,chicken_tenders,1
1220,fries,2
1220,chicken_tenders,1
1221,chicken_tenders,2
1222,chicken_tenders,1
1223,fries,1
1224,chicken_tenders,1
1225,chicken_tenders,1
1226,chicken_tenders,1
1226,chicken_tenders,1
1227,fries,1
1227,chicken_tenders,1
1228,fries,1
1229,fries,1
1230,chicken_tenders,1
1230,fries,1
1231,chicken_tenders,1
1232,fries,1
1233,fries,1
1234,fries,1
1235,chicken_tenders,2
1235,chicken_tenders,1
1236,fries,1
1237,chicken_tenders,1
1238,chicken_tenders,2
1238,chicken_tenders,1
1239,fries,1
1239,fries,1
1240,fries,1
1241,fries,1
1242,fries,1
1243,fries,1
1244,fries,1
1244,chicken_tenders,1
1245,hash_brown,1
1246,breakfast_wrap,1
1247,breakfast_wrap,1
1248,hash_brown,1
1248,breakfast_wrap,1
1249,hash_brown,1
1250,breakfast_wrap,1
1251,hash_brown,1
1252,breakfast_wrap,1
1253,breakfast_wrap,1
1253,hash_brown,1
1254,breakfast_wrap,1
1254,hash_brown,1
1255,hash_brown,2
1255,hash_brown,1
1256,breakfast_wrap,2
1257,breakfast_wrap,1
1258,breakfast_wrap,1
1259,hash_brown,1
1260,breakfast_wrap,1
1261,hash_brown,2
1261,hash_brown,1
1262,hash_brown,1
1263,hash_brown,2
1264,breakfast_wrap,1
1264,hash_brown,1
1265,hash_brown,1
1266,hash_brown,1
1267,breakfast_wrap,1
1268,breakfast_wrap,1
1269,hash_brown,1
1269,hash_brown,1
1270,hash_brown,1
1271,breakfast_wrap,1
1272,breakfast_wrap,2
1273,hash_brown,1
1274,hash_brown,1
1275,hash_brown,1
1276,hash_brown,2
1276,breakfast_wrap,1
1277,breakfast_wrap,1
1277,breakfast_wrap,1
1278,hash_brown,1
1279,breakfast_wrap,1
1280,hash_brown,1
1281,breakfast_wrap,2
1281,breakfast_wrap,1
1282,breakfast_wrap,1
1282,breakfast_wrap,1
1283,breakfast_wrap,1
1283,hash_brown,1
1284,breakfast_wrap,1
1284,hash_brown,1
1285,breakfast_wrap,1
1286,breakfast_wrap,1
1286,hash_brown,2
1287,breakfast_wrap,1
1288,hash_brown,2
1289,breakfast_wrap,1
1290,hash_brown,1
1291,breakfast_wrap,1
1292,breakfast_wrap,1
1293,breakfast_wrap,1
1294,hash_brown,1
1294,hash_brown,1
1295,breakfast_wrap,1
1296,hash_brown,2
1296,hash_brown,1
1297,breakfast_wrap,1
1298,breakfast_wrap,1
1299,hash_brown,1
1300,hash_brown,1
1301,breakfast_wrap,1
1302,hash_brown,1
1302,breakfast_wrap,1
1303,hash_brown,1
1304,hash_brown,1
1305,hash_brown,1
1306,breakfast_wrap,1
1306,hash_brown,2
1307,breakfast_wrap,1
1308,hash_brown,1
1308,breakfast_wrap,1
1309,breakfast_wrap,1
1309,hash_brown,1
1310,breakfast_wrap,1
1310,hash_brown,2
1311,breakfast_wrap,1
1311,hash_brown,1
1312,hash_brown,1
1313,hash_brown,1
1313,breakfast_wrap,1
1314,hash_brown,2
1314,breakfast_wrap,1
1315,breakfast_wrap,2
1316,breakfast_wrap,2
1317,hash_brown,1
1317,breakfast_wrap,1
1318,breakfast_wrap,1
1319,chicken_tenders,2
1320,chicken_tenders,1
1320,fries,2
1321,fries,1
1322,chicken_tenders,1
1323,chicken_tenders,1
1324,chicken_tenders,1
1325,chicken_tenders,1
1326,fries,1
1326,fries,1
1327,chicken_tenders,1
1327,chicken_tenders,1
1328,chicken_tenders,2
1328,fries,2
1329,chicken_tenders,1
1330,chicken_tenders,1
1331,chicken_tenders,1
1332,fries,1
1333,fries,1
1334,chicken_tenders,1
1335,fries,1
1336,fries,2
1337,chicken_tenders,1
1338,fries,1
1339,fries,2
1339,chicken_tenders,1
1340,chicken_tenders,1
1341,chicken_tenders,1
1341,fries,2
1342,chicken_tenders,1
1343,fries,1
1343,chicken_tenders,1
1344,fries,1
1345,fries,1
1346,fries,1
1346,fries,1
1347,fries,1
1348,fries,1
1349,fries,1
1350,fries,1
1351,fries,1
1351,chicken_tenders,1
1352,fries,1
1353,fries,1
1353,chicken_tenders,1
1354,chicken_tenders,1
1355,chicken_tenders,1
1356,chicken_tenders,1
1357,chicken_tenders,1
1358,chicken_tenders,1
1359,fries,1
1360,chicken_tenders,1
1360,fries,1
1361,chicken_tenders,1
1362,fries,1
1363,fries,1
1364,fries,1
1365,chicken_tenders,1
1366,chicken_tenders,1
1367,fries,2
1368,chicken_tenders,2
1369,chicken_tenders,2
1370,chicken_tenders,2
1371,chicken_tenders,1
1372,fries,1
1372,chicken_tenders,1
1373,chicken_tenders,1
1374,chicken_tenders,1
1375,fries,1
1376,fries,2
1377,chicken_tenders,1
1378,fries,1
1379,chicken_tenders,1
1380,fries,1
1380,fries,2
1381,fries,2
1382,fries,1
1382,fries,1
1383,chicken_tenders,1
1384,chicken_tenders,1
1384,chicken_tenders,1
1385,chicken_tenders,1
1385,fries,1
1386,chicken_tenders,1
1386,chicken_tenders,1
1387,chicken_tenders,1
1388,fries,1
1389,fries,1
1390,fries,2
1391,fries,1
1392,fries,2
1393,chicken_tenders,1
1393,fries,1
1394,chicken_tenders,1
1395,chicken_tenders,1
1395,chicken_tenders,1
1396,fries,1
1397,fries,1
1398,chicken_tenders,1
1399,fries,1
1400,chicken_tenders,2
1401,fries,1
1402,chicken_tenders,1
1402,fries,1
1403,fries,2
1403,chicken_tenders,1
1404,chicken_tenders,1
1404,fries,1
1405,chicken_tenders,1
1405,chicken_tenders,1
1406,fries,2
1407,chicken_tenders,1
1408,chicken_tenders,1
1409,fries,1
1410,chicken_tenders,1
1410,fries,1
1411,chicken_tenders,1
1412,chicken_tenders,1
1413,fries,2
1414,fries,1
1415,chicken_tenders,1
1415,fries,1
1416,fries,1
1416,fries,2
1417,fries,1
1418,chicken_tenders,1
1419,fries,1
1420,chicken_tenders,1
1421,fries,1
1422,chicken_tenders,1
1423,chicken_tenders,2
1424,fries,2
1425,chicken_tenders,2
1425,chicken_tenders,1
1426,fries,1
1427,chicken_tenders,1
1428,fries,1
1429,chicken_tenders,1
1429,fries,1
1430,fries,2
1431,fries,1
1432,chicken_tenders,1
1432,fries,1
1433,fries,1
1434,chicken_tenders,1
1434,chicken_tenders,1
1435,fries,1
1436,chicken_tenders,1
1437,fries,2
1438,fries,1
1439,chicken_tenders,2
1439,fries,1
1440,fries,1
1441,chicken_tenders,1
1442,chicken_tenders,1
1442,chicken_tenders,1
1443,chicken_tenders,1
1444,chicken_tenders,2
1444,fries,1
1445,chicken_tenders,1
1445,fries,2
1446,chicken_tenders,1
1446,chicken_tenders,1
1447,chicken_tenders,1
1448,fries,1
1449,fries,1
1450,chicken_tenders,1
1450,fries,1
1451,fries,1
1452,chicken_tenders,2
1452,fries,1
1453,fries,1
1453,fries,1
1454,fries,1
1455,chicken_tenders,1
1456,fries,1
1456,chicken_tenders,1
1457,chicken_tenders,1
1458,chicken_tenders,1
1458,chicken_tenders,2
1459,chicken_tenders,2
1460,breakfast_wrap,2
1461,hash_brown,2
1462,hash_brown,1
1463,hash_brown,1
1464,hash_brown,1
1465,hash_brown,1
1466,hash_brown,1
1466,hash_brown,1
1467,breakfast_wrap,2
1468,breakfast_wrap,1
1469,breakfast_wrap,2
1470,hash_brown,1
1471,breakfast_wrap,2
1472,hash_brown,1
1473,hash_brown,1
1474,breakfast_wrap,1
1474,breakfast_wrap,1
1475,hash_brown,1
1476,hash_brown,1
1476,breakfast_wrap,1
1477,breakfast_wrap,1
1477,breakfast_wrap,1
1478,breakfast_wrap,1
1478,hash_brown,1
1479,breakfast_wrap,1
1480,hash_brown,2
1480,breakfast_wrap,1
1481,breakfast_wrap,1
1482,hash_brown,1
1483,breakfast_wrap,1
1484,hash_brown,1
1485,breakfast_wrap,1
1486,breakfast_wrap,2
1487,breakfast_wrap,1
1488,hash_brown,1
1489,breakfast_wrap,1
1490,hash_brown,1
1491,hash_brown,1
1491,hash_brown,1
1492,hash_brown,1
1493,hash_brown,1
1493,hash_brown,1
1494,hash_brown,1
1495,hash_brown,1
1496,hash_brown,2
1496,breakfast_wrap,1
1497,hash_brown,2
1498,breakfast_wrap,1
1499,hash_brown,1
1499,breakfast_wrap,1
1500,breakfast_wrap,1
1501,breakfast_wrap,1
1502,breakfast_wrap,1
1502,hash_brown,1
1503,hash_brown,1
1504,hash_brown,1
1505,hash_brown,1
1506,hash_brown,1
1507,breakfast_wrap,1
1508,breakfast_wrap,1
1509,breakfast_wrap,1
1510,breakfast_wrap,1
1511,breakfast_wrap,1
1512,breakfast_wrap,1
1513,hash_brown,1
1513,hash_brown,1
1514,hash_brown,1
1515,breakfast_wrap,1
1516,breakfast_wrap,1
1516,hash_brown,1
1517,hash_brown,1
1517,hash_brown,1
1518,breakfast_wrap,1
1519,breakfast_wrap,1
1520,breakfast_wrap,1
1521,hash_brown,1
1521,breakfast_wrap,1
1522,hash_brown,1
1522,breakfast_wrap,2
1523,chicken_tenders,2
1523,fries,1
1524,chicken_tenders,1
1524,fries,1
1525,chicken_tenders,1
1526,fries,1
1527,fries,1
1528,chicken_tenders,1
1528,fries,2
1529,chicken_tenders,1
1530,chicken_tenders,1
1530,chicken_tenders,1
1531,chicken_tenders,1
1532,chicken_tenders,1
1532,chicken_tenders,1
1533,chicken_tenders,1
1533,chicken_tenders,1
1534,chicken_tenders,1
1535,chicken_tenders,1
1535,fries,1
1536,chicken_tenders,1
1536,fries,2
1537,chicken_tenders,1
1538,chicken_tenders,1
1539,fries,1
1540,fries,1
1541,chicken_tenders,1
1542,chicken_tenders,1
1542,chicken_tenders,1
1543,chicken_tenders,1
1544,chicken_tenders,1
1545,chicken_tenders,2
1546,chicken_tenders,1
1547,chicken_tenders,1
1548,fries,1
1549,chicken_tenders,2
1550,fries,1
1551,chicken_tenders,1
1551,fries,1
1552,fries,2
1553,chicken_tenders,1
1554,chicken_tenders,1
1555,chicken_tenders,1
1556,fries,1
1557,chicken_tenders,1
1558,fries,1
1559,chicken_tenders,2
1560,fries,1
1561,chicken_tenders,1
1562,chicken_tenders,2
1563,chicken_tenders,2
1564,fries,2
1564,fries,1
1565,chicken_tenders,1
1565,chicken_tenders,1
1566,fries,1
1567,chicken_tenders,1
1568,fries,1
1569,fries,1
1570,chicken_tenders,1
1570,fries,1
1571,fries,1
1572,chicken_tenders,1
1573,chicken_tenders,1
1573,chicken_tenders,1
1574,chicken_tenders,1
1575,fries,2
1575,fries,2
1576,chicken_tenders,1
1577,fries,1
1577,chicken_tenders,1
1578,fries,1
1579,chicken_tenders,1
1580,fries,1
1581,chicken_tenders,1
1582,chicken_tenders,1
1583,chicken_tenders,1
1583,fries,1
1584,chicken_tenders,1
1585,chicken_tenders,2
1586,fries,2
1587,chicken_tenders,1
1587,fries,1
1588,fries,1
1589,chicken_tenders,1
1590,chicken_tenders,1
1590,chicken_tenders,1
1591,fries,1
1591,chicken_tenders,1
1592,chicken_tenders,2
1592,chicken_tenders,1
1593,chicken_tenders,1
1594,fries,1
1594,chicken_tenders,1
1595,fries,1
1595,fries,1
1596,chicken_tenders,1
1597,chicken_tenders,1
1598,chicken_tenders,1
1599,fries,2
1600,chicken_tenders,1
1600,chicken_tenders,1
1601,chicken_tenders,1
1601,fries,1
1602,fries,2
1603,chicken_tenders,1
1604,fries,1
1604,fries,1
1605,chicken_tenders,1
1605,fries,1
1606,fries,1
1607,fries,1
1608,chicken_tenders,2
1609,chicken_tenders,1
1609,chicken_tenders,1
1610,chicken_tenders,1
1611,chicken_tenders,1
1612,chicken_tenders,1
1613,chicken_tenders,1
1613,fries,1
1614,fries,1
1614,fries,1
1615,chicken_tenders,1
1616,fries,1
1617,fries,2
1617,fries,1
1618,fries,2
1619,chicken_tenders,1
1620,chicken_tenders,1
1620,fries,2
1621,chicken_tenders,1
1622,fries,1
1623,fries,1
1624,fries,1
1625,fries,1
1626,chicken_tenders,1
1626,chicken_tenders,1
1627,chicken_tenders,1
1627,chicken_tenders,1
1628,chicken_tenders,1
1629,fries,1
1630,chicken_tenders,2
1631,chicken_tenders,1
1631,chicken_tenders,1
1632,fries,1
1633,chicken_tenders,1
1633,chicken_tenders,1
1634,fries,1
1635,fries,1
1636,chicken_tenders,2
1637,fries,2
1637,fries,2
1638,fries,1
1639,chicken_tenders,1
1639,chicken_tenders,1
1640,fries,1
1641,chicken_tenders,1
1642,chicken_tenders,1
1643,fries,1
1643,fries,1
1644,fries,1
1645,chicken_tenders,1
1646,chicken_tenders,2
1647,chicken_tenders,1
1648,chicken_tenders,1
1649,chicken_tenders,1
1650,fries,1
1651,fries,1
1652,fries,1
1653,chicken_tenders,1
1653,chicken_tenders,1
1654,fries,1
1655,chicken_tenders,1
1656,chicken_tenders,1
1656,chicken_tenders,1
1657,fries,1
1658,chicken_tenders,1
1658,chicken_tenders,1
1659,fries,1
1660,chicken_tenders,1
1661,fries,1
1662,fries,1
1662,fries,1
1663,fries,2
1663,fries,1
1664,fries,1
1665,fries,1
1666,chicken_tenders,1
1667,chicken_tenders,1
1668,fries,1
1669,fries,1
1669,chicken_tenders,1
1670,chicken_tenders,2
1670,fries,1
1671,chicken_tenders,1
1672,fries,1
1673,chicken_tenders,1
1674,fries,1
1674,chicken_tenders,1
1675,chicken_tenders,1
1676,chicken_tenders,1
1676,fries,1
1677,fries,1
1678,fries,1
1678,fries,1
1679,chicken_tenders,1
1680,chicken_tenders,2
1681,chicken_tenders,1
1682,chicken_tenders,1
1683,chicken_tenders,1
1684,fries,1
1684,fries,2
1685,fries,1
1686,fries,1
1687,fries,1
1688,fries,1
1689,fries,1
1690,chicken_tenders,1
1691,fries,1
1692,fries,1
1693,chicken_tenders,1
1694,fries,1
1695,fries,1
1696,chicken_tenders,1
1697,fries,1
1698,chicken_tenders,1
1699,chicken_tenders,1
1700,chicken_tenders,2
1701,fries,1
1702,chicken_tenders,1
1703,hash_brown,1
1704,breakfast_wrap,1
1705,breakfast_wrap,1
1706,breakfast_wrap,1
1706,hash_brown,1
1707,breakfast_wrap,1
1708,breakfast_wrap,1
1709,hash_brown,1
1709,breakfast_wrap,1
1710,breakfast_wrap,1
1711,breakfast_wrap,2
1711,hash_brown,1
1712,breakfast_wrap,1
1713,hash_brown,2
1714,breakfast_wrap,1
1715,breakfast_wrap,1
1715,breakfast_wrap,1
1716,breakfast_wrap,1
1717,hash_brown,1
1718,hash_brown,1
1719,breakfast_wrap,1
1719,hash_brown,1
1720,breakfast_wrap,1
1721,hash_brown,2
1722,hash_brown,1
1723,hash_brown,1
1723,breakfast_wrap,1
1724,breakfast_wrap,1
1725,hash_brown,1
1725,breakfast_wrap,2
1726,breakfast_wrap,1
1727,breakfast_wrap,1
1728,hash_brown,1
1728,breakfast_wrap,1
1729,hash_brown,2
1730,breakfast_wrap,1
1731,breakfast_wrap,1
1731,hash_brown,1
1732,breakfast_wrap,2
1733,breakfast_wrap,1
1734,hash_brown,1
1735,hash_brown,2
1736,breakfast_wrap,1
1737,hash_brown,1
1737,hash_brown,1
1738,hash_brown,1
1738,hash_brown,1
1739,hash_brown,1
1740,breakfast_wrap,1
1741,hash_brown,1
1741,breakfast_wrap,1
1742,breakfast_wrap,1
1742,hash_brown,1
1743,hash_brown,2
1744,breakfast_wrap,1
1744,hash_brown,2
1745,breakfast_wrap,1
1745,hash_brown,1
1746,breakfast_wrap,1
1747,hash_brown,1
1747,hash_brown,2
1748,hash_brown,1
1749,hash_brown,1
1750,breakfast_wrap,1
1750,hash_brown,1
1751,breakfast_wrap,1
1752,hash_brown,1
1753,breakfast_wrap,1
1753,hash_brown,1
1754,hash_brown,1
1755,hash_brown,1
1756,breakfast_wrap,1
1757,hash_brown,1
1758,breakfast_wrap,1
1759,hash_brown,1
1760,hash_brown,1
1761,hash_brown,1
1762,hash_brown,1
1763,hash_brown,1
1764,hash_brown,1
1765,breakfast_wrap,1
1766,breakfast_wrap,1
1767,breakfast_wrap,1
1767,breakfast_wrap,1
1768,hash_brown,1
1768,breakfast_wrap,1
1769,breakfast_wrap,1
1770,hash_brown,1
1771,breakfast_wrap,2
1771,breakfast_wrap,1
1772,breakfast_wrap,2
1772,breakfast_wrap,1
1773,hash_brown,1
1774,chicken_tenders,1
1775,chicken_tenders,1
1775,chicken_tenders,2
1776,chicken_tenders,1
1776,chicken_tenders,1
1777,fries,1
1778,chicken_tenders,2
1779,chicken_tenders,1
1780,chicken_tenders,1
1781,chicken_tenders,1
1781,fries,1
1782,fries,1
1783,fries,1
1784,fries,2
1784,fries,1
1785,fries,2
1785,chicken_tenders,1
1786,fries,1
1787,fries,1
1788,fries,1
1789,chicken_tenders,2
1790,fries,1
1791,fries,1
1791,fries,1
1792,chicken_tenders,1
1793,fries,1
1794,fries,1
1795,fries,1
1796,fries,1
1797,fries,1
1798,fries,1
1799,fries,1
1800,fries,1
1801,chicken_tenders,1
1802,chicken_tenders,1
1803,chicken_tenders,2
1803,fries,1
1804,chicken_tenders,1
1804,fries,1
1805,chicken_tenders,1
1805,chicken_tenders,1
1806,fries,1
1807,fries,1
1808,chicken_tenders,1
1808,chicken_tenders,1
1809,fries,2
1810,chicken_tenders,1
1810,fries,1
1811,chicken_tenders,1
1812,chicken_tenders,1
1813,fries,1
1814,chicken_tenders,1
1815,chicken_tenders,1
1815,chicken_tenders,2
1816,chicken_tenders,1
1817,chicken_tenders,1
1817,chicken_tenders,2
1818,chicken_tenders,1
1819,fries,1
1820,chicken_tenders,1
1820,chicken_tenders,1
1821,chicken_tenders,2
1821,chicken_tenders,1
1822,fries,1
1823,chicken_tenders,1
1824,chicken_tenders,1
1825,fries,1
1825,fries,1
1826,fries,1
1826,fries,1
1827,chicken_tenders,1
1827,chicken_tenders,1
1828,chicken_tenders,1
1829,chicken_tenders,1
1829,chicken_tenders,1
1830,chicken_tenders,2
1830,fries,1
1831,chicken_tenders,2
1832,fries,1
1833,chicken_tenders,1
1833,fries,1
1834,fries,1
1835,fries,1
1836,fries,1
1837,fries,1
1837,chicken_tenders,1
1838,chicken_tenders,1
1839,chicken_tenders,1
1840,chicken_tenders,1
1841,chicken_tenders,1
1842,chicken_tenders,2
1843,chicken_tenders,1
1844,chicken_tenders,2
1845,fries,1
1845,fries,1
1846,chicken_tenders,1
1847,fries,1
1847,chicken_tenders,1
1848,fries,1
1849,fries,1
1850,chicken_tenders,1
1851,chicken_tenders,2
1851,chicken_tenders,1
1852,fries,1
1852,chicken_tenders,1
1853,chicken_tenders,2
1854,fries,1
1854,fries,1
1855,fries,1
1856,fries,1
1857,chicken_tenders,1
1857,fries,1
1858,chicken_tenders,1
1858,chicken_tenders,1
1859,fries,2
1860,chicken_tenders,1
1860,chicken_tenders,1
1861,fries,1
1862,chicken_tenders,2
1863,chicken_tenders,1
1864,chicken_tenders,1
1865,chicken_tenders,1
1865,chicken_tenders,1
1866,chicken_tenders,1
1866,chicken_tenders,2
1867,chicken_tenders,1
1868,chicken_tenders,1
1869,chicken_tenders,1
1870,fries,1
1871,chicken_tenders,1
1872,chicken_tenders,1
1873,chicken_tenders,1
1873,chicken_tenders,1
1874,fries,1
1875,fries,1
1876,chicken_tenders,1
1876,fries,1
1877,chicken_tenders,1
1878,fries,1
1879,chicken_tenders,2
1880,chicken_tenders,1
1880,chicken_tenders,1
1881,chicken_tenders,1
1882,chicken_tenders,1
1883,chicken_tenders,1
1883,fries,1
1884,fries,1
1885,chicken_tenders,1
1885,fries,1
1886,fries,2
1887,fries,2
1888,fries,1
1888,chicken_tenders,1
1889,chicken_tenders,2
1889,fries,2
1890,fries,1
1891,chicken_tenders,1
1892,fries,1
1893,chicken_tenders,1
1894,chicken_tenders,1
1895,fries,1
1895,fries,1
1896,chicken_tenders,1
1896,fries,1
1897,fries,2
1898,fries,1
1898,fries,2
1899,fries,1
1900,fries,2
1900,fries,1
1901,fries,1
1902,chicken_tenders,2
1903,chicken_tenders,2
1903,fries,1
1904,chicken_tenders,2
1905,fries,1
1906,chicken_tenders,1
1906,chicken_tenders,1
1907,chicken_tenders,1
1908,fries,1
1909,fries,1
1909,fries,1
1910,chicken_tenders,1
1911,fries,1
1912,fries,1
1913,fries,1
1914,chicken_tenders,1
1915,fries,1
1915,chicken_tenders,1
1916,fries,1
1917,fries,1
1918,chicken_tenders,1
1919,chicken_tenders,1
1920,fries,2
1920,fries,1
1921,chicken_tenders,1
1922,chicken_tenders,1
1923,fries,1
1923,chicken_tenders,2
1924,chicken_tenders,2
1925,fries,2
1926,breakfast_wrap,1
1926,breakfast_wrap,1
1927,hash_brown,1
1928,hash_brown,1
1928,breakfast_wrap,1
1929,hash_brown,1
1930,hash_brown,1
1931,hash_brown,1
1932,hash_brown,1
1933,breakfast_wrap,1
1933,hash_brown,1
1934,hash_brown,1
1935,breakfast_wrap,2
1936,hash_brown,1
1936,breakfast_wrap,1
1937,breakfast_wrap,1
1937,breakfast_wrap,1
1938,hash_brown,1
1938,hash_brown,1
1939,hash_brown,1
1940,hash_brown,1
1940,hash_brown,1
1941,breakfast_wrap,1
1942,breakfast_wrap,2
1943,hash_brown,1
1944,hash_brown,1
1945,breakfast_wrap,2
1946,breakfast_wrap,1
1946,breakfast_wrap,1
1947,hash_brown,1
1947,breakfast_wrap,1
1948,breakfast_wrap,1
1949,breakfast_wrap,1
1950,hash_brown,1
1951,hash_brown,1
1952,breakfast_wrap,1
1953,breakfast_wrap,1
1954,breakfast_wrap,1
1955,hash_brown,1
1956,hash_brown,1
1957,hash_brown,1
1958,breakfast_wrap,2
1958,hash_brown,1
1959,hash_brown,1
1960,hash_brown,1
1961,breakfast_wrap,1
1962,breakfast_wrap,1
1963,hash_brown,1
1964,breakfast_wrap,1
1965,breakfast_wrap,1
1965,breakfast_wrap,1
1966,hash_brown,1
1967,hash_brown,1
1968,breakfast_wrap,2
1969,breakfast_wrap,1
1970,hash_brown,1
1971,breakfast_wrap,1
1972,hash_brown,1
1972,hash_brown,1
1973,hash_brown,1
1974,breakfast_wrap,1
1975,hash_brown,1
1976,breakfast_wrap,1
1976,breakfast_wrap,1
1977,breakfast_wrap,1
1978,hash_brown,1
1979,breakfast_wrap,1
1979,breakfast_wrap,1
1980,hash_brown,1
1981,breakfast_wrap,1
1982,breakfast_wrap,1
1983,hash_brown,2
1984,hash_brown,1
1984,hash_brown,1
1985,breakfast_wrap,1
1985,hash_brown,1
1986,fries,1
1986,fries,1
1987,chicken_tenders,1
1987,chicken_tenders,1
1988,fries,1
1988,fries,1
1989,fries,1
1990,fries,1
1990,fries,1
1991,fries,1
1992,fries,1
1993,fries,1
1993,fries,1
1994,fries,1
1995,fries,2
1996,fries,1
1997,chicken_tenders,1
1998,fries,2
1999,chicken_tenders,1
2000,chicken_tenders,1
2001,chicken_tenders,1
2001,chicken_tenders,1
2002,chicken_tenders,1
2002,fries,1
2003,fries,1
2004,chicken_tenders,1
2004,fries,1
2005,chicken_tenders,1
2006,fries,1
2007,chicken_tenders,1
2008,chicken_tenders,1
2009,chicken_tenders,1
2009,chicken_tenders,1
2010,fries,2
2011,chicken_tenders,1
2011,fries,1
2012,fries,1
2012,fries,1
2013,chicken_tenders,1
2014,chicken_tenders,1
2015,fries,1
2015,fries,1
2016,fries,1
2017,fries,2
2018,chicken_tenders,2
2019,fries,1
2020,fries,1
2021,chicken_tenders,1
2022,chicken_tenders,2
2022,chicken_tenders,1
2023,fries,2
2024,fries,1
2025,chicken_tenders,1
2025,chicken_tenders,1
2026,chicken_tenders,1
2027,fries,1
2028,chicken_tenders,1
2029,chicken_tenders,1
2030,chicken_tenders,2
2031,fries,1
2031,chicken_tenders,1
2032,chicken_tenders,1
2033,fries,1
2034,fries,1
2035,fries,1
2036,chicken_tenders,1
2036,chicken_tenders,1
2037,fries,1
2038,chicken_tenders,1
2039,fries,2
2040,fries,2
2041,fries,1
2042,chicken_tenders,1
2043,chicken_tenders,1
2044,fries,1
2045,fries,2
2046,fries,1
2047,fries,1
2048,chicken_tenders,1
2049,chicken_tenders,2
2049,fries,1
2050,chicken_tenders,1
2051,fries,1
2051,chicken_tenders,1
2052,fries,1
2053,fries,1
2053,chicken_tenders,2
2054,fries,1
2054,chicken_tenders,1
2055,fries,1
2056,chicken_tenders,1
2057,fries,1
2058,fries,2
2058,chicken_tenders,1
2059,chicken_tenders,1
2060,fries,2
2061,fries,1
2062,chicken_tenders,1
2063,chicken_tenders,1
2064,fries,1
2065,chicken_tenders,2
2066,chicken_tenders,1
2067,fries,1
2068,fries,1
2069,chicken_tenders,1
2070,fries,2
2071,fries,1
2072,fries,1
2073,fries,1
2073,fries,1
2074,chicken_tenders,1
2075,chicken_tenders,1
2075,fries,1
2076,chicken_tenders,1
2077,fries,1
2078,chicken_tenders,1
2078,chicken_tenders,2
2079,chicken_tenders,1
2080,fries,1
2081,fries,1
2082,chicken_tenders,2
2083,fries,2
2084,fries,1
2085,fries,1
2086,fries,1
2087,chicken_tenders,1
2088,fries,1
2089,chicken_tenders,1
2089,fries,1
2090,chicken_tenders,2
2091,fries,1
2092,chicken_tenders,1
2093,chicken_tenders,1
2094,fries,2
2095,fries,1
2096,fries,2
2097,chicken_tenders,1
2098,chicken_tenders,2
2099,chicken_tenders,1
2100,chicken_tenders,1
2100,chicken_tenders,2
2101,chicken_tenders,1
2102,fries,1
2103,chicken_tenders,1
2104,chicken_tenders,1
2105,chicken_tenders,2
2105,fries,1
2106,fries,2
2107,chicken_tenders,1
2108,fries,1
2108,chicken_tenders,1
2109,chicken_tenders,1
2110,fries,1
2111,fries,1
2112,chicken_tenders,1
2112,fries,1
2113,fries,1
2114,fries,2
2115,chicken_tenders,1
2116,fries,1
2117,chicken_tenders,1
2118,fries,1
2118,chicken_tenders,1
2119,fries,1
2119,chicken_tenders,1
2120,chicken_tenders,1
2121,fries,1
2122,fries,1
2123,fries,1
2124,fries,1
2124,chicken_tenders,2
2125,chicken_tenders,1
2126,fries,1
2127,chicken_tenders,1
2128,chicken_tenders,1
2128,fries,2
2129,breakfast_wrap,1
2130,breakfast_wrap,2
2131,hash_brown,1
2131,hash_brown,1
2132,hash_brown,1
2132,breakfast_wrap,1
2133,breakfast_wrap,1
2134,hash_brown,1
2134,breakfast_wrap,1
2135,hash_brown,1
2136,breakfast_wrap,1
2137,hash_brown,1
2138,breakfast_wrap,1
2139,breakfast_wrap,1
2139,breakfast_wrap,2
2140,breakfast_wrap,1
2141,hash_brown,1
2142,hash_brown,2
2143,breakfast_wrap,2
2144,hash_brown,1
2145,breakfast_wrap,1
2146,hash_brown,1
2147,breakfast_wrap,2
2148,hash_brown,1
2148,hash_brown,1
2149,breakfast_wrap,1
2150,hash_brown,1
2151,breakfast_wrap,1
2152,breakfast_wrap,2
2153,breakfast_wrap,1
2154,breakfast_wrap,1
2154,hash_brown,1
2155,hash_brown,1
2155,hash_brown,2
2156,breakfast_wrap,1
2157,breakfast_wrap,1
2158,hash_brown,1
2159,breakfast_wrap,1
2160,hash_brown,1
2160,hash_brown,1
2161,breakfast_wrap,1
2162,hash_brown,1
2162,breakfast_wrap,1
2163,hash_brown,1
2164,breakfast_wrap,1
2165,breakfast_wrap,1
2166,breakfast_wrap,1
2167,breakfast_wrap,1
2168,breakfast_wrap,1
2169,hash_brown,1
2169,hash_brown,1
2170,hash_brown,1
2171,hash_brown,1
2172,breakfast_wrap,1
2172,breakfast_wrap,1
2173,breakfast_wrap,1
2173,hash_brown,1
2174,breakfast_wrap,1
2174,hash_brown,1
2175,hash_brown,1
2176,hash_brown,2
2177,hash_brown,1
2177,breakfast_wrap,2
2178,breakfast_wrap,1
2179,breakfast_wrap,2
2179,breakfast_wrap,1
2180,breakfast_wrap,1
2181,breakfast_wrap,1
2181,hash_brown,1
2182,hash_brown,1
2182,hash_brown,1
2183,hash_brown,2
2184,hash_brown,2
2185,hash_brown,1
2185,hash_brown,1
2186,hash_brown,1
2187,breakfast_wrap,1
2188,breakfast_wrap,1
2189,hash_brown,1
2190,hash_brown,1
2191,hash_brown,1
2192,breakfast_wrap,1
2193,breakfast_wrap,1
2194,hash_brown,1
2194,breakfast_wrap,2
2195,breakfast_wrap,2
2196,breakfast_wrap,1
2197,hash_brown,1
2197,breakfast_wrap,2
2198,breakfast_wrap,1
2199,breakfast_wrap,1
2199,hash_brown,1
2200,breakfast_wrap,1
2201,breakfast_wrap,1
2202,hash_brown,1
2203,hash_brown,1
2204,hash_brown,1
2205,hash_brown,1
2206,breakfast_wrap,1
2207,breakfast_wrap,1
2208,hash_brown,1
2209,hash_brown,2
2210,breakfast_wrap,1
2211,breakfast_wrap,1
2212,breakfast_wrap,1
2213,hash_brown,1
2214,breakfast_wrap,1
2214,hash_brown,1
2215,hash_brown,1
2216,breakfast_wrap,1
2217,breakfast_wrap,1
2218,hash_brown,2
2219,breakfast_wrap,1
2220,breakfast_wrap,1
2220,hash_brown,1
2221,hash_brown,1
2222,breakfast_wrap,1
2223,hash_brown,1
2224,breakfast_wrap,1
2224,breakfast_wrap,1
2225,breakfast_wrap,1
2226,hash_brown,1
2227,breakfast_wrap,1
2227,breakfast_wrap,2
2228,breakfast_wrap,1
2229,breakfast_wrap,1
2229,breakfast_wrap,1
2230,hash_brown,1
2231,fries,1
2232,chicken_tenders,1
2233,fries,1
2233,chicken_tenders,1
2234,fries,1
2235,fries,2
2236,chicken_tenders,2
2237,chicken_tenders,1
2238,chicken_tenders,1
2239,fries,1
2240,chicken_tenders,1
2241,fries,1
2241,fries,1
2242,fries,1
2243,fries,1
2244,fries,1
2245,fries,1
2245,fries,1
2246,chicken_tenders,1
2247,fries,1
2248,chicken_tenders,1
2249,chicken_tenders,1
2250,chicken_tenders,1
2250,fries,2
2251,chicken_tenders,1
2252,chicken_tenders,2
2253,fries,1
2254,chicken_tenders,2
2255,fries,1
2255,chicken_tenders,1
2256,fries,1
2257,fries,1
2257,fries,1
2258,fries,1
2259,chicken_tenders,2
2260,chicken_tenders,1
2261,chicken_tenders,1
2262,fries,1
2262,fries,1
2263,fries,1
2264,chicken_tenders,1
2264,fries,1
2265,fries,2
2265,fries,1
2266,fries,1
2267,chicken_tenders,1
2268,chicken_tenders,1
2269,fries,1
2270,chicken_tenders,2
2271,chicken_tenders,2
2272,chicken_tenders,1
2273,chicken_tenders,1
2274,chicken_tenders,1
2275,fries,1
2275,fries,1
2276,fries,1
2277,chicken_tenders,1
2278,fries,2
2279,chicken_tenders,1
2280,chicken_tenders,1
2281,fries,1
2282,fries,1
2283,fries,1
2284,chicken_tenders,1
2285,fries,1
2285,fries,1
2286,fries,1
2287,chicken_tenders,2
2288,fries,1
2288,chicken_tenders,1
2289,fries,1
2290,chicken_tenders,2
2291,fries,1
2292,fries,1
2292,chicken_tenders,2
2293,chicken_tenders,1
2294,chicken_tenders,2
2294,chicken_tenders,1
2295,fries,1
2296,fries,1
2297,fries,2
2298,fries,1
2299,chicken_tenders,1
2299,chicken_tenders,1
2300,chicken_tenders,1
2301,chicken_tenders,1
2301,fries,2
2302,chicken_tenders,1
2303,chicken_tenders,2
2304,fries,1
2305,fries,2
2305,fries,1
2306,fries,1
2307,chicken_tenders,1
2308,chicken_tenders,1
2309,chicken_tenders,1
2310,fries,1
2311,chicken_tenders,1
2312,chicken_tenders,1
2312,chicken_tenders,1
2313,fries,1
2314,chicken_tenders,1
2315,fries,1
2316,chicken_tenders,1
2316,fries,1
2317,chicken_tenders,1
2317,chicken_tenders,2
2318,fries,1
2319,fries,1
2320,chicken_tenders,1
2320,chicken_tenders,1
2321,chicken_tenders,1
2322,chicken_tenders,1
2323,chicken_tenders,1
2324,chicken_tenders,1
2325,fries,1
2325,chicken_tenders,1
2326,fries,1
2327,fries,1
2328,fries,1
2329,chicken_tenders,1
2330,fries,1
2331,fries,1
2332,fries,1
2333,fries,2
2334,chicken_tenders,1
2335,chicken_tenders,1
2335,fries,1
2336,chicken_tenders,1
2337,chicken_tenders,2
2338,chicken_tenders,2
2339,fries,2
2340,chicken_tenders,1
2341,chicken_tenders,2
2341,fries,1
2342,fries,1
2343,chicken_tenders,1
2343,chicken_tenders,2
2344,fries,1
2345,fries,1
2346,chicken_tenders,1
2347,fries,1
2347,chicken_tenders,1
2348,chicken_tenders,1
2349,fries,1
2350,chicken_tenders,2
2351,chicken_tenders,2
2352,chicken_tenders,1
2352,fries,1
2353,chicken_tenders,1
2353,fries,1
2354,fries,1
2354,fries,2
2355,fries,1
2355,chicken_tenders,1
2356,chicken_tenders,1
2357,fries,1
2358,fries,1
2359,fries,1
2359,fries,1
2360,chicken_tenders,1
2360,fries,2
2361,fries,1
2362,fries,1
2363,chicken_tenders,1
2364,chicken_tenders,1
2365,chicken_tenders,1
2366,chicken_tenders,2
2367,chicken_tenders,1
2368,fries,2
2369,fries,1
2370,fries,1
2371,fries,1
2372,fries,1
2373,fries,1
2373,fries,2
2374,fries,1
2375,fries,2
2376,fries,1
2377,chicken_tenders,1
2378,fries,1
2379,chicken_tenders,1
2379,chicken_tenders,1
2380,chicken_tenders,1
2381,chicken_tenders,2
2382,fries,1
2382,fries,1
2383,chicken_tenders,1
2384,fries,1
2385,fries,1
2386,chicken_tenders,1
2386,fries,1
2387,fries,1
2388,chicken_tenders,1
2389,fries,1
2390,chicken_tenders,1
2390,chicken_tenders,1
2391,chicken_tenders,1
2392,chicken_tenders,1
2392,fries,1
2393,chicken_tenders,1
2394,chicken_tenders,1
2394,chicken_tenders,2
2395,chicken_tenders,1
2395,chicken_tenders,1
2396,fries,1
2396,chicken_tenders,2
2397,chicken_tenders,1
2397,chicken_tenders,1
2398,chicken_tenders,1
2399,fries,2
2400,chicken_tenders,1
2401,chicken_tenders,1
2402,chicken_tenders,1
2403,chicken_tenders,1
2404,fries,1
2405,breakfast_wrap,1
2406,hash_brown,1
2407,breakfast_wrap,1
2408,breakfast_wrap,2
2409,breakfast_wrap,1
2409,breakfast_wrap,2
2410,breakfast_wrap,1
2410,breakfast_wrap,2
2411,breakfast_wrap,1
2412,breakfast_wrap,2
2412,breakfast_wrap,1
2413,breakfast_wrap,1
2413,breakfast_wrap,1
2414,breakfast_wrap,2
2414,hash_brown,1
2415,hash_brown,1
2416,breakfast_wrap,1
2417,hash_brown,1
2418,hash_brown,1
2419,breakfast_wrap,1
2419,hash_brown,1
2420,breakfast_wrap,1
2420,breakfast_wrap,1
2421,breakfast_wrap,1
2421,breakfast_wrap,1
2422,hash_brown,1
2423,breakfast_wrap,1
2424,hash_brown,2
2424,hash_brown,2
2425,hash_brown,1
2426,hash_brown,1
2427,breakfast_wrap,1
2428,breakfast_wrap,1
2428,hash_brown,1
2429,breakfast_wrap,1
2430,breakfast_wrap,1
2431,hash_brown,1
2432,hash_brown,1
2433,hash_brown,1
2434,breakfast_wrap,1
2435,hash_brown,1
2435,breakfast_wrap,1
2436,breakfast_wrap,1
2436,hash_brown,1
2437,hash_brown,1
2438,hash_brown,1
2439,hash_brown,2
2440,hash_brown,1
2440,breakfast_wrap,1
2441,breakfast_wrap,2
2442,hash_brown,1
2443,breakfast_wrap,1
2443,hash_brown,1
2444,breakfast_wrap,1
2444,breakfast_wrap,1
2445,breakfast_wrap,1
2445,breakfast_wrap,1
2446,breakfast_wrap,1
2447,breakfast_wrap,1
2448,hash_brown,1
2449,hash_brown,1
2449,hash_brown,1
2450,breakfast_wrap,1
2450,breakfast_wrap,1
2451,breakfast_wrap,2
2452,breakfast_wrap,1
2452,breakfast_wrap,2
2453,hash_brown,1
2454,breakfast_wrap,1
2455,breakfast_wrap,1
2455,hash_brown,1
2456,hash_brown,1
2456,hash_brown,1
2457,breakfast_wrap,1
2458,hash_brown,1
2459,hash_brown,1
2460,breakfast_wrap,1
2461,breakfast_wrap,1
2462,breakfast_wrap,1
2463,hash_brown,1
2464,hash_brown,1
2464,breakfast_wrap,1
2465,hash_brown,1
2466,hash_brown,2
2467,hash_brown,1
2468,breakfast_wrap,1
2468,breakfast_wrap,1
2469,breakfast_wrap,2
2470,hash_brown,1
2471,breakfast_wrap,1
2471,hash_brown,1
2472,hash_brown,1
2473,hash_brown,1
2474,hash_brown,1
2474,hash_brown,1
2475,breakfast_wrap,1
2476,breakfast_wrap,2
2477,breakfast_wrap,1
2478,breakfast_wrap,1
2478,breakfast_wrap,2
2479,breakfast_wrap,1
2480,breakfast_wrap,1
2481,breakfast_wrap,1
2481,breakfast_wrap,1
2482,breakfast_wrap,1
2483,hash_brown,1
2484,hash_brown,1
2485,breakfast_wrap,1
2485,hash_brown,1
2486,hash_brown,1
2487,breakfast_wrap,2
2487,breakfast_wrap,1
2488,hash_brown,1
2489,breakfast_wrap,1
2489,hash_brown,2
2490,hash_brown,1
2491,hash_brown,2
2491,hash_brown,1
2492,breakfast_wrap,1
2493,hash_brown,1
2494,breakfast_wrap,1
2495,breakfast_wrap,2
2495,breakfast_wrap,1
2496,breakfast_wrap,1
2497,hash_brown,1
2498,breakfast_wrap,1
2499,breakfast_wrap,1
2500,hash_brown,1
2500,hash_brown,1
2501,hash_brown,1
2502,breakfast_wrap,1
2503,breakfast_wrap,1
2504,breakfast_wrap,2
2505,breakfast_wrap,1
2506,hash_brown,2
2506,hash_brown,1
2507,breakfast_wrap,1
2508,hash_brown,1
2508,breakfast_wrap,2
2509,breakfast_wrap,1
2510,hash_brown,2
2511,fries,1
2512,chicken_tenders,1
2513,chicken_tenders,1
2513,fries,1
2514,chicken_tenders,1
2515,chicken_tenders,1
2515,fries,1
2516,chicken_tenders,2
2516,fries,1
2517,chicken_tenders,1
2518,chicken_tenders,1
2519,fries,2
2519,fries,2
2520,fries,1
2521,fries,2
2521,fries,1
2522,chicken_tenders,1
2523,chicken_tenders,1
2524,chicken_tenders,2
2525,fries,1
2526,fries,1
2527,fries,1
2528,fries,2
2529,chicken_tenders,1
2530,fries,1
2531,fries,1
2531,chicken_tenders,1
2532,fries,1
2532,chicken_tenders,1
2533,chicken_tenders,2
2534,chicken_tenders,1
2534,fries,2
2535,fries,1
2535,chicken_tenders,1
2536,chicken_tenders,2
2536,fries,1
2537,fries,1
2537,chicken_tenders,1
2538,fries,1
2539,fries,1
2540,fries,1
2541,fries,1
2541,chicken_tenders,1
2542,chicken_tenders,1
2543,fries,1
2543,fries,1
2544,chicken_tenders,1
2545,chicken_tenders,1
2545,fries,1
2546,fries,1
2546,chicken_tenders,2
2547,fries,1
2548,fries,1
2549,chicken_tenders,1
2550,chicken_tenders,1
2551,fries,1
2551,chicken_tenders,1
2552,fries,1
2553,chicken_tenders,2
2554,chicken_tenders,1
2555,fries,1
2556,chicken_tenders,1
2556,chicken_tenders,1
2557,chicken_tenders,2
2557,chicken_tenders,1
2558,chicken_tenders,2
2558,chicken_tenders,1
2559,fries,2
2560,fries,1
2560,fries,1
2561,fries,2
2562,chicken_tenders,1
2563,chicken_tenders,1
2564,chicken_tenders,1
2565,fries,1
2565,fries,1
2566,fries,1
2567,fries,1
2568,fries,2
2569,chicken_tenders,2
2570,chicken_tenders,1
2571,chicken_tenders,2
2572,chicken_tenders,1
2572,chicken_tenders,1
2573,chicken_tenders,1
2574,chicken_tenders,1
2575,chicken_tenders,1
2576,fries,1
2577,chicken_tenders,1
2578,fries,1
2579,chicken_tenders,1
2580,fries,1
2581,chicken_tenders,1
2581,chicken_tenders,1
2582,fries,1
2582,chicken_tenders,1
2583,fries,1
2584,fries,1
2585,chicken_tenders,1
2585,chicken_tenders,2
2586,fries,2
2587,fries,2
2587,fries,2
2588,fries,1
2589,fries,1
2590,chicken_tenders,1
2590,chicken_tenders,1
2591,fries,1
2592,fries,1
2593,fries,1
2593,fries,2
2594,fries,1
2595,fries,1
2596,fries,1
2597,fries,1
2597,chicken_tenders,1
2598,fries,1
2598,fries,1
2599,fries,1
2600,chicken_tenders,1
2601,chicken_tenders,1
2602,fries,1
2603,fries,1
2604,chicken_tenders,1
2605,fries,1
2605,chicken_tenders,1
2606,chicken_tenders,1
2607,fries,1
2607,fries,1
2608,fries,1
2609,fries,1
2610,fries,1
2611,chicken_tenders,1
2612,chicken_tenders,1
2613,chicken_tenders,1
2614,chicken_tenders,1
2615,fries,1
2616,chicken_tenders,2
2616,chicken_tenders,1
2617,fries,1
2618,chicken_tenders,1
2619,chicken_tenders,1
2620,fries,1
2621,chicken_tenders,1
2621,fries,1
2622,chicken_tenders,1
2623,chicken_tenders,1
2624,fries,2
2625,chicken_tenders,1
2626,fries,1
2627,chicken_tenders,1
2628,chicken_tenders,1
2629,fries,1
2630,chicken_tenders,1
2630,chicken_tenders,1
2631,chicken_tenders,1
2632,fries,1
2633,chicken_tenders,1
2633,chicken_tenders,2
2634,fries,1
2635,chicken_tenders,1
2636,chicken_tenders,2
2637,chicken_tenders,1
2638,chicken_tenders,1
2639,fries,1
2639,fries,2
2640,fries,2
2641,fries,1
2642,chicken_tenders,1
2643,fries,2
2644,fries,1
2645,fries,1
2646,chicken_tenders,1
2647,chicken_tenders,2
2648,fries,1
2649,chicken_tenders,1
2649,fries,1
2650,chicken_tenders,1
2651,fries,2
2652,fries,2
2653,chicken_tenders,1
2653,chicken_tenders,1
2654,chicken_tenders,1
2655,chicken_tenders,1
2655,chicken_tenders,1
2656,fries,2
2657,chicken_tenders,2
2658,chicken_tenders,1
2658,fries,1
2659,fries,1
2660,chicken_tenders,1
2661,fries,1
2662,chicken_tenders,1
2663,chicken_tenders,1
2664,fries,1
2665,fries,1
2666,chicken_tenders,1
2667,chicken_tenders,2
2668,fries,1
2669,fries,1
2669,chicken_tenders,1
2670,fries,1
2671,fries,2
2672,fries,1
2673,fries,1
2673,chicken_tenders,1
2674,chicken_tenders,1
2675,chicken_tenders,1
2676,chicken_tenders,1
2677,chicken_tenders,1
2678,fries,1
2679,fries,1
2680,chicken_tenders,1
2681,fries,1
2682,chicken_tenders,1
2683,fries,1
2683,chicken_tenders,1
2684,fries,1
2684,chicken_tenders,2
2685,fries,1
2686,hash_brown,1
2686,hash_brown,1
2687,breakfast_wrap,1
2688,breakfast_wrap,1
2689,hash_brown,1
2689,hash_brown,1
2690,breakfast_wrap,1
2691,breakfast_wrap,2
2692,hash_brown,1
2693,hash_brown,1
2693,breakfast_wrap,1
2694,breakfast_wrap,1
2695,breakfast_wrap,1
2696,breakfast_wrap,1
2697,breakfast_wrap,1
2698,breakfast_wrap,1
2698,breakfast_wrap,1
2699,hash_brown,1
2700,breakfast_wrap,1
2701,breakfast_wrap,1
2702,hash_brown,1
2703,hash_brown,1
2703,hash_brown,1
2704,breakfast_wrap,1
2705,breakfast_wrap,1
2706,breakfast_wrap,2
2707,hash_brown,1
2707,breakfast_wrap,1
2708,breakfast_wrap,1
2709,breakfast_wrap,1
2709,hash_brown,1
2710,hash_brown,1
2710,hash_brown,2
2711,hash_brown,1
2711,breakfast_wrap,1
2712,breakfast_wrap,2
2712,breakfast_wrap,1
2713,breakfast_wrap,1
2713,hash_brown,2
2714,hash_brown,1
2715,hash_brown,1
2715,breakfast_wrap,2
2716,breakfast_wrap,2
2716,breakfast_wrap,1
2717,hash_brown,2
2717,hash_brown,1
2718,breakfast_wrap,1
2719,breakfast_wrap,1
2720,hash_brown,1
2721,hash_brown,1
2721,hash_brown,1
2722,hash_brown,1
2723,hash_brown,1
2723,hash_brown,1
2724,hash_brown,2
2725,breakfast_wrap,1
2726,breakfast_wrap,1
2727,breakfast_wrap,1
2728,breakfast_wrap,1
2728,breakfast_wrap,1
2729,breakfast_wrap,1
2730,breakfast_wrap,1
2730,hash_brown,1
2731,hash_brown,1
2732,breakfast_wrap,1
2732,hash_brown,1
2733,hash_brown,2
2734,breakfast_wrap,1
2734,breakfast_wrap,1
2735,hash_brown,2
2735,hash_brown,2
2736,breakfast_wrap,1
2737,breakfast_wrap,1
2738,hash_brown,1
2738,breakfast_wrap,1
2739,hash_brown,1
2740,breakfast_wrap,1
2741,breakfast_wrap,2
2742,breakfast_wrap,1
2742,breakfast_wrap,1
2743,breakfast_wrap,2
2744,chicken_tenders,1
2745,chicken_tenders,1
2746,fries,1
2746,fries,1
2747,fries,1
2748,chicken_tenders,2
2749,fries,2
2750,chicken_tenders,1
2750,fries,1
2751,chicken_tenders,1
2752,fries,1
2753,chicken_tenders,1
2753,fries,1
2754,chicken_tenders,1
2754,chicken_tenders,1
2755,chicken_tenders,1
2755,fries,2
2756,fries,1
2757,chicken_tenders,1
2758,chicken_tenders,1
2759,fries,1
2760,fries,1
2761,chicken_tenders,1
2762,fries,1
2763,fries,1
2763,fries,1
2764,fries,1
2765,chicken_tenders,1
2766,chicken_tenders,1
2766,chicken_tenders,1
2767,fries,1
2767,chicken_tenders,1
2768,fries,1
2769,chicken_tenders,2
2770,fries,2
2771,fries,1
2771,chicken_tenders,1
2772,fries,2
2773,chicken_tenders,1
2774,chicken_tenders,1
2775,fries,1
2776,chicken_tenders,1
2777,fries,1
2778,chicken_tenders,1
2779,fries,2
2780,chicken_tenders,1
2781,fries,1
2781,fries,1
2782,fries,1
2783,fries,2
2783,chicken_tenders,1
2784,chicken_tenders,2
2784,chicken_tenders,1
2785,fries,1
2786,fries,2
2787,chicken_tenders,1
2788,fries,1
2789,fries,1
2790,chicken_tenders,2
2790,fries,1
2791,fries,1
2792,fries,1
2793,fries,1
2794,chicken_tenders,1
2794,fries,1
2795,chicken_tenders,1
2796,fries,1
2797,chicken_tenders,1
2798,fries,1
2798,fries,1
2799,fries,1
2800,fries,1
2801,fries,1
2802,fries,1
2802,chicken_tenders,2
2803,fries,1
2803,fries,1
2804,chicken_tenders,2
2805,chicken_tenders,1
2805,chicken_tenders,1
2806,fries,1
2807,fries,1
2808,chicken_tenders,1
2809,chicken_tenders,1
2809,fries,1
2810,chicken_tenders,2
2811,fries,1
2812,fries,1
2813,fries,1
2814,chicken_tenders,1
2815,fries,1
2816,chicken_tenders,1
2817,chicken_tenders,1
2818,fries,1
2819,fries,2
2820,fries,1
2821,fries,1
2822,fries,1
2823,fries,1
2824,fries,2
2825,chicken_tenders,1
2826,fries,1
2827,chicken_tenders,1
2828,chicken_tenders,1
2829,chicken_tenders,1
2829,chicken_tenders,1
2830,chicken_tenders,1
2831,fries,2
2832,chicken_tenders,1
2833,fries,1
2834,fries,2
2834,fries,1
2835,fries,1
2836,chicken_tenders,1
2837,fries,2
2837,chicken_tenders,1
2838,fries,1
2838,chicken_tenders,1
2839,fries,1
2839,chicken_tenders,1
2840,chicken_tenders,1
2841,fries,1
2842,fries,1
2843,chicken_tenders,1
2844,fries,1
2844,fries,1
2845,chicken_tenders,1
2845,chicken_tenders,1
2846,fries,2
2846,chicken_tenders,2
2847,chicken_tenders,1
2848,chicken_tenders,1
2849,fries,1
2850,fries,1
2851,fries,1
2852,chicken_tenders,1
2853,chicken_tenders,1
2853,chicken_tenders,1
2854,chicken_tenders,1
2855,fries,2
2855,chicken_tenders,1
2856,chicken_tenders,1
2856,fries,1
2857,chicken_tenders,1
2858,fries,1
2858,chicken_tenders,1
2859,fries,1
2860,fries,2
2861,fries,1
2861,fries,2
2862,chicken_tenders,1
2863,chicken_tenders,1
2863,chicken_tenders,2
2864,chicken_tenders,1
2864,fries,2
2865,chicken_tenders,1
2866,fries,1
2867,chicken_tenders,1
2868,fries,1
2868,chicken_tenders,1
2869,chicken_tenders,1
2870,chicken_tenders,1
2871,chicken_tenders,1
2872,chicken_tenders,1
2873,chicken_tenders,1
2874,fries,1
2875,chicken_tenders,1
2875,fries,1
2876,chicken_tenders,1
2877,chicken_tenders,1
2877,fries,1
2878,fries,1
2878,fries,1
2879,fries,1
2880,chicken_tenders,1
2881,fries,1
2882,chicken_tenders,2
2883,fries,1
2884,chicken_tenders,1
2885,fries,1
2886,fries,1
2887,chicken_tenders,1
2888,fries,1
2889,chicken_tenders,1
2890,chicken_tenders,1
2891,fries,1
2891,fries,1
2892,chicken_tenders,1
2893,fries,1
2894,chicken_tenders,1
2895,fries,1
2895,fries,2
2896,chicken_tenders,1
2897,fries,1
2898,chicken_tenders,1
2899,chicken_tenders,1
2900,chicken_tenders,1
2900,chicken_tenders,1
2901,fries,1
2902,chicken_tenders,1
2903,fries,1
2904,chicken_tenders,1
2904,fries,2
2905,fries,1
2905,chicken_tenders,1
2906,chicken_tenders,1
2907,fries,2
2907,fries,1
2908,chicken_tenders,1
2909,chicken_tenders,1
2910,chicken_tenders,1
2911,fries,1
2911,chicken_tenders,1
2912,chicken_tenders,1
2913,fries,1
2914,chicken_tenders,1
2914,fries,1
2915,hash_brown,1
2916,hash_brown,1
2916,hash_brown,1
2917,hash_brown,1
2918,breakfast_wrap,1
2919,breakfast_wrap,1
2920,breakfast_wrap,1
2921,breakfast_wrap,1
2922,breakfast_wrap,2
2922,breakfast_wrap,1
2923,hash_brown,1
2923,hash_brown,1
2924,breakfast_wrap,1
2925,hash_brown,1
2925,breakfast_wrap,2
2926,breakfast_wrap,1
2927,breakfast_wrap,1
2927,breakfast_wrap,2
2928,breakfast_wrap,1
2929,hash_brown,2
2929,hash_brown,1
2930,hash_brown,1
2931,hash_brown,1
2931,hash_brown,1
2932,breakfast_wrap,1
2933,breakfast_wrap,1
2934,breakfast_wrap,1
2935,breakfast_wrap,1
2936,breakfast_wrap,1
2937,hash_brown,1
2937,hash_brown,1
2938,breakfast_wrap,1
2939,hash_brown,1
2940,hash_brown,1
2941,hash_brown,1
2941,breakfast_wrap,1
2942,breakfast_wrap,1
2942,breakfast_wrap,1
2943,hash_brown,1
2943,breakfast_wrap,1
2944,hash_brown,1
2945,hash_brown,1
2945,breakfast_wrap,1
2946,hash_brown,2
2947,hash_brown,1
2948,breakfast_wrap,1
2948,hash_brown,1
2949,breakfast_wrap,2
2950,hash_brown,1
2951,hash_brown,1
2952,breakfast_wrap,1
2952,breakfast_wrap,1
2953,breakfast_wrap,1
2954,breakfast_wrap,1
2955,hash_brown,2
2956,hash_brown,1
2957,breakfast_wrap,1
2957,breakfast_wrap,1
2958,hash_brown,2
2958,hash_brown,1
2959,breakfast_wrap,1
2960,hash_brown,1
2960,hash_brown,1
2961,breakfast_wrap,1
2962,breakfast_wrap,2
2963,breakfast_wrap,1
2963,hash_brown,1
2964,breakfast_wrap,1
2965,breakfast_wrap,1
2966,hash_brown,1
2966,hash_brown,1
2967,breakfast_wrap,2
2968,hash_brown,1
2969,hash_brown,2
2970,breakfast_wrap,1
2971,breakfast_wrap,2
2972,breakfast_wrap,2
2972,breakfast_wrap,1
2973,breakfast_wrap,1
2974,breakfast_wrap,1
2975,hash_brown,1
2976,breakfast_wrap,1
2977,hash_brown,1
2978,hash_brown,1
2979,hash_brown,1
2980,hash_brown,1
2981,breakfast_wrap,1
2982,breakfast_wrap,1
2983,breakfast_wrap,2
2984,hash_brown,1
2985,hash_brown,1
2986,hash_brown,1
2987,hash_brown,2
2988,hash_brown,1
2989,breakfast_wrap,2
2989,hash_brown,2
2990,hash_brown,1
2991,breakfast_wrap,1
2992,hash_brown,1
2993,hash_brown,1
2994,fries,1
2995,chicken_tenders,1
2996,chicken_tenders,1
2997,chicken_tenders,1
2997,fries,1
2998,fries,1
2999,fries,1
3000,fries,1
3001,chicken_tenders,2
3001,chicken_tenders,1
3002,chicken_tenders,1
3003,fries,1
3003,chicken_tenders,1
3004,chicken_tenders,1
3004,chicken_tenders,1
3005,fries,2
3006,fries,1
3006,fries,1
3007,chicken_tenders,1
3008,chicken_tenders,1
3009,chicken_tenders,1
3010,fries,1
3011,chicken_tenders,2
3012,fries,1
3013,fries,1
3013,chicken_tenders,2
3014,fries,1
3015,fries,1
3015,fries,1
3016,chicken_tenders,1
3017,chicken_tenders,1
3018,chicken_tenders,1
3018,fries,1
3019,fries,1
3020,chicken_tenders,1
3020,fries,1
3021,chicken_tenders,1
3021,chicken_tenders,1
3022,fries,1
3023,fries,1
3024,chicken_tenders,1
3025,fries,1
3026,fries,2
3027,fries,1
3028,fries,1
3029,fries,1
3030,chicken_tenders,1
3031,chicken_tenders,1
3032,fries,1
3033,fries,1
3033,fries,1
3034,chicken_tenders,1
3035,chicken_tenders,1
3036,chicken_tenders,1
3036,chicken_tenders,1
3037,fries,1
3038,chicken_tenders,1
3039,fries,2
3040,chicken_tenders,1
3041,chicken_tenders,1
3042,chicken_tenders,1
3043,chicken_tenders,1
3044,fries,2
3045,fries,1
3046,chicken_tenders,1
3046,fries,2
3047,fries,1
3048,fries,1
3049,chicken_tenders,1
3049,chicken_tenders,1
3050,chicken_tenders,1
3050,chicken_tenders,1
3051,chicken_tenders,1
3052,fries,1
3053,chicken_tenders,2
3054,chicken_tenders,1
3055,fries,2
3056,fries,1
3057,chicken_tenders,1
3058,fries,2
3058,chicken_tenders,1
3059,chicken_tenders,1
3060,fries,1
3061,chicken_tenders,1
3061,chicken_tenders,1
3062,chicken_tenders,1
3063,chicken_tenders,2
3064,chicken_tenders,1
3065,chicken_tenders,1
3065,chicken_tenders,1
3066,chicken_tenders,1
3067,fries,1
3068,chicken_tenders,1
3069,fries,1
3070,chicken_tenders,2
3071,fries,1
3072,fries,1
3073,chicken_tenders,1
3074,fries,1
3075,fries,1
3075,fries,1
3076,chicken_tenders,1
3077,chicken_tenders,1
3078,chicken_tenders,1
3079,fries,1
3080,chicken_tenders,1
3081,fries,1
3082,chicken_tenders,1
3083,chicken_tenders,1
3083,chicken_tenders,1
3084,chicken_tenders,1
3085,fries,1
3086,fries,1
3087,chicken_tenders,1
3088,chicken_tenders,1
3089,fries,1
3090,fries,1
3091,fries,1
3091,fries,1
3092,fries,2
3092,chicken_tenders,1
3093,chicken_tenders,1
3093,chicken_tenders,1
3094,chicken_tenders,1
3095,chicken_tenders,1
3096,chicken_tenders,1
3096,fries,1
3097,chicken_tenders,1
3097,fries,1
3098,chicken_tenders,1
3098,fries,1
3099,fries,1
3099,fries,1
3100,fries,2
3101,fries,2
3102,fries,2
3103,fries,2
3104,fries,2
3105,fries,2
3106,fries,1
3107,chicken_tenders,1
3108,chicken_tenders,1
3109,fries,1
3109,fries,1
3110,chicken_tenders,2
3111,chicken_tenders,1
3111,chicken_tenders,1
3112,fries,1
3113,chicken_tenders,1
3113,fries,1
3114,fries,1
3114,fries,2
3115,fries,1
3115,chicken_tenders,1
3116,fries,1
3117,chicken_tenders,1
3118,fries,1
3118,chicken_tenders,1
3119,chicken_tenders,2
3120,chicken_tenders,1
3121,chicken_tenders,2
3122,fries,1
3123,fries,1
3124,chicken_tenders,1
3125,fries,1
3126,fries,1
3127,chicken_tenders,1
3128,fries,1
3129,chicken_tenders,1
3130,chicken_tenders,2
3131,chicken_tenders,1
3132,fries,1
3132,chicken_tenders,1
3133,fries,1
3134,fries,1
3135,chicken_tenders,1
3135,fries,1
3136,chicken_tenders,1
3136,chicken_tenders,2
3137,chicken_tenders,1
3137,fries,2
3138,fries,1
3139,chicken_tenders,1
3139,chicken_tenders,1
3140,chicken_tenders,2
3141,chicken_tenders,1
3142,fries,1
3142,chicken_tenders,1
3143,hash_brown,2
3143,hash_brown,1
3144,hash_brown,2
3145,breakfast_wrap,1
3146,breakfast_wrap,1
3146,hash_brown,1
3147,breakfast_wrap,1
3148,hash_brown,1
3149,hash_brown,2
3150,breakfast_wrap,1
3151,hash_brown,1
3151,hash_brown,1
3152,hash_brown,1
3153,breakfast_wrap,1
3153,hash_brown,1
3154,hash_brown,1
3155,hash_brown,2
3156,hash_brown,1
3156,hash_brown,1
3157,hash_brown,2
3158,breakfast_wrap,1
3158,breakfast_wrap,1
3159,breakfast_wrap,1
3159,hash_brown,1
3160,hash_brown,1
3161,hash_brown,1
3162,hash_brown,2
3163,hash_brown,1
3163,hash_brown,1
3164,hash_brown,1
3165,hash_brown,1
3166,breakfast_wrap,1
3166,hash_brown,1
3167,hash_brown,1
3168,breakfast_wrap,1
3169,hash_brown,1
3170,hash_brown,1
3171,hash_brown,1
3172,hash_brown,1
3173,breakfast_wrap,1
3174,hash_brown,2
3175,breakfast_wrap,2
3176,hash_brown,1
3176,hash_brown,1
3177,hash_brown,1
3178,hash_brown,1
3178,breakfast_wrap,1
3179,hash_brown,1
3180,hash_brown,1
3180,hash_brown,1
3181,breakfast_wrap,1
3182,hash_brown,1
3182,hash_brown,2
3183,hash_brown,1
3184,hash_brown,1
3185,hash_brown,1
3185,breakfast_wrap,2
3186,breakfast_wrap,1
3187,breakfast_wrap,1
3188,breakfast_wrap,1
3189,breakfast_wrap,1
3190,breakfast_wrap,1
3191,breakfast_wrap,1
3192,hash_brown,1
3193,breakfast_wrap,2
3194,hash_brown,1
3195,hash_brown,1
3196,breakfast_wrap,1
3197,hash_brown,1
3198,hash_brown,1
3199,hash_brown,2
3200,hash_brown,1
3200,hash_brown,1
3201,breakfast_wrap,1
3202,breakfast_wrap,1
3203,breakfast_wrap,1
3203,hash_brown,1
3204,breakfast_wrap,1
3205,breakfast_wrap,1
3206,breakfast_wrap,1
3206,hash_brown,1
3207,hash_brown,1
3208,breakfast_wrap,1
3208,hash_brown,1
3209,hash_brown,1
3209,hash_brown,1
3210,hash_brown,1
3211,hash_brown,1
3212,hash_brown,1
3212,hash_brown,1
3213,breakfast_wrap,1
3214,hash_brown,1
3215,hash_brown,1
3215,hash_brown,1
3216,breakfast_wrap,1
3217,hash_brown,1
3217,hash_brown,1
3218,breakfast_wrap,1
3218,breakfast_wrap,1
3219,hash_brown,1
3220,hash_brown,1
3220,hash_brown,1
3221,hash_brown,1
3221,hash_brown,1
3222,breakfast_wrap,1
3223,hash_brown,2
3224,hash_brown,1
3225,breakfast_wrap,1
3225,breakfast_wrap,1
3226,hash_brown,1
3227,breakfast_wrap,1
3228,chicken_tenders,1
3229,fries,1
3229,chicken_tenders,1
3230,chicken_tenders,1
3231,chicken_tenders,1
3232,chicken_tenders,2
3233,fries,1
3234,chicken_tenders,2
3234,chicken_tenders,2
3235,fries,1
3236,fries,2
3237,chicken_tenders,1
3237,chicken_tenders,1
3238,chicken_tenders,1
3239,fries,1
3239,fries,1
3240,fries,2
3240,fries,1
3241,chicken_tenders,1
3242,chicken_tenders,1
3242,fries,1
3243,fries,2
3244,chicken_tenders,1
3244,chicken_tenders,1
3245,chicken_tenders,1
3246,chicken_tenders,1
3246,chicken_tenders,1
3247,chicken_tenders,2
3248,fries,1
3249,chicken_tenders,1
3249,fries,1
3250,chicken_tenders,1
3251,chicken_tenders,1
3252,chicken_tenders,1
3253,fries,1
3253,chicken_tenders,1
3254,fries,1
3255,fries,1
3255,chicken_tenders,1
3256,chicken_tenders,1
3256,fries,1
3257,fries,1
3258,chicken_tenders,1
3259,chicken_tenders,1
3260,chicken_tenders,1
3261,fries,1
3261,fries,1
3262,chicken_tenders,1
3262,chicken_tenders,1
3263,chicken_tenders,1
3264,chicken_tenders,1
3264,fries,1
3265,chicken_tenders,1
3266,fries,1
3266,fries,1
3267,fries,1
3267,chicken_tenders,1
3268,chicken_tenders,1
3269,fries,1
3270,chicken_tenders,1
3271,chicken_tenders,1
3271,chicken_tenders,1
3272,chicken_tenders,1
3273,chicken_tenders,1
3273,fries,1
3274,fries,1
3275,chicken_tenders,1
3276,fries,1
3276,chicken_tenders,1
3277,fries,1
3278,fries,1
3279,chicken_tenders,1
3280,fries,1
3281,fries,1
3282,fries,1
3283,chicken_tenders,2
3284,fries,1
3285,fries,1
3285,chicken_tenders,2
3286,chicken_tenders,1
3287,chicken_tenders,1
3288,chicken_tenders,1
3289,chicken_tenders,1
3290,chicken_tenders,1
3291,chicken_tenders,1
3292,chicken_tenders,1
3292,fries,1
3293,chicken_tenders,1
3293,chicken_tenders,1
3294,fries,1
3295,fries,1
3296,chicken_tenders,1
3297,chicken_tenders,1
3298,fries,1
3299,chicken_tenders,1
3300,chicken_tenders,1
3301,fries,1
3302,fries,1
3303,chicken_tenders,1
3303,fries,1
3304,fries,1
3304,chicken_tenders,1
3305,fries,1
3305,chicken_tenders,1
3306,chicken_tenders,2
3307,chicken_tenders,1
3307,fries,1
3308,chicken_tenders,1
3308,chicken_tenders,1
3309,fries,1
3310,fries,1
3311,chicken_tenders,1
3311,chicken_tenders,1
3312,chicken_tenders,1
3313,fries,1
3313,chicken_tenders,1
3314,chicken_tenders,1
3315,fries,1
3316,chicken_tenders,1
3316,chicken_tenders,2
3317,chicken_tenders,1
3318,chicken_tenders,1
3318,fries,1
3319,fries,1
3319,fries,1
3320,chicken_tenders,1
3321,fries,1
3321,chicken_tenders,1
3322,fries,1
3323,fries,1
3324,fries,1
3325,chicken_tenders,1
3325,fries,1
3326,chicken_tenders,1
3327,fries,1
3328,chicken_tenders,1
3328,chicken_tenders,1
3329,chicken_tenders,1
3330,fries,2
3330,fries,2
3331,fries,1
3332,fries,1
3333,chicken_tenders,1
3334,chicken_tenders,2
3335,chicken_tenders,1
3335,chicken_tenders,2
3336,fries,1
3336,chicken_tenders,1
3337,fries,1
3338,fries,1
3338,chicken_tenders,1
3339,fries,2
3339,chicken_tenders,1
3340,chicken_tenders,2
3340,chicken_tenders,2
3341,fries,1
3341,chicken_tenders,1
3342,fries,1
3343,chicken_tenders,1
3343,fries,1
3344,fries,1
3345,chicken_tenders,1
3346,chicken_tenders,1
3347,fries,2
3348,chicken_tenders,1
3349,fries,2
3350,fries,2
3350,chicken_tenders,1
3351,fries,2
3352,chicken_tenders,2
3353,chicken_tenders,1
3354,fries,1
3355,chicken_tenders,1
3356,chicken_tenders,1
3356,fries,1
3357,chicken_tenders,1
3358,chicken_tenders,1
3358,chicken_tenders,1
3359,chicken_tenders,1
3360,fries,1
3361,fries,2
3362,chicken_tenders,1
3362,fries,1
3363,fries,1
3363,fries,2
3364,fries,1
3365,fries,1
3366,chicken_tenders,1
3367,fries,1
3367,chicken_tenders,2
3368,chicken_tenders,1
3368,chicken_tenders,1
3369,chicken_tenders,1
3370,chicken_tenders,2
3370,fries,1
3371,fries,1
3372,fries,1
3373,fries,1
3374,chicken_tenders,1
3375,chicken_tenders,2
3375,chicken_tenders,2
3376,fries,1
3377,chicken_tenders,1
3378,chicken_tenders,1
3379,chicken_tenders,2
3380,chicken_tenders,2
3381,fries,2
3382,breakfast_wrap,1
3382,hash_brown,1
3383,breakfast_wrap,1
3384,hash_brown,1
3385,breakfast_wrap,1
3386,breakfast_wrap,1
3387,breakfast_wrap,1
3387,breakfast_wrap,1
3388,hash_brown,1
3389,breakfast_wrap,1
3389,hash_brown,1
3390,breakfast_wrap,1
3391,breakfast_wrap,1
3391,hash_brown,1
3392,breakfast_wrap,1
3393,hash_brown,1
3394,breakfast_wrap,1
3395,breakfast_wrap,1
3396,breakfast_wrap,1
3397,breakfast_wrap,1
3398,breakfast_wrap,1
3399,breakfast_wrap,1
3399,hash_brown,1
3400,hash_brown,1
3401,hash_brown,1
3401,breakfast_wrap,1
3402,breakfast_wrap,1
3403,breakfast_wrap,1
3404,breakfast_wrap,1
3405,breakfast_wrap,1
3406,breakfast_wrap,1
3407,breakfast_wrap,1
3407,hash_brown,1
3408,hash_brown,1
3409,hash_brown,1
3410,breakfast_wrap,1
3411,hash_brown,1
3412,breakfast_wrap,1
3413,hash_brown,2
3414,breakfast_wrap,1
3415,breakfast_wrap,1
3415,hash_brown,1
3416,hash_brown,1
3417,hash_brown,1
3418,breakfast_wrap,1
3419,hash_brown,1
3420,breakfast_wrap,1
3421,breakfast_wrap,1
3422,hash_brown,1
3423,hash_brown,1
3423,breakfast_wrap,2
3424,hash_brown,1
3425,hash_brown,1
3425,hash_brown,1
3426,hash_brown,2
3426,breakfast_wrap,1
3427,hash_brown,1
3428,breakfast_wrap,1
3429,hash_brown,1
3430,hash_brown,1
3431,hash_brown,1
3432,breakfast_wrap,1
3433,breakfast_wrap,1
3434,hash_brown,1
3434,breakfast_wrap,2
3435,breakfast_wrap,1
3436,breakfast_wrap,1
3437,hash_brown,1
3437,hash_brown,1
3438,hash_brown,1
3439,hash_brown,1
3439,hash_brown,1
3440,breakfast_wrap,1
3441,breakfast_wrap,1
3442,breakfast_wrap,1
3442,breakfast_wrap,1
3443,breakfast_wrap,1
3443,hash_brown,1
3444,breakfast_wrap,2
3445,breakfast_wrap,1
3445,hash_brown,1
3446,hash_brown,1
3447,breakfast_wrap,1
3448,breakfast_wrap,1
3449,breakfast_wrap,1
3450,breakfast_wrap,1
3451,breakfast_wrap,2
3451,breakfast_wrap,1
3452,hash_brown,2
3453,hash_brown,1
3454,hash_brown,1
3455,breakfast_wrap,1
3456,breakfast_wrap,1
3457,breakfast_wrap,1
3457,hash_brown,1
3458,hash_brown,1
3458,breakfast_wrap,1
3459,chicken_tenders,1
3460,chicken_tenders,2
3460,chicken_tenders,2
3461,fries,1
3462,fries,1
3462,chicken_tenders,1
3463,fries,1
3464,chicken_tenders,1
3465,fries,1
3466,fries,1
3467,chicken_tenders,2
3467,chicken_tenders,1
3468,fries,1
3469,fries,1
3470,chicken_tenders,1
3471,fries,1
3472,fries,1
3473,chicken_tenders,1
3474,fries,1
3475,fries,1
3475,chicken_tenders,1
3476,chicken_tenders,1
3476,chicken_tenders,2
3477,fries,1
3477,chicken_tenders,1
3478,chicken_tenders,1
3479,fries,2
3480,fries,2
3481,chicken_tenders,1
3482,fries,1
3482,fries,1
3483,fries,1
3484,fries,1
3485,fries,2
3486,fries,2
3487,fries,1
3488,fries,1
3488,fries,2
3489,chicken_tenders,2
3490,fries,2
3491,fries,1
3491,fries,1
3492,chicken_tenders,1
3493,fries,2
3494,fries,1
3495,chicken_tenders,2
3496,chicken_tenders,1
3497,chicken_tenders,1
3498,chicken_tenders,1
3498,chicken_tenders,1
3499,chicken_tenders,1
3500,fries,1
3501,fries,2
3502,fries,1
3502,fries,2
3503,fries,1
3504,fries,1
3505,chicken_tenders,1
3505,fries,1
3506,fries,2
3507,chicken_tenders,1
3507,chicken_tenders,1
3508,fries,1
3509,fries,1
3510,chicken_tenders,2
3510,fries,2
3511,chicken_tenders,1
3512,chicken_tenders,1
3513,chicken_tenders,2
3514,chicken_tenders,1
3514,chicken_tenders,2
3515,fries,1
3516,fries,1
3517,fries,2
3517,fries,1
3518,chicken_tenders,1
3519,chicken_tenders,1
3520,fries,1
3521,fries,1
3522,chicken_tenders,1
3522,fries,1
3523,chicken_tenders,1
3523,fries,2
3524,fries,2
3525,fries,1
3525,chicken_tenders,2
3526,fries,2
3527,chicken_tenders,1
3528,fries,1
3529,fries,1
3530,fries,1
3531,chicken_tenders,2
3531,fries,2
3532,fries,1
3532,chicken_tenders,1
3533,fries,1
3534,fries,1
3534,fries,1
3535,fries,1
3535,chicken_tenders,2
3536,fries,2
3537,fries,1
3538,chicken_tenders,2
3539,chicken_tenders,2
3539,fries,2
3540,fries,1
3541,chicken_tenders,1
3542,chicken_tenders,1
3543,fries,1
3544,fries,2
3545,chicken_tenders,1
3546,fries,2
3547,fries,1
3547,fries,1
3548,chicken_tenders,1
3549,fries,1
3550,chicken_tenders,1
3551,chicken_tenders,1
3552,chicken_tenders,1
3553,fries,1
3554,chicken_tenders,1
3554,chicken_tenders,1
3555,chicken_tenders,1
3556,fries,1
3557,fries,1
3558,chicken_tenders,1
3558,chicken_tenders,1
3559,chicken_tenders,1
3560,chicken_tenders,1
3561,chicken_tenders,1
3561,fries,1
3562,chicken_tenders,1
3562,fries,1
3563,chicken_tenders,1
3564,chicken_tenders,1
3565,fries,1
3565,fries,1
3566,fries,1
3566,fries,1
3567,chicken_tenders,1
3567,chicken_tenders,1
3568,fries,2
3569,fries,1
3570,fries,2
3570,fries,1
3571,chicken_tenders,1
3571,fries,2
3572,chicken_tenders,1
3573,chicken_tenders,1
3574,fries,1
3575,fries,1
3576,chicken_tenders,2
3577,fries,2
3578,chicken_tenders,1
3579,fries,1
3579,chicken_tenders,1
3580,chicken_tenders,1
3581,chicken_tenders,2
3581,chicken_tenders,1
3582,chicken_tenders,1
3583,fries,2
3584,chicken_tenders,2
3585,chicken_tenders,2
3586,chicken_tenders,1
3587,chicken_tenders,1
3588,fries,1
3588,fries,1
3589,chicken_tenders,1
3590,fries,1
3591,chicken_tenders,2
3591,fries,1
3592,chicken_tenders,1
3593,fries,2
3593,chicken_tenders,1
3594,chicken_tenders,1
3594,chicken_tenders,2
3595,fries,1
3596,chicken_tenders,1
3596,fries,1
3597,fries,1
3598,chicken_tenders,1
3598,fries,1
3599,fries,1
3600,chicken_tenders,1
3601,chicken_tenders,1
3601,fries,1
3602,fries,1
3603,chicken_tenders,1
3604,fries,1
3605,fries,1
3605,chicken_tenders,1
3606,chicken_tenders,1
3607,fries,1
3608,fries,1
3609,fries,1
3609,chicken_tenders,1
3610,fries,1
3611,fries,1
3611,fries,1
3612,fries,2
3613,fries,2
3614,chicken_tenders,2
3615,chicken_tenders,1
3616,chicken_tenders,1
3617,fries,1
3618,chicken_tenders,1
3619,breakfast_wrap,1
3619,hash_brown,1
3620,hash_brown,1
3621,hash_brown,1
3621,breakfast_wrap,1
3622,hash_brown,1
3622,breakfast_wrap,1
3623,hash_brown,1
3623,breakfast_wrap,2
3624,hash_brown,1
3624,hash_brown,1
3625,hash_brown,1
3626,hash_brown,1
3627,hash_brown,1
3628,breakfast_wrap,2
3629,hash_brown,1
3629,breakfast_wrap,1
3630,breakfast_wrap,1
3630,hash_brown,1
3631,breakfast_wrap,1
3632,breakfast_wrap,1
3633,hash_brown,1
3633,hash_brown,1
3634,hash_brown,1
3635,hash_brown,2
3635,hash_brown,1
3636,hash_brown,1
3637,hash_brown,1
3638,breakfast_wrap,1
3639,breakfast_wrap,1
3640,breakfast_wrap,1
3641,breakfast_wrap,1
3642,breakfast_wrap,1
3643,breakfast_wrap,1
3643,breakfast_wrap,1
3644,hash_brown,1
3645,breakfast_wrap,2
3645,breakfast_wrap,1
3646,breakfast_wrap,1
3647,hash_brown,2
3648,breakfast_wrap,1
3649,breakfast_wrap,1
3650,breakfast_wrap,1
3651,breakfast_wrap,2
3651,hash_brown,1
3652,breakfast_wrap,1
3652,hash_brown,1
3653,hash_brown,1
3654,hash_brown,2
3654,breakfast_wrap,1
3655,hash_brown,1
3656,breakfast_wrap,1
3656,breakfast_wrap,1
3657,breakfast_wrap,1
3658,hash_brown,1
3659,hash_brown,1
3659,hash_brown,1
3660,hash_brown,1
3661,hash_brown,1
3662,breakfast_wrap,1
3663,breakfast_wrap,1
3664,hash_brown,1
3665,breakfast_wrap,1
3665,hash_brown,1
3666,hash_brown,1
3667,hash_brown,1
3668,breakfast_wrap,1
3668,breakfast_wrap,1
3669,breakfast_wrap,1
3670,breakfast_wrap,2
3671,hash_brown,1
3671,hash_brown,1
3672,hash_brown,1
3673,breakfast_wrap,1
3674,breakfast_wrap,1
3674,breakfast_wrap,1
3675,breakfast_wrap,1
3676,hash_brown,1
3676,hash_brown,1
3677,breakfast_wrap,1
3678,hash_brown,2
3678,hash_brown,2
3679,breakfast_wrap,1
3680,breakfast_wrap,2
3680,hash_brown,1
3681,breakfast_wrap,1
3682,hash_brown,1
3683,hash_brown,1
3683,breakfast_wrap,1
3684,breakfast_wrap,1
3685,breakfast_wrap,1
3686,hash_brown,2
3687,hash_brown,1
3687,breakfast_wrap,1
3688,hash_brown,1
3688,hash_brown,1
3689,hash_brown,2
3690,hash_brown,1
3691,breakfast_wrap,1
3692,breakfast_wrap,2
3693,breakfast_wrap,1
3694,hash_brown,2
3695,breakfast_wrap,1
3696,hash_brown,1
3697,breakfast_wrap,1
3698,breakfast_wrap,1
3698,hash_brown,1
3699,breakfast_wrap,1
3700,breakfast_wrap,2
3700,breakfast_wrap,1
3701,hash_brown,1
3701,breakfast_wrap,1
3702,hash_brown,2
3702,breakfast_wrap,1
3703,hash_brown,1
3703,breakfast_wrap,1
3704,hash_brown,1
3705,breakfast_wrap,1
3705,hash_brown,2
3706,breakfast_wrap,1
3707,hash_brown,1
3708,hash_brown,1
3709,hash_brown,2
3709,breakfast_wrap,1
3710,fries,2
3710,chicken_tenders,1
3711,fries,1
3711,chicken_tenders,2
3712,fries,1
3713,chicken_tenders,1
3714,fries,2
3715,fries,1
3716,chicken_tenders,1
3717,fries,1
3718,fries,1
3718,chicken_tenders,1
3719,chicken_tenders,1
3720,chicken_tenders,1
3720,chicken_tenders,1
3721,chicken_tenders,1
3721,chicken_tenders,1
3722,chicken_tenders,1
3723,fries,2
3724,chicken_tenders,1
3725,chicken_tenders,2
3725,fries,1
3726,chicken_tenders,1
3727,chicken_tenders,1
3728,chicken_tenders,2
3728,fries,1
3729,fries,1
3730,chicken_tenders,1
3730,fries,1
3731,chicken_tenders,1
3732,chicken_tenders,2
3733,chicken_tenders,1
3734,fries,1
3735,chicken_tenders,1
3736,chicken_tenders,1
3737,chicken_tenders,1
3738,chicken_tenders,1
3738,chicken_tenders,1
3739,chicken_tenders,1
3739,chicken_tenders,1
3740,chicken_tenders,1
3741,chicken_tenders,2
3742,fries,1
3742,fries,1
3743,fries,1
3744,chicken_tenders,1
3745,chicken_tenders,1
3745,chicken_tenders,1
3746,fries,1
3747,chicken_tenders,1
3747,chicken_tenders,1
3748,chicken_tenders,1
3748,fries,1
3749,fries,2
3749,chicken_tenders,1
3750,fries,1
3750,chicken_tenders,1
3751,chicken_tenders,1
3752,fries,1
3753,fries,1
3754,chicken_tenders,1
3754,fries,1
3755,fries,1
3755,fries,1
3756,fries,1
3757,fries,1
3758,chicken_tenders,1
3759,fries,1
3760,fries,2
3761,fries,1
3762,chicken_tenders,1
3763,fries,1
3764,chicken_tenders,1
3764,fries,1
3765,chicken_tenders,2
3766,fries,1
3767,fries,1
3768,fries,1
3768,fries,1
3769,chicken_tenders,1
3769,fries,1
3770,fries,1
3771,fries,1
3772,fries,2
3773,fries,1
3773,fries,1
3774,fries,2
3775,chicken_tenders,1
3776,chicken_tenders,1
3777,chicken_tenders,1
3777,chicken_tenders,1
3778,fries,1
3778,chicken_tenders,1
3779,fries,1
3780,fries,1
3781,fries,1
3782,fries,1
3783,fries,1
3784,chicken_tenders,1
3785,fries,2
3785,chicken_tenders,1
3786,chicken_tenders,1
3787,chicken_tenders,1
3788,chicken_tenders,1
3789,chicken_tenders,1
3790,chicken_tenders,1
3791,chicken_tenders,2
3792,chicken_tenders,1
3793,fries,1
3794,chicken_tenders,1
3795,chicken_tenders,1
3796,fries,1
3797,fries,2
3797,chicken_tenders,1
3798,chicken_tenders,2
3799,chicken_tenders,1
3800,chicken_tenders,1
3800,chicken_tenders,1
3801,chicken_tenders,1
3801,chicken_tenders,1
3802,fries,1
3802,fries,1
3803,chicken_tenders,2
3804,fries,1
3805,fries,1
3805,fries,1
3806,chicken_tenders,1
3807,fries,1
3807,fries,1
3808,chicken_tenders,2
3809,fries,2
3809,chicken_tenders,1
3810,chicken_tenders,1
3811,chicken_tenders,1
3811,fries,1
3812,fries,1
3813,chicken_tenders,1
3814,fries,1
3815,chicken_tenders,2
3816,chicken_tenders,1
3817,chicken_tenders,1
3818,fries,1
3818,fries,2
3819,chicken_tenders,1
3820,chicken_tenders,1
3821,fries,2
3821,chicken_tenders,1
3822,fries,1
3823,fries,2
3824,chicken_tenders,1
3825,fries,1
3826,chicken_tenders,1
3826,chicken_tenders,1
3827,chicken_tenders,1
3828,fries,1
3828,chicken_tenders,1
3829,chicken_tenders,1
3829,chicken_tenders,1
3830,chicken_tenders,1
3831,chicken_tenders,1
3832,fries,1
3833,fries,1
3834,chicken_tenders,1
3835,fries,1
3836,fries,1
3837,chicken_tenders,1
3838,fries,1
3839,fries,2
3840,chicken_tenders,2
3840,chicken_tenders,1
3841,fries,1
3842,chicken_tenders,1
3843,fries,1
3843,fries,1
3844,fries,1
3844,chicken_tenders,1
3845,fries,2
3846,fries,2
3847,fries,1
3848,fries,1
3848,chicken_tenders,2
3849,fries,1
3850,fries,1
3851,chicken_tenders,1
3852,fries,1
3852,chicken_tenders,2
3853,fries,2
3854,fries,2
3855,fries,1
3855,fries,1
3856,hash_brown,1
3857,breakfast_wrap,1
3857,breakfast_wrap,1
3858,hash_brown,1
3859,breakfast_wrap,1
3860,hash_brown,1
3860,breakfast_wrap,1
3861,breakfast_wrap,1
3862,hash_brown,1
3862,breakfast_wrap,1
3863,breakfast_wrap,1
3864,breakfast_wrap,1
3865,breakfast_wrap,1
3865,breakfast_wrap,1
3866,hash_brown,2
3867,breakfast_wrap,1
3868,hash_brown,1
3869,hash_brown,1
3870,breakfast_wrap,1
3871,breakfast_wrap,1
3872,breakfast_wrap,1
3872,breakfast_wrap,1
3873,breakfast_wrap,1
3874,breakfast_wrap,1
3875,breakfast_wrap,1
3875,breakfast_wrap,1
3876,breakfast_wrap,1
3876,breakfast_wrap,1
3877,breakfast_wrap,1
3878,breakfast_wrap,1
3878,hash_brown,1
3879,hash_brown,1
3880,hash_brown,1
3881,breakfast_wrap,1
3882,breakfast_wrap,1
3883,hash_brown,1
3883,breakfast_wrap,1
3884,hash_brown,1
3885,hash_brown,1
3885,hash_brown,1
3886,hash_brown,1
3886,hash_brown,1
3887,breakfast_wrap,1
3887,hash_brown,1
3888,breakfast_wrap,1
3889,hash_brown,1
3889,hash_brown,1
3890,hash_brown,1
3890,hash_brown,1
3891,hash_brown,2
3891,hash_brown,2
3892,hash_brown,1
3893,breakfast_wrap,1
3894,breakfast_wrap,1
3895,breakfast_wrap,1
3896,breakfast_wrap,1
3896,breakfast_wrap,1
3897,hash_brown,1
3898,breakfast_wrap,1
3899,hash_brown,1
3900,hash_brown,1
3901,hash_brown,1
3902,hash_brown,2
3903,breakfast_wrap,1
3903,breakfast_wrap,1
3904,hash_brown,1
3904,hash_brown,1
3905,hash_brown,1
3906,hash_brown,1
3907,hash_brown,1
3907,breakfast_wrap,1
3908,breakfast_wrap,1
3909,breakfast_wrap,1
3910,hash_brown,1
3910,hash_brown,1
3911,hash_brown,1
3912,hash_brown,1
3913,breakfast_wrap,1
3914,hash_brown,1
3914,hash_brown,1
3915,hash_brown,1
3916,hash_brown,1
3916,hash_brown,1
3917,breakfast_wrap,1
3917,breakfast_wrap,1
3918,hash_brown,1
3919,breakfast_wrap,1
3919,hash_brown,1
3920,hash_brown,1
3921,hash_brown,1
3922,breakfast_wrap,1
3922,breakfast_wrap,1
3923,hash_brown,1
3924,breakfast_wrap,1
3925,hash_brown,1
3925,breakfast_wrap,1
3926,hash_brown,1
3927,breakfast_wrap,1
3927,hash_brown,1
3928,hash_brown,1
3928,hash_brown,1
3929,breakfast_wrap,1
3929,breakfast_wrap,2
3930,hash_brown,2
3931,breakfast_wrap,2
3932,breakfast_wrap,1
3933,hash_brown,1
3933,hash_brown,1
3934,hash_brown,1
3934,hash_brown,1
3935,hash_brown,1
3935,breakfast_wrap,1
3936,breakfast_wrap,1
3937,breakfast_wrap,1
3938,hash_brown,1
3939,breakfast_wrap,2
3940,breakfast_wrap,1
3941,hash_brown,2
3942,hash_brown,1
3943,hash_brown,1
3943,hash_brown,1
3944,breakfast_wrap,1
3945,hash_brown,1
3946,breakfast_wrap,1
3947,breakfast_wrap,1
3948,hash_brown,1
3949,hash_brown,1
3949,breakfast_wrap,2
3950,hash_brown,2
3951,breakfast_wrap,1
3952,breakfast_wrap,1
3953,breakfast_wrap,1
3954,breakfast_wrap,1
3955,hash_brown,1
3956,breakfast_wrap,2
3957,hash_brown,1
3958,breakfast_wrap,1
3959,hash_brown,1
3960,hash_brown,1
3961,breakfast_wrap,1
3962,breakfast_wrap,1
3962,hash_brown,2
3963,fries,1
3964,chicken_tenders,2
3964,fries,1
3965,chicken_tenders,1
3966,chicken_tenders,1
3966,fries,1
3967,chicken_tenders,1
3968,fries,1
3969,chicken_tenders,2
3970,fries,1
3971,chicken_tenders,1
3971,chicken_tenders,1
3972,fries,1
3972,chicken_tenders,2
3973,chicken_tenders,1
3974,fries,1
3975,fries,1
3975,fries,1
3976,chicken_tenders,1
3977,chicken_tenders,1
3978,fries,1
3978,fries,1
3979,chicken_tenders,2
3980,chicken_tenders,1
3981,chicken_tenders,1
3981,chicken_tenders,1
3982,fries,1
3983,chicken_tenders,1
3984,fries,1
3984,fries,1
3985,fries,1
3986,fries,1
3987,fries,1
3988,chicken_tenders,1
3989,chicken_tenders,1
3990,fries,2
3991,chicken_tenders,1
3991,fries,1
3992,chicken_tenders,1
3993,chicken_tenders,1
3994,chicken_tenders,1
3995,chicken_tenders,1
3996,fries,1
3997,fries,1
3997,fries,1
3998,chicken_tenders,1
3999,fries,1
3999,chicken_tenders,1
4000,chicken_tenders,1
4000,chicken_tenders,1
4001,fries,1
4002,fries,1
4002,chicken_tenders,1
4003,fries,1
4003,chicken_tenders,1
4004,fries,1
4004,chicken_tenders,1
4005,fries,1
4005,chicken_tenders,1
4006,chicken_tenders,2
4006,fries,1
4007,fries,1
4007,fries,1
4008,chicken_tenders,2
4009,chicken_tenders,1
4009,fries,1
4010,fries,1
4010,fries,2
4011,chicken_tenders,1
4012,chicken_tenders,1
4012,chicken_tenders,1
4013,chicken_tenders,1
4014,chicken_tenders,1
4015,chicken_tenders,2
4016,chicken_tenders,1
4016,fries,1
4017,chicken_tenders,1
4017,fries,1
4018,chicken_tenders,1
4019,chicken_tenders,1
4020,chicken_tenders,2
4021,fries,1
4022,chicken_tenders,2
4022,chicken_tenders,1
4023,fries,1
4024,chicken_tenders,1
4025,chicken_tenders,1
4026,chicken_tenders,1
4026,chicken_tenders,1
4027,fries,2
4028,chicken_tenders,1
4029,fries,2
4030,fries,1
4031,chicken_tenders,1
4032,fries,1
4033,fries,1
4033,fries,1
4034,chicken_tenders,1
4034,chicken_tenders,1
4035,chicken_tenders,1
4036,fries,1
4036,fries,1
4037,fries,1
4038,fries,1
4039,chicken_tenders,1
4040,fries,1
4041,fries,1
4042,chicken_tenders,2
4043,fries,1
4044,fries,1
4045,chicken_tenders,1
4046,fries,2
4046,fries,1
4047,chicken_tenders,1
4048,fries,1
4048,chicken_tenders,1
4049,chicken_tenders,1
4050,chicken_tenders,1
4050,fries,1
4051,chicken_tenders,1
4052,fries,1
4053,chicken_tenders,1
4054,chicken_tenders,2
4055,fries,1
4055,fries,1
4056,chicken_tenders,1
4056,fries,1
4057,fries,1
4058,chicken_tenders,1
4058,chicken_tenders,2
4059,chicken_tenders,1
4060,fries,1
4060,fries,1
4061,chicken_tenders,1
4062,fries,1
4063,chicken_tenders,1
4064,chicken_tenders,1
4065,fries,1
4066,chicken_tenders,1
4067,chicken_tenders,1
4067,fries,2
4068,fries,2
4068,chicken_tenders,1
4069,fries,1
4070,fries,1
4070,fries,1
4071,chicken_tenders,2
4072,fries,1
4073,chicken_tenders,1
4074,fries,1
4074,chicken_tenders,1
4075,chicken_tenders,1
4076,fries,1
4077,fries,1
4078,chicken_tenders,2
4079,fries,1
4080,chicken_tenders,1
4080,fries,1
4081,fries,1
4082,fries,1
4083,chicken_tenders,1
4084,fries,1
4085,chicken_tenders,1
4085,chicken_tenders,2
4086,chicken_tenders,2
4087,chicken_tenders,2
4088,chicken_tenders,1
4088,chicken_tenders,1
4089,fries,1
4090,fries,1
4090,fries,1
4091,fries,1
4092,chicken_tenders,1
4092,chicken_tenders,1
4093,fries,1
4093,fries,1
4094,fries,1
4095,chicken_tenders,1
4095,fries,1
4096,chicken_tenders,1
4097,fries,1
4098,chicken_tenders,1
4098,fries,1
4099,fries,1
4100,chicken_tenders,1
4101,fries,1
4102,chicken_tenders,1
4103,chicken_tenders,1
4104,fries,1
4105,fries,1
4106,chicken_tenders,1
4107,fries,1
4108,fries,2
4109,chicken_tenders,1
4110,chicken_tenders,1
4111,fries,2
4112,breakfast_wrap,1
4113,hash_brown,2
4114,hash_brown,1
4115,breakfast_wrap,1
4116,hash_brown,1
4117,hash_brown,2
4118,hash_brown,1
4119,breakfast_wrap,1
4120,breakfast_wrap,1
4120,hash_brown,1
4121,hash_brown,1
4121,hash_brown,1
4122,hash_brown,1
4122,breakfast_wrap,1
4123,breakfast_wrap,1
4124,hash_brown,1
4125,breakfast_wrap,1
4126,hash_brown,1
4127,breakfast_wrap,1
4128,breakfast_wrap,1
4129,hash_brown,1
4130,hash_brown,2
4131,hash_brown,2
4132,breakfast_wrap,1
4132,hash_brown,1
4133,hash_brown,1
4134,hash_brown,1
4135,hash_brown,1
4135,breakfast_wrap,1
4136,breakfast_wrap,1
4137,hash_brown,1
4137,breakfast_wrap,2
4138,hash_brown,1
4138,breakfast_wrap,1
4139,breakfast_wrap,1
4139,hash_brown,1
4140,breakfast_wrap,1
4141,breakfast_wrap,1
4141,hash_brown,1
4142,breakfast_wrap,1
4142,breakfast_wrap,1
4143,hash_brown,2
4144,hash_brown,1
4145,breakfast_wrap,2
4146,breakfast_wrap,1
4146,hash_brown,1
4147,breakfast_wrap,1
4148,breakfast_wrap,1
4149,hash_brown,1
4150,breakfast_wrap,1
4151,breakfast_wrap,1
4152,breakfast_wrap,2
4153,hash_brown,1
4154,hash_brown,1
4155,hash_brown,1
4156,hash_brown,1
4157,hash_brown,2
4158,hash_brown,1
4159,hash_brown,1
4160,breakfast_wrap,1
4160,breakfast_wrap,1
4161,hash_brown,1
4162,hash_brown,1
4162,breakfast_wrap,1
4163,breakfast_wrap,1
4164,breakfast_wrap,1
4165,hash_brown,1
4166,hash_brown,1
4167,breakfast_wrap,2
4167,breakfast_wrap,1
4168,breakfast_wrap,2
4169,hash_brown,2
4169,breakfast_wrap,1
4170,breakfast_wrap,1
4171,hash_brown,1
4172,hash_brown,1
4173,hash_brown,1
4174,breakfast_wrap,1
4175,hash_brown,1
4176,hash_brown,1
4177,breakfast_wrap,1
4178,hash_brown,1
4179,breakfast_wrap,1
4179,hash_brown,1
4180,hash_brown,1
4181,hash_brown,1
4182,breakfast_wrap,1
4183,hash_brown,1
4184,breakfast_wrap,1
4184,breakfast_wrap,1
4185,hash_brown,1
4186,hash_brown,1
4187,hash_brown,1
4188,breakfast_wrap,1
4189,hash_brown,1
4190,breakfast_wrap,2
4191,breakfast_wrap,2
4192,hash_brown,1
4193,hash_brown,1
4194,breakfast_wrap,1
4195,breakfast_wrap,1
4196,breakfast_wrap,1
4196,breakfast_wrap,2
4197,hash_brown,1
4197,hash_brown,1
4198,breakfast_wrap,1
4198,breakfast_wrap,1
4199,hash_brown,1
4200,hash_brown,1
4200,hash_brown,1
4201,breakfast_wrap,1
4202,fries,1
4203,chicken_tenders,1
4204,fries,1
4205,chicken_tenders,2
4205,fries,1
4206,chicken_tenders,1
4207,chicken_tenders,2
4207,chicken_tenders,1
4208,fries,2
4208,fries,1
4209,fries,1
4210,fries,1
4210,chicken_tenders,1
4211,chicken_tenders,1
4211,chicken_tenders,1
4212,fries,1
4213,fries,1
4214,fries,1
4215,chicken_tenders,1
4216,chicken_tenders,1
4217,fries,2
4217,chicken_tenders,1
4218,chicken_tenders,1
4219,fries,1
4219,fries,1
4220,chicken_tenders,1
4221,chicken_tenders,1
4222,fries,2
4223,fries,1
4223,fries,1
4224,chicken_tenders,2
4225,fries,1
4226,fries,1
4227,fries,1
4227,chicken_tenders,1
4228,chicken_tenders,1
4229,fries,1
4230,fries,1
4230,chicken_tenders,2
4231,chicken_tenders,1
4231,chicken_tenders,2
4232,chicken_tenders,1
4233,fries,1
4234,fries,1
4234,chicken_tenders,2
4235,fries,1
4236,chicken_tenders,1
4237,chicken_tenders,1
4238,chicken_tenders,1
4239,chicken_tenders,1
4240,chicken_tenders,1
4240,fries,1
4241,chicken_tenders,1
4241,chicken_tenders,2
4242,chicken_tenders,1
4243,chicken_tenders,1
4244,fries,1
4245,chicken_tenders,1
4246,fries,1
4246,chicken_tenders,1
4247,chicken_tenders,1
4247,chicken_tenders,2
4248,chicken_tenders,2
4249,chicken_tenders,1
4250,chicken_tenders,1
4251,chicken_tenders,1
4252,fries,1
4252,fries,1
4253,fries,1
4254,chicken_tenders,1
4254,fries,1
4255,fries,1
4255,fries,1
4256,chicken_tenders,1
4257,chicken_tenders,1
4258,chicken_tenders,2
4259,chicken_tenders,1
4260,fries,1
4260,fries,2
4261,chicken_tenders,1
4262,fries,1
4263,fries,1
4264,fries,1
4265,chicken_tenders,1
4266,fries,1
4266,fries,1
4267,fries,1
4268,fries,2
4269,chicken_tenders,1
4270,fries,2
4271,chicken_tenders,1
4272,chicken_tenders,1
4272,chicken_tenders,1
4273,fries,1
4274,fries,1
4275,fries,1
4276,fries,1
4277,chicken_tenders,1
4278,chicken_tenders,1
4279,fries,1
4279,chicken_tenders,1
4280,fries,1
4281,fries,1
4282,chicken_tenders,1
4283,fries,1
4284,chicken_tenders,1
4285,chicken_tenders,1
4285,fries,1
4286,chicken_tenders,1
4287,fries,1
4288,chicken_tenders,1
4289,fries,2
4290,fries,2
4291,chicken_tenders,1
4291,chicken_tenders,2
4292,chicken_tenders,1
4293,chicken_tenders,1
4294,fries,1
4294,chicken_tenders,1
4295,fries,1
4296,chicken_tenders,1
4297,fries,1
4298,fries,1
4299,fries,1
4299,fries,1
4300,fries,1
4300,fries,1
4301,chicken_tenders,1
4302,chicken_tenders,1
4303,fries,1
4304,fries,1
4305,chicken_tenders,2
4306,fries,1
4307,chicken_tenders,1
4308,fries,1
4309,chicken_tenders,1
4310,chicken_tenders,1
4311,chicken_tenders,1
4311,chicken_tenders,1
4312,fries,1
4313,fries,1
4314,fries,1
4314,fries,1
4315,fries,1
4316,fries,1
4317,chicken_tenders,1
4318,chicken_tenders,1
4318,chicken_tenders,2
4319,chicken_tenders,1
4320,fries,1
4321,chicken_tenders,1
4322,fries,2
4323,chicken_tenders,1
4324,fries,1
4325,fries,1
4325,fries,1
4326,chicken_tenders,1
4327,chicken_tenders,1
4327,fries,1
4328,chicken_tenders,1
4329,chicken_tenders,1
4330,chicken_tenders,1
4331,fries,2
4331,fries,1
4332,chicken_tenders,1
4333,fries,1
4333,fries,2
4334,fries,1
4334,fries,1
4335,chicken_tenders,1
4335,chicken_tenders,1
4336,chicken_tenders,1
4337,fries,1
4338,fries,2
4338,fries,2
4339,chicken_tenders,1
4339,fries,1
4340,chicken_tenders,2
4341,chicken_tenders,1
4342,chicken_tenders,1
4342,chicken_tenders,1
4343,chicken_tenders,1
4344,chicken_tenders,1
4344,fries,1
4345,fries,2
4346,chicken_tenders,1
4347,chicken_tenders,1
4348,chicken_tenders,1
4349,chicken_tenders,2
4350,chicken_tenders,1
4351,fries,2
4352,fries,1
4353,fries,1
4353,fries,2
4354,fries,1
4354,chicken_tenders,1
4355,chicken_tenders,1
4356,chicken_tenders,2
4356,fries,1
4357,fries,1
4357,chicken_tenders,1
4358,chicken_tenders,1
4359,chicken_tenders,1
4360,fries,1
4360,fries,1
4361,chicken_tenders,1
4362,fries,1
4363,fries,2
4363,chicken_tenders,1
4364,chicken_tenders,1
4365,fries,1
4366,fries,1
4367,chicken_tenders,1
4368,fries,2
4369,fries,1
4369,fries,1
4370,fries,2
4371,fries,1
4371,chicken_tenders,2
4372,chicken_tenders,1
4373,chicken_tenders,2
4374,fries,1
4374,fries,1
4375,chicken_tenders,1
4376,fries,1
4377,fries,1
4377,fries,1
4378,chicken_tenders,1
4379,chicken_tenders,1
4379,chicken_tenders,1
4380,fries,1
4380,chicken_tenders,2
4381,fries,1
4381,fries,1
4382,fries,1
4383,chicken_tenders,1
4384,chicken_tenders,2
4384,chicken_tenders,1
4385,fries,1
4386,breakfast_wrap,1
4386,hash_brown,1
4387,hash_brown,1
4388,breakfast_wrap,1
4389,hash_brown,2
4390,breakfast_wrap,1
4391,breakfast_wrap,1
4392,hash_brown,1
4393,breakfast_wrap,1
4394,breakfast_wrap,1
4394,hash_brown,1
4395,hash_brown,1
4396,breakfast_wrap,1
4396,hash_brown,1
4397,hash_brown,2
4397,breakfast_wrap,1
4398,hash_brown,1
4398,breakfast_wrap,1
4399,breakfast_wrap,1
4400,hash_brown,1
4401,breakfast_wrap,1
4402,breakfast_wrap,1
4402,hash_brown,1
4403,breakfast_wrap,1
4404,hash_brown,1
4405,breakfast_wrap,1
4406,hash_brown,1
4407,hash_brown,1
4408,hash_brown,1
4408,hash_brown,1
4409,breakfast_wrap,2
4409,hash_brown,1
4410,breakfast_wrap,1
4411,breakfast_wrap,2
4412,hash_brown,1
4412,breakfast_wrap,1
4413,breakfast_wrap,1
4414,breakfast_wrap,1
4415,hash_brown,1
4416,hash_brown,1
4417,breakfast_wrap,1
4418,breakfast_wrap,1
4418,hash_brown,1
4419,breakfast_wrap,1
4420,breakfast_wrap,1
4421,breakfast_wrap,1
4422,hash_brown,1
4423,hash_brown,1
4424,hash_brown,1
4424,hash_brown,1
4425,breakfast_wrap,2
4426,breakfast_wrap,1
4427,hash_brown,1
4428,hash_brown,2
4428,hash_brown,1
4429,breakfast_wrap,1
4430,breakfast_wrap,2
4431,hash_brown,1
4432,breakfast_wrap,1
4433,breakfast_wrap,1
4434,hash_brown,1
4435,breakfast_wrap,1
4435,hash_brown,1
4436,hash_brown,1
4436,breakfast_wrap,1
4437,breakfast_wrap,1
4438,hash_brown,1
4439,hash_brown,1
4440,hash_brown,1
4440,breakfast_wrap,1
4441,hash_brown,1
4442,breakfast_wrap,1
4443,breakfast_wrap,1
4443,breakfast_wrap,1
4444,breakfast_wrap,2
4444,breakfast_wrap,1
4445,breakfast_wrap,1
4445,hash_brown,1
4446,breakfast_wrap,2
4447,hash_brown,1
4447,hash_brown,2
4448,hash_brown,1
4449,hash_brown,1
4450,hash_brown,1
4451,hash_brown,1
4452,hash_brown,1
4453,hash_brown,1
4454,breakfast_wrap,1
4455,hash_brown,1
4455,hash_brown,1
4456,hash_brown,1
4456,hash_brown,1
4457,hash_brown,1
4458,fries,1
4458,fries,2
4459,chicken_tenders,1
4460,fries,1
4460,chicken_tenders,1
4461,chicken_tenders,1
4462,fries,1
4462,fries,2
4463,chicken_tenders,1
4464,chicken_tenders,1
4465,chicken_tenders,1
4465,chicken_tenders,1
4466,chicken_tenders,1
4467,fries,1
4467,chicken_tenders,1
4468,fries,1
4469,chicken_tenders,1
4470,fries,1
4471,chicken_tenders,1
4472,fries,1
4472,chicken_tenders,2
4473,fries,1
4474,chicken_tenders,1
4474,chicken_tenders,2
4475,fries,2
4476,chicken_tenders,1
4477,chicken_tenders,1
4477,chicken_tenders,2
4478,chicken_tenders,1
4479,chicken_tenders,1
4480,fries,1
4481,chicken_tenders,2
4482,fries,1
4483,fries,1
4483,fries,1
4484,chicken_tenders,1
4485,fries,1
4486,chicken_tenders,1
4487,chicken_tenders,1
4488,chicken_tenders,1
4488,fries,1
4489,chicken_tenders,1
4490,fries,1
4491,chicken_tenders,1
4492,chicken_tenders,1
4493,chicken_tenders,1
4494,fries,1
4494,fries,1
4495,fries,1
4496,fries,1
4497,chicken_tenders,2
4498,chicken_tenders,1
4498,fries,1
4499,fries,2
4500,fries,1
4501,fries,1
4502,fries,1
4502,fries,1
4503,chicken_tenders,1
4503,chicken_tenders,1
4504,fries,2
4505,chicken_tenders,1
4506,chicken_tenders,1
4507,chicken_tenders,1
4507,chicken_tenders,1
4508,fries,1
4509,fries,1
4510,chicken_tenders,1
4510,fries,2
4511,chicken_tenders,1
4511,fries,1
4512,fries,1
4513,fries,2
4514,chicken_tenders,1
4515,fries,1
4515,chicken_tenders,1
4516,fries,1
4517,fries,1
4518,chicken_tenders,1
4519,fries,1
4520,fries,1
4520,chicken_tenders,1
4521,fries,1
4521,chicken_tenders,1
4522,fries,1
4523,fries,1
4523,fries,1
4524,chicken_tenders,1
4525,chicken_tenders,1
4525,chicken_tenders,1
4526,fries,2
4527,chicken_tenders,1
4527,chicken_tenders,1
4528,chicken_tenders,1
4528,fries,1
4529,fries,1
4529,chicken_tenders,1
4530,fries,1
4530,chicken_tenders,1
4531,chicken_tenders,1
4532,chicken_tenders,1
4533,fries,1
4534,chicken_tenders,1
4535,chicken_tenders,1
4535,chicken_tenders,1
4536,chicken_tenders,1
4537,fries,2
4537,chicken_tenders,2
4538,fries,2
4539,chicken_tenders,2
4540,fries,1
4541,chicken_tenders,1
4542,chicken_tenders,1
4542,fries,1
4543,chicken_tenders,1
4544,fries,1
4545,fries,1
4545,fries,1
4546,fries,1
4546,fries,1
4547,fries,2
4547,chicken_tenders,1
4548,chicken_tenders,1
4549,chicken_tenders,1
4549,fries,2
4550,chicken_tenders,1
4550,fries,2
4551,chicken_tenders,1
4552,fries,1
4553,chicken_tenders,2
4553,chicken_tenders,2
4554,chicken_tenders,2
4555,chicken_tenders,1
4556,chicken_tenders,2
4557,fries,1
4557,fries,1
4558,chicken_tenders,1
4559,fries,1
4559,chicken_tenders,1
4560,fries,1
4561,chicken_tenders,1
4562,fries,1
4562,chicken_tenders,2
4563,chicken_tenders,1
4564,chicken_tenders,2
4565,fries,1
4565,chicken_tenders,1
4566,chicken_tenders,1
4567,chicken_tenders,1
4567,fries,1
4568,fries,1
4568,fries,1
4569,chicken_tenders,1
4570,fries,1
4571,chicken_tenders,1
4572,chicken_tenders,2
4573,chicken_tenders,1
4574,chicken_tenders,1
4575,fries,2
4576,chicken_tenders,1
4577,chicken_tenders,1
4577,chicken_tenders,1
4578,chicken_tenders,1
4579,chicken_tenders,1
4579,fries,2
4580,fries,1
4581,fries,2
4582,fries,1
4583,fries,1
4583,fries,2
4584,fries,1
4585,fries,1
4586,chicken_tenders,1
4587,chicken_tenders,2
4588,chicken_tenders,1
4589,fries,1
4590,fries,2
4591,fries,1
4591,chicken_tenders,1
4592,chicken_tenders,1
4592,chicken_tenders,1
4593,chicken_tenders,1
4593,fries,1
4594,fries,1
4595,chicken_tenders,1
4596,fries,1
4596,chicken_tenders,2
4597,chicken_tenders,1
4598,fries,1
4599,fries,1
4599,chicken_tenders,1
4600,chicken_tenders,1
4601,chicken_tenders,1
4601,chicken_tenders,1
4602,fries,1
4603,chicken_tenders,1
4603,fries,1
4604,chicken_tenders,2
4605,fries,1
4605,chicken_tenders,1
4606,fries,1
4606,chicken_tenders,1
4607,chicken_tenders,1
4607,chicken_tenders,1
4608,chicken_tenders,1
4608,fries,1
4609,fries,1
4610,fries,1
4611,chicken_tenders,1
4612,fries,1
4613,fries,1
4614,chicken_tenders,1
4615,breakfast_wrap,1
4616,breakfast_wrap,1
4617,hash_brown,1
4618,hash_brown,1
4619,breakfast_wrap,1
4620,breakfast_wrap,1
4621,hash_brown,1
4622,breakfast_wrap,1
4623,breakfast_wrap,1
4624,hash_brown,1
4625,hash_brown,1
4625,hash_brown,1
4626,breakfast_wrap,2
4626,breakfast_wrap,2
4627,breakfast_wrap,1
4628,breakfast_wrap,1
4628,breakfast_wrap,1
4629,hash_brown,1
4630,hash_brown,1
4630,breakfast_wrap,1
4631,hash_brown,1
4632,hash_brown,1
4632,breakfast_wrap,1
4633,hash_brown,1
4634,breakfast_wrap,1
4634,breakfast_wrap,2
4635,breakfast_wrap,1
4635,hash_brown,1
4636,hash_brown,1
4636,hash_brown,1
4637,hash_brown,1
4638,hash_brown,1
4639,breakfast_wrap,1
4640,hash_brown,1
4641,hash_brown,1
4642,hash_brown,1
4642,breakfast_wrap,1
4643,hash_brown,1
4644,hash_brown,1
4645,breakfast_wrap,1
4645,hash_brown,1
4646,breakfast_wrap,1
4647,hash_brown,1
4648,hash_brown,1
4649,breakfast_wrap,1
4650,breakfast_wrap,1
4651,hash_brown,1
4652,hash_brown,1
4652,hash_brown,1
4653,breakfast_wrap,1
4654,hash_brown,1
4654,hash_brown,1
4655,hash_brown,2
4656,hash_brown,1
4657,hash_brown,2
4658,hash_brown,1
4658,hash_brown,1
4659,breakfast_wrap,1
4660,hash_brown,1
4660,breakfast_wrap,2
4661,breakfast_wrap,1
4661,hash_brown,1
4662,breakfast_wrap,1
4662,breakfast_wrap,2
4663,hash_brown,1
4664,breakfast_wrap,1
4665,breakfast_wrap,1
4666,hash_brown,1
4667,hash_brown,1
4667,breakfast_wrap,1
4668,breakfast_wrap,1
4668,hash_brown,1
4669,breakfast_wrap,1
4670,breakfast_wrap,1
4670,breakfast_wrap,1
4671,breakfast_wrap,1
4672,hash_brown,2
4673,breakfast_wrap,1
4674,hash_brown,1
4674,hash_brown,1
4675,breakfast_wrap,1
4675,hash_brown,1
4676,breakfast_wrap,2
4677,hash_brown,1
4678,breakfast_wrap,1
4679,hash_brown,2
4680,hash_brown,1
4681,hash_brown,1
4682,hash_brown,1
4683,breakfast_wrap,1
4684,breakfast_wrap,1
4684,hash_brown,2
4685,hash_brown,1
4685,hash_brown,2
4686,hash_brown,1
4687,breakfast_wrap,1
4688,breakfast_wrap,1
4688,hash_brown,1
4689,breakfast_wrap,1
4690,hash_brown,1
4691,breakfast_wrap,1
4692,hash_brown,1
4693,hash_brown,1
4694,fries,1
4695,fries,1
4696,chicken_tenders,1
4697,chicken_tenders,1
4698,chicken_tenders,1
4699,chicken_tenders,1
4700,fries,1
4701,chicken_tenders,1
4702,fries,1
4703,fries,1
4704,chicken_tenders,2
4705,chicken_tenders,2
4706,fries,1
4706,chicken_tenders,2
4707,fries,1
4708,fries,1
4709,fries,2
4710,fries,2
4710,chicken_tenders,2
4711,fries,1
4712,fries,1
4712,chicken_tenders,1
4713,fries,2
4714,chicken_tenders,2
4715,chicken_tenders,1
4715,fries,1
4716,fries,1
4717,chicken_tenders,1
4717,fries,2
4718,chicken_tenders,1
4719,fries,1
4719,chicken_tenders,1
4720,fries,1
4721,chicken_tenders,1
4721,fries,2
4722,fries,1
4722,fries,1
4723,chicken_tenders,1
4724,fries,1
4725,fries,1
4726,fries,1
4727,chicken_tenders,1
4728,fries,1
4729,chicken_tenders,1
4729,chicken_tenders,1
4730,fries,1
4731,fries,1
4732,chicken_tenders,1
4733,chicken_tenders,1
4734,fries,1
4735,chicken_tenders,1
4735,fries,2
4736,fries,1
4737,fries,1
4738,chicken_tenders,2
4739,chicken_tenders,1
4740,chicken_tenders,1
4741,fries,1
4742,fries,2
4743,chicken_tenders,1
4744,fries,1
4745,chicken_tenders,2
4746,chicken_tenders,1
4747,fries,1
4748,fries,1
4749,fries,1
4750,chicken_tenders,1
4751,fries,1
4752,chicken_tenders,1
4753,fries,1
4754,fries,1
4754,fries,2
4755,chicken_tenders,2
4756,fries,1
4757,chicken_tenders,1
4758,chicken_tenders,1
4758,fries,1
4759,chicken_tenders,1
4760,fries,1
4760,fries,1
4761,fries,1
4762,fries,1
4762,fries,1
4763,chicken_tenders,2
4764,chicken_tenders,1
4765,chicken_tenders,1
4765,fries,1
4766,fries,2
4767,chicken_tenders,1
4768,fries,1
4768,fries,1
4769,chicken_tenders,1
4769,fries,1
4770,chicken_tenders,2
4770,chicken_tenders,1
4771,fries,2
4772,chicken_tenders,1
4773,chicken_tenders,2
4774,chicken_tenders,1
4774,fries,1
4775,fries,1
4776,chicken_tenders,1
4776,chicken_tenders,1
4777,fries,1
4778,chicken_tenders,1
4779,chicken_tenders,1
4779,chicken_tenders,1
4780,fries,2
4781,chicken_tenders,2
4782,fries,1
4783,fries,1
4784,chicken_tenders,1
4785,fries,1
4786,chicken_tenders,1
4787,fries,2
4788,fries,1
4789,fries,1
4790,chicken_tenders,1
4791,chicken_tenders,1
4792,chicken_tenders,2
4793,chicken_tenders,1
4793,chicken_tenders,1
4794,chicken_tenders,2
4794,fries,1
4795,chicken_tenders,1
4795,fries,1
4796,fries,2
4797,fries,1
4798,chicken_tenders,1
4798,fries,1
4799,fries,2
4800,chicken_tenders,1
4801,chicken_tenders,1
4802,chicken_tenders,2
4803,fries,1
4804,fries,1
4805,fries,1
4806,fries,2
4807,chicken_tenders,1
4808,chicken_tenders,1
4809,fries,1
4810,fries,1
4811,chicken_tenders,2
4811,fries,1
4812,chicken_tenders,1
4813,chicken_tenders,1
4814,fries,1
4815,fries,1
4816,chicken_tenders,1
4817,chicken_tenders,2
4818,chicken_tenders,1
4819,chicken_tenders,1
4820,chicken_tenders,1
4820,fries,1
4821,chicken_tenders,1
4821,fries,1
4822,chicken_tenders,1
4823,fries,1
4824,chicken_tenders,1
4825,fries,2
4826,fries,1
4827,chicken_tenders,1
4828,chicken_tenders,1
4828,fries,1
4829,chicken_tenders,1
4830,fries,1
4831,fries,1
4831,fries,2
4832,fries,1
4833,fries,2
4834,chicken_tenders,1
4835,fries,1
4836,fries,2
4836,chicken_tenders,1
4837,chicken_tenders,1
4838,fries,1
4838,fries,1
4839,chicken_tenders,1
4840,fries,1
4841,chicken_tenders,1
4842,fries,2
4843,chicken_tenders,1
4844,chicken_tenders,1
4845,breakfast_wrap,1
4846,breakfast_wrap,1
4846,hash_brown,1
4847,breakfast_wrap,1
4847,hash_brown,1
4848,hash_brown,1
4849,hash_brown,1
4850,hash_brown,2
4850,hash_brown,1
4851,hash_brown,2
4852,breakfast_wrap,1
4853,hash_brown,1
4854,hash_brown,1
4855,breakfast_wrap,1
4856,breakfast_wrap,1
4857,breakfast_wrap,1
4857,breakfast_wrap,1
4858,breakfast_wrap,1
4859,breakfast_wrap,1
4859,breakfast_wrap,1
4860,hash_brown,1
4861,breakfast_wrap,1
4862,breakfast_wrap,1
4863,hash_brown,1
4863,breakfast_wrap,1
4864,hash_brown,1
4864,hash_brown,1
4865,hash_brown,1
4866,breakfast_wrap,1
4866,hash_brown,1
4867,breakfast_wrap,2
4868,hash_brown,1
4869,hash_brown,1
4870,breakfast_wrap,1
4871,breakfast_wrap,1
4872,hash_brown,2
4873,breakfast_wrap,1
4874,breakfast_wrap,1
4874,hash_brown,2
4875,hash_brown,1
4876,hash_brown,2
4877,breakfast_wrap,1
4877,hash_brown,1
4878,hash_brown,1
4878,hash_brown,1
4879,hash_brown,1
4880,hash_brown,1
4881,breakfast_wrap,1
4881,breakfast_wrap,1
4882,breakfast_wrap,1
4882,breakfast_wrap,1
4883,breakfast_wrap,1
4884,hash_brown,1
4885,hash_brown,1
4885,breakfast_wrap,1
4886,breakfast_wrap,2
4887,hash_brown,1
4888,breakfast_wrap,1
4889,hash_brown,1
4890,breakfast_wrap,1
4891,breakfast_wrap,2
4892,breakfast_wrap,1
4893,hash_brown,1
4894,breakfast_wrap,1
4894,hash_brown,1
4895,hash_brown,1
4896,hash_brown,1
4897,hash_brown,1
4898,hash_brown,2
4899,breakfast_wrap,1
4900,breakfast_wrap,1
4901,hash_brown,1
4902,hash_brown,1
4903,hash_brown,1
4904,breakfast_wrap,2
4904,hash_brown,1
4905,breakfast_wrap,1
4906,breakfast_wrap,1
4907,hash_brown,1
4907,hash_brown,1
4908,breakfast_wrap,1
4908,breakfast_wrap,1
4909,breakfast_wrap,1
4909,hash_brown,1
4910,hash_brown,1
4911,breakfast_wrap,1
4911,breakfast_wrap,1
4912,fries,1
4913,fries,1
4913,fries,2
4914,chicken_tenders,1
4915,fries,2
4916,fries,2
4917,chicken_tenders,1
4918,fries,1
4919,fries,1
4919,chicken_tenders,1
4920,chicken_tenders,1
4921,fries,1
4922,fries,2
4923,chicken_tenders,1
4924,chicken_tenders,1
4924,chicken_tenders,1
4925,fries,1
4926,chicken_tenders,1
4926,fries,1
4927,fries,1
4928,fries,1
4928,fries,1
4929,chicken_tenders,2
4930,chicken_tenders,2
4931,chicken_tenders,1
4932,chicken_tenders,2
4933,fries,1
4934,chicken_tenders,2
4935,chicken_tenders,1
4936,fries,1
4937,fries,1
4938,fries,1
4938,fries,1
4939,fries,1
4940,fries,1
4941,fries,1
4942,fries,1
4943,chicken_tenders,1
4943,chicken_tenders,1
4944,chicken_tenders,2
4945,fries,1
4945,fries,1
4946,chicken_tenders,1
4947,fries,1
4948,chicken_tenders,1
4949,chicken_tenders,2
4950,chicken_tenders,1
4951,fries,1
4952,chicken_tenders,1
4952,fries,1
4953,chicken_tenders,1
4954,fries,1
4954,chicken_tenders,1
4955,fries,1
4956,chicken_tenders,1
4957,chicken_tenders,1
4958,chicken_tenders,1
4959,chicken_tenders,1
4960,fries,1
4961,fries,1
4962,fries,1
4963,chicken_tenders,1
4964,fries,1
4964,chicken_tenders,1
4965,chicken_tenders,1
4966,fries,1
4967,chicken_tenders,1
4967,fries,1
4968,fries,1
4968,fries,2
4969,fries,2
4970,fries,1
4970,fries,1
4971,chicken_tenders,1
4971,chicken_tenders,2
4972,chicken_tenders,1
4972,chicken_tenders,1
4973,chicken_tenders,2
4974,chicken_tenders,1
4974,chicken_tenders,1
4975,fries,1
4975,chicken_tenders,1
4976,fries,1
4977,chicken_tenders,1
4978,fries,1
4979,chicken_tenders,1
4980,chicken_tenders,1
4981,chicken_tenders,1
4982,fries,1
4983,chicken_tenders,1
4983,fries,1
4984,chicken_tenders,1
4985,chicken_tenders,2
4986,chicken_tenders,1
4987,fries,1
4988,chicken_tenders,1
4989,chicken_tenders,1
4990,chicken_tenders,2
4990,fries,1
4991,fries,2
4992,fries,1
4993,chicken_tenders,1
4994,chicken_tenders,1
4995,chicken_tenders,1
4996,fries,1
4996,chicken_tenders,1
4997,chicken_tenders,2
4997,fries,2
4998,fries,1
4998,fries,1
4999,chicken_tenders,2
5000,chicken_tenders,1
5001,chicken_tenders,1
5002,chicken_tenders,1
5003,fries,1
5004,fries,1
5005,chicken_tenders,1
5006,fries,2
5007,chicken_tenders,2
5008,chicken_tenders,1
5009,fries,1
5010,fries,1
5011,chicken_tenders,1
5011,chicken_tenders,1
5012,fries,1
5013,chicken_tenders,1
5014,chicken_tenders,1
5015,chicken_tenders,1
5016,fries,1
5017,fries,1
5018,fries,2
5019,fries,1
5020,chicken_tenders,1
5021,fries,1
5021,fries,1
5022,fries,1
5023,chicken_tenders,1
5023,chicken_tenders,1
5024,chicken_tenders,2
5025,fries,1
5026,fries,1
5027,chicken_tenders,1
5027,chicken_tenders,1
5028,fries,1
5029,chicken_tenders,1
5030,chicken_tenders,1
5031,chicken_tenders,1
5032,fries,1
5032,chicken_tenders,1
5033,chicken_tenders,1
5033,chicken_tenders,1
5034,fries,2
5035,fries,1
5035,chicken_tenders,1
5036,fries,1
5037,fries,1
5038,chicken_tenders,1
5039,fries,1
5040,fries,1
5041,chicken_tenders,1
5042,chicken_tenders,1
5043,fries,1
5044,fries,1
5045,chicken_tenders,1
5046,chicken_tenders,1
5047,chicken_tenders,1
5048,fries,1
5049,chicken_tenders,1
5049,chicken_tenders,1
5050,fries,1
5051,fries,1
5052,fries,1
5053,chicken_tenders,1
5054,fries,1
5055,fries,1
5055,chicken_tenders,1
5056,chicken_tenders,1
5057,chicken_tenders,1
5058,chicken_tenders,1
5059,chicken_tenders,1
5060,chicken_tenders,2
5061,fries,1
5062,chicken_tenders,1
5063,chicken_tenders,1
5064,chicken_tenders,2
5065,chicken_tenders,1
5065,fries,1
5066,chicken_tenders,2
5067,fries,1
5067,chicken_tenders,2
5068,fries,2
5069,fries,1
5070,breakfast_wrap,1
5071,breakfast_wrap,1
5072,breakfast_wrap,2
5073,hash_brown,1
5074,breakfast_wrap,1
5075,hash_brown,1
5076,hash_brown,1
5076,breakfast_wrap,2
5077,breakfast_wrap,1
5078,hash_brown,2
5078,hash_brown,1
5079,breakfast_wrap,1
5080,hash_brown,1
5081,hash_brown,1
5081,breakfast_wrap,1
5082,breakfast_wrap,1
5083,breakfast_wrap,1
5084,hash_brown,1
5085,breakfast_wrap,1
5086,breakfast_wrap,1
5087,hash_brown,1
5088,breakfast_wrap,1
5088,breakfast_wrap,1
5089,breakfast_wrap,1
5090,hash_brown,1
5091,hash_brown,1
5091,breakfast_wrap,1
5092,breakfast_wrap,1
5093,hash_brown,1
5094,breakfast_wrap,1
5094,hash_brown,2
5095,breakfast_wrap,1
5096,breakfast_wrap,2
5096,breakfast_wrap,2
5097,breakfast_wrap,1
5098,hash_brown,2
5098,breakfast_wrap,1
5099,breakfast_wrap,2
5100,breakfast_wrap,1
5101,hash_brown,1
5102,hash_brown,1
5103,breakfast_wrap,1
5104,hash_brown,1
5105,breakfast_wrap,1
5106,hash_brown,1
5107,breakfast_wrap,1
5108,breakfast_wrap,1
5109,hash_brown,1
5110,hash_brown,1
5111,breakfast_wrap,1
5111,breakfast_wrap,1
5112,breakfast_wrap,2
5113,breakfast_wrap,1
5114,breakfast_wrap,1
5115,breakfast_wrap,1
5116,hash_brown,1
5117,hash_brown,1
5118,hash_brown,1
5119,hash_brown,1
5120,breakfast_wrap,1
5121,breakfast_wrap,1
5122,hash_brown,2
5123,hash_brown,1
5123,breakfast_wrap,1
5124,hash_brown,1
5125,breakfast_wrap,1
5125,breakfast_wrap,1
5126,breakfast_wrap,1
5127,hash_brown,1
5127,hash_brown,1
5128,breakfast_wrap,2
5129,hash_brown,1
5129,breakfast_wrap,2
5130,hash_brown,1
5131,hash_brown,1
5132,hash_brown,1
5133,breakfast_wrap,1
5134,hash_brown,1
5135,hash_brown,1
5136,hash_brown,1
5137,breakfast_wrap,1
5138,breakfast_wrap,1
5139,hash_brown,1
5140,breakfast_wrap,1
5141,breakfast_wrap,2
5142,breakfast_wrap,1
5143,hash_brown,1
5144,hash_brown,1
5144,breakfast_wrap,1
5145,breakfast_wrap,1
5146,hash_brown,2
5147,hash_brown,1
5148,hash_brown,1
5149,breakfast_wrap,2
5149,hash_brown,1
5150,hash_brown,1
5151,breakfast_wrap,1
5151,breakfast_wrap,1
5152,hash_brown,1
5153,hash_brown,1
5154,breakfast_wrap,1
5154,hash_brown,1
5155,breakfast_wrap,1
5155,hash_brown,1
5156,hash_brown,1
5157,breakfast_wrap,1
5157,hash_brown,1
5158,breakfast_wrap,1
5158,hash_brown,1
5159,hash_brown,1
5159,breakfast_wrap,1
5160,hash_brown,1
5161,hash_brown,1
5162,breakfast_wrap,1
5163,breakfast_wrap,1
5163,hash_brown,1
5164,breakfast_wrap,1
5165,breakfast_wrap,1
5166,chicken_tenders,1
5167,fries,1
5168,chicken_tenders,1
5169,chicken_tenders,1
5170,chicken_tenders,1
5171,fries,1
5172,chicken_tenders,2
5173,fries,2
5174,chicken_tenders,2
5175,fries,1
5175,fries,1
5176,chicken_tenders,1
5177,fries,1
5178,chicken_tenders,1
5178,fries,1
5179,chicken_tenders,1
5179,fries,1
5180,fries,1
5181,chicken_tenders,1
5181,fries,1
5182,fries,1
5182,fries,1
5183,fries,1
5183,fries,1
5184,fries,1
5185,chicken_tenders,1
5186,chicken_tenders,1
5186,chicken_tenders,1
5187,fries,1
5187,fries,1
5188,chicken_tenders,1
5189,chicken_tenders,1
5190,chicken_tenders,1
5190,chicken_tenders,2
5191,chicken_tenders,1
5192,chicken_tenders,1
5193,chicken_tenders,2
5194,fries,2
5194,chicken_tenders,1
5195,chicken_tenders,1
5196,fries,1
5196,fries,1
5197,fries,1
5198,fries,1
5199,fries,1
5200,chicken_tenders,1
5200,fries,1
5201,fries,1
5202,fries,1
5203,chicken_tenders,1
5204,chicken_tenders,1
5205,chicken_tenders,1
5205,fries,2
5206,chicken_tenders,1
5206,chicken_tenders,1
5207,fries,2
5207,chicken_tenders,1
5208,chicken_tenders,1
5209,fries,1
5210,chicken_tenders,1
5211,fries,1
5211,chicken_tenders,1
5212,fries,1
5213,fries,1
5214,fries,1
5215,fries,1
5215,chicken_tenders,1
5216,chicken_tenders,2
5217,fries,1
5218,chicken_tenders,1
5218,fries,1
5219,chicken_tenders,1
5219,chicken_tenders,1
5220,fries,1
5221,chicken_tenders,2
5222,fries,1
5223,fries,1
5223,fries,1
5224,fries,1
5225,fries,1
5226,chicken_tenders,1
5227,fries,2
5228,chicken_tenders,1
5229,chicken_tenders,1
5230,fries,1
5230,fries,1
5231,fries,1
5232,chicken_tenders,1
5233,chicken_tenders,1
5234,chicken_tenders,1
5234,chicken_tenders,1
5235,chicken_tenders,1
5235,chicken_tenders,1
5236,fries,1
5237,chicken_tenders,1
5237,chicken_tenders,2
5238,fries,2
5238,fries,1
5239,chicken_tenders,1
5240,chicken_tenders,1
5241,fries,1
5242,fries,1
5243,fries,1
5244,chicken_tenders,1
5245,fries,1
5246,chicken_tenders,1
5247,chicken_tenders,2
5248,chicken_tenders,1
5248,chicken_tenders,1
5249,chicken_tenders,2
5250,chicken_tenders,1
5250,chicken_tenders,1
5251,chicken_tenders,1
5252,fries,1
5253,fries,1
5253,fries,1
5254,fries,1
5255,chicken_tenders,1
5256,chicken_tenders,1
5256,chicken_tenders,1
5257,chicken_tenders,1
5258,chicken_tenders,1
5259,chicken_tenders,2
5260,fries,1
5261,fries,1
5262,fries,1
5262,fries,1
5263,fries,2
5264,chicken_tenders,1
5264,fries,1
5265,fries,1
5266,chicken_tenders,1
5266,chicken_tenders,1
5267,fries,1
5267,chicken_tenders,1
5268,fries,1
5269,chicken_tenders,1
5270,fries,1
5271,chicken_tenders,1
5272,fries,1
5273,chicken_tenders,1
5273,fries,1
5274,chicken_tenders,1
5275,chicken_tenders,1
5275,fries,1
5276,fries,1
5276,fries,1
5277,chicken_tenders,1
5277,chicken_tenders,1
5278,fries,2
5279,fries,1
5280,fries,1
5280,fries,1
5281,chicken_tenders,1
5282,fries,2
5283,fries,1
5283,chicken_tenders,1
5284,fries,1
5285,fries,1
5285,fries,1
5286,fries,1
5287,chicken_tenders,1
5287,fries,1
5288,chicken_tenders,1
5288,fries,1
5289,chicken_tenders,2
5290,fries,1
5291,fries,1
5291,fries,1
5292,chicken_tenders,1
5292,fries,2
5293,chicken_tenders,1
5294,chicken_tenders,1
5295,chicken_tenders,1
5295,fries,1
5296,chicken_tenders,1
5297,chicken_tenders,1
5298,chicken_tenders,1
5299,chicken_tenders,1
5299,chicken_tenders,1
5300,hash_brown,1
5301,breakfast_wrap,1
5301,hash_brown,1
5302,hash_brown,1
5303,hash_brown,1
5304,breakfast_wrap,1
5305,breakfast_wrap,2
5305,breakfast_wrap,2
5306,breakfast_wrap,1
5307,hash_brown,1
5307,breakfast_wrap,2
5308,hash_brown,1
5308,breakfast_wrap,2
5309,hash_brown,1
5309,breakfast_wrap,1
5310,breakfast_wrap,1
5310,breakfast_wrap,1
5311,breakfast_wrap,1
5312,breakfast_wrap,2
5313,breakfast_wrap,1
5314,breakfast_wrap,1
5315,breakfast_wrap,1
5316,hash_brown,1
5317,breakfast_wrap,1
5318,hash_brown,1
5319,hash_brown,1
5320,breakfast_wrap,1
5320,hash_brown,1
5321,hash_brown,1
5321,hash_brown,1
5322,hash_brown,1
5323,hash_brown,1
5324,breakfast_wrap,1
5325,hash_brown,1
5326,breakfast_wrap,1
5326,breakfast_wrap,1
5327,breakfast_wrap,2
5328,breakfast_wrap,1
5329,breakfast_wrap,1
5330,hash_brown,1
5330,hash_brown,1
5331,hash_brown,1
5332,breakfast_wrap,1
5333,hash_brown,1
5333,breakfast_wrap,2
5334,breakfast_wrap,1
5335,hash_brown,1
5336,hash_brown,1
5337,breakfast_wrap,1
5338,hash_brown,1
5339,hash_brown,1
5340,breakfast_wrap,1
5341,hash_brown,1
5342,hash_brown,2
5342,breakfast_wrap,2
5343,breakfast_wrap,1
5344,breakfast_wrap,2
5344,hash_brown,1
5345,hash_brown,1
5346,breakfast_wrap,1
5346,breakfast_wrap,2
5347,hash_brown,1
5348,hash_brown,1
5348,breakfast_wrap,1
5349,hash_brown,1
5350,breakfast_wrap,1
5350,hash_brown,1
5351,hash_brown,1
5352,breakfast_wrap,1
5352,hash_brown,1
5353,breakfast_wrap,1
5353,breakfast_wrap,1
5354,breakfast_wrap,1
5355,breakfast_wrap,1
5355,hash_brown,1
5356,hash_brown,1
5357,breakfast_wrap,1
5358,breakfast_wrap,1
5359,hash_brown,1
5359,hash_brown,1
5360,hash_brown,1
5361,breakfast_wrap,1
5361,hash_brown,1
5362,hash_brown,1
5363,hash_brown,1
5363,breakfast_wrap,1
5364,breakfast_wrap,1
5364,hash_brown,1
5365,hash_brown,1
5366,breakfast_wrap,1
5367,fries,1
5368,fries,2
5369,fries,1
5370,fries,1
5371,fries,2
5372,fries,2
5373,fries,1
5373,chicken_tenders,1
5374,chicken_tenders,1
5375,fries,1
5375,chicken_tenders,1
5376,chicken_tenders,2
5377,chicken_tenders,2
5378,fries,2
5379,chicken_tenders,1
5379,fries,1
5380,fries,2
5380,fries,1
5381,chicken_tenders,1
5382,fries,1
5383,fries,1
5384,fries,1
5385,chicken_tenders,1
5386,fries,2
5386,chicken_tenders,1
5387,chicken_tenders,2
5388,chicken_tenders,1
5389,chicken_tenders,1
5390,fries,1
5391,chicken_tenders,1
5392,chicken_tenders,2
5393,fries,1
5394,fries,1
5394,chicken_tenders,1
5395,fries,1
5395,chicken_tenders,1
5396,chicken_tenders,1
5397,fries,1
5397,chicken_tenders,1
5398,fries,1
5399,chicken_tenders,1
5400,chicken_tenders,2
5400,fries,1
5401,fries,2
5402,chicken_tenders,1
5403,chicken_tenders,1
5404,chicken_tenders,1
5404,fries,1
5405,chicken_tenders,1
5405,fries,1
5406,chicken_tenders,1
5407,fries,1
5407,fries,1
5408,fries,1
5409,fries,1
5410,fries,1
5411,fries,1
5412,chicken_tenders,1
5413,fries,1
5414,fries,1
5414,fries,1
5415,chicken_tenders,1
5416,fries,1
5417,chicken_tenders,1
5418,chicken_tenders,1
5419,chicken_tenders,1
5420,fries,1
5420,fries,1
5421,chicken_tenders,1
5422,chicken_tenders,1
5422,chicken_tenders,1
5423,fries,1
5423,fries,1
5424,fries,1
5424,fries,1
5425,fries,2
5425,fries,2
5426,chicken_tenders,1
5427,fries,1
5428,fries,1
5429,chicken_tenders,1
5430,chicken_tenders,1
5431,fries,1
5431,chicken_tenders,1
5432,chicken_tenders,1
5432,fries,1
5433,fries,1
5434,fries,1
5435,chicken_tenders,2
5435,chicken_tenders,2
5436,chicken_tenders,1
5437,fries,1
5438,fries,1
5439,chicken_tenders,1
5440,fries,2
5441,chicken_tenders,1
5442,chicken_tenders,1
5442,fries,2
5443,chicken_tenders,1
5443,fries,1
5444,fries,1
5445,chicken_tenders,1
5446,chicken_tenders,1
5447,chicken_tenders,1
5448,chicken_tenders,1
5449,fries,1
5450,chicken_tenders,1
5451,fries,1
5452,fries,1
5453,fries,1
5453,fries,1
5454,fries,2
5455,chicken_tenders,1
5456,fries,2
5456,fries,1
5457,chicken_tenders,1
5458,fries,1
5459,chicken_tenders,2
5459,chicken_tenders,1
5460,chicken_tenders,1
5460,fries,2
5461,chicken_tenders,1
5462,chicken_tenders,1
5463,chicken_tenders,1
5464,fries,1
5465,fries,1
5466,chicken_tenders,1
5466,chicken_tenders,1
5467,fries,1
5468,fries,2
5469,fries,2
5470,chicken_tenders,1
5471,fries,1
5472,fries,1
5473,fries,1
5474,chicken_tenders,1
5475,chicken_tenders,2
5476,fries,1
5477,fries,1
5478,fries,1
5478,chicken_tenders,1
5479,fries,2
5480,chicken_tenders,2
5481,fries,1
5481,chicken_tenders,1
5482,fries,1
5483,chicken_tenders,1
5484,fries,1
5485,fries,2
5486,fries,1
5487,chicken_tenders,1
5488,chicken_tenders,2
5488,chicken_tenders,1
5489,chicken_tenders,1
5490,chicken_tenders,1
5490,chicken_tenders,1
5491,chicken_tenders,1
5492,chicken_tenders,2
5492,chicken_tenders,1
5493,fries,1
5494,fries,1
5495,chicken_tenders,1
5496,chicken_tenders,1
5497,chicken_tenders,1
5497,fries,1
5498,fries,1
5499,fries,2
5500,chicken_tenders,1
5500,chicken_tenders,1
5501,fries,1
5501,chicken_tenders,1
5502,chicken_tenders,1
5503,fries,2
5503,chicken_tenders,1
5504,chicken_tenders,1
5505,chicken_tenders,2
5506,chicken_tenders,1
5507,chicken_tenders,1
5508,chicken_tenders,1
5509,chicken_tenders,1
5509,fries,1
5510,fries,1
5510,fries,1
5511,chicken_tenders,1
5512,fries,1
5513,fries,1
5514,fries,1
5515,chicken_tenders,2
5516,fries,1
5517,fries,2
5518,chicken_tenders,1
5519,chicken_tenders,1
5520,fries,1
5521,fries,2
5522,fries,1
5523,chicken_tenders,2
5524,fries,1
5525,breakfast_wrap,1
5526,hash_brown,1
5526,hash_brown,1
5527,breakfast_wrap,1
5528,hash_brown,1
5528,hash_brown,1
5529,breakfast_wrap,1
5530,breakfast_wrap,1
5530,breakfast_wrap,1
5531,breakfast_wrap,1
5532,hash_brown,1
5533,breakfast_wrap,1
5533,hash_brown,1
5534,breakfast_wrap,2
5534,breakfast_wrap,2
5535,breakfast_wrap,1
5536,hash_brown,1
5537,hash_brown,1
5538,breakfast_wrap,1
5539,hash_brown,1
5539,breakfast_wrap,1
5540,breakfast_wrap,2
5540,hash_brown,1
5541,hash_brown,1
5542,hash_brown,1
5543,breakfast_wrap,1
5544,hash_brown,1
5544,breakfast_wrap,2
5545,breakfast_wrap,1
5546,breakfast_wrap,1
5546,breakfast_wrap,1
5547,breakfast_wrap,1
5547,breakfast_wrap,1
5548,breakfast_wrap,1
5549,breakfast_wrap,1
5550,hash_brown,1
5550,breakfast_wrap,1
5551,breakfast_wrap,1
5551,breakfast_wrap,1
5552,hash_brown,1
5553,breakfast_wrap,1
5554,breakfast_wrap,2
5555,hash_brown,1
5556,breakfast_wrap,2
5557,breakfast_wrap,1
5557,hash_brown,1
5558,hash_brown,1
5559,hash_brown,1
5559,hash_brown,2
5560,hash_brown,1
5561,breakfast_wrap,1
5562,hash_brown,1
5563,hash_brown,2
5564,hash_brown,1
5565,hash_brown,1
5566,breakfast_wrap,1
5567,breakfast_wrap,2
5568,hash_brown,1
5569,breakfast_wrap,1
5570,hash_brown,1
5570,hash_brown,1
5571,hash_brown,1
5572,hash_brown,1
5572,breakfast_wrap,1
5573,hash_brown,1
5574,breakfast_wrap,1
5575,breakfast_wrap,1
5576,hash_brown,1
5576,breakfast_wrap,2
5577,hash_brown,1
5577,hash_brown,1
5578,breakfast_wrap,1
5579,breakfast_wrap,1
5580,breakfast_wrap,1
5581,hash_brown,1
5582,hash_brown,1
5582,hash_brown,1
5583,hash_brown,1
5584,breakfast_wrap,2
5585,breakfast_wrap,1
5586,breakfast_wrap,1
5586,breakfast_wrap,1
5587,hash_brown,1
5588,breakfast_wrap,1
5589,hash_brown,1
5589,hash_brown,1
5590,breakfast_wrap,1
5590,breakfast_wrap,1
5591,hash_brown,1
5592,breakfast_wrap,1
5593,hash_brown,1
5593,hash_brown,1
5594,hash_brown,1
5595,breakfast_wrap,2
5595,hash_brown,1
5596,breakfast_wrap,1
5597,hash_brown,1
5598,hash_brown,1
5599,hash_brown,2
5600,hash_brown,1
5601,hash_brown,1
5601,breakfast_wrap,2
5602,hash_brown,2
5602,hash_brown,2
5603,breakfast_wrap,1
5603,breakfast_wrap,1
5604,hash_brown,1
5605,breakfast_wrap,1
5606,breakfast_wrap,1
5607,hash_brown,1
5607,breakfast_wrap,1
5608,breakfast_wrap,1
5608,hash_brown,1
5609,breakfast_wrap,1
5610,hash_brown,1
5610,breakfast_wrap,1
5611,hash_brown,2
5612,hash_brown,1
5612,hash_brown,1
5613,breakfast_wrap,1
5613,hash_brown,1
5614,hash_brown,1
5615,hash_brown,1
5616,hash_brown,1
5617,hash_brown,1
5617,hash_brown,1
5618,breakfast_wrap,2
5619,hash_brown,1
5620,hash_brown,1
5621,hash_brown,1
5621,hash_brown,1
5622,hash_brown,1
5622,breakfast_wrap,2
5623,fries,1
5624,chicken_tenders,2
5624,chicken_tenders,1
5625,chicken_tenders,1
5625,fries,1
5626,chicken_tenders,1
5627,chicken_tenders,1
5628,fries,2
5628,chicken_tenders,1
5629,chicken_tenders,1
5630,fries,1
5631,chicken_tenders,1
5631,chicken_tenders,1
5632,chicken_tenders,1
5633,chicken_tenders,1
5634,fries,1
5635,chicken_tenders,1
5636,chicken_tenders,1
5637,fries,1
5638,chicken_tenders,1
5638,chicken_tenders,1
5639,chicken_tenders,1
5640,fries,1
5640,fries,2
5641,chicken_tenders,1
5642,fries,1
5642,fries,1
5643,chicken_tenders,1
5644,fries,2
5645,chicken_tenders,1
5646,chicken_tenders,1
5647,chicken_tenders,1
5648,fries,1
5649,fries,1
5649,chicken_tenders,1
5650,chicken_tenders,1
5651,chicken_tenders,1
5652,fries,1
5653,fries,1
5654,chicken_tenders,1
5655,chicken_tenders,1
5656,fries,1
5657,chicken_tenders,1
5657,chicken_tenders,1
5658,chicken_tenders,1
5659,fries,1
5659,fries,1
5660,chicken_tenders,1
5661,chicken_tenders,1
5662,chicken_tenders,1
5663,fries,1
5663,chicken_tenders,1
5664,fries,2
5665,chicken_tenders,1
5666,fries,1
5666,chicken_tenders,1
5667,fries,1
5667,chicken_tenders,1
5668,fries,1
5669,fries,1
5670,fries,1
5671,chicken_tenders,1
5672,chicken_tenders,1
5673,chicken_tenders,1
5673,fries,1
5674,fries,2
5675,chicken_tenders,1
5676,fries,2
5676,fries,1
5677,chicken_tenders,1
5677,fries,1
5678,chicken_tenders,1
5679,fries,1
5680,fries,1
5681,fries,1
5682,fries,1
5683,chicken_tenders,1
5684,chicken_tenders,1
5684,fries,2
5685,chicken_tenders,1
5685,chicken_tenders,1
5686,fries,1
5687,chicken_tenders,2
5688,fries,1
5688,chicken_tenders,1
5689,fries,1
5690,fries,1
5691,chicken_tenders,1
5691,chicken_tenders,1
5692,chicken_tenders,1
5692,fries,1
5693,fries,1
5694,fries,1
5694,fries,1
5695,chicken_tenders,1
5696,fries,1
5697,chicken_tenders,1
5698,chicken_tenders,1
5699,chicken_tenders,2
5699,fries,1
5700,fries,1
5701,chicken_tenders,1
5701,fries,1
5702,chicken_tenders,1
5703,chicken_tenders,1
5703,fries,1
5704,fries,2
5705,chicken_tenders,1
5706,chicken_tenders,1
5707,fries,2
5708,fries,1
5708,fries,1
5709,chicken_tenders,1
5710,fries,2
5711,chicken_tenders,1
5712,chicken_tenders,1
5713,chicken_tenders,1
5714,chicken_tenders,1
5715,fries,1
5715,fries,1
5716,chicken_tenders,1
5717,chicken_tenders,1
5718,fries,1
5719,chicken_tenders,2
5720,fries,1
5720,fries,1
5721,fries,1
5722,fries,1
5723,fries,1
5724,chicken_tenders,2
5724,fries,1
5725,chicken_tenders,1
5726,chicken_tenders,1
5727,fries,1
5728,fries,2
5728,fries,1
5729,fries,1
5730,chicken_tenders,1
5730,chicken_tenders,1
5731,fries,1
5731,fries,1
5732,fries,1
5732,chicken_tenders,1
5733,chicken_tenders,2
5734,fries,1
5735,chicken_tenders,1
5736,chicken_tenders,1
5737,fries,2
5738,chicken_tenders,1
5738,fries,1
5739,chicken_tenders,2
5739,fries,1
5740,chicken_tenders,1
5740,fries,2
5741,fries,2
5742,fries,1
5743,fries,1
5743,chicken_tenders,2
5744,fries,1
5744,fries,1
5745,chicken_tenders,1
5746,fries,2
5747,fries,1
5748,chicken_tenders,1
5749,chicken_tenders,1
5749,chicken_tenders,1
5750,fries,1
5751,chicken_tenders,1
5752,fries,1
5752,chicken_tenders,1
5753,chicken_tenders,2
5754,chicken_tenders,1
5755,fries,1
5755,chicken_tenders,2
5756,fries,1
5756,fries,1
5757,chicken_tenders,1
5758,fries,1
5759,chicken_tenders,1
5760,fries,2
5761,fries,1
5761,fries,1
5762,chicken_tenders,1
5763,chicken_tenders,1
5764,fries,1
5765,fries,1
5765,fries,1
5766,fries,2
5767,fries,1
5768,chicken_tenders,1
5768,fries,1
5769,chicken_tenders,1
5770,fries,1
5771,chicken_tenders,1
5772,fries,1
5773,fries,1
5773,chicken_tenders,1
5774,chicken_tenders,1
5775,fries,1
5776,fries,2
5777,chicken_tenders,1
5778,chicken_tenders,1
5778,fries,1
5779,fries,2
5779,fries,1
5780,chicken_tenders,1
5781,fries,1
5782,fries,1
5783,hash_brown,1
5783,breakfast_wrap,1
5784,hash_brown,1
5784,hash_brown,1
5785,hash_brown,1
5786,breakfast_wrap,1
5787,breakfast_wrap,2
5788,hash_brown,1
5788,hash_brown,2
5789,breakfast_wrap,1
5789,hash_brown,1
5790,hash_brown,1
5790,hash_brown,1
5791,breakfast_wrap,1
5792,breakfast_wrap,1
5792,hash_brown,1
5793,breakfast_wrap,1
5794,hash_brown,1
5795,breakfast_wrap,2
5796,hash_brown,1
5796,hash_brown,2
5797,breakfast_wrap,1
5798,breakfast_wrap,1
5799,breakfast_wrap,1
5800,breakfast_wrap,2
5800,hash_brown,1
5801,breakfast_wrap,1
5802,hash_brown,1
5803,hash_brown,1
5804,hash_brown,1
5804,hash_brown,1
5805,breakfast_wrap,1
5805,hash_brown,1
5806,hash_brown,1
5807,hash_brown,1
5808,hash_brown,1
5808,breakfast_wrap,1
5809,breakfast_wrap,1
5810,breakfast_wrap,1
5811,hash_brown,1
5811,hash_brown,1
5812,breakfast_wrap,2
5813,breakfast_wrap,1
5814,hash_brown,1
5814,breakfast_wrap,1
5815,breakfast_wrap,1
5816,hash_brown,2
5816,breakfast_wrap,1
5817,hash_brown,1
5818,hash_brown,1
5819,hash_brown,1
5820,hash_brown,1
5820,hash_brown,2
5821,hash_brown,1
5822,hash_brown,1
5822,hash_brown,1
5823,hash_brown,2
5824,breakfast_wrap,2
5824,breakfast_wrap,1
5825,breakfast_wrap,2
5826,hash_brown,1
5827,hash_brown,2
5828,hash_brown,1
5829,hash_brown,1
5829,breakfast_wrap,1
5830,breakfast_wrap,1
5831,hash_brown,1
5832,hash_brown,1
5833,hash_brown,1
5833,hash_brown,1
5834,hash_brown,1
5834,hash_brown,1
5835,hash_brown,1
5836,breakfast_wrap,1
5837,breakfast_wrap,1
5838,hash_brown,2
5839,hash_brown,1
5840,hash_brown,1
5841,hash_brown,1
5842,hash_brown,1
5842,hash_brown,1
5843,hash_brown,1
5844,breakfast_wrap,1
5845,breakfast_wrap,1
5846,breakfast_wrap,1
5846,hash_brown,1
5847,breakfast_wrap,1
5847,hash_brown,1
5848,hash_brown,2
5849,breakfast_wrap,1
5849,hash_brown,1
5850,breakfast_wrap,1
5851,hash_brown,1
5852,breakfast_wrap,1
5852,breakfast_wrap,1
5853,hash_brown,2
5854,breakfast_wrap,1
5855,hash_brown,1
5856,hash_brown,2
5856,breakfast_wrap,1
5857,hash_brown,1
5858,breakfast_wrap,1
5859,hash_brown,1
5860,breakfast_wrap,2
5861,breakfast_wrap,1
5862,hash_brown,1
5863,hash_brown,1
5864,hash_brown,1
5865,fries,1
5866,fries,2
5867,fries,1
5867,chicken_tenders,1
5868,fries,1
5869,chicken_tenders,1
5870,chicken_tenders,1
5871,fries,1
5872,chicken_tenders,1
5872,chicken_tenders,1
5873,chicken_tenders,2
5874,fries,1
5875,chicken_tenders,1
5876,chicken_tenders,2
5877,chicken_tenders,1
5878,chicken_tenders,1
5879,chicken_tenders,1
5880,fries,1
5881,chicken_tenders,1
5882,fries,1
5883,fries,2
5883,fries,1
5884,chicken_tenders,2
5885,fries,1
5886,fries,1
5886,chicken_tenders,2
5887,chicken_tenders,2
5888,fries,2
5889,fries,1
5890,chicken_tenders,1
5891,fries,1
5891,chicken_tenders,1
5892,fries,1
5893,fries,1
5894,chicken_tenders,1
5895,chicken_tenders,1
5895,chicken_tenders,1
5896,fries,1
5897,fries,1
5898,fries,1
5899,chicken_tenders,1
5900,fries,1
5901,fries,1
5902,fries,1
5903,chicken_tenders,1
5903,fries,1
5904,chicken_tenders,1
5905,fries,2
5906,chicken_tenders,1
5907,fries,2
5908,fries,1
5908,fries,2
5909,fries,2
5910,chicken_tenders,1
5910,chicken_tenders,1
5911,chicken_tenders,1
5912,fries,1
5913,fries,1
5914,fries,1
5915,fries,1
5916,chicken_tenders,1
5916,fries,1
5917,fries,1
5918,chicken_tenders,1
5919,fries,2
5920,chicken_tenders,1
5920,fries,2
5921,chicken_tenders,1
5921,fries,2
5922,fries,1
5923,fries,2
5924,fries,1
5925,chicken_tenders,1
5926,fries,2
5927,chicken_tenders,1
5927,fries,1
5928,fries,1
5929,chicken_tenders,1
5929,fries,1
5930,chicken_tenders,1
5931,fries,1
5932,chicken_tenders,1
5933,fries,1
5934,fries,1
5934,fries,1
5935,chicken_tenders,1
5936,fries,1
5936,chicken_tenders,1
5937,chicken_tenders,1
5938,chicken_tenders,1
5939,chicken_tenders,1
5940,fries,1
5941,fries,1
5941,chicken_tenders,1
5942,chicken_tenders,1
5942,chicken_tenders,1
5943,fries,1
5944,fries,1
5945,chicken_tenders,2
5946,fries,1
5947,fries,2
5948,fries,1
5948,chicken_tenders,2
5949,fries,1
5949,chicken_tenders,1
5950,chicken_tenders,1
5950,fries,1
5951,fries,1
5952,chicken_tenders,1
5952,fries,2
5953,fries,1
5954,fries,2
5955,fries,1
5955,fries,1
5956,chicken_tenders,1
5957,chicken_tenders,1
5958,fries,1
5958,chicken_tenders,1
5959,chicken_tenders,1
5959,fries,1
5960,chicken_tenders,1
5961,chicken_tenders,1
5961,fries,1
5962,fries,1
5963,chicken_tenders,1
5964,chicken_tenders,1
5965,chicken_tenders,1
5966,fries,1
5967,fries,1
5967,chicken_tenders,1
5968,fries,1
5968,chicken_tenders,2
5969,fries,1
5970,chicken_tenders,2
5971,chicken_tenders,1
5972,chicken_tenders,1
5972,chicken_tenders,1
5973,chicken_tenders,1
5973,chicken_tenders,1
5974,fries,1
5975,chicken_tenders,1
5976,chicken_tenders,2
5976,fries,1
5977,chicken_tenders,1
5978,chicken_tenders,2
5978,fries,1
5979,chicken_tenders,1
5980,chicken_tenders,1
5980,fries,2
5981,fries,1
5981,chicken_tenders,1
5982,chicken_tenders,1
5983,chicken_tenders,1
5983,fries,1
5984,fries,1
5985,chicken_tenders,1
5986,chicken_tenders,1
5987,chicken_tenders,1
5987,chicken_tenders,1
5988,fries,2
5989,fries,1
5990,fries,1
5990,fries,1
5991,chicken_tenders,2
5992,chicken_tenders,1
5993,fries,1
5994,chicken_tenders,1
5994,chicken_tenders,2
5995,fries,1
5995,fries,1
5996,chicken_tenders,1
5997,fries,1
5998,chicken_tenders,1
5999,fries,1
6000,chicken_tenders,1
6001,fries,1
6002,chicken_tenders,1
6003,fries,2
6004,chicken_tenders,1
6005,chicken_tenders,1
6005,chicken_tenders,1
6006,chicken_tenders,1
6006,fries,1
6007,fries,1
6008,fries,1
6009,chicken_tenders,1
6009,chicken_tenders,1
6010,fries,1
6011,chicken_tenders,1
6012,chicken_tenders,1
6013,chicken_tenders,1
6014,chicken_tenders,1
6015,chicken_tenders,1
6015,chicken_tenders,1
6016,fries,1
6017,fries,1
6017,fries,1
6018,chicken_tenders,1
6019,chicken_tenders,1
6020,fries,1
6021,chicken_tenders,1
6022,chicken_tenders,1
6023,chicken_tenders,2
6024,fries,1
6025,chicken_tenders,1
6026,fries,1
6027,fries,1
6028,chicken_tenders,1
6029,chicken_tenders,2
6030,chicken_tenders,1
6031,fries,2
6032,fries,1
6033,chicken_tenders,1
6034,fries,1
6035,fries,2
6036,fries,1
6037,fries,2
6038,fries,1
6039,chicken_tenders,1
6039,chicken_tenders,1
6040,hash_brown,1
6041,breakfast_wrap,1
6042,hash_brown,1
6043,hash_brown,1
6044,hash_brown,1
6044,breakfast_wrap,1
6045,hash_brown,1
6046,breakfast_wrap,1
6047,breakfast_wrap,1
6048,hash_brown,1
6048,hash_brown,1
6049,breakfast_wrap,1
6049,breakfast_wrap,1
6050,breakfast_wrap,2
6051,hash_brown,1
6052,hash_brown,1
6053,hash_brown,1
6054,hash_brown,1
6054,hash_brown,1
6055,hash_brown,1
6056,hash_brown,1
6056,breakfast_wrap,1
6057,hash_brown,2
6058,hash_brown,1
6058,breakfast_wrap,1
6059,hash_brown,2
6060,breakfast_wrap,1
6061,breakfast_wrap,2
6062,hash_brown,1
6063,hash_brown,1
6064,hash_brown,1
6064,breakfast_wrap,1
6065,breakfast_wrap,1
6065,hash_brown,1
6066,hash_brown,1
6067,hash_brown,1
6068,breakfast_wrap,1
6069,hash_brown,1
6069,hash_brown,2
6070,hash_brown,1
6071,breakfast_wrap,1
6071,hash_brown,1
6072,breakfast_wrap,2
6073,hash_brown,1
6073,hash_brown,1
6074,hash_brown,1
6075,breakfast_wrap,1
6076,breakfast_wrap,1
6077,breakfast_wrap,1
6078,breakfast_wrap,1
6079,breakfast_wrap,1
6080,breakfast_wrap,1
6081,hash_brown,1
6081,breakfast_wrap,1
6082,hash_brown,1
6083,hash_brown,1
6084,hash_brown,1
6085,breakfast_wrap,1
6085,hash_brown,2
6086,breakfast_wrap,1
6087,breakfast_wrap,1
6087,hash_brown,1
6088,hash_brown,1
6089,hash_brown,1
6090,hash_brown,1
6090,breakfast_wrap,1
6091,breakfast_wrap,1
6092,breakfast_wrap,1
6093,breakfast_wrap,1
6094,hash_brown,1
6095,breakfast_wrap,1
6095,hash_brown,1
6096,hash_brown,1
6096,hash_brown,1
6097,chicken_tenders,1
6097,fries,2
6098,chicken_tenders,1
6099,chicken_tenders,1
6100,chicken_tenders,1
6101,chicken_tenders,1
6102,fries,2
6103,fries,1
6104,chicken_tenders,1
6105,fries,1
6105,fries,1
6106,chicken_tenders,1
6107,chicken_tenders,1
6107,fries,1
6108,fries,1
6109,chicken_tenders,1
6110,fries,1
6111,chicken_tenders,1
6112,chicken_tenders,1
6112,chicken_tenders,1
6113,chicken_tenders,1
6113,fries,1
6114,fries,1
6115,fries,1
6116,fries,1
6116,chicken_tenders,1
6117,chicken_tenders,1
6117,chicken_tenders,1
6118,fries,1
6119,fries,1
6119,chicken_tenders,1
6120,fries,1
6120,chicken_tenders,1
6121,chicken_tenders,1
6122,chicken_tenders,1
6123,fries,2
6124,chicken_tenders,2
6124,fries,1
6125,chicken_tenders,1
6126,fries,2
6127,fries,1
6127,fries,1
6128,fries,2
6129,fries,1
6129,chicken_tenders,1
6130,fries,2
6131,fries,1
6132,chicken_tenders,1
6132,chicken_tenders,2
6133,chicken_tenders,1
6134,chicken_tenders,1
6135,fries,1
6135,chicken_tenders,1
6136,chicken_tenders,2
6136,fries,1
6137,fries,1
6138,chicken_tenders,2
6138,fries,1
6139,chicken_tenders,1
6140,fries,1
6140,chicken_tenders,1
6141,fries,1
6141,chicken_tenders,2
6142,fries,1
6142,fries,1
6143,fries,1
6144,chicken_tenders,1
6145,chicken_tenders,1
6146,chicken_tenders,1
6147,fries,1
6148,fries,1
6148,fries,1
6149,fries,1
6150,fries,1
6150,chicken_tenders,1
6151,chicken_tenders,1
6151,fries,1
6152,chicken_tenders,1
6153,chicken_tenders,1
6154,chicken_tenders,2
6154,chicken_tenders,1
6155,chicken_tenders,1
6155,fries,2
6156,fries,1
6157,chicken_tenders,1
6157,fries,1
6158,chicken_tenders,2
6158,fries,1
6159,fries,1
6160,chicken_tenders,1
6161,fries,2
6162,fries,1
6163,chicken_tenders,2
6164,chicken_tenders,1
6165,chicken_tenders,2
6166,chicken_tenders,1
6166,chicken_tenders,2
6167,chicken_tenders,1
6168,fries,1
6169,fries,1
6170,chicken_tenders,1
6171,chicken_tenders,1
6171,fries,1
6172,chicken_tenders,1
6173,chicken_tenders,1
6173,chicken_tenders,1
6174,fries,2
6175,fries,1
6176,fries,1
6177,fries,2
6178,fries,1
6179,chicken_tenders,1
6179,fries,1
6180,chicken_tenders,1
6180,chicken_tenders,1
6181,chicken_tenders,2
6182,fries,1
6183,chicken_tenders,1
6184,chicken_tenders,1
6184,fries,2
6185,chicken_tenders,1
6185,fries,2
6186,chicken_tenders,1
6187,fries,1
6187,fries,2
6188,chicken_tenders,1
6188,fries,1
6189,chicken_tenders,1
6190,fries,2
6190,chicken_tenders,1
6191,fries,1
6192,chicken_tenders,1
6193,chicken_tenders,1
6194,chicken_tenders,1
6194,fries,1
6195,fries,1
6196,chicken_tenders,1
6197,chicken_tenders,1
6198,fries,1
6199,chicken_tenders,1
6200,chicken_tenders,1
6200,fries,1
6201,fries,1
6202,chicken_tenders,1
6203,chicken_tenders,1
6204,chicken_tenders,1
6205,chicken_tenders,1
6206,fries,1
6207,chicken_tenders,2
6208,chicken_tenders,1
6209,chicken_tenders,1
6210,fries,2
6211,chicken_tenders,1
6212,chicken_tenders,1
6212,fries,1
6213,fries,1
6214,fries,1
6215,chicken_tenders,1
6216,chicken_tenders,1
6217,chicken_tenders,1
6218,fries,1
6219,chicken_tenders,1
6219,fries,1
6220,fries,1
6221,fries,2
6221,fries,2
6222,fries,1
6222,chicken_tenders,1
6223,fries,2
6224,fries,1
6225,fries,1
6226,fries,1
6227,chicken_tenders,1
6227,fries,2
6228,chicken_tenders,1
6229,fries,1
6229,chicken_tenders,1
6230,chicken_tenders,1
6231,fries,1
6232,fries,1
6233,chicken_tenders,1
6233,fries,1
6234,fries,1
6235,fries,1
6235,chicken_tenders,1
6236,fries,1
6236,chicken_tenders,1
6237,chicken_tenders,2
6238,chicken_tenders,1
6239,fries,2
6239,fries,1
6240,chicken_tenders,1
6241,chicken_tenders,2
6242,fries,1
6242,fries,1
6243,fries,1
6244,breakfast_wrap,1
6245,hash_brown,1
6245,breakfast_wrap,2
6246,breakfast_wrap,1
6247,breakfast_wrap,1
6248,breakfast_wrap,2
6249,hash_brown,1
6249,hash_brown,1
6250,breakfast_wrap,1
6251,breakfast_wrap,1
6252,breakfast_wrap,1
6252,breakfast_wrap,1
6253,hash_brown,1
6254,breakfast_wrap,1
6255,breakfast_wrap,1
6256,hash_brown,1
6257,hash_brown,1
6258,breakfast_wrap,1
6258,breakfast_wrap,1
6259,breakfast_wrap,1
6260,hash_brown,1
6260,hash_brown,2
6261,breakfast_wrap,2
6262,breakfast_wrap,1
6263,hash_brown,1
6263,breakfast_wrap,1
6264,breakfast_wrap,1
6265,breakfast_wrap,1
6266,hash_brown,1
6267,hash_brown,1
6268,hash_brown,1
6268,hash_brown,1
6269,breakfast_wrap,1
6269,hash_brown,1
6270,breakfast_wrap,2
6271,breakfast_wrap,1
6271,breakfast_wrap,1
6272,breakfast_wrap,1
6272,breakfast_wrap,2
6273,hash_brown,1
6274,hash_brown,1
6275,breakfast_wrap,1
6276,breakfast_wrap,1
6276,breakfast_wrap,2
6277,hash_brown,1
6278,hash_brown,1
6279,hash_brown,1
6280,breakfast_wrap,1
6281,breakfast_wrap,1
6282,hash_brown,2
6283,hash_brown,1
6284,hash_brown,1
6285,breakfast_wrap,1
6286,breakfast_wrap,1
6287,breakfast_wrap,1
6288,hash_brown,1
6289,breakfast_wrap,2
6290,hash_brown,1
6291,breakfast_wrap,1
6292,hash_brown,1
6293,hash_brown,2
6293,hash_brown,1
6294,hash_brown,1
6295,breakfast_wrap,1
6296,breakfast_wrap,1
6297,breakfast_wrap,1
6298,breakfast_wrap,1
6298,hash_brown,1
6299,hash_brown,1
6300,hash_brown,1
6301,hash_brown,1
6302,hash_brown,1
6303,breakfast_wrap,1
6303,breakfast_wrap,1
6304,hash_brown,1
6305,breakfast_wrap,1
6306,hash_brown,1
6306,hash_brown,1
6307,breakfast_wrap,2
6308,breakfast_wrap,1
6308,breakfast_wrap,1
6309,breakfast_wrap,2
6309,breakfast_wrap,1
6310,hash_brown,1
6310,breakfast_wrap,1
6311,breakfast_wrap,2
6312,hash_brown,1
6313,hash_brown,1
6313,hash_brown,1
6314,hash_brown,1
6314,breakfast_wrap,1
6315,hash_brown,1
6315,hash_brown,1
6316,hash_brown,2
6317,breakfast_wrap,2
6318,breakfast_wrap,2
6319,hash_brown,1
6320,breakfast_wrap,1
6321,hash_brown,2
6321,breakfast_wrap,1
6322,breakfast_wrap,1
6322,breakfast_wrap,1
6323,breakfast_wrap,1
6324,hash_brown,1
6325,hash_brown,1
6326,breakfast_wrap,2
6327,breakfast_wrap,1
6328,chicken_tenders,1
6329,fries,1
6330,chicken_tenders,1
6331,chicken_tenders,1
6332,chicken_tenders,1
6332,fries,1
6333,fries,1
6334,chicken_tenders,1
6334,fries,1
6335,chicken_tenders,2
6335,fries,1
6336,fries,2
6336,fries,1
6337,chicken_tenders,1
6337,chicken_tenders,1
6338,fries,2
6339,chicken_tenders,1
6340,fries,1
6340,fries,2
6341,chicken_tenders,2
6342,fries,1
6342,chicken_tenders,1
6343,chicken_tenders,1
6344,fries,1
6345,chicken_tenders,1
6346,fries,1
6346,fries,1
6347,fries,1
6347,fries,1
6348,fries,1
6349,fries,1
6350,chicken_tenders,2
6351,fries,1
6352,chicken_tenders,1
6353,chicken_tenders,1
6354,chicken_tenders,1
6355,fries,1
6355,fries,1
6356,fries,2
6356,chicken_tenders,1
6357,fries,1
6358,chicken_tenders,2
6358,fries,2
6359,fries,1
6360,fries,1
6361,chicken_tenders,1
6362,chicken_tenders,1
6362,chicken_tenders,1
6363,fries,1
6364,chicken_tenders,1
6365,chicken_tenders,1
6366,fries,1
6367,fries,1
6368,fries,1
6369,fries,1
6369,fries,1
6370,chicken_tenders,2
6371,chicken_tenders,1
6372,fries,1
6373,chicken_tenders,1
6374,chicken_tenders,2
6374,chicken_tenders,1
6375,chicken_tenders,1
6376,fries,1
6376,chicken_tenders,1
6377,chicken_tenders,1
6378,chicken_tenders,1
6379,chicken_tenders,1
6380,chicken_tenders,1
6381,chicken_tenders,2
6382,fries,1
6383,chicken_tenders,2
6384,fries,1
6384,fries,2
6385,fries,1
6386,fries,1
6387,chicken_tenders,1
6388,chicken_tenders,1
6389,fries,1
6390,chicken_tenders,2
6391,chicken_tenders,1
6392,chicken_tenders,1
6393,fries,1
6393,fries,2
6394,chicken_tenders,1
6395,fries,1
6396,fries,2
6397,fries,1
6397,fries,1
6398,chicken_tenders,1
6399,chicken_tenders,1
6399,chicken_tenders,1
6400,fries,1
6401,fries,1
6401,fries,1
6402,fries,1
6403,chicken_tenders,1
6404,fries,2
6404,fries,2
6405,chicken_tenders,2
6406,chicken_tenders,1
6406,fries,1
6407,chicken_tenders,1
6408,fries,1
6408,fries,1
6409,chicken_tenders,1
6410,fries,1
6411,chicken_tenders,1
6412,chicken_tenders,1
6413,fries,1
6414,chicken_tenders,1
6415,fries,1
6416,chicken_tenders,1
6417,chicken_tenders,1
6418,chicken_tenders,1
6418,fries,1
6419,fries,1
6419,fries,1
6420,fries,1
6421,chicken_tenders,1
6421,chicken_tenders,1
6422,fries,1
6423,fries,1
6424,chicken_tenders,1
6424,chicken_tenders,1
6425,chicken_tenders,2
6426,chicken_tenders,1
6427,fries,1
6428,chicken_tenders,1
6428,chicken_tenders,1
6429,chicken_tenders,1
6430,chicken_tenders,2
6431,chicken_tenders,1
6432,fries,1
6433,fries,1
6434,fries,1
6435,fries,1
6436,fries,1
6437,fries,1
6438,chicken_tenders,1
6438,chicken_tenders,1
6439,fries,1
6440,chicken_tenders,1
6441,fries,1
6442,chicken_tenders,1
6443,chicken_tenders,1
6444,fries,1
6445,fries,1
6446,fries,2
6447,chicken_tenders,1
6448,fries,1
6449,chicken_tenders,1
6450,chicken_tenders,1
6450,fries,2
6451,chicken_tenders,1
6452,chicken_tenders,1
6452,chicken_tenders,1
6453,chicken_tenders,1
6454,fries,1
6455,fries,1
6456,chicken_tenders,1
6457,chicken_tenders,2
6458,fries,1
6459,chicken_tenders,1
6459,fries,1
6460,fries,1
6461,fries,1
6462,chicken_tenders,1
6462,chicken_tenders,1
6463,fries,1
6463,fries,1
6464,fries,1
6465,chicken_tenders,1
6466,chicken_tenders,1
6467,chicken_tenders,1
6468,fries,1
6469,chicken_tenders,1
6470,chicken_tenders,1
6471,chicken_tenders,1
6472,fries,1
6473,fries,1
6474,fries,1
6475,fries,1
6475,chicken_tenders,1
6476,fries,2
6477,chicken_tenders,1
6478,chicken_tenders,1
6479,fries,1
6480,fries,1
6481,fries,1
6482,fries,1
6482,fries,2
6483,fries,1
6483,chicken_tenders,2
6484,fries,2
6485,chicken_tenders,2
6486,fries,1
6487,chicken_tenders,1
6488,fries,1
6489,chicken_tenders,1
6490,fries,1
6490,chicken_tenders,1
6491,chicken_tenders,1
6491,fries,1
6492,chicken_tenders,1
6493,breakfast_wrap,1
6493,hash_brown,1
6494,hash_brown,1
6495,breakfast_wrap,1
6496,hash_brown,1
6497,hash_brown,1
6498,hash_brown,1
6499,breakfast_wrap,2
6500,breakfast_wrap,1
6501,breakfast_wrap,1
6501,breakfast_wrap,1
6502,hash_brown,1
6503,hash_brown,2
6504,breakfast_wrap,1
6505,hash_brown,1
6505,breakfast_wrap,1
6506,breakfast_wrap,1
6507,breakfast_wrap,1
6508,breakfast_wrap,1
6509,breakfast_wrap,1
6510,breakfast_wrap,1
6510,hash_brown,1
6511,breakfast_wrap,1
6512,hash_brown,1
6513,breakfast_wrap,1
6514,hash_brown,1
6515,breakfast_wrap,1
6515,breakfast_wrap,2
6516,breakfast_wrap,1
6517,breakfast_wrap,2
6518,breakfast_wrap,2
6519,hash_brown,1
6519,hash_brown,1
6520,breakfast_wrap,1
6520,hash_brown,1
6521,hash_brown,2
6522,hash_brown,1
6522,hash_brown,1
6523,hash_brown,2
6524,hash_brown,2
6525,hash_brown,1
6526,breakfast_wrap,1
6527,breakfast_wrap,1
6528,hash_brown,1
6529,breakfast_wrap,1
6530,breakfast_wrap,1
6531,hash_brown,1
6531,breakfast_wrap,1
6532,hash_brown,2
6532,hash_brown,1
6533,hash_brown,1
6534,breakfast_wrap,1
6534,breakfast_wrap,1
6535,breakfast_wrap,1
6536,breakfast_wrap,1
6537,hash_brown,2
6538,breakfast_wrap,1
6538,hash_brown,1
6539,breakfast_wrap,1
6540,breakfast_wrap,1
6540,breakfast_wrap,1
6541,hash_brown,1
6542,hash_brown,1
6543,breakfast_wrap,1
6544,breakfast_wrap,1
6544,hash_brown,1
6545,hash_brown,1
6546,breakfast_wrap,2
6547,hash_brown,1
6548,breakfast_wrap,1
6549,breakfast_wrap,1
6550,breakfast_wrap,1
6551,breakfast_wrap,2
6552,breakfast_wrap,1
6553,breakfast_wrap,1
6554,breakfast_wrap,1
6555,hash_brown,1
6555,breakfast_wrap,1
6556,hash_brown,1
6557,breakfast_wrap,1
6558,hash_brown,1
6559,breakfast_wrap,1
6560,hash_brown,2
6561,breakfast_wrap,1
6562,breakfast_wrap,1
6562,hash_brown,1
6563,breakfast_wrap,1
6564,hash_brown,2
6565,breakfast_wrap,1
6566,hash_brown,2
6567,breakfast_wrap,1
6567,hash_brown,1
6568,fries,1
6568,fries,1
6569,fries,2
6570,fries,1
6571,fries,1
6572,chicken_tenders,1
6573,fries,1
6574,fries,2
6574,fries,2
6575,chicken_tenders,1
6576,fries,2
6577,chicken_tenders,1
6578,fries,1
6578,chicken_tenders,2
6579,chicken_tenders,2
6580,fries,1
6581,fries,1
6582,chicken_tenders,1
6582,chicken_tenders,1
6583,fries,1
6584,chicken_tenders,2
6585,fries,1
6586,chicken_tenders,1
6586,fries,1
6587,chicken_tenders,1
6587,fries,1
6588,chicken_tenders,1
6588,chicken_tenders,2
6589,chicken_tenders,2
6590,fries,1
6591,chicken_tenders,1
6592,chicken_tenders,1
6593,chicken_tenders,1
6594,chicken_tenders,1
6595,fries,1
6596,chicken_tenders,1
6596,fries,1
6597,fries,1
6597,fries,1
6598,fries,1
6599,fries,1
6599,fries,1
6600,chicken_tenders,2
6601,fries,1
6601,fries,1
6602,chicken_tenders,1
6603,chicken_tenders,1
6604,fries,1
6604,chicken_tenders,1
6605,chicken_tenders,1
6606,fries,1
6606,fries,2
6607,chicken_tenders,1
6608,fries,1
6609,fries,1
6610,chicken_tenders,1
6611,fries,1
6612,fries,1
6613,fries,1
6614,fries,1
6615,fries,1
6615,chicken_tenders,1
6616,chicken_tenders,1
6617,chicken_tenders,1
6617,chicken_tenders,1
6618,chicken_tenders,1
6618,chicken_tenders,1
6619,fries,2
6620,fries,1
6621,fries,1
6622,fries,1
6622,chicken_tenders,1
6623,fries,2
6624,fries,1
6624,chicken_tenders,1
6625,chicken_tenders,1
6626,fries,1
6626,fries,1
6627,chicken_tenders,1
6628,chicken_tenders,2
6628,fries,1
6629,chicken_tenders,1
6630,fries,1
6631,chicken_tenders,1
6632,fries,1
6633,chicken_tenders,2
6633,chicken_tenders,1
6634,chicken_tenders,1
6634,chicken_tenders,2
6635,fries,1
6635,fries,2
6636,chicken_tenders,1
6637,chicken_tenders,1
6638,fries,1
6638,fries,1
6639,fries,1
6639,chicken_tenders,1
6640,chicken_tenders,2
6641,fries,1
6641,fries,1
6642,fries,1
6643,chicken_tenders,1
6644,chicken_tenders,2
6644,chicken_tenders,1
6645,fries,1
6646,fries,2
6646,fries,1
6647,chicken_tenders,1
6648,fries,1
6648,chicken_tenders,1
6649,fries,1
6650,chicken_tenders,1
6650,fries,1
6651,chicken_tenders,1
6652,chicken_tenders,1
6653,fries,1
6654,chicken_tenders,1
6654,fries,1
6655,chicken_tenders,1
6656,chicken_tenders,1
6656,chicken_tenders,2
6657,chicken_tenders,1
6657,chicken_tenders,1
6658,fries,1
6659,fries,1
6660,fries,1
6660,fries,1
6661,chicken_tenders,1
6662,chicken_tenders,1
6663,chicken_tenders,1
6664,fries,1
6665,chicken_tenders,1
6666,fries,1
6666,chicken_tenders,1
6667,chicken_tenders,2
6667,fries,1
6668,fries,1
6668,chicken_tenders,1
6669,fries,1
6670,chicken_tenders,1
6670,chicken_tenders,1
6671,chicken_tenders,2
6672,chicken_tenders,1
6672,fries,1
6673,chicken_tenders,1
6673,chicken_tenders,1
6674,fries,1
6675,chicken_tenders,1
6676,fries,1
6677,fries,1
6678,chicken_tenders,1
6678,chicken_tenders,1
6679,fries,1
6680,fries,1
6681,fries,1
6681,chicken_tenders,2
6682,chicken_tenders,2
6682,chicken_tenders,1
6683,fries,2
6683,chicken_tenders,1
6684,chicken_tenders,1
6684,chicken_tenders,1
6685,fries,1
6686,fries,1
6686,fries,1
6687,fries,1
6688,chicken_tenders,2
6689,fries,1
6690,fries,1
6691,chicken_tenders,1
6691,fries,1
6692,chicken_tenders,1
6693,fries,1
6694,chicken_tenders,1
6695,chicken_tenders,1
6695,chicken_tenders,1
6696,chicken_tenders,1
6697,chicken_tenders,2
6698,fries,1
6699,fries,1
6700,fries,1
6701,fries,1
6702,fries,1
6703,chicken_tenders,2
6703,fries,1
6704,chicken_tenders,1
6705,fries,1
6706,chicken_tenders,1
6707,chicken_tenders,1
6708,fries,1
6709,chicken_tenders,1
6710,chicken_tenders,1
6711,fries,1
6712,fries,1
6713,fries,1
6714,fries,2
6715,chicken_tenders,1
6716,fries,1
6716,fries,1
6717,fries,1
6718,fries,1
6719,chicken_tenders,1
6720,chicken_tenders,2
6721,fries,2
6722,fries,1
6723,chicken_tenders,1
6724,fries,1
6725,fries,2
6725,fries,1
6726,fries,1
6727,chicken_tenders,1
6728,fries,1
6729,fries,1
6730,hash_brown,1
6730,breakfast_wrap,1
6731,hash_brown,1
6732,hash_brown,2
6733,breakfast_wrap,1
6734,breakfast_wrap,2
6734,hash_brown,1
6735,hash_brown,1
6736,hash_brown,1
6736,breakfast_wrap,1
6737,hash_brown,1
6738,hash_brown,1
6738,breakfast_wrap,1
6739,hash_brown,1
6739,hash_brown,1
6740,breakfast_wrap,1
6740,hash_brown,2
6741,breakfast_wrap,1
6742,breakfast_wrap,1
6743,breakfast_wrap,2
6743,hash_brown,1
6744,hash_brown,1
6745,breakfast_wrap,1
6746,breakfast_wrap,1
6747,hash_brown,1
6748,breakfast_wrap,1
6749,hash_brown,1
6750,hash_brown,1
6751,breakfast_wrap,1
6752,breakfast_wrap,1
6753,breakfast_wrap,1
6754,hash_brown,1
6755,breakfast_wrap,1
6756,hash_brown,1
6756,breakfast_wrap,1
6757,hash_brown,1
6758,hash_brown,1
6758,hash_brown,1
6759,breakfast_wrap,1
6760,breakfast_wrap,1
6761,breakfast_wrap,2
6762,breakfast_wrap,1
6762,breakfast_wrap,1
6763,hash_brown,1
6764,hash_brown,1
6765,breakfast_wrap,1
6766,breakfast_wrap,1
6767,hash_brown,1
6768,breakfast_wrap,1
6768,breakfast_wrap,2
6769,breakfast_wrap,1
6770,hash_brown,1
6771,breakfast_wrap,2
6772,hash_brown,1
6773,breakfast_wrap,1
6774,breakfast_wrap,1
6774,breakfast_wrap,1
6775,hash_brown,1
6776,breakfast_wrap,1
6776,hash_brown,2
6777,breakfast_wrap,1
6778,hash_brown,1
6778,breakfast_wrap,2
6779,breakfast_wrap,2
6780,hash_brown,1
6780,breakfast_wrap,1
6781,hash_brown,1
6782,hash_brown,1
6783,breakfast_wrap,1
6784,hash_brown,1
6785,breakfast_wrap,1
6786,breakfast_wrap,1
6787,hash_brown,1
6788,hash_brown,1
6789,hash_brown,1
6789,hash_brown,1
6790,breakfast_wrap,2
6791,hash_brown,1
6792,hash_brown,1
6793,hash_brown,1
6794,breakfast_wrap,1
6795,hash_brown,1
6796,hash_brown,1
6797,hash_brown,1
6798,breakfast_wrap,1
6799,breakfast_wrap,1
6799,hash_brown,1
6800,hash_brown,2
6801,breakfast_wrap,1
6801,hash_brown,1
6802,breakfast_wrap,1
6802,hash_brown,1
6803,hash_brown,1
6803,breakfast_wrap,1
6804,breakfast_wrap,1
6805,breakfast_wrap,1
6805,hash_brown,1
6806,hash_brown,1
6807,hash_brown,1
6807,hash_brown,1
6808,breakfast_wrap,1
6809,breakfast_wrap,1
6810,hash_brown,2
6810,hash_brown,2
6811,hash_brown,1
6811,breakfast_wrap,1
6812,breakfast_wrap,1
6813,breakfast_wrap,1
6814,hash_brown,1
6815,hash_brown,1
6816,breakfast_wrap,1
6817,hash_brown,1
6818,hash_brown,2
6819,breakfast_wrap,1
6819,breakfast_wrap,1
6820,breakfast_wrap,2
6821,breakfast_wrap,1
6822,hash_brown,2
6823,chicken_tenders,1
6824,fries,2
6825,fries,1
6826,fries,1
6827,chicken_tenders,1
6828,fries,1
6829,chicken_tenders,1
6830,fries,1
6830,chicken_tenders,1
6831,chicken_tenders,1
6832,fries,1
6833,chicken_tenders,1
6833,chicken_tenders,2
6834,chicken_tenders,1
6834,fries,2
6835,chicken_tenders,2
6835,fries,1
6836,fries,1
6837,fries,2
6838,fries,1
6839,chicken_tenders,1
6840,chicken_tenders,1
6841,fries,1
6841,chicken_tenders,1
6842,chicken_tenders,1
6843,chicken_tenders,1
6844,fries,1
6845,chicken_tenders,2
6845,fries,2
6846,chicken_tenders,1
6847,fries,1
6848,chicken_tenders,1
6848,chicken_tenders,2
6849,chicken_tenders,1
6849,fries,1
6850,chicken_tenders,1
6851,chicken_tenders,2
6851,fries,1
6852,fries,1
6852,fries,1
6853,fries,1
6854,chicken_tenders,1
6854,chicken_tenders,2
6855,fries,1
6856,chicken_tenders,2
6856,fries,1
6857,fries,1
6857,chicken_tenders,1
6858,chicken_tenders,1
6859,chicken_tenders,1
6860,chicken_tenders,2
6861,fries,1
6862,chicken_tenders,2
6863,fries,2
6864,chicken_tenders,1
6865,chicken_tenders,1
6866,chicken_tenders,1
6866,chicken_tenders,1
6867,chicken_tenders,1
6868,chicken_tenders,1
6869,fries,1
6870,fries,1
6871,chicken_tenders,1
6871,chicken_tenders,2
6872,fries,1
6872,fries,2
6873,chicken_tenders,2
6874,chicken_tenders,2
6875,chicken_tenders,1
6875,chicken_tenders,1
6876,fries,1
6876,chicken_tenders,1
6877,fries,1
6878,chicken_tenders,1
6879,fries,2
6880,chicken_tenders,1
6881,fries,1
6882,fries,2
6882,fries,1
6883,chicken_tenders,1
6884,chicken_tenders,1
6885,fries,2
6885,chicken_tenders,1
6886,chicken_tenders,1
6887,fries,1
6887,chicken_tenders,1
6888,fries,1
6888,chicken_tenders,2
6889,chicken_tenders,1
6889,fries,1
6890,chicken_tenders,1
6891,fries,1
6892,fries,1
6892,chicken_tenders,1
6893,fries,2
6894,fries,1
6895,fries,1
6896,chicken_tenders,1
6897,fries,1
6898,chicken_tenders,1
6899,chicken_tenders,1
6900,fries,1
6901,fries,1
6902,chicken_tenders,1
6903,chicken_tenders,1
6904,chicken_tenders,1
6905,chicken_tenders,2
6906,chicken_tenders,1
6906,fries,1
6907,chicken_tenders,1
6908,fries,1
6909,fries,1
6909,fries,1
6910,chicken_tenders,1
6911,fries,1
6911,chicken_tenders,1
6912,fries,1
6912,fries,1
6913,chicken_tenders,2
6914,chicken_tenders,1
6915,fries,1
6916,fries,1
6917,fries,1
6918,fries,1
6918,chicken_tenders,1
6919,chicken_tenders,1
6920,fries,1
6920,fries,1
6921,chicken_tenders,1
6922,fries,1
6923,chicken_tenders,1
6924,chicken_tenders,1
6925,chicken_tenders,1
6926,chicken_tenders,1
6926,chicken_tenders,1
6927,fries,1
6927,chicken_tenders,1
6928,chicken_tenders,1
6929,chicken_tenders,2
6929,fries,1
6930,fries,1
6930,fries,1
6931,chicken_tenders,1
6931,fries,1
6932,chicken_tenders,1
6933,chicken_tenders,1
6933,chicken_tenders,1
6934,chicken_tenders,1
6935,chicken_tenders,2
6935,chicken_tenders,1
6936,fries,1
6937,chicken_tenders,1
6938,fries,1
6939,fries,1
6940,chicken_tenders,1
6941,fries,1
6941,chicken_tenders,1
6942,chicken_tenders,1
6943,fries,1
6944,fries,1
6945,chicken_tenders,2
6946,fries,2
6946,chicken_tenders,1
6947,fries,1
6947,chicken_tenders,1
6948,chicken_tenders,1
6949,fries,1
6949,chicken_tenders,1
6950,fries,1
6951,chicken_tenders,1
6952,fries,2
6952,chicken_tenders,1
6953,fries,1
6953,fries,1
6954,chicken_tenders,2
6955,fries,1
6956,chicken_tenders,1
6957,fries,1
6958,chicken_tenders,1
6959,fries,1
6960,fries,1
6961,chicken_tenders,1
6961,chicken_tenders,1
6962,chicken_tenders,2
6963,chicken_tenders,2
6964,fries,1
6964,chicken_tenders,2
6965,chicken_tenders,2
6966,fries,1
6967,chicken_tenders,1
6968,fries,1
6969,chicken_tenders,2
6970,chicken_tenders,1
6971,hash_brown,1
6972,hash_brown,1
6973,breakfast_wrap,1
6974,hash_brown,1
6975,hash_brown,1
6976,hash_brown,1
6977,hash_brown,1
6978,hash_brown,1
6979,breakfast_wrap,1
6980,breakfast_wrap,1
6981,breakfast_wrap,1
6982,breakfast_wrap,1
6983,breakfast_wrap,1
6984,breakfast_wrap,1
6984,hash_brown,1
6985,breakfast_wrap,1
6985,hash_brown,1
6986,hash_brown,1
6987,breakfast_wrap,1
6988,breakfast_wrap,1
6989,breakfast_wrap,1
6989,hash_brown,1
6990,hash_brown,1
6990,breakfast_wrap,1
6991,breakfast_wrap,1
6991,hash_brown,1
6992,breakfast_wrap,1
6993,hash_brown,1
6993,breakfast_wrap,1
6994,breakfast_wrap,1
6995,hash_brown,1
6996,breakfast_wrap,1
6997,breakfast_wrap,2
6998,breakfast_wrap,1
6999,breakfast_wrap,1
6999,hash_brown,2
7000,breakfast_wrap,1
7001,breakfast_wrap,2
7002,breakfast_wrap,1
7003,hash_brown,1
7003,hash_brown,1
7004,hash_brown,1
7004,hash_brown,1
7005,hash_brown,1
7005,hash_brown,1
7006,breakfast_wrap,1
7007,hash_brown,1
7007,hash_brown,1
7008,breakfast_wrap,1
7009,breakfast_wrap,1
7009,hash_brown,1
7010,hash_brown,1
7011,breakfast_wrap,1
7012,breakfast_wrap,1
7013,hash_brown,1
7013,hash_brown,1
7014,hash_brown,1
7015,breakfast_wrap,1
7015,hash_brown,1
7016,hash_brown,1
7017,hash_brown,1
7018,hash_brown,1
7019,hash_brown,1
7020,hash_brown,1
7021,hash_brown,1
7022,hash_brown,1
7022,breakfast_wrap,1
7023,breakfast_wrap,2
7024,hash_brown,1
7025,breakfast_wrap,2
7025,breakfast_wrap,1
7026,breakfast_wrap,1
7027,breakfast_wrap,1
7027,hash_brown,1
7028,hash_brown,1
7029,hash_brown,1
7030,breakfast_wrap,1
7031,hash_brown,2
7031,hash_brown,1
7032,breakfast_wrap,1
7033,breakfast_wrap,1
7034,breakfast_wrap,1
7034,breakfast_wrap,1
7035,breakfast_wrap,1
7036,breakfast_wrap,2
7037,hash_brown,2
7037,hash_brown,1
7038,breakfast_wrap,1
7039,hash_brown,1
7040,hash_brown,1
7041,breakfast_wrap,2
7041,hash_brown,1
7042,hash_brown,2
7043,hash_brown,1
7044,fries,2
7044,fries,1
7045,chicken_tenders,1
7045,chicken_tenders,1
7046,fries,1
7047,fries,1
7048,fries,1
7048,fries,1
7049,fries,2
7050,fries,1
7051,fries,1
7052,fries,1
7053,fries,1
7054,chicken_tenders,2
7055,chicken_tenders,1
7056,fries,1
7056,chicken_tenders,2
7057,chicken_tenders,2
7058,fries,1
7058,fries,1
7059,chicken_tenders,1
7060,fries,1
7060,chicken_tenders,1
7061,fries,1
7062,fries,1
7062,fries,1
7063,fries,1
7064,chicken_tenders,1
7065,fries,1
7066,fries,1
7066,chicken_tenders,1
7067,fries,1
7068,fries,1
7069,fries,1
7070,fries,1
7071,chicken_tenders,1
7072,chicken_tenders,1
7072,chicken_tenders,1
7073,fries,1
7073,fries,1
7074,chicken_tenders,2
7075,chicken_tenders,1
7076,fries,1
7077,chicken_tenders,1
7078,chicken_tenders,1
7079,fries,1
7080,fries,1
7081,chicken_tenders,1
7082,chicken_tenders,1
7083,fries,1
7083,chicken_tenders,1
7084,chicken_tenders,2
7085,chicken_tenders,1
7086,fries,1
7086,chicken_tenders,1
7087,chicken_tenders,1
7088,fries,1
7089,chicken_tenders,2
7090,chicken_tenders,1
7091,fries,1
7091,fries,1
7092,fries,1
7093,fries,1
7094,chicken_tenders,1
7095,fries,1
7096,fries,1
7096,fries,1
7097,fries,1
7097,chicken_tenders,1
7098,fries,1
7098,fries,1
7099,chicken_tenders,1
7100,fries,1
7101,chicken_tenders,1
7102,fries,1
7103,fries,1
7104,fries,1
7104,fries,2
7105,chicken_tenders,1
7106,fries,1
7107,chicken_tenders,1
7108,chicken_tenders,1
7109,fries,1
7110,fries,1
7110,chicken_tenders,1
7111,chicken_tenders,2
7111,fries,1
7112,fries,1
7112,chicken_tenders,1
7113,chicken_tenders,1
7114,chicken_tenders,2
7115,fries,1
7116,chicken_tenders,1
7117,fries,1
7118,chicken_tenders,2
7119,chicken_tenders,2
7120,chicken_tenders,1
7121,fries,1
7121,fries,1
7122,chicken_tenders,1
7123,fries,2
7123,fries,2
7124,fries,1
7125,chicken_tenders,1
7126,fries,1
7126,fries,1
7127,fries,1
7128,chicken_tenders,2
7128,chicken_tenders,1
7129,fries,1
7129,fries,1
7130,fries,1
7130,fries,1
7131,chicken_tenders,1
7132,fries,2
7133,fries,1
7133,chicken_tenders,1
7134,chicken_tenders,1
7134,chicken_tenders,1
7135,chicken_tenders,1
7136,chicken_tenders,1
7137,fries,1
7137,chicken_tenders,1
7138,fries,2
7139,chicken_tenders,1
7139,fries,1
7140,fries,1
7140,fries,1
7141,chicken_tenders,1
7142,chicken_tenders,1
7142,chicken_tenders,1
7143,chicken_tenders,1
7143,chicken_tenders,2
7144,fries,2
7145,chicken_tenders,1
7146,fries,1
7147,fries,1
7148,chicken_tenders,1
7149,fries,2
7150,fries,1
7151,chicken_tenders,1
7151,chicken_tenders,1
7152,chicken_tenders,1
7153,chicken_tenders,1
7153,fries,1
7154,chicken_tenders,1
7155,chicken_tenders,2
7155,fries,1
7156,fries,1
7157,fries,1
7158,fries,1
7159,fries,1
7160,chicken_tenders,1
7160,chicken_tenders,2
7161,chicken_tenders,1
7162,fries,1
7163,fries,2
7164,chicken_tenders,1
7165,chicken_tenders,2
7166,fries,1
7167,fries,1
7168,fries,1
7169,chicken_tenders,1
7170,chicken_tenders,2
7171,fries,1
7172,fries,1
7173,fries,1
7173,fries,1
7174,chicken_tenders,1
7174,fries,2
7175,chicken_tenders,1
7176,fries,1
7177,chicken_tenders,2
7178,fries,1
7179,fries,1
7180,fries,1
7181,fries,1
7181,chicken_tenders,1
7182,fries,1
7182,fries,2
7183,chicken_tenders,1
7184,fries,2
7185,chicken_tenders,1
7186,fries,1
7187,fries,1
7187,fries,1
7188,breakfast_wrap,1
7189,breakfast_wrap,2
7190,hash_brown,1
7191,hash_brown,1
7192,hash_brown,1
7193,hash_brown,1
7193,breakfast_wrap,1
7194,breakfast_wrap,1
7195,hash_brown,1
7196,breakfast_wrap,1
7197,breakfast_wrap,1
7198,hash_brown,1
7199,breakfast_wrap,1
7200,breakfast_wrap,1
7201,breakfast_wrap,1
7202,hash_brown,1
7202,hash_brown,1
7203,breakfast_wrap,1
7204,hash_brown,2
7205,breakfast_wrap,1
7205,hash_brown,1
7206,breakfast_wrap,1
7206,hash_brown,1
7207,breakfast_wrap,1
7208,breakfast_wrap,1
7209,hash_brown,1
7210,breakfast_wrap,1
7211,breakfast_wrap,1
7212,breakfast_wrap,1
7213,breakfast_wrap,1
7214,breakfast_wrap,1
7214,hash_brown,1
7215,breakfast_wrap,1
7216,hash_brown,2
7217,breakfast_wrap,1
7218,breakfast_wrap,1
7218,breakfast_wrap,1
7219,hash_brown,1
7220,hash_brown,1
7221,breakfast_wrap,1
7221,breakfast_wrap,1
7222,hash_brown,1
7223,hash_brown,2
7224,breakfast_wrap,2
7225,hash_brown,1
7226,hash_brown,1
7227,hash_brown,1
7228,hash_brown,2
7229,hash_brown,1
7230,breakfast_wrap,1
7231,hash_brown,1
7232,breakfast_wrap,1
7233,hash_brown,1
7234,breakfast_wrap,2
7235,hash_brown,1
7236,hash_brown,1
7237,breakfast_wrap,1
7238,breakfast_wrap,1
7238,hash_brown,1
7239,hash_brown,1
7240,hash_brown,1
7241,breakfast_wrap,1
7242,hash_brown,2
7242,breakfast_wrap,1
7243,breakfast_wrap,1
7243,hash_brown,1
7244,hash_brown,1
7244,hash_brown,2
7245,hash_brown,1
7246,hash_brown,1
7247,breakfast_wrap,1
7247,breakfast_wrap,1
7248,hash_brown,2
7248,breakfast_wrap,1
7249,hash_brown,1
7249,breakfast_wrap,2
7250,breakfast_wrap,1
7251,hash_brown,1
7252,hash_brown,1
7252,breakfast_wrap,1
7253,hash_brown,2
7253,hash_brown,1
7254,hash_brown,1
7254,hash_brown,1
7255,hash_brown,1
7256,breakfast_wrap,1
7257,hash_brown,1
7257,hash_brown,2
7258,breakfast_wrap,1
7259,hash_brown,1
7260,breakfast_wrap,1
7261,breakfast_wrap,1
7262,hash_brown,1
7263,hash_brown,1
7264,breakfast_wrap,1
7265,hash_brown,1
7266,breakfast_wrap,1
7267,hash_brown,1
7267,hash_brown,1
7268,hash_brown,2
7268,hash_brown,2
7269,breakfast_wrap,1
7270,breakfast_wrap,1
7271,breakfast_wrap,1
7271,hash_brown,1
7272,breakfast_wrap,1
7273,breakfast_wrap,1
7274,hash_brown,1
7274,hash_brown,1
7275,breakfast_wrap,1
7276,breakfast_wrap,1
7277,breakfast_wrap,1
7278,hash_brown,1
7279,breakfast_wrap,1
7280,hash_brown,1
7281,hash_brown,1
7282,breakfast_wrap,1
7282,breakfast_wrap,1
7283,hash_brown,1
7284,fries,1
7285,chicken_tenders,2
7286,chicken_tenders,1
7287,chicken_tenders,2
7287,fries,1
7288,chicken_tenders,1
7288,fries,1
7289,chicken_tenders,1
7290,chicken_tenders,1
7291,chicken_tenders,1
7291,fries,1
7292,chicken_tenders,1
7293,chicken_tenders,1
7294,fries,1
7295,fries,1
7296,chicken_tenders,1
7297,chicken_tenders,1
7298,chicken_tenders,1
7299,chicken_tenders,1
7299,chicken_tenders,1
7300,chicken_tenders,1
7300,chicken_tenders,1
7301,fries,2
7302,chicken_tenders,2
7302,fries,1
7303,chicken_tenders,1
7303,fries,1
7304,fries,2
7305,chicken_tenders,1
7306,chicken_tenders,1
7306,fries,1
7307,chicken_tenders,1
7308,fries,1
7309,chicken_tenders,1
7310,chicken_tenders,1
7311,fries,1
7312,chicken_tenders,2
7313,fries,1
7313,chicken_tenders,1
7314,fries,1
7315,fries,2
7316,fries,1
7316,fries,1
7317,fries,1
7317,chicken_tenders,1
7318,fries,1
7319,fries,1
7320,fries,1
7321,chicken_tenders,1
7322,chicken_tenders,2
7322,fries,1
7323,fries,2
7323,chicken_tenders,2
7324,chicken_tenders,1
7324,fries,1
7325,fries,1
7326,chicken_tenders,2
7326,fries,1
7327,fries,1
7327,fries,1
7328,chicken_tenders,1
7328,fries,1
7329,chicken_tenders,2
7330,chicken_tenders,1
7331,chicken_tenders,2
7331,fries,1
7332,chicken_tenders,1
7333,chicken_tenders,1
7334,fries,1
7335,chicken_tenders,1
7336,chicken_tenders,1
7337,chicken_tenders,1
7338,chicken_tenders,1
7339,chicken_tenders,1
7340,fries,1
7341,chicken_tenders,1
7342,fries,2
7343,fries,1
7344,chicken_tenders,1
7344,fries,1
7345,fries,1
7346,fries,1
7347,chicken_tenders,1
7348,chicken_tenders,1
7349,fries,1
7350,chicken_tenders,1
7351,fries,1
7352,chicken_tenders,1
7353,chicken_tenders,1
7354,chicken_tenders,1
7355,chicken_tenders,1
7356,fries,1
7357,chicken_tenders,1
7358,fries,1
7359,fries,1
7360,fries,2
7360,fries,1
7361,chicken_tenders,1
7362,chicken_tenders,2
7362,chicken_tenders,1
7363,chicken_tenders,2
7363,chicken_tenders,2
7364,fries,1
7364,chicken_tenders,1
7365,fries,2
7365,chicken_tenders,2
7366,chicken_tenders,2
7367,fries,1
7368,fries,1
7369,chicken_tenders,1
7370,fries,1
7371,fries,1
7372,fries,1
7372,chicken_tenders,2
7373,chicken_tenders,1
7373,fries,1
7374,chicken_tenders,1
7375,chicken_tenders,1
7376,fries,2
7377,fries,1
7378,chicken_tenders,2
7379,fries,1
7380,fries,1
7381,chicken_tenders,1
7382,chicken_tenders,2
7383,chicken_tenders,1
7384,fries,1
7384,chicken_tenders,1
7385,fries,1
7386,fries,2
7387,fries,1
7388,chicken_tenders,1
7389,fries,1
7390,chicken_tenders,1
7390,chicken_tenders,2
7391,chicken_tenders,1
7391,chicken_tenders,1
7392,chicken_tenders,1
7393,chicken_tenders,1
7393,fries,1
7394,chicken_tenders,1
7395,chicken_tenders,1
7396,chicken_tenders,2
7397,chicken_tenders,1
7398,chicken_tenders,1
7399,chicken_tenders,1
7400,fries,1
7400,fries,1
7401,fries,1
7402,fries,1
7403,chicken_tenders,1
7404,fries,1
7405,fries,1
7405,fries,1
7406,chicken_tenders,1
7406,chicken_tenders,1
7407,chicken_tenders,1
7407,fries,1
7408,fries,1
7408,chicken_tenders,1
7409,fries,2
7410,fries,1
7411,chicken_tenders,1
7411,chicken_tenders,1
7412,chicken_tenders,2
7413,fries,1
7414,fries,1
7415,chicken_tenders,1
7415,chicken_tenders,1
7416,chicken_tenders,1
7416,fries,1
7417,fries,1
7418,fries,1
7418,chicken_tenders,1
7419,chicken_tenders,1
7420,fries,1
7421,fries,1
7422,chicken_tenders,1
7422,fries,1
7423,chicken_tenders,1
7424,chicken_tenders,1
7425,fries,1
7426,fries,1
7427,chicken_tenders,1
7428,chicken_tenders,1
7429,chicken_tenders,1
7430,chicken_tenders,1
7431,chicken_tenders,1
7432,fries,1
7433,fries,1
7434,chicken_tenders,1
7435,chicken_tenders,1
7436,chicken_tenders,1
7437,chicken_tenders,1
7438,chicken_tenders,1
7439,chicken_tenders,1
7440,fries,1
7440,fries,1
7441,chicken_tenders,1
7442,chicken_tenders,1
7443,fries,1
7444,fries,1
7445,chicken_tenders,1
7445,chicken_tenders,1
7446,chicken_tenders,1
7447,chicken_tenders,1
7448,fries,2
7448,chicken_tenders,2
7449,fries,1
7449,chicken_tenders,1
7450,chicken_tenders,1
7451,chicken_tenders,2
7452,fries,1
7453,fries,1
7454,chicken_tenders,2
7455,chicken_tenders,1
7456,fries,1
7456,fries,1
7457,chicken_tenders,1
7458,chicken_tenders,1
7459,chicken_tenders,1
7460,chicken_tenders,1
7461,chicken_tenders,1
7461,fries,1
7462,fries,1
7463,fries,1
7464,chicken_tenders,2
7464,fries,1
7465,fries,1
7466,fries,1
7466,chicken_tenders,1
7467,fries,1
7468,hash_brown,1
7469,hash_brown,1
7470,breakfast_wrap,1
7471,breakfast_wrap,1
7471,hash_brown,1
7472,breakfast_wrap,1
7472,hash_brown,2
7473,hash_brown,1
7473,hash_brown,2
7474,breakfast_wrap,1
7475,breakfast_wrap,2
7476,breakfast_wrap,1
7477,hash_brown,1
7478,hash_brown,1
7479,breakfast_wrap,1
7479,hash_brown,1
7480,breakfast_wrap,1
7481,hash_brown,1
7482,breakfast_wrap,1
7483,hash_brown,1
7484,breakfast_wrap,1
7485,hash_brown,1
7486,breakfast_wrap,1
7487,breakfast_wrap,1
7488,hash_brown,1
7488,breakfast_wrap,1
7489,breakfast_wrap,1
7490,hash_brown,2
7490,hash_brown,1
7491,breakfast_wrap,2
7492,hash_brown,1
7493,breakfast_wrap,1
7494,breakfast_wrap,1
7495,breakfast_wrap,1
7495,breakfast_wrap,1
7496,hash_brown,1
7497,hash_brown,1
7497,hash_brown,2
7498,breakfast_wrap,2
7498,breakfast_wrap,1
7499,breakfast_wrap,1
7499,hash_brown,1
7500,breakfast_wrap,2
7500,breakfast_wrap,1
7501,breakfast_wrap,1
7502,hash_brown,1
7503,hash_brown,1
7503,breakfast_wrap,2
7504,hash_brown,2
7505,hash_brown,1
7506,hash_brown,1
7507,breakfast_wrap,1
7508,hash_brown,1
7509,breakfast_wrap,1
7509,hash_brown,1
7510,hash_brown,1
7510,breakfast_wrap,1
7511,breakfast_wrap,1
7512,breakfast_wrap,1
7513,hash_brown,1
7514,hash_brown,1
7514,breakfast_wrap,1
7515,hash_brown,1
7516,breakfast_wrap,1
7517,hash_brown,1
7518,hash_brown,1
7519,hash_brown,2
7520,breakfast_wrap,1
7520,hash_brown,2
7521,breakfast_wrap,1
7522,hash_brown,2
7523,hash_brown,1
7524,hash_brown,1
7525,hash_brown,1
7526,hash_brown,1
7526,hash_brown,1
7527,breakfast_wrap,1
7528,hash_brown,1
7528,hash_brown,1
7529,hash_brown,1
7529,breakfast_wrap,1
7530,hash_brown,1
7530,hash_brown,1
7531,breakfast_wrap,1
7532,hash_brown,1
7533,breakfast_wrap,1
7534,breakfast_wrap,1
7535,hash_brown,2
7536,breakfast_wrap,1
7537,breakfast_wrap,1
7538,breakfast_wrap,1
7539,hash_brown,2
7539,breakfast_wrap,1
7540,breakfast_wrap,1
7541,breakfast_wrap,2
7541,breakfast_wrap,1
7542,breakfast_wrap,1
7542,breakfast_wrap,1
7543,hash_brown,1
7544,hash_brown,1
7544,breakfast_wrap,2
7545,breakfast_wrap,1
7545,hash_brown,1
7546,breakfast_wrap,1
7547,breakfast_wrap,1
7548,breakfast_wrap,1
7549,hash_brown,1
7550,hash_brown,1
7550,breakfast_wrap,1
7551,hash_brown,1
7551,breakfast_wrap,1
7552,fries,2
7553,chicken_tenders,1
7554,fries,1
7555,chicken_tenders,2
7556,fries,1
7557,fries,2
7557,fries,1
7558,chicken_tenders,1
7559,fries,1
7560,fries,1
7560,chicken_tenders,2
7561,fries,1
7561,chicken_tenders,1
7562,fries,1
7563,chicken_tenders,1
7564,fries,1
7564,fries,1
7565,fries,1
7566,chicken_tenders,1
7566,fries,1
7567,fries,1
7568,chicken_tenders,2
7569,fries,1
7570,fries,1
7570,fries,1
7571,fries,1
7572,fries,2
7573,chicken_tenders,1
7574,fries,1
7574,chicken_tenders,2
7575,chicken_tenders,1
7575,chicken_tenders,1
7576,fries,1
7576,fries,1
7577,chicken_tenders,2
7578,fries,1
7579,chicken_tenders,1
7579,fries,2
7580,fries,2
7581,fries,1
7582,fries,1
7583,chicken_tenders,2
7584,fries,2
7585,chicken_tenders,1
7586,chicken_tenders,1
7587,fries,1
7587,chicken_tenders,1
7588,chicken_tenders,1
7588,chicken_tenders,1
7589,chicken_tenders,1
7590,fries,1
7591,chicken_tenders,2
7591,fries,2
7592,fries,1
7593,fries,1
7593,fries,1
7594,chicken_tenders,1
7595,fries,1
7596,chicken_tenders,1
7597,fries,1
7598,fries,1
7599,fries,1
7600,fries,1
7601,chicken_tenders,1
7602,fries,1
7602,fries,1
7603,chicken_tenders,1
7603,chicken_tenders,2
7604,chicken_tenders,1
7605,chicken_tenders,1
7606,fries,1
7607,chicken_tenders,1
7608,fries,1
7609,fries,1
7610,fries,2
7611,fries,1
7612,chicken_tenders,1
7612,fries,1
7613,chicken_tenders,1
7614,fries,1
7614,chicken_tenders,1
7615,fries,1
7615,chicken_tenders,1
7616,fries,2
7616,chicken_tenders,1
7617,fries,1
7617,chicken_tenders,1
7618,fries,1
7619,fries,1
7619,fries,2
7620,fries,2
7621,fries,1
7622,chicken_tenders,1
7623,fries,1
7624,fries,1
7625,fries,1
7625,fries,1
7626,chicken_tenders,1
7626,fries,1
7627,chicken_tenders,2
7628,chicken_tenders,2
7629,fries,1
7630,fries,1
7631,fries,1
7632,chicken_tenders,1
7633,fries,2
7633,fries,1
7634,chicken_tenders,1
7634,fries,1
7635,chicken_tenders,2
7636,fries,2
7637,chicken_tenders,1
7638,chicken_tenders,1
7639,fries,1
7639,fries,1
7640,fries,1
7641,chicken_tenders,2
7642,fries,2
7643,fries,1
7644,chicken_tenders,2
7645,chicken_tenders,1
7646,chicken_tenders,1
7646,chicken_tenders,1
7647,fries,1
7648,fries,1
7649,chicken_tenders,1
7649,fries,1
7650,chicken_tenders,1
7651,chicken_tenders,1
7651,chicken_tenders,1
7652,chicken_tenders,1
7653,fries,1
7654,fries,1
7655,fries,1
7656,fries,1
7656,chicken_tenders,1
7657,chicken_tenders,1
7657,fries,1
7658,fries,1
7659,chicken_tenders,1
7660,chicken_tenders,1
7661,chicken_tenders,1
7661,chicken_tenders,1
7662,fries,1
7663,fries,1
7664,chicken_tenders,2
7665,chicken_tenders,2
7666,chicken_tenders,1
7667,chicken_tenders,1
7668,fries,1
7669,fries,1
7669,fries,2
7670,chicken_tenders,1
7671,fries,1
7672,fries,1
7672,fries,1
7673,chicken_tenders,1
7674,chicken_tenders,1
7675,chicken_tenders,1
7676,chicken_tenders,1
7677,fries,1
7677,fries,2
7678,fries,1
7678,chicken_tenders,1
7679,chicken_tenders,1
7679,fries,1
7680,fries,1
7681,chicken_tenders,1
7682,fries,1
7682,fries,1
7683,chicken_tenders,1
7684,fries,1
7685,fries,1
7686,chicken_tenders,1
7687,chicken_tenders,1
7688,fries,2
7689,chicken_tenders,1
7690,chicken_tenders,1
7690,fries,1
7691,fries,1
7691,fries,1
7692,chicken_tenders,1
7692,chicken_tenders,1
7693,chicken_tenders,1
7694,chicken_tenders,1
7694,chicken_tenders,1
7695,fries,1
7695,chicken_tenders,1
7696,fries,1
7697,fries,1
7698,fries,1
7699,chicken_tenders,1
7699,fries,1
7700,chicken_tenders,1
7701,fries,1
7701,fries,1
7702,fries,1
7703,chicken_tenders,2
7704,chicken_tenders,1
7704,chicken_tenders,1
7705,fries,2
7705,fries,2
7706,chicken_tenders,1
7706,fries,1
7707,fries,1
7707,chicken_tenders,1
7708,chicken_tenders,1
7708,fries,1
7709,chicken_tenders,1
7709,chicken_tenders,1
7710,chicken_tenders,1
7711,chicken_tenders,1
7712,fries,1
7712,chicken_tenders,1
7713,fries,1
7713,chicken_tenders,1
7714,chicken_tenders,1
7715,fries,1
7715,chicken_tenders,1
7716,chicken_tenders,2
7716,chicken_tenders,1
7717,hash_brown,1
7718,hash_brown,1
7719,hash_brown,1
7720,breakfast_wrap,1
7721,hash_brown,1
7722,breakfast_wrap,1
7723,hash_brown,1
7723,breakfast_wrap,2
7724,hash_brown,1
7725,breakfast_wrap,1
7726,hash_brown,1
7727,breakfast_wrap,1
7727,breakfast_wrap,1
7728,breakfast_wrap,1
7729,breakfast_wrap,1
7729,breakfast_wrap,1
7730,breakfast_wrap,1
7730,hash_brown,2
7731,breakfast_wrap,2
7731,hash_brown,1
7732,breakfast_wrap,2
7733,breakfast_wrap,2
7734,hash_brown,1
7734,hash_brown,1
7735,breakfast_wrap,1
7736,hash_brown,1
7737,hash_brown,1
7738,breakfast_wrap,1
7739,breakfast_wrap,1
7740,hash_brown,1
7741,hash_brown,1
7742,breakfast_wrap,1
7742,breakfast_wrap,1
7743,hash_brown,1
7743,breakfast_wrap,1
7744,breakfast_wrap,1
7745,breakfast_wrap,1
7746,hash_brown,1
7747,breakfast_wrap,1
7748,breakfast_wrap,1
7749,breakfast_wrap,1
7750,breakfast_wrap,1
7751,hash_brown,1
7752,hash_brown,2
7752,hash_brown,1
7753,hash_brown,1
7754,breakfast_wrap,1
7755,breakfast_wrap,1
7756,breakfast_wrap,1
7756,breakfast_wrap,1
7757,hash_brown,1
7757,breakfast_wrap,2
7758,breakfast_wrap,1
7758,breakfast_wrap,1
7759,hash_brown,1
7759,hash_brown,1
7760,breakfast_wrap,2
7761,hash_brown,1
7762,breakfast_wrap,1
7763,breakfast_wrap,1
7764,breakfast_wrap,1
7764,hash_brown,2
7765,breakfast_wrap,1
7765,breakfast_wrap,1
7766,breakfast_wrap,1
7767,hash_brown,1
7768,hash_brown,1
7769,hash_brown,1
7770,breakfast_wrap,1
7770,breakfast_wrap,1
7771,hash_brown,1
7771,hash_brown,1
7772,breakfast_wrap,1
7773,hash_brown,1
7773,hash_brown,1
7774,breakfast_wrap,1
7775,breakfast_wrap,1
7776,breakfast_wrap,1
7777,hash_brown,1
7778,breakfast_wrap,1
7779,hash_brown,1
7780,hash_brown,1
7781,hash_brown,2
7782,hash_brown,1
7783,hash_brown,1
7784,breakfast_wrap,1
7785,hash_brown,1
7786,breakfast_wrap,1
7786,hash_brown,1
7787,breakfast_wrap,1
7788,breakfast_wrap,2
7789,hash_brown,1
7790,breakfast_wrap,2
7791,breakfast_wrap,1
7792,breakfast_wrap,1
7793,hash_brown,1
7794,breakfast_wrap,1
7795,fries,1
7795,fries,1
7796,chicken_tenders,2
7797,fries,1
7798,chicken_tenders,1
7799,fries,1
7799,chicken_tenders,1
7800,chicken_tenders,1
7801,chicken_tenders,1
7802,chicken_tenders,2
7803,chicken_tenders,1
7803,fries,2
7804,fries,1
7804,fries,1
7805,fries,2
7806,fries,1
7807,chicken_tenders,1
7808,chicken_tenders,1
7808,fries,1
7809,fries,1
7810,fries,2
7811,chicken_tenders,1
7811,chicken_tenders,1
7812,fries,2
7813,chicken_tenders,1
7814,fries,1
7815,fries,2
7815,chicken_tenders,1
7816,fries,1
7816,chicken_tenders,1
7817,fries,1
7818,chicken_tenders,1
7819,fries,1
7819,fries,1
7820,fries,1
7820,fries,1
7821,chicken_tenders,1
7821,fries,1
7822,chicken_tenders,1
7823,chicken_tenders,2
7824,fries,1
7825,fries,1
7826,fries,1
7827,fries,1
7828,chicken_tenders,1
7829,chicken_tenders,1
7830,fries,1
7831,fries,2
7832,chicken_tenders,2
7833,chicken_tenders,1
7834,fries,1
7835,fries,1
7836,fries,1
7837,chicken_tenders,1
7838,chicken_tenders,1
7839,chicken_tenders,1
7840,chicken_tenders,1
7841,chicken_tenders,1
7842,chicken_tenders,1
7843,chicken_tenders,1
7844,fries,1
7844,fries,2
7845,fries,1
7845,chicken_tenders,1
7846,fries,1
7847,chicken_tenders,1
7848,fries,1
7849,chicken_tenders,1
7850,chicken_tenders,1
7851,chicken_tenders,1
7852,chicken_tenders,1
7853,chicken_tenders,1
7854,chicken_tenders,2
7855,chicken_tenders,1
7856,chicken_tenders,1
7857,fries,2
7858,fries,1
7859,fries,1
7860,chicken_tenders,1
7861,fries,1
7862,chicken_tenders,2
7862,fries,1
7863,chicken_tenders,1
7864,fries,1
7865,chicken_tenders,1
7866,chicken_tenders,1
7866,fries,1
7867,fries,1
7868,fries,1
7869,fries,1
7870,chicken_tenders,1
7870,chicken_tenders,1
7871,chicken_tenders,1
7872,fries,1
7872,fries,1
7873,fries,1
7873,fries,1
7874,chicken_tenders,1
7874,fries,1
7875,fries,1
7876,chicken_tenders,1
7877,fries,1
7878,chicken_tenders,2
7879,chicken_tenders,1
7880,fries,1
7880,fries,1
7881,fries,1
7882,chicken_tenders,1
7883,fries,1
7884,chicken_tenders,1
7885,chicken_tenders,1
7885,chicken_tenders,2
7886,chicken_tenders,1
7886,fries,2
7887,fries,1
7888,fries,2
7889,fries,1
7889,fries,1
7890,fries,1
7891,fries,1
7892,fries,1
7892,chicken_tenders,2
7893,fries,1
7894,chicken_tenders,2
7895,chicken_tenders,1
7895,chicken_tenders,1
7896,chicken_tenders,1
7897,fries,1
7898,fries,1
7898,chicken_tenders,2
7899,fries,1
7900,fries,1
7901,chicken_tenders,1
7902,fries,2
7903,fries,1
7903,chicken_tenders,1
7904,fries,1
7905,fries,1
7905,chicken_tenders,1
7906,chicken_tenders,1
7906,fries,2
7907,chicken_tenders,1
7907,fries,1
7908,chicken_tenders,1
7908,fries,1
7909,chicken_tenders,1
7909,fries,1
7910,fries,1
7911,chicken_tenders,1
7912,fries,1
7913,chicken_tenders,1
7914,fries,1
7915,fries,1
7916,fries,2
7917,fries,1
7918,fries,1
7918,chicken_tenders,2
7919,chicken_tenders,1
7920,fries,2
7921,chicken_tenders,1
7921,fries,1
7922,fries,1
7923,chicken_tenders,1
7924,fries,1
7924,fries,1
7925,fries,2
7926,fries,1
7927,chicken_tenders,1
7928,fries,1
7928,fries,1
7929,fries,1
7929,fries,1
7930,chicken_tenders,1
7931,chicken_tenders,1
7931,fries,1
7932,fries,1
7933,chicken_tenders,1
7934,fries,2
7934,chicken_tenders,1
7935,chicken_tenders,1
7936,chicken_tenders,1
7937,fries,1
7938,chicken_tenders,1
7938,chicken_tenders,1
7939,chicken_tenders,2
7940,chicken_tenders,1
7941,fries,1
7942,fries,1
7942,chicken_tenders,1
7943,fries,1
7943,chicken_tenders,2
7944,fries,2
7945,chicken_tenders,1
7946,hash_brown,1
7947,breakfast_wrap,1
7947,breakfast_wrap,2
7948,breakfast_wrap,2
7949,hash_brown,1
7950,hash_brown,1
7950,hash_brown,1
7951,hash_brown,1
7952,hash_brown,1
7953,hash_brown,1
7954,breakfast_wrap,1
7955,hash_brown,1
7956,breakfast_wrap,1
7957,hash_brown,1
7958,breakfast_wrap,1
7959,hash_brown,1
7960,hash_brown,1
7960,hash_brown,2
7961,hash_brown,2
7962,hash_brown,1
7963,hash_brown,1
7964,breakfast_wrap,1
7965,hash_brown,1
7966,hash_brown,1
7967,hash_brown,1
7967,hash_brown,1
7968,breakfast_wrap,1
7968,breakfast_wrap,1
7969,breakfast_wrap,1
7970,hash_brown,1
7971,hash_brown,1
7972,hash_brown,1
7973,breakfast_wrap,1
7973,hash_brown,1
7974,breakfast_wrap,1
7975,breakfast_wrap,2
7975,hash_brown,2
7976,hash_brown,1
7977,hash_brown,1
7978,breakfast_wrap,1
7978,hash_brown,1
7979,breakfast_wrap,1
7980,hash_brown,1
7981,breakfast_wrap,1
7982,hash_brown,2
7983,hash_brown,1
7984,hash_brown,1
7985,breakfast_wrap,1
7986,hash_brown,1
7986,hash_brown,1
7987,breakfast_wrap,1
7988,hash_brown,1
7988,breakfast_wrap,1
7989,breakfast_wrap,1
7990,breakfast_wrap,1
7991,breakfast_wrap,1
7992,hash_brown,1
7993,hash_brown,1
7994,breakfast_wrap,1
7995,breakfast_wrap,1
7996,hash_brown,1
7997,breakfast_wrap,1
7998,hash_brown,1
7999,breakfast_wrap,1
8000,hash_brown,2
8000,hash_brown,1
8001,hash_brown,1
8002,hash_brown,2
8003,breakfast_wrap,1
8004,breakfast_wrap,2
8005,breakfast_wrap,2
8006,breakfast_wrap,1
8006,hash_brown,1
8007,breakfast_wrap,1
8007,hash_brown,2
8008,breakfast_wrap,1
8009,hash_brown,1
8010,breakfast_wrap,1
8010,hash_brown,1
8011,breakfast_wrap,1
8012,hash_brown,1
8013,breakfast_wrap,2
8014,hash_brown,1
8015,hash_brown,1
8016,hash_brown,1
8016,breakfast_wrap,1
8017,breakfast_wrap,1
8018,breakfast_wrap,1
8018,breakfast_wrap,1
8019,hash_brown,1
8019,hash_brown,1
8020,breakfast_wrap,1
8021,breakfast_wrap,2
8022,breakfast_wrap,1
8023,breakfast_wrap,1
8023,hash_brown,1
8024,hash_brown,2
8024,breakfast_wrap,1
8025,breakfast_wrap,1
8026,breakfast_wrap,1
8027,hash_brown,1
8028,breakfast_wrap,1
8029,breakfast_wrap,2
8029,hash_brown,2
8030,breakfast_wrap,1
8031,hash_brown,1
8032,hash_brown,1
8033,breakfast_wrap,2
8033,hash_brown,1
8034,breakfast_wrap,1
8035,breakfast_wrap,1
8036,fries,1
8037,chicken_tenders,2
8038,fries,1
8039,chicken_tenders,2
8040,chicken_tenders,1
8040,fries,1
8041,chicken_tenders,1
8042,chicken_tenders,1
8043,chicken_tenders,1
8044,fries,1
8045,fries,1
8046,fries,1
8047,fries,1
8048,fries,1
8049,chicken_tenders,1
8050,fries,2
8050,fries,1
8051,fries,1
8052,fries,1
8053,fries,1
8054,chicken_tenders,1
8054,chicken_tenders,1
8055,fries,2
8056,fries,1
8056,fries,1
8057,chicken_tenders,1
8058,chicken_tenders,1
8059,fries,1
8059,fries,1
8060,chicken_tenders,1
8060,fries,2
8061,fries,1
8062,fries,1
8062,fries,1
8063,fries,1
8064,fries,1
8065,chicken_tenders,1
8066,fries,1
8066,fries,1
8067,chicken_tenders,2
8068,chicken_tenders,1
8069,chicken_tenders,1
8070,chicken_tenders,1
8070,fries,1
8071,chicken_tenders,1
8071,fries,1
8072,chicken_tenders,2
8073,fries,1
8074,fries,1
8074,chicken_tenders,1
8075,chicken_tenders,1
8076,chicken_tenders,2
8077,chicken_tenders,1
8078,fries,1
8078,chicken_tenders,1
8079,chicken_tenders,1
8080,chicken_tenders,1
8081,fries,1
8081,chicken_tenders,1
8082,chicken_tenders,1
8082,chicken_tenders,1
8083,chicken_tenders,1
8084,fries,1
8084,chicken_tenders,2
8085,chicken_tenders,2
8086,fries,1
8087,fries,1
8088,chicken_tenders,2
8089,fries,1
8090,fries,1
8091,chicken_tenders,1
8092,fries,1
8093,fries,1
8094,chicken_tenders,1
8095,chicken_tenders,1
8096,chicken_tenders,2
8097,fries,1
8098,chicken_tenders,2
8099,chicken_tenders,1
8100,fries,1
8101,fries,1
8102,chicken_tenders,1
8103,chicken_tenders,1
8104,fries,1
8105,fries,1
8106,fries,1
8107,chicken_tenders,1
8108,fries,2
8108,fries,1
8109,chicken_tenders,1
8110,chicken_tenders,1
8110,chicken_tenders,1
8111,fries,1
8112,fries,1
8113,chicken_tenders,1
8113,chicken_tenders,1
8114,chicken_tenders,1
8115,chicken_tenders,2
8116,chicken_tenders,1
8117,chicken_tenders,1
8118,fries,1
8119,fries,1
8119,fries,1
8120,chicken_tenders,1
8120,fries,1
8121,fries,2
8122,fries,1
8123,chicken_tenders,1
8124,chicken_tenders,1
8124,chicken_tenders,1
8125,chicken_tenders,1
8125,chicken_tenders,1
8126,chicken_tenders,1
8127,fries,1
8127,chicken_tenders,1
8128,fries,1
8129,chicken_tenders,1
8130,fries,1
8130,fries,1
8131,chicken_tenders,1
8132,fries,1
8133,fries,1
8134,fries,1
8135,chicken_tenders,2
8136,chicken_tenders,1
8137,fries,1
8138,fries,1
8139,fries,1
8140,fries,1
8140,chicken_tenders,2
8141,chicken_tenders,2
8141,chicken_tenders,1
8142,chicken_tenders,2
8142,fries,1
8143,fries,1
8143,fries,1
8144,chicken_tenders,1
8145,fries,1
8145,fries,1
8146,fries,1
8147,fries,2
8148,chicken_tenders,2
8149,fries,1
8149,fries,1
8150,fries,1
8151,chicken_tenders,1
8151,chicken_tenders,2
8152,fries,1
8153,fries,1
8153,chicken_tenders,2
8154,chicken_tenders,1
8155,fries,1
8155,chicken_tenders,1
8156,fries,1
8156,fries,1
8157,chicken_tenders,1
8158,chicken_tenders,1
8159,fries,1
8160,chicken_tenders,1
8160,chicken_tenders,1
8161,chicken_tenders,1
8162,chicken_tenders,2
8163,chicken_tenders,1
8164,chicken_tenders,2
8164,fries,1
8165,fries,1
8166,fries,1
8167,chicken_tenders,1
8167,chicken_tenders,1
8168,fries,1
8169,chicken_tenders,1
8170,chicken_tenders,1
8171,fries,1
8172,fries,1
8173,fries,1
8173,fries,1
8174,fries,1
8175,chicken_tenders,1
8176,fries,2
8177,chicken_tenders,1
8178,chicken_tenders,1
8179,chicken_tenders,1
8180,hash_brown,1
8181,hash_brown,1
8182,breakfast_wrap,1
8183,hash_brown,1
8184,hash_brown,1
8185,breakfast_wrap,1
8186,breakfast_wrap,1
8187,hash_brown,1
8188,breakfast_wrap,1
8188,hash_brown,2
8189,hash_brown,1
8190,breakfast_wrap,1
8191,breakfast_wrap,1
8191,hash_brown,1
8192,hash_brown,2
8192,breakfast_wrap,1
8193,breakfast_wrap,1
8194,hash_brown,1
8195,breakfast_wrap,1
8196,hash_brown,2
8197,hash_brown,1
8197,breakfast_wrap,1
8198,breakfast_wrap,1
8199,breakfast_wrap,1
8200,breakfast_wrap,1
8201,breakfast_wrap,1
8202,hash_brown,1
8203,hash_brown,1
8204,breakfast_wrap,1
8205,breakfast_wrap,2
8206,breakfast_wrap,2
8207,breakfast_wrap,1
8207,hash_brown,2
8208,breakfast_wrap,1
8209,hash_brown,1
8210,breakfast_wrap,2
8210,breakfast_wrap,1
8211,breakfast_wrap,2
8212,breakfast_wrap,1
8213,hash_brown,2
8214,hash_brown,1
8215,hash_brown,1
8216,breakfast_wrap,1
8217,hash_brown,1
8217,breakfast_wrap,1
8218,hash_brown,1
8219,breakfast_wrap,1
8220,hash_brown,1
8221,hash_brown,1
8221,breakfast_wrap,1
8222,breakfast_wrap,1
8223,hash_brown,1
8224,breakfast_wrap,1
8225,breakfast_wrap,1
8226,hash_brown,1
8227,breakfast_wrap,1
8227,breakfast_wrap,1
8228,breakfast_wrap,1
8228,breakfast_wrap,1
8229,hash_brown,1
8229,breakfast_wrap,1
8230,hash_brown,1
8231,breakfast_wrap,1
8232,hash_brown,1
8233,breakfast_wrap,1
8234,hash_brown,1
8235,hash_brown,1
8236,breakfast_wrap,1
8237,breakfast_wrap,1
8238,breakfast_wrap,2
8239,hash_brown,1
8240,hash_brown,2
8241,hash_brown,1
8242,chicken_tenders,1
8243,chicken_tenders,1
8244,chicken_tenders,1
8245,chicken_tenders,1
8246,chicken_tenders,1
8247,fries,1
8248,fries,1
8248,chicken_tenders,1
8249,chicken_tenders,1
8249,chicken_tenders,1
8250,chicken_tenders,1
8251,chicken_tenders,1
8252,chicken_tenders,1
8253,fries,1
8254,fries,1
8254,fries,2
8255,fries,1
8256,chicken_tenders,1
8256,chicken_tenders,1
8257,chicken_tenders,1
8258,fries,1
8259,fries,1
8260,fries,1
8261,chicken_tenders,1
8262,chicken_tenders,1
8263,chicken_tenders,1
8263,chicken_tenders,1
8264,chicken_tenders,1
8265,fries,1
8266,fries,2
8267,chicken_tenders,1
8267,chicken_tenders,2
8268,fries,1
8268,chicken_tenders,2
8269,fries,1
8270,fries,1
8271,chicken_tenders,1
8272,fries,2
8273,fries,1
8274,fries,1
8275,chicken_tenders,1
8276,fries,1
8276,fries,1
8277,fries,1
8278,fries,1
8279,fries,1
8279,fries,1
8280,fries,1
8281,chicken_tenders,1
8282,chicken_tenders,1
8283,chicken_tenders,1
8283,chicken_tenders,1
8284,fries,1
8285,fries,2
8286,chicken_tenders,1
8287,fries,1
8288,chicken_tenders,1
8288,fries,1
8289,chicken_tenders,1
8290,chicken_tenders,1
8290,chicken_tenders,1
8291,fries,1
8292,fries,1
8293,chicken_tenders,1
8293,fries,1
8294,fries,1
8295,fries,1
8295,fries,1
8296,fries,1
8297,chicken_tenders,1
8298,fries,1
8299,chicken_tenders,1
8300,fries,1
8301,fries,1
8302,fries,2
8303,fries,1
8304,chicken_tenders,1
8305,fries,1
8306,fries,1
8307,fries,1
8308,fries,1
8309,fries,1
8310,chicken_tenders,2
8311,fries,1
8312,fries,1
8312,fries,1
8313,fries,1
8314,fries,1
8314,chicken_tenders,1
8315,fries,1
8316,fries,1
8317,chicken_tenders,2
8318,chicken_tenders,1
8319,chicken_tenders,1
8320,fries,1
8321,fries,1
8322,chicken_tenders,1
8322,fries,2
8323,fries,1
8324,fries,1
8324,chicken_tenders,1
8325,chicken_tenders,1
8326,chicken_tenders,1
8327,chicken_tenders,1
8327,chicken_tenders,1
8328,fries,1
8329,fries,1
8330,fries,1
8331,fries,1
8332,chicken_tenders,1
8333,chicken_tenders,2
8334,fries,1
8335,fries,1
8336,chicken_tenders,2
8337,fries,2
8338,chicken_tenders,1
8339,chicken_tenders,1
8339,fries,1
8340,fries,1
8340,chicken_tenders,1
8341,chicken_tenders,1
8341,chicken_tenders,2
8342,chicken_tenders,1
8342,fries,1
8343,chicken_tenders,1
8344,fries,1
8345,fries,1
8345,chicken_tenders,1
8346,chicken_tenders,1
8347,fries,1
8347,fries,1
8348,chicken_tenders,1
8348,fries,2
8349,chicken_tenders,1
8350,fries,1
8350,fries,1
8351,fries,1
8351,fries,1
8352,fries,1
8353,chicken_tenders,2
8354,chicken_tenders,1
8355,chicken_tenders,1
8355,fries,1
8356,fries,1
8357,chicken_tenders,1
8358,fries,1
8359,fries,1
8359,chicken_tenders,1
8360,fries,2
8361,fries,1
8362,chicken_tenders,1
8363,fries,1
8364,chicken_tenders,2
8365,fries,1
8366,chicken_tenders,2
8367,fries,1
8368,fries,1
8368,chicken_tenders,2
8369,chicken_tenders,1
8370,fries,1
8370,chicken_tenders,1
8371,chicken_tenders,1
8371,fries,2
8372,chicken_tenders,1
8373,fries,2
8374,chicken_tenders,1
8375,chicken_tenders,1
8376,chicken_tenders,1
8376,chicken_tenders,1
8377,fries,1
8378,fries,1
8378,fries,1
8379,chicken_tenders,1
8379,chicken_tenders,1
8380,chicken_tenders,1
8381,chicken_tenders,1
8382,fries,1
8382,fries,1
8383,chicken_tenders,1
8383,chicken_tenders,1
8384,chicken_tenders,2
8384,fries,2
8385,fries,1
8385,fries,2
8386,chicken_tenders,1
8387,fries,1
8388,fries,1
8388,fries,1
8389,fries,1
8390,fries,1
8391,chicken_tenders,1
8392,chicken_tenders,1
8393,chicken_tenders,1
8393,fries,1
8394,chicken_tenders,2
8394,fries,2
8395,chicken_tenders,1
8396,chicken_tenders,2
8397,fries,1
8397,fries,1
8398,chicken_tenders,1
8399,fries,1
8400,fries,1
8400,fries,1
8401,breakfast_wrap,1
8402,breakfast_wrap,1
8403,hash_brown,2
8404,breakfast_wrap,1
8405,breakfast_wrap,1
8406,hash_brown,1
8407,breakfast_wrap,1
8407,breakfast_wrap,1
8408,breakfast_wrap,1
8409,breakfast_wrap,1
8410,breakfast_wrap,2
8411,hash_brown,1
8411,hash_brown,1
8412,hash_brown,1
8413,hash_brown,1
8414,breakfast_wrap,1
8415,breakfast_wrap,1
8416,hash_brown,1
8416,breakfast_wrap,1
8417,hash_brown,1
8418,hash_brown,1
8418,hash_brown,1
8419,breakfast_wrap,1
8420,breakfast_wrap,1
8421,hash_brown,1
8422,breakfast_wrap,1
8423,breakfast_wrap,1
8424,hash_brown,1
8424,hash_brown,1
8425,hash_brown,1
8426,hash_brown,1
8427,breakfast_wrap,1
8427,breakfast_wrap,2
8428,hash_brown,1
8428,hash_brown,2
8429,hash_brown,1
8429,hash_brown,1
8430,breakfast_wrap,1
8431,hash_brown,1
8432,breakfast_wrap,1
8432,breakfast_wrap,2
8433,hash_brown,1
8434,hash_brown,1
8435,hash_brown,1
8436,hash_brown,1
8437,breakfast_wrap,1
8438,hash_brown,1
8439,breakfast_wrap,1
8439,hash_brown,1
8440,breakfast_wrap,1
8441,hash_brown,1
8442,hash_brown,1
8442,hash_brown,2
8443,hash_brown,1
8443,hash_brown,1
8444,hash_brown,1
8445,breakfast_wrap,1
8446,breakfast_wrap,1
8447,hash_brown,1
8448,hash_brown,1
8449,breakfast_wrap,1
8450,hash_brown,1
8451,hash_brown,1
8452,hash_brown,2
8453,hash_brown,1
8454,hash_brown,1
8455,breakfast_wrap,1
8456,breakfast_wrap,1
8457,breakfast_wrap,2
8458,hash_brown,1
8459,hash_brown,1
8459,breakfast_wrap,1
8460,breakfast_wrap,1
8461,breakfast_wrap,1
8462,breakfast_wrap,1
8463,hash_brown,1
8464,breakfast_wrap,1
8465,hash_brown,1
8466,hash_brown,1
8467,hash_brown,1
8468,breakfast_wrap,1
8469,breakfast_wrap,1
8470,hash_brown,1
8470,breakfast_wrap,2
8471,breakfast_wrap,2
8472,hash_brown,1
8473,breakfast_wrap,1
8473,breakfast_wrap,1
8474,breakfast_wrap,1
8475,hash_brown,1
8476,hash_brown,1
8477,breakfast_wrap,1
8477,breakfast_wrap,1
8478,breakfast_wrap,1
8479,breakfast_wrap,1
8480,hash_brown,2
8481,breakfast_wrap,1
8481,breakfast_wrap,1
8482,hash_brown,2
8482,hash_brown,1
8483,hash_brown,1
8484,hash_brown,1
8485,hash_brown,1
8486,hash_brown,1
8487,hash_brown,2
8488,breakfast_wrap,1
8489,hash_brown,1
8490,hash_brown,1
8491,hash_brown,1
8491,breakfast_wrap,1
8492,chicken_tenders,2
8493,fries,1
8494,chicken_tenders,1
8495,chicken_tenders,2
8496,chicken_tenders,1
8497,fries,1
8498,chicken_tenders,2
8499,fries,1
8500,fries,1
8500,chicken_tenders,1
8501,fries,1
8502,fries,2
8503,fries,2
8503,chicken_tenders,1
8504,fries,1
8505,chicken_tenders,1
8506,fries,1
8507,fries,1
8508,fries,1
8509,chicken_tenders,1
8510,chicken_tenders,1
8510,chicken_tenders,1
8511,chicken_tenders,2
8512,fries,2
8512,chicken_tenders,2
8513,chicken_tenders,1
8513,fries,1
8514,chicken_tenders,1
8515,fries,1
8516,fries,1
8517,fries,1
8517,fries,2
8518,chicken_tenders,1
8519,chicken_tenders,1
8520,fries,2
8521,chicken_tenders,1
8522,fries,2
8523,fries,1
8523,chicken_tenders,2
8524,fries,1
8524,fries,1
8525,fries,1
8525,fries,1
8526,fries,1
8526,fries,1
8527,fries,1
8527,fries,1
8528,chicken_tenders,1
8529,fries,1
8529,fries,1
8530,fries,1
8531,chicken_tenders,1
8532,fries,1
8533,chicken_tenders,1
8534,fries,1
8535,chicken_tenders,1
8536,fries,1
8537,fries,1
8537,chicken_tenders,1
8538,fries,1
8539,chicken_tenders,1
8540,chicken_tenders,2
8540,chicken_tenders,2
8541,chicken_tenders,1
8541,fries,1
8542,chicken_tenders,1
8543,fries,1
8544,fries,1
8544,fries,1
8545,chicken_tenders,1
8546,fries,2
8546,chicken_tenders,1
8547,chicken_tenders,1
8548,fries,1
8549,chicken_tenders,2
8550,chicken_tenders,1
8551,chicken_tenders,1
8552,fries,1
8552,fries,1
8553,fries,1
8553,chicken_tenders,1
8554,chicken_tenders,1
8555,fries,2
8556,chicken_tenders,1
8557,chicken_tenders,1
8558,fries,2
8559,chicken_tenders,1
8560,chicken_tenders,1
8560,fries,1
8561,fries,1
8562,fries,1
8563,chicken_tenders,1
8564,fries,2
8565,chicken_tenders,1
8565,fries,1
8566,chicken_tenders,1
8567,fries,1
8568,fries,2
8569,fries,2
8569,fries,1
8570,fries,1
8570,fries,1
8571,fries,2
8572,fries,1
8573,chicken_tenders,1
8574,chicken_tenders,1
8575,chicken_tenders,1
8576,fries,1
8576,chicken_tenders,1
8577,fries,1
8578,chicken_tenders,1
8579,fries,1
8580,chicken_tenders,1
8580,fries,2
8581,fries,1
8582,fries,1
8582,fries,1
8583,chicken_tenders,1
8584,fries,1
8585,chicken_tenders,1
8586,chicken_tenders,1
8587,fries,1
8588,chicken_tenders,1
8589,fries,1
8589,chicken_tenders,1
8590,fries,1
8591,chicken_tenders,1
8592,chicken_tenders,1
8593,fries,1
8593,fries,2
8594,fries,1
8595,chicken_tenders,1
8596,fries,1
8597,fries,2
8598,fries,1
8599,fries,1
8600,fries,2
8601,fries,1
8602,fries,1
8602,fries,1
8603,chicken_tenders,1
8604,chicken_tenders,2
8605,chicken_tenders,1
8606,fries,2
8607,chicken_tenders,1
8608,fries,1
8609,fries,2
8610,chicken_tenders,1
8611,chicken_tenders,1
8611,fries,1
8612,chicken_tenders,1
8613,chicken_tenders,2
8614,fries,1
8615,chicken_tenders,1
8616,fries,1
8617,fries,1
8618,fries,2
8618,chicken_tenders,1
8619,chicken_tenders,1
8619,fries,2
8620,chicken_tenders,1
8621,chicken_tenders,1
8622,chicken_tenders,1
8623,chicken_tenders,2
8624,fries,1
8625,fries,1
8626,fries,1
8627,chicken_tenders,1
8628,fries,1
8629,fries,1
8630,fries,1
8631,fries,1
8632,fries,1
8633,chicken_tenders,1
8634,chicken_tenders,1
8635,chicken_tenders,1
8635,chicken_tenders,1
8636,fries,2
8637,chicken_tenders,1
8637,fries,1
8638,chicken_tenders,1
8638,chicken_tenders,1
8639,fries,2
8640,chicken_tenders,1
8641,fries,1
8641,chicken_tenders,1
8642,chicken_tenders,2
8643,fries,2
8644,fries,1
8645,fries,1
8646,fries,1
8647,chicken_tenders,2
8648,breakfast_wrap,1
8649,hash_brown,1
8650,hash_brown,1
8651,hash_brown,1
8651,hash_brown,1
8652,hash_brown,1
8653,breakfast_wrap,1
8653,breakfast_wrap,1
8654,hash_brown,1
8654,breakfast_wrap,2
8655,hash_brown,1
8656,breakfast_wrap,1
8657,breakfast_wrap,1
8658,breakfast_wrap,1
8659,breakfast_wrap,2
8660,breakfast_wrap,1
8661,breakfast_wrap,1
8662,breakfast_wrap,1
8662,hash_brown,1
8663,breakfast_wrap,1
8663,hash_brown,1
8664,breakfast_wrap,1
8664,breakfast_wrap,1
8665,breakfast_wrap,1
8666,hash_brown,1
8666,breakfast_wrap,1
8667,breakfast_wrap,1
8667,hash_brown,1
8668,hash_brown,1
8669,hash_brown,1
8670,breakfast_wrap,1
8671,hash_brown,2
8672,hash_brown,1
8673,hash_brown,1
8674,hash_brown,2
8675,breakfast_wrap,2
8675,hash_brown,1
8676,breakfast_wrap,1
8677,hash_brown,1
8678,breakfast_wrap,1
8679,breakfast_wrap,1
8680,hash_brown,1
8681,breakfast_wrap,1
8682,breakfast_wrap,1
8682,breakfast_wrap,1
8683,breakfast_wrap,1
8683,breakfast_wrap,1
8684,breakfast_wrap,1
8685,breakfast_wrap,1
8686,hash_brown,1
8687,breakfast_wrap,1
8687,breakfast_wrap,1
8688,hash_brown,1
8688,hash_brown,1
8689,hash_brown,1
8689,hash_brown,1
8690,hash_brown,1
8691,breakfast_wrap,1
8692,hash_brown,1
8693,breakfast_wrap,1
8694,breakfast_wrap,1
8694,hash_brown,1
8695,hash_brown,2
8696,breakfast_wrap,1
8697,hash_brown,1
8697,hash_brown,1
8698,breakfast_wrap,1
8699,hash_brown,1
8700,hash_brown,1
8701,breakfast_wrap,1
8701,breakfast_wrap,1
8702,hash_brown,1
8703,breakfast_wrap,1
8704,breakfast_wrap,1
8705,hash_brown,1
8706,breakfast_wrap,1
8707,hash_brown,1
8707,breakfast_wrap,1
8708,hash_brown,1
8708,hash_brown,1
8709,breakfast_wrap,2
8710,hash_brown,1
8711,hash_brown,1
8712,hash_brown,1
8713,breakfast_wrap,1
8714,breakfast_wrap,1
8715,breakfast_wrap,1
8716,breakfast_wrap,1
8717,hash_brown,1
8717,breakfast_wrap,1
8718,breakfast_wrap,1
8719,fries,1
8720,chicken_tenders,1
8721,fries,1
8722,chicken_tenders,1
8723,chicken_tenders,1
8724,chicken_tenders,2
8725,chicken_tenders,1
8726,fries,1
8726,fries,1
8727,chicken_tenders,1
8728,fries,1
8728,chicken_tenders,1
8729,chicken_tenders,2
8730,chicken_tenders,1
8731,chicken_tenders,2
8732,fries,1
8733,chicken_tenders,1
8734,fries,1
8735,chicken_tenders,2
8736,fries,1
8737,chicken_tenders,2
8737,fries,1
8738,fries,1
8738,chicken_tenders,1
8739,fries,2
8740,fries,1
8740,chicken_tenders,1
8741,fries,1
8742,chicken_tenders,1
8743,fries,2
8744,fries,2
8745,fries,1
8746,chicken_tenders,2
8747,chicken_tenders,1
8748,fries,1
8748,chicken_tenders,1
8749,fries,2
8749,chicken_tenders,1
8750,chicken_tenders,1
8750,fries,1
8751,fries,1
8752,chicken_tenders,1
8753,chicken_tenders,1
8753,fries,2
8754,chicken_tenders,1
8755,chicken_tenders,1
8756,chicken_tenders,2
8757,chicken_tenders,1
8758,chicken_tenders,1
8759,fries,1
8759,fries,1
8760,fries,1
8760,fries,1
8761,fries,1
8762,chicken_tenders,2
8763,fries,1
8764,chicken_tenders,2
8765,chicken_tenders,2
8766,fries,1
8767,fries,1
8767,chicken_tenders,1
8768,fries,1
8769,fries,1
8770,fries,1
8771,fries,1
8772,chicken_tenders,2
8772,fries,1
8773,chicken_tenders,1
8774,fries,1
8775,chicken_tenders,1
8776,fries,1
8777,fries,1
8778,chicken_tenders,1
8779,fries,2
8780,chicken_tenders,1
8781,chicken_tenders,1
8782,chicken_tenders,1
8783,fries,1
8784,fries,1
8785,chicken_tenders,1
8786,fries,2
8787,fries,1
8788,chicken_tenders,1
8788,fries,1
8789,chicken_tenders,1
8789,fries,1
8790,fries,1
8791,fries,1
8792,chicken_tenders,1
8793,chicken_tenders,1
8794,fries,1
8794,chicken_tenders,1
8795,chicken_tenders,1
8796,fries,1
8797,chicken_tenders,2
8798,fries,1
8799,fries,1
8800,chicken_tenders,1
8801,chicken_tenders,1
8802,fries,1
8802,fries,1
8803,chicken_tenders,1
8804,fries,1
8804,fries,1
8805,chicken_tenders,1
8805,fries,1
8806,fries,1
8807,chicken_tenders,1
8808,chicken_tenders,1
8809,fries,1
8810,chicken_tenders,1
8810,fries,1
8811,fries,1
8812,chicken_tenders,1
8812,fries,1
8813,fries,1
8814,fries,1
8814,fries,1
8815,fries,2
8816,chicken_tenders,1
8816,fries,1
8817,chicken_tenders,1
8818,fries,2
8819,fries,1
8819,chicken_tenders,1
8820,chicken_tenders,1
8821,fries,1
8822,fries,1
8822,fries,1
8823,fries,2
8824,chicken_tenders,1
8825,fries,1
8826,chicken_tenders,1
8827,fries,1
8827,chicken_tenders,2
8828,fries,1
8829,fries,1
8830,fries,2
8830,chicken_tenders,1
8831,fries,1
8832,fries,1
8833,fries,2
8834,chicken_tenders,1
8835,chicken_tenders,2
8836,fries,1
8837,chicken_tenders,1
8837,chicken_tenders,2
8838,chicken_tenders,1
8839,chicken_tenders,1
8839,chicken_tenders,2
8840,chicken_tenders,1
8841,chicken_tenders,1
8841,chicken_tenders,1
8842,chicken_tenders,1
8842,fries,1
8843,chicken_tenders,2
8844,fries,1
8845,chicken_tenders,1
8845,chicken_tenders,1
8846,fries,1
8846,fries,1
8847,chicken_tenders,1
8847,fries,1
8848,chicken_tenders,2
8849,fries,2
8850,chicken_tenders,1
8850,fries,1
8851,chicken_tenders,2
8852,chicken_tenders,1
8853,fries,1
8854,chicken_tenders,1
8855,chicken_tenders,1
8855,fries,1
8856,fries,1
8857,fries,2
8858,fries,1
8859,fries,1
8859,chicken_tenders,1
8860,chicken_tenders,1
8861,chicken_tenders,1
8862,fries,2
8862,chicken_tenders,1
8863,fries,1
8864,fries,1
8864,fries,1
8865,fries,1
8865,fries,1
8866,fries,1
8867,chicken_tenders,1
8868,fries,1
8868,fries,1
8869,fries,1
8870,chicken_tenders,1
8871,hash_brown,1
8872,breakfast_wrap,1
8873,breakfast_wrap,1
8874,hash_brown,1
8875,hash_brown,1
8876,hash_brown,1
8877,hash_brown,2
8877,breakfast_wrap,1
8878,hash_brown,1
8879,breakfast_wrap,1
8880,breakfast_wrap,1
8881,hash_brown,1
8882,breakfast_wrap,1
8883,breakfast_wrap,1
8884,breakfast_wrap,1
8884,breakfast_wrap,1
8885,hash_brown,1
8886,breakfast_wrap,1
8887,breakfast_wrap,1
8888,breakfast_wrap,1
8888,hash_brown,1
8889,hash_brown,1
8890,hash_brown,2
8890,hash_brown,1
8891,hash_brown,1
8892,hash_brown,1
8893,hash_brown,1
8894,breakfast_wrap,2
8895,hash_brown,1
8896,hash_brown,1
8897,breakfast_wrap,1
8897,hash_brown,1
8898,breakfast_wrap,1
8899,hash_brown,1
8900,hash_brown,1
8901,breakfast_wrap,2
8901,hash_brown,2
8902,hash_brown,1
8903,hash_brown,2
8904,hash_brown,2
8904,hash_brown,1
8905,hash_brown,1
8906,breakfast_wrap,2
8907,breakfast_wrap,1
8908,breakfast_wrap,1
8909,breakfast_wrap,1
8909,breakfast_wrap,1
8910,hash_brown,1
8910,breakfast_wrap,1
8911,hash_brown,1
8912,breakfast_wrap,1
8913,breakfast_wrap,1
8914,hash_brown,1
8915,hash_brown,1
8915,hash_brown,2
8916,breakfast_wrap,1
8916,breakfast_wrap,1
8917,hash_brown,1
8918,breakfast_wrap,1
8919,breakfast_wrap,1
8920,hash_brown,1
8921,hash_brown,1
8922,hash_brown,2
8923,hash_brown,1
8923,breakfast_wrap,1
8924,breakfast_wrap,1
8925,hash_brown,2
8926,hash_brown,1
8927,breakfast_wrap,1
8928,hash_brown,1
8928,breakfast_wrap,1
8929,hash_brown,1
8929,breakfast_wrap,2
8930,hash_brown,2
8931,hash_brown,1
8932,breakfast_wrap,1
8933,hash_brown,2
8933,hash_brown,1
8934,hash_brown,1
8935,breakfast_wrap,1
8935,breakfast_wrap,1
8936,breakfast_wrap,1
8936,breakfast_wrap,1
8937,hash_brown,1
8938,breakfast_wrap,1
8939,hash_brown,1
8940,breakfast_wrap,1
8940,breakfast_wrap,1
8941,breakfast_wrap,1
8942,breakfast_wrap,2
8943,hash_brown,1
8944,breakfast_wrap,1
8944,hash_brown,2
8945,hash_brown,2
8946,hash_brown,1
8946,breakfast_wrap,1
8947,hash_brown,1
8948,breakfast_wrap,1
8948,hash_brown,1
8949,breakfast_wrap,1
8949,breakfast_wrap,2
8950,hash_brown,1
8951,breakfast_wrap,1
8952,hash_brown,1
8953,hash_brown,1
8953,hash_brown,1
8954,breakfast_wrap,1
8954,hash_brown,1
8955,hash_brown,1
8956,hash_brown,1
8956,hash_brown,1
8957,hash_brown,1
8958,breakfast_wrap,1
8959,hash_brown,2
8959,breakfast_wrap,1
8960,breakfast_wrap,1
8961,hash_brown,1
8962,breakfast_wrap,1
8962,breakfast_wrap,1
8963,hash_brown,1
8964,hash_brown,1
8965,breakfast_wrap,1
8966,breakfast_wrap,1
8967,hash_brown,2
8968,breakfast_wrap,1
8969,breakfast_wrap,1
8969,breakfast_wrap,1
8970,hash_brown,1
8971,hash_brown,1
8972,breakfast_wrap,1
8973,breakfast_wrap,1
8974,breakfast_wrap,1
8974,hash_brown,1
8975,chicken_tenders,2
8975,chicken_tenders,1
8976,fries,1
8977,fries,1
8978,fries,1
8979,chicken_tenders,1
8980,fries,1
8981,chicken_tenders,1
8982,chicken_tenders,1
8983,chicken_tenders,1
8984,fries,1
8985,fries,1
8986,chicken_tenders,2
8987,chicken_tenders,1
8988,chicken_tenders,1
8989,fries,2
8990,fries,1
8990,chicken_tenders,1
8991,fries,1
8991,chicken_tenders,1
8992,chicken_tenders,1
8993,chicken_tenders,1
8993,fries,1
8994,fries,1
8995,chicken_tenders,1
8995,fries,1
8996,fries,1
8996,fries,1
8997,chicken_tenders,1
8998,chicken_tenders,1
8999,fries,2
9000,fries,1
9001,fries,1
9002,chicken_tenders,2
9003,chicken_tenders,1
9004,chicken_tenders,1
9005,chicken_tenders,1
9005,fries,1
9006,fries,1
9007,chicken_tenders,1
9007,chicken_tenders,1
9008,fries,1
9009,chicken_tenders,1
9009,chicken_tenders,1
9010,chicken_tenders,1
9011,fries,1
9011,fries,1
9012,chicken_tenders,1
9012,chicken_tenders,1
9013,chicken_tenders,1
9014,fries,1
9015,fries,1
9016,fries,1
9017,chicken_tenders,1
9018,chicken_tenders,1
9019,chicken_tenders,1
9020,chicken_tenders,1
9021,chicken_tenders,1
9022,chicken_tenders,1
9023,fries,2
9024,fries,2
9025,fries,1
9025,fries,1
9026,chicken_tenders,1
9026,chicken_tenders,1
9027,chicken_tenders,1
9028,fries,1
9029,chicken_tenders,1
9030,fries,1
9030,fries,1
9031,fries,1
9032,fries,1
9032,chicken_tenders,1
9033,fries,1
9034,chicken_tenders,1
9035,fries,2
9035,fries,1
9036,fries,1
9037,chicken_tenders,2
9037,chicken_tenders,1
9038,chicken_tenders,1
9039,chicken_tenders,1
9040,fries,2
9041,chicken_tenders,1
9042,chicken_tenders,1
9042,fries,2
9043,chicken_tenders,1
9044,fries,1
9044,fries,1
9045,chicken_tenders,1
9045,fries,1
9046,chicken_tenders,1
9047,chicken_tenders,1
9047,chicken_tenders,1
9048,chicken_tenders,1
9049,chicken_tenders,1
9050,chicken_tenders,1
9051,chicken_tenders,1
9052,fries,1
9053,fries,2
9054,fries,1
9055,fries,1
9056,fries,1
9057,chicken_tenders,2
9058,fries,1
9059,chicken_tenders,1
9060,chicken_tenders,2
9061,chicken_tenders,1
9061,fries,1
9062,fries,1
9063,fries,2
9064,chicken_tenders,1
9065,fries,1
9066,chicken_tenders,1
9067,chicken_tenders,1
9067,chicken_tenders,1
9068,chicken_tenders,2
9069,fries,1
9070,chicken_tenders,1
9071,fries,2
9072,chicken_tenders,1
9073,fries,1
9073,chicken_tenders,1
9074,chicken_tenders,1
9075,chicken_tenders,1
9076,fries,2
9076,fries,1
9077,fries,1
9078,fries,1
9078,chicken_tenders,1
9079,fries,1
9079,chicken_tenders,1
9080,fries,1
9081,chicken_tenders,1
9081,fries,1
9082,chicken_tenders,2
9083,chicken_tenders,2
9084,fries,1
9084,fries,1
9085,chicken_tenders,2
9086,chicken_tenders,1
9086,chicken_tenders,1
9087,chicken_tenders,1
9088,fries,1
9089,fries,1
9089,chicken_tenders,1
9090,fries,1
9091,chicken_tenders,2
9091,fries,1
9092,fries,1
9092,chicken_tenders,2
9093,fries,1
9093,chicken_tenders,1
9094,chicken_tenders,1
9095,fries,1
9096,fries,1
9096,chicken_tenders,1
9097,chicken_tenders,1
9098,chicken_tenders,2
9099,fries,1
9100,chicken_tenders,1
9101,fries,1
9101,chicken_tenders,1
9102,fries,1
9103,chicken_tenders,1
9104,chicken_tenders,1
9105,fries,1
9105,fries,1
9106,fries,1
9106,fries,1
9107,fries,1
9108,fries,1
9108,fries,1
9109,fries,1
9110,chicken_tenders,1
9111,fries,1
9112,chicken_tenders,1
9113,chicken_tenders,1
9114,fries,1
9115,chicken_tenders,1
9115,fries,1
9116,chicken_tenders,1
9117,fries,1
9118,chicken_tenders,1
9119,fries,1
9119,chicken_tenders,1
9120,chicken_tenders,1
9121,chicken_tenders,2
9122,chicken_tenders,1
9122,chicken_tenders,1
9123,fries,2
9123,fries,1
9124,fries,2
9125,chicken_tenders,1
9126,chicken_tenders,1
9126,chicken_tenders,1
9127,chicken_tenders,1
9128,fries,1
9129,chicken_tenders,1
9129,fries,1
9130,chicken_tenders,1
9131,chicken_tenders,1
9132,chicken_tenders,1
9133,chicken_tenders,1
9134,chicken_tenders,2
9135,chicken_tenders,1
9136,chicken_tenders,2
9137,fries,1
9137,chicken_tenders,1
9138,chicken_tenders,1
9138,chicken_tenders,1
9139,chicken_tenders,1
9140,chicken_tenders,1
9140,chicken_tenders,1
9141,chicken_tenders,2
9142,fries,1
9143,chicken_tenders,1
9144,fries,1
9145,fries,1
9146,chicken_tenders,1
9147,chicken_tenders,1
9148,chicken_tenders,1
9148,chicken_tenders,1
9149,chicken_tenders,1
9150,fries,1
9151,chicken_tenders,1
9152,chicken_tenders,1
9153,fries,1
9153,chicken_tenders,1
9154,fries,2
9155,fries,2
9156,chicken_tenders,1
9157,chicken_tenders,1
9158,chicken_tenders,1
9158,fries,1
9159,fries,2
9160,fries,1
9160,fries,1
9161,chicken_tenders,1
9162,hash_brown,1
9162,breakfast_wrap,1
9163,hash_brown,1
9164,hash_brown,1
9164,breakfast_wrap,1
9165,breakfast_wrap,2
9165,hash_brown,1
9166,breakfast_wrap,1
9167,hash_brown,1
9168,hash_brown,1
9169,hash_brown,1
9170,breakfast_wrap,1
9170,hash_brown,1
9171,breakfast_wrap,1
9171,hash_brown,1
9172,hash_brown,1
9172,hash_brown,2
9173,breakfast_wrap,1
9174,breakfast_wrap,1
9175,breakfast_wrap,1
9176,breakfast_wrap,1
9176,hash_brown,1
9177,breakfast_wrap,2
9177,breakfast_wrap,1
9178,breakfast_wrap,1
9179,hash_brown,1
9180,hash_brown,2
9180,breakfast_wrap,1
9181,breakfast_wrap,1
9182,breakfast_wrap,1
9183,hash_brown,1
9184,breakfast_wrap,1
9185,hash_brown,1
9186,hash_brown,1
9187,breakfast_wrap,1
9188,hash_brown,1
9188,hash_brown,1
9189,hash_brown,1
9190,hash_brown,1
9191,breakfast_wrap,1
9192,hash_brown,1
9192,breakfast_wrap,1
9193,hash_brown,1
9193,hash_brown,1
9194,hash_brown,1
9194,breakfast_wrap,2
9195,breakfast_wrap,1
9196,hash_brown,1
9197,hash_brown,1
9198,breakfast_wrap,2
9199,breakfast_wrap,1
9200,hash_brown,1
9201,breakfast_wrap,1
9202,hash_brown,1
9203,hash_brown,1
9204,breakfast_wrap,1
9205,hash_brown,1
9206,breakfast_wrap,1
9206,hash_brown,1
9207,hash_brown,1
9208,hash_brown,1
9209,breakfast_wrap,1
9209,breakfast_wrap,1
9210,hash_brown,1
9211,hash_brown,1
9212,breakfast_wrap,1
9213,breakfast_wrap,1
9213,hash_brown,1
9214,hash_brown,1
9215,hash_brown,1
9216,hash_brown,1
9216,hash_brown,1
9217,breakfast_wrap,1
9218,breakfast_wrap,1
9218,hash_brown,1
9219,breakfast_wrap,1
9220,hash_brown,1
9221,hash_brown,2
9222,breakfast_wrap,2
9223,hash_brown,1
9223,breakfast_wrap,1
9224,hash_brown,1
9225,hash_brown,2
9225,breakfast_wrap,1
9226,hash_brown,1
9227,breakfast_wrap,1
9228,hash_brown,1
9229,breakfast_wrap,1
9230,breakfast_wrap,1
9231,hash_brown,1
9232,hash_brown,2
9233,breakfast_wrap,1
9234,breakfast_wrap,1
9235,breakfast_wrap,1
9235,breakfast_wrap,2
9236,breakfast_wrap,2
9237,hash_brown,2
9237,breakfast_wrap,1
9238,hash_brown,1
9239,hash_brown,1
9240,breakfast_wrap,1
9241,breakfast_wrap,1
9241,breakfast_wrap,1
9242,fries,1
9243,chicken_tenders,1
9244,chicken_tenders,1
9245,chicken_tenders,1
9246,fries,2
9247,fries,1
9247,fries,1
9248,chicken_tenders,1
9249,chicken_tenders,2
9250,fries,1
9251,fries,1
9252,fries,1
9253,chicken_tenders,1
9254,fries,1
9255,chicken_tenders,1
9256,chicken_tenders,1
9257,chicken_tenders,1
9258,chicken_tenders,1
9258,fries,1
9259,fries,1
9260,chicken_tenders,1
9261,chicken_tenders,1
9262,chicken_tenders,1
9263,chicken_tenders,1
9264,fries,1
9265,fries,2
9266,chicken_tenders,1
9267,fries,1
9267,chicken_tenders,1
9268,chicken_tenders,1
9269,fries,1
9270,fries,1
9270,fries,1
9271,chicken_tenders,1
9272,fries,1
9273,chicken_tenders,1
9274,chicken_tenders,1
9275,fries,1
9275,fries,1
9276,fries,1
9277,chicken_tenders,1
9278,fries,1
9279,fries,2
9280,chicken_tenders,1
9280,chicken_tenders,2
9281,fries,2
9282,fries,1
9283,chicken_tenders,1
9284,fries,2
9285,fries,1
9285,fries,1
9286,fries,1
9287,chicken_tenders,1
9287,chicken_tenders,2
9288,chicken_tenders,2
9288,fries,1
9289,chicken_tenders,1
9290,chicken_tenders,1
9291,chicken_tenders,1
9291,chicken_tenders,2
9292,chicken_tenders,1
9292,fries,2
9293,fries,1
9293,chicken_tenders,1
9294,fries,2
9294,chicken_tenders,1
9295,fries,1
9296,fries,1
9297,chicken_tenders,1
9298,chicken_tenders,1
9298,chicken_tenders,1
9299,fries,1
9300,fries,1
9300,fries,1
9301,chicken_tenders,1
9302,chicken_tenders,1
9303,chicken_tenders,1
9304,chicken_tenders,1
9305,chicken_tenders,1
9306,chicken_tenders,1
9307,chicken_tenders,1
9308,fries,1
9309,fries,2
9310,fries,1
9310,fries,1
9311,fries,1
9312,fries,1
9313,fries,1
9313,chicken_tenders,1
9314,chicken_tenders,1
9314,fries,1
9315,chicken_tenders,1
9316,fries,1
9316,chicken_tenders,1
9317,fries,1
9318,fries,1
9319,fries,2
9320,chicken_tenders,1
9321,chicken_tenders,1
9322,fries,1
9323,chicken_tenders,1
9324,chicken_tenders,1
9325,fries,1
9325,chicken_tenders,1
9326,fries,1
9327,fries,2
9328,chicken_tenders,1
9329,fries,1
9330,chicken_tenders,1
9330,chicken_tenders,1
9331,chicken_tenders,1
9332,chicken_tenders,1
9333,fries,1
9334,chicken_tenders,1
9334,fries,1
9335,chicken_tenders,1
9336,fries,2
9337,chicken_tenders,1
9337,chicken_tenders,2
9338,chicken_tenders,1
9339,chicken_tenders,1
9340,fries,1
9341,chicken_tenders,1
9341,chicken_tenders,1
9342,chicken_tenders,1
9343,fries,1
9344,chicken_tenders,1
9345,chicken_tenders,1
9345,fries,1
9346,fries,1
9347,fries,1
9348,chicken_tenders,1
9348,fries,2
9349,chicken_tenders,1
9350,fries,1
9350,chicken_tenders,1
9351,fries,1
9352,fries,2
9353,fries,1
9354,fries,1
9354,fries,1
9355,fries,1
9356,fries,1
9356,chicken_tenders,1
9357,chicken_tenders,1
9358,chicken_tenders,1
9358,fries,1
9359,chicken_tenders,1
9360,chicken_tenders,1
9361,fries,1
9362,chicken_tenders,1
9363,fries,2
9363,chicken_tenders,1
9364,fries,1
9365,fries,1
9366,chicken_tenders,1
9366,fries,1
9367,chicken_tenders,1
9368,fries,1
9369,chicken_tenders,1
9369,fries,1
9370,fries,1
9370,fries,1
9371,chicken_tenders,1
9372,fries,1
9373,fries,2
9374,chicken_tenders,2
9374,chicken_tenders,1
9375,chicken_tenders,1
9376,chicken_tenders,1
9377,fries,2
9377,fries,1
9378,chicken_tenders,2
9379,fries,1
9379,chicken_tenders,1
9380,fries,1
9381,chicken_tenders,2
9382,fries,1
9383,fries,1
9383,fries,1
9384,chicken_tenders,1
9385,fries,1
9385,fries,2
9386,chicken_tenders,1
9387,fries,1
9388,chicken_tenders,1
9388,fries,1
9389,chicken_tenders,1
9390,fries,2
9390,fries,1
9391,chicken_tenders,1
9392,fries,1
9393,fries,2
9394,chicken_tenders,1
9395,chicken_tenders,1
9395,chicken_tenders,1
9396,fries,2
9396,chicken_tenders,2
9397,fries,2
9398,chicken_tenders,1
9398,fries,1
9399,chicken_tenders,1
9399,chicken_tenders,2
9400,chicken_tenders,2
9401,fries,1
9402,chicken_tenders,2
9403,chicken_tenders,1
9404,fries,1
9405,chicken_tenders,1
9406,fries,1
9407,fries,1
9407,fries,1
9408,fries,1
9409,fries,1
9410,chicken_tenders,1
9410,fries,2
9411,chicken_tenders,2
9411,fries,1
9412,chicken_tenders,1
9412,chicken_tenders,1
9413,chicken_tenders,1
9413,chicken_tenders,1
9414,fries,1
9415,chicken_tenders,1
9415,chicken_tenders,1
9416,chicken_tenders,1
9417,fries,1
9418,fries,1
9419,chicken_tenders,1
9420,chicken_tenders,1
9421,breakfast_wrap,1
9422,breakfast_wrap,1
9423,hash_brown,1
9424,hash_brown,1
9425,breakfast_wrap,1
9426,breakfast_wrap,1
9426,hash_brown,1
9427,breakfast_wrap,1
9428,breakfast_wrap,1
9428,breakfast_wrap,1
9429,hash_brown,1
9430,breakfast_wrap,1
9430,breakfast_wrap,1
9431,hash_brown,2
9432,hash_brown,1
9433,breakfast_wrap,1
9433,hash_brown,1
9434,breakfast_wrap,1
9435,breakfast_wrap,1
9435,hash_brown,2
9436,breakfast_wrap,1
9437,breakfast_wrap,1
9438,hash_brown,2
9438,hash_brown,1
9439,hash_brown,1
9440,hash_brown,1
9441,breakfast_wrap,2
9441,hash_brown,2
9442,hash_brown,2
9443,breakfast_wrap,1
9443,breakfast_wrap,2
9444,hash_brown,1
9445,breakfast_wrap,1
9446,hash_brown,1
9446,breakfast_wrap,1
9447,hash_brown,1
9447,breakfast_wrap,1
9448,hash_brown,1
9449,breakfast_wrap,1
9450,hash_brown,1
9451,breakfast_wrap,1
9452,hash_brown,2
9453,breakfast_wrap,1
9454,breakfast_wrap,1
9455,breakfast_wrap,1
9456,hash_brown,1
9457,hash_brown,1
9458,hash_brown,1
9459,hash_brown,1
9460,breakfast_wrap,1
9461,hash_brown,1
9462,hash_brown,1
9463,breakfast_wrap,2
9464,hash_brown,1
9464,hash_brown,1
9465,hash_brown,1
9466,hash_brown,1
9467,hash_brown,1
9467,hash_brown,2
9468,breakfast_wrap,2
9469,breakfast_wrap,1
9469,breakfast_wrap,1
9470,breakfast_wrap,1
9470,hash_brown,1
9471,breakfast_wrap,1
9472,breakfast_wrap,1
9472,hash_brown,1
9473,breakfast_wrap,1
9474,hash_brown,1
9475,breakfast_wrap,1
9475,breakfast_wrap,1
9476,breakfast_wrap,2
9477,breakfast_wrap,1
9477,hash_brown,1
9478,hash_brown,1
9479,hash_brown,1
9480,hash_brown,1
9481,hash_brown,1
9482,hash_brown,1
9483,breakfast_wrap,1
9483,hash_brown,2
9484,breakfast_wrap,1
9484,hash_brown,1
9485,hash_brown,1
9485,hash_brown,1
9486,hash_brown,2
9487,hash_brown,1
9487,breakfast_wrap,1
9488,hash_brown,2
9489,breakfast_wrap,1
9490,fries,1
9491,fries,1
9492,chicken_tenders,1
9493,chicken_tenders,1
9494,chicken_tenders,1
9495,fries,1
9496,chicken_tenders,1
9497,fries,1
9498,fries,1
9499,fries,2
9500,fries,1
9501,chicken_tenders,1
9502,fries,1
9502,fries,1
9503,chicken_tenders,2
9504,fries,1
9505,fries,1
9506,chicken_tenders,1
9507,fries,1
9507,fries,2
9508,fries,2
9509,chicken_tenders,1
9510,fries,1
9511,fries,1
9511,fries,1
9512,chicken_tenders,1
9513,chicken_tenders,1
9514,fries,1
9515,chicken_tenders,1
9516,chicken_tenders,1
9517,chicken_tenders,1
9518,fries,1
9519,chicken_tenders,1
9520,fries,1
9521,fries,1
9522,fries,1
9523,fries,1
9524,chicken_tenders,1
9525,fries,1
9526,chicken_tenders,2
9526,chicken_tenders,2
9527,chicken_tenders,1
9528,chicken_tenders,1
9529,fries,1
9529,fries,1
9530,fries,1
9531,chicken_tenders,1
9531,chicken_tenders,1
9532,chicken_tenders,1
9533,chicken_tenders,1
9533,fries,1
9534,chicken_tenders,2
9535,chicken_tenders,1
9536,fries,2
9537,fries,1
9537,fries,2
9538,chicken_tenders,1
9538,chicken_tenders,2
9539,fries,1
9540,chicken_tenders,1
9541,fries,2
9542,chicken_tenders,1
9543,chicken_tenders,2
9544,chicken_tenders,1
9545,chicken_tenders,2
9545,chicken_tenders,1
9546,fries,2
9547,fries,1
9548,chicken_tenders,1
9548,chicken_tenders,1
9549,chicken_tenders,1
9550,fries,1
9551,chicken_tenders,1
9552,fries,1
9553,fries,1
9554,chicken_tenders,1
9555,fries,2
9556,fries,1
9557,chicken_tenders,1
9558,fries,1
9558,fries,1
9559,chicken_tenders,2
9560,fries,1
9561,fries,1
9561,chicken_tenders,1
9562,fries,1
9563,chicken_tenders,1
9564,fries,2
9565,fries,1
9566,fries,1
9567,fries,1
9567,fries,1
9568,chicken_tenders,1
9569,chicken_tenders,1
9569,fries,1
9570,fries,1
9571,chicken_tenders,1
9571,fries,1
9572,chicken_tenders,1
9572,fries,1
9573,chicken_tenders,1
9573,fries,1
9574,chicken_tenders,1
9574,fries,1
9575,fries,1
9576,fries,1
9577,fries,1
9577,fries,2
9578,chicken_tenders,1
9578,chicken_tenders,1
9579,chicken_tenders,2
9580,fries,1
9581,chicken_tenders,2
9581,chicken_tenders,1
9582,fries,1
9582,chicken_tenders,2
9583,chicken_tenders,1
9583,fries,1
9584,chicken_tenders,1
9585,fries,1
9586,fries,1
9587,fries,1
9587,fries,1
9588,chicken_tenders,1
9589,chicken_tenders,1
9590,fries,2
9591,chicken_tenders,1
9592,fries,1
9593,chicken_tenders,1
9594,fries,2
9595,chicken_tenders,1
9596,fries,1
9597,chicken_tenders,1
9598,chicken_tenders,1
9599,fries,2
9600,fries,1
9600,chicken_tenders,2
9601,chicken_tenders,1
9602,fries,1
9603,chicken_tenders,1
9603,fries,1
9604,chicken_tenders,1
9605,chicken_tenders,1
9606,fries,1
9607,fries,1
9608,fries,1
9609,fries,1
9610,fries,1
9611,chicken_tenders,1
9611,chicken_tenders,1
9612,chicken_tenders,1
9613,fries,1
9614,fries,1
9615,chicken_tenders,1
9616,chicken_tenders,1
9617,fries,1
9617,fries,1
9618,fries,2
9619,chicken_tenders,1
9619,chicken_tenders,2
9620,chicken_tenders,2
9621,chicken_tenders,1
9622,chicken_tenders,1
9623,chicken_tenders,1
9624,fries,1
9625,chicken_tenders,1
9626,chicken_tenders,1
9627,chicken_tenders,1
9628,fries,2
9629,chicken_tenders,2
9630,fries,1
9631,fries,2
9632,fries,1
9633,fries,1
9633,chicken_tenders,1
9634,chicken_tenders,1
9635,fries,1
9636,chicken_tenders,1
9636,chicken_tenders,1
9637,fries,2
9637,chicken_tenders,1
9638,fries,1
9639,chicken_tenders,1
9639,fries,1
9640,fries,1
9641,chicken_tenders,1
9642,fries,1
9642,chicken_tenders,1
9643,fries,1
9644,breakfast_wrap,1
9645,breakfast_wrap,1
9646,breakfast_wrap,1
9647,breakfast_wrap,2
9647,hash_brown,1
9648,hash_brown,1
9649,hash_brown,2
9650,hash_brown,1
9650,breakfast_wrap,1
9651,breakfast_wrap,1
9652,hash_brown,1
9653,hash_brown,1
9654,hash_brown,1
9654,breakfast_wrap,1
9655,breakfast_wrap,1
9656,breakfast_wrap,1
9657,hash_brown,1
9657,breakfast_wrap,1
9658,hash_brown,1
9659,hash_brown,1
9660,breakfast_wrap,1
9660,hash_brown,1
9661,hash_brown,1
9662,hash_brown,1
9662,hash_brown,2
9663,hash_brown,1
9664,hash_brown,1
9664,hash_brown,2
9665,hash_brown,1
9666,hash_brown,1
9666,breakfast_wrap,2
9667,hash_brown,1
9668,breakfast_wrap,1
9668,breakfast_wrap,1
9669,hash_brown,1
9669,breakfast_wrap,1
9670,breakfast_wrap,1
9671,hash_brown,1
9671,hash_brown,1
9672,hash_brown,1
9673,hash_brown,1
9674,hash_brown,2
9675,hash_brown,1
9676,breakfast_wrap,1
9676,hash_brown,1
9677,hash_brown,1
9678,breakfast_wrap,1
9679,hash_brown,1
9680,breakfast_wrap,1
9681,breakfast_wrap,1
9681,hash_brown,1
9682,hash_brown,1
9683,hash_brown,1
9683,hash_brown,1
9684,hash_brown,1
9685,breakfast_wrap,1
9686,breakfast_wrap,1
9687,hash_brown,1
9688,hash_brown,2
9689,hash_brown,1
9690,breakfast_wrap,1
9691,breakfast_wrap,1
9692,hash_brown,2
9693,hash_brown,1
9693,hash_brown,1
9694,breakfast_wrap,1
9695,breakfast_wrap,1
9695,breakfast_wrap,1
9696,hash_brown,1
9697,hash_brown,1
9698,hash_brown,1
9699,breakfast_wrap,2
9700,hash_brown,1
9701,breakfast_wrap,1
9702,hash_brown,1
9703,chicken_tenders,1
9704,chicken_tenders,1
9705,fries,1
9706,chicken_tenders,2
9707,fries,1
9707,chicken_tenders,2
9708,fries,1
9709,fries,1
9710,fries,2
9711,chicken_tenders,1
9712,fries,1
9713,chicken_tenders,1
9714,chicken_tenders,1
9715,fries,1
9716,fries,1
9717,fries,1
9718,fries,1
9719,chicken_tenders,1
9720,fries,1
9721,fries,1
9722,fries,2
9723,chicken_tenders,1
9723,fries,1
9724,chicken_tenders,2
9725,fries,1
9726,chicken_tenders,1
9727,fries,1
9727,chicken_tenders,1
9728,chicken_tenders,1
9728,chicken_tenders,1
9729,fries,1
9729,chicken_tenders,1
9730,fries,1
9731,fries,1
9732,chicken_tenders,1
9733,fries,2
9734,fries,1
9735,fries,1
9736,fries,1
9737,fries,1
9738,fries,1
9738,chicken_tenders,1
9739,chicken_tenders,1
9740,chicken_tenders,1
9740,fries,1
9741,fries,1
9742,fries,1
9743,fries,1
9743,chicken_tenders,1
9744,fries,1
9745,chicken_tenders,1
9745,chicken_tenders,1
9746,chicken_tenders,1
9747,chicken_tenders,1
9747,chicken_tenders,2
9748,fries,1
9749,chicken_tenders,1
9750,fries,1
9751,fries,1
9751,chicken_tenders,1
9752,fries,1
9753,chicken_tenders,1
9754,chicken_tenders,2
9755,chicken_tenders,2
9756,chicken_tenders,1
9757,fries,1
9757,chicken_tenders,2
9758,chicken_tenders,1
9758,chicken_tenders,1
9759,fries,1
9759,fries,1
9760,fries,1
9760,fries,1
9761,fries,2
9762,chicken_tenders,1
9763,chicken_tenders,1
9764,fries,1
9765,chicken_tenders,1
9766,chicken_tenders,1
9767,fries,1
9768,chicken_tenders,1
9769,fries,1
9770,fries,1
9771,fries,2
9771,chicken_tenders,1
9772,chicken_tenders,1
9773,fries,1
9773,fries,2
9774,fries,1
9774,fries,1
9775,chicken_tenders,2
9775,chicken_tenders,2
9776,fries,1
9777,chicken_tenders,1
9778,fries,2
9778,chicken_tenders,1
9779,fries,1
9780,fries,2
9781,chicken_tenders,2
9782,fries,1
9783,chicken_tenders,1
9783,fries,1
9784,chicken_tenders,1
9784,chicken_tenders,1
9785,fries,1
9785,chicken_tenders,1
9786,fries,1
9787,fries,2
9787,chicken_tenders,1
9788,fries,1
9789,fries,2
9790,chicken_tenders,1
9791,chicken_tenders,1
9792,chicken_tenders,1
9793,chicken_tenders,1
9794,fries,2
9795,fries,2
9796,fries,2
9797,chicken_tenders,1
9798,chicken_tenders,1
9798,chicken_tenders,2
9799,fries,1
9799,chicken_tenders,1
9800,chicken_tenders,1
9801,fries,1
9802,chicken_tenders,1
9802,fries,1
9803,fries,1
9804,fries,2
9804,chicken_tenders,1
9805,fries,1
9806,chicken_tenders,2
9807,chicken_tenders,1
9808,fries,1
9809,chicken_tenders,1
9809,chicken_tenders,1
9810,chicken_tenders,1
9811,fries,1
9812,fries,2
9813,fries,1
9814,fries,1
9814,fries,1
9815,fries,2
9816,chicken_tenders,1
9817,fries,1
9818,fries,1
9819,fries,1
9820,fries,1
9821,chicken_tenders,2
9821,fries,1
9822,chicken_tenders,1
9823,chicken_tenders,1
9823,chicken_tenders,1
9824,fries,1
9824,chicken_tenders,1
9825,chicken_tenders,1
9826,chicken_tenders,1
9826,chicken_tenders,1
9827,chicken_tenders,1
9828,fries,1
9829,chicken_tenders,2
9830,chicken_tenders,1
9831,chicken_tenders,1
9832,fries,1
9833,chicken_tenders,1
9834,chicken_tenders,1
9835,fries,1
9836,chicken_tenders,1
9836,fries,1
9837,fries,1
9838,fries,1
9839,chicken_tenders,1
9840,fries,1
9840,chicken_tenders,1
9841,breakfast_wrap,1
9841,breakfast_wrap,1
9842,breakfast_wrap,2
9843,breakfast_wrap,1
9844,breakfast_wrap,1
9844,hash_brown,1
9845,breakfast_wrap,2
9845,breakfast_wrap,1
9846,breakfast_wrap,2
9847,breakfast_wrap,1
9848,hash_brown,1
9849,breakfast_wrap,1
9850,breakfast_wrap,1
9851,breakfast_wrap,2
9852,breakfast_wrap,1
9853,breakfast_wrap,1
9853,hash_brown,1
9854,hash_brown,1
9855,hash_brown,2
9855,hash_brown,1
9856,breakfast_wrap,1
9857,breakfast_wrap,1
9858,hash_brown,2
9859,hash_brown,1
9860,hash_brown,1
9861,breakfast_wrap,1
9862,hash_brown,1
9863,hash_brown,1
9864,hash_brown,1
9865,breakfast_wrap,1
9866,hash_brown,1
9867,hash_brown,1
9868,breakfast_wrap,1
9869,breakfast_wrap,1
9870,hash_brown,1
9871,breakfast_wrap,2
9872,breakfast_wrap,1
9873,breakfast_wrap,1
9874,hash_brown,1
9874,breakfast_wrap,1
9875,hash_brown,2
9876,hash_brown,1
9877,breakfast_wrap,1
9878,breakfast_wrap,1
9879,hash_brown,1
9879,breakfast_wrap,1
9880,breakfast_wrap,1
9880,hash_brown,1
9881,breakfast_wrap,1
9882,hash_brown,1
9883,breakfast_wrap,1
9883,breakfast_wrap,1
9884,breakfast_wrap,1
9885,breakfast_wrap,1
9885,hash_brown,1
9886,breakfast_wrap,2
9887,breakfast_wrap,1
9888,breakfast_wrap,2
9888,hash_brown,2
9889,breakfast_wrap,1
9889,hash_brown,1
9890,hash_brown,1
9891,hash_brown,1
9891,hash_brown,1
9892,breakfast_wrap,1
9893,hash_brown,1
9893,breakfast_wrap,1
9894,hash_brown,1
9895,breakfast_wrap,1
9896,hash_brown,1
9897,breakfast_wrap,1
9898,hash_brown,1
9899,hash_brown,1
9899,hash_brown,1
9900,hash_brown,1
9901,hash_brown,1
9902,breakfast_wrap,1
9902,hash_brown,1
9903,breakfast_wrap,1
9904,breakfast_wrap,1
9905,breakfast_wrap,2
9906,breakfast_wrap,1
9907,hash_brown,2
9908,breakfast_wrap,1
9909,hash_brown,1
9909,hash_brown,1
9910,hash_brown,1
9911,hash_brown,1
9912,hash_brown,1
9913,breakfast_wrap,2
9914,breakfast_wrap,1
9914,hash_brown,1
9915,hash_brown,1
9916,breakfast_wrap,1
9916,breakfast_wrap,1
9917,hash_brown,1
9917,hash_brown,1
9918,breakfast_wrap,1
9919,breakfast_wrap,1
9920,breakfast_wrap,2
9921,breakfast_wrap,1
9922,hash_brown,1
9923,breakfast_wrap,2
9924,chicken_tenders,1
9925,chicken_tenders,1
9925,chicken_tenders,2
9926,fries,2
9926,chicken_tenders,2
9927,fries,2
9927,chicken_tenders,1
9928,chicken_tenders,1
9928,fries,1
9929,chicken_tenders,1
9930,chicken_tenders,1
9930,fries,1
9931,fries,2
9932,chicken_tenders,1
9932,fries,1
9933,fries,1
9933,fries,1
9934,chicken_tenders,1
9935,chicken_tenders,1
9935,chicken_tenders,1
9936,chicken_tenders,1
9937,chicken_tenders,1
9938,chicken_tenders,1
9938,fries,1
9939,chicken_tenders,1
9940,fries,1
9941,fries,1
9941,chicken_tenders,1
9942,fries,1
9943,fries,1
9944,chicken_tenders,1
9945,chicken_tenders,1
9946,chicken_tenders,2
9946,fries,1
9947,chicken_tenders,1
9947,fries,1
9948,chicken_tenders,1
9949,fries,1
9950,chicken_tenders,1
9950,fries,1
9951,chicken_tenders,1
9951,fries,1
9952,chicken_tenders,2
9952,chicken_tenders,1
9953,chicken_tenders,1
9954,chicken_tenders,1
9955,chicken_tenders,1
9956,fries,1
9957,fries,1
9958,chicken_tenders,1
9959,fries,1
9960,fries,1
9961,fries,2
9962,fries,1
9963,chicken_tenders,1
9963,chicken_tenders,1
9964,fries,1
9965,chicken_tenders,2
9966,chicken_tenders,1
9967,chicken_tenders,1
9968,fries,1
9969,fries,1
9970,fries,1
9971,fries,1
9972,chicken_tenders,1
9973,fries,2
9974,fries,1
9975,chicken_tenders,1
9976,chicken_tenders,1
9977,chicken_tenders,1
9977,fries,1
9978,fries,2
9979,fries,1
9979,chicken_tenders,1
9980,chicken_tenders,1
9981,fries,2
9982,chicken_tenders,1
9983,fries,1
9984,fries,1
9985,fries,1
9985,fries,1
9986,chicken_tenders,1
9987,chicken_tenders,1
9988,chicken_tenders,1
9988,chicken_tenders,1
9989,chicken_tenders,1
9990,fries,1
9991,chicken_tenders,1
9992,chicken_tenders,1
9992,fries,1
9993,chicken_tenders,1
9994,chicken_tenders,2
9995,fries,1
9996,chicken_tenders,1
9997,fries,1
9997,fries,1
9998,chicken_tenders,2
9999,chicken_tenders,2
9999,chicken_tenders,1
10000,fries,1
10001,fries,2
10002,chicken_tenders,1
10003,chicken_tenders,1
10004,fries,2
10004,fries,2
10005,chicken_tenders,1
10006,chicken_tenders,1
10007,fries,1
10008,chicken_tenders,1
10009,fries,1
10010,chicken_tenders,2
10011,fries,1
10012,fries,1
10012,chicken_tenders,1
10013,fries,1
10014,fries,2
10014,fries,1
10015,fries,1
10016,chicken_tenders,1
10017,fries,1
10018,chicken_tenders,1
10019,chicken_tenders,1
10020,chicken_tenders,1
10021,fries,1
10022,chicken_tenders,1
10023,fries,1
10023,fries,1
10024,chicken_tenders,1
10025,chicken_tenders,2
10026,chicken_tenders,1
10027,chicken_tenders,1
10028,chicken_tenders,1
10029,chicken_tenders,1
10030,chicken_tenders,2
10031,chicken_tenders,1
10032,chicken_tenders,1
10032,fries,1
10033,fries,1
10033,fries,1
10034,fries,1
10035,fries,2
10035,fries,1
10036,fries,1
10037,fries,1
10038,fries,2
10039,fries,1
10040,fries,1
10041,chicken_tenders,1
10042,chicken_tenders,1
10042,fries,1
10043,fries,1
10043,fries,1
10044,fries,1
10044,chicken_tenders,1
10045,fries,1
10046,fries,2
10047,chicken_tenders,2
10047,chicken_tenders,1
10048,fries,1
10049,fries,1
10049,chicken_tenders,2
10050,chicken_tenders,1
10050,chicken_tenders,1
10051,chicken_tenders,1
10052,chicken_tenders,1
10052,chicken_tenders,1
10053,fries,1
10054,chicken_tenders,1
10054,chicken_tenders,1
10055,fries,1
10055,fries,1
10056,fries,1
10057,fries,2
10058,fries,1
10058,fries,1
10059,chicken_tenders,1
10060,fries,1
10061,fries,1
10062,fries,1
10063,fries,1
10064,chicken_tenders,1
10065,chicken_tenders,2
10066,fries,1
10066,fries,1
10067,fries,1
10068,chicken_tenders,1
10069,chicken_tenders,1
10070,chicken_tenders,1
10071,chicken_tenders,1
10072,fries,1
10073,fries,1
10074,chicken_tenders,1
10075,fries,1
10076,fries,1
10076,chicken_tenders,1
10077,fries,1
10078,chicken_tenders,1
10078,fries,1
10079,chicken_tenders,1
10080,chicken_tenders,2
10080,chicken_tenders,1
10081,hash_brown,1
10082,breakfast_wrap,1
10083,breakfast_wrap,1
10084,hash_brown,1
10084,breakfast_wrap,1
10085,breakfast_wrap,1
10085,hash_brown,1
10086,hash_brown,1
10087,hash_brown,1
10088,breakfast_wrap,1
10089,breakfast_wrap,1
10089,breakfast_wrap,1
10090,breakfast_wrap,1
10091,breakfast_wrap,1
10092,hash_brown,1
10093,hash_brown,1
10094,breakfast_wrap,1
10095,breakfast_wrap,1
10096,hash_brown,1
10097,hash_brown,2
10097,hash_brown,1
10098,breakfast_wrap,1
10099,hash_brown,1
10100,breakfast_wrap,1
10101,hash_brown,1
10102,hash_brown,1
10103,hash_brown,1
10103,breakfast_wrap,2
10104,breakfast_wrap,1
10105,hash_brown,1
10106,hash_brown,1
10107,breakfast_wrap,2
10108,hash_brown,1
10109,breakfast_wrap,1
10110,breakfast_wrap,1
10111,breakfast_wrap,1
10111,hash_brown,1
10112,breakfast_wrap,1
10112,breakfast_wrap,1
10113,hash_brown,1
10114,hash_brown,1
10115,breakfast_wrap,1
10116,hash_brown,1
10117,hash_brown,1
10117,breakfast_wrap,1
10118,breakfast_wrap,1
10119,hash_brown,1
10119,hash_brown,1
10120,breakfast_wrap,2
10121,breakfast_wrap,1
10122,hash_brown,1
10122,hash_brown,1
10123,breakfast_wrap,1
10124,hash_brown,1
10125,hash_brown,1
10126,breakfast_wrap,1
10127,breakfast_wrap,1
10128,breakfast_wrap,1
10128,hash_brown,1
10129,hash_brown,1
10130,hash_brown,2
10131,hash_brown,1
10132,breakfast_wrap,1
10132,hash_brown,1
10133,breakfast_wrap,1
10134,hash_brown,1
10135,breakfast_wrap,1
10136,hash_brown,1
10137,hash_brown,2
10138,hash_brown,2
10139,hash_brown,1
10140,hash_brown,1
10141,breakfast_wrap,1
10142,hash_brown,1
10143,hash_brown,1
10144,breakfast_wrap,1
10144,breakfast_wrap,1
10145,hash_brown,2
10145,breakfast_wrap,2
10146,breakfast_wrap,1
10146,breakfast_wrap,1
10147,breakfast_wrap,1
10148,breakfast_wrap,1
10149,breakfast_wrap,1
10149,hash_brown,1
10150,breakfast_wrap,1
10151,hash_brown,1
10152,breakfast_wrap,1
10153,hash_brown,2
10153,breakfast_wrap,1
10154,breakfast_wrap,1
10154,breakfast_wrap,1
10155,hash_brown,1
10156,breakfast_wrap,1
10157,breakfast_wrap,1
10158,hash_brown,1
10159,chicken_tenders,1
10159,fries,1
10160,fries,1
10161,fries,1
10162,fries,1
10162,chicken_tenders,1
10163,fries,1
10163,chicken_tenders,2
10164,chicken_tenders,1
10165,fries,1
10165,fries,2
10166,chicken_tenders,2
10167,fries,1
10168,fries,1
10169,chicken_tenders,1
10170,fries,1
10171,chicken_tenders,1
10171,chicken_tenders,1
10172,fries,1
10173,fries,1
10174,fries,1
10175,fries,1
10176,fries,1
10177,chicken_tenders,1
10178,fries,1
10178,fries,2
10179,fries,1
10179,chicken_tenders,1
10180,fries,1
10180,fries,1
10181,fries,1
10181,chicken_tenders,1
10182,chicken_tenders,1
10183,fries,1
10184,fries,1
10184,fries,2
10185,chicken_tenders,1
10186,chicken_tenders,2
10187,fries,1
10188,chicken_tenders,1
10189,chicken_tenders,2
10190,fries,1
10191,fries,2
10192,fries,1
10192,fries,1
10193,chicken_tenders,2
10194,chicken_tenders,1
10194,chicken_tenders,2
10195,fries,1
10196,chicken_tenders,1
10197,chicken_tenders,2
10198,fries,2
10198,chicken_tenders,1
10199,chicken_tenders,1
10199,chicken_tenders,1
10200,fries,2
10201,chicken_tenders,1
10201,fries,1
10202,chicken_tenders,1
10202,fries,2
10203,fries,1
10204,chicken_tenders,1
10204,fries,1
10205,fries,1
10206,chicken_tenders,1
10206,chicken_tenders,1
10207,chicken_tenders,2
10208,chicken_tenders,1
10209,chicken_tenders,2
10210,fries,1
10211,chicken_tenders,2
10212,fries,1
10213,fries,1
10214,chicken_tenders,2
10215,chicken_tenders,1
10216,fries,1
10217,chicken_tenders,1
10217,chicken_tenders,1
10218,chicken_tenders,1
10219,chicken_tenders,1
10220,fries,1
10221,chicken_tenders,2
10222,chicken_tenders,2
10223,fries,1
10224,fries,1
10224,fries,1
10225,chicken_tenders,1
10225,chicken_tenders,1
10226,fries,2
10226,fries,1
10227,chicken_tenders,1
10228,fries,1
10229,fries,1
10230,fries,1
10231,fries,1
10232,fries,1
10233,fries,1
10233,chicken_tenders,1
10234,fries,1
10235,fries,1
10236,fries,1
10237,chicken_tenders,2
10237,chicken_tenders,1
10238,fries,1
10239,chicken_tenders,2
10239,chicken_tenders,1
10240,chicken_tenders,2
10241,chicken_tenders,1
10242,chicken_tenders,1
10243,chicken_tenders,1
10243,chicken_tenders,1
10244,chicken_tenders,1
10245,fries,2
10246,fries,1
10246,fries,1
10247,chicken_tenders,1
10248,fries,2
10249,chicken_tenders,1
10250,fries,2
10251,chicken_tenders,1
10251,chicken_tenders,1
10252,chicken_tenders,1
10253,chicken_tenders,1
10254,fries,2
10255,fries,1
10256,fries,1
10256,fries,1
10257,chicken_tenders,1
10257,chicken_tenders,2
10258,fries,1
10259,fries,2
10259,fries,2
10260,fries,1
10261,chicken_tenders,2
10262,chicken_tenders,1
10263,fries,1
10264,fries,1
10264,chicken_tenders,2
10265,chicken_tenders,1
10266,fries,2
10267,fries,1
10268,chicken_tenders,1
10269,chicken_tenders,1
10270,fries,1
10271,chicken_tenders,1
10272,fries,1
10273,fries,1
10273,fries,1
10274,fries,1
10275,fries,1
10275,fries,1
10276,fries,1
10276,fries,1
10277,chicken_tenders,1
10278,chicken_tenders,2
10278,fries,2
10279,fries,1
10279,chicken_tenders,1
10280,chicken_tenders,1
10280,chicken_tenders,1
10281,chicken_tenders,1
10282,fries,1
10283,chicken_tenders,1
10284,chicken_tenders,1
10284,chicken_tenders,1
10285,chicken_tenders,1
10286,chicken_tenders,1
10286,fries,1
10287,chicken_tenders,1
10287,fries,1
10288,fries,1
10289,chicken_tenders,1
10290,fries,1
10291,fries,2
10292,chicken_tenders,1
10293,fries,1
10293,fries,1
10294,chicken_tenders,1
10295,fries,1
10295,chicken_tenders,1
10296,chicken_tenders,1
10297,fries,1
10298,chicken_tenders,1
10299,fries,2
10300,fries,1
10300,fries,1
10301,fries,1
10302,chicken_tenders,1
10303,fries,1
10303,fries,2
10304,fries,1
10304,chicken_tenders,1
10305,chicken_tenders,2
10306,chicken_tenders,1
10306,fries,1
10307,chicken_tenders,1
10307,chicken_tenders,1
10308,fries,2
10309,hash_brown,1
10310,hash_brown,1
10311,hash_brown,1
10311,breakfast_wrap,1
10312,hash_brown,2
10313,breakfast_wrap,1
10313,hash_brown,1
10314,breakfast_wrap,2
10315,breakfast_wrap,1
10315,breakfast_wrap,1
10316,breakfast_wrap,1
10316,breakfast_wrap,1
10317,hash_brown,2
10318,hash_brown,1
10319,breakfast_wrap,1
10320,hash_brown,2
10321,breakfast_wrap,1
10322,breakfast_wrap,1
10323,breakfast_wrap,1
10324,breakfast_wrap,1
10325,hash_brown,1
10326,breakfast_wrap,1
10327,hash_brown,1
10328,hash_brown,1
10328,breakfast_wrap,1
10329,breakfast_wrap,2
10330,breakfast_wrap,1
10331,breakfast_wrap,1
10332,breakfast_wrap,1
10333,breakfast_wrap,1
10334,breakfast_wrap,1
10335,hash_brown,1
10336,breakfast_wrap,1
10336,hash_brown,1
10337,hash_brown,1
10338,hash_brown,1
10339,breakfast_wrap,1
10340,breakfast_wrap,1
10340,breakfast_wrap,1
10341,hash_brown,1
10342,hash_brown,1
10342,breakfast_wrap,1
10343,breakfast_wrap,1
10344,breakfast_wrap,1
10345,hash_brown,1
10346,breakfast_wrap,1
10347,breakfast_wrap,1
10348,hash_brown,1
10348,hash_brown,1
10349,breakfast_wrap,1
10350,hash_brown,2
10350,breakfast_wrap,1
10351,breakfast_wrap,1
10351,breakfast_wrap,1
10352,breakfast_wrap,1
10353,breakfast_wrap,2
10354,breakfast_wrap,2
10355,breakfast_wrap,2
10356,breakfast_wrap,2
10357,breakfast_wrap,1
10358,breakfast_wrap,1
10358,hash_brown,1
10359,hash_brown,1
10360,breakfast_wrap,1
10360,hash_brown,1
10361,hash_brown,1
10362,hash_brown,1
10363,hash_brown,2
10364,breakfast_wrap,1
10365,breakfast_wrap,1
10365,breakfast_wrap,1
10366,hash_brown,1
10367,hash_brown,1
10367,breakfast_wrap,1
10368,breakfast_wrap,1
10369,breakfast_wrap,2
10370,hash_brown,1
10370,hash_brown,1
10371,breakfast_wrap,1
10372,hash_brown,1
10372,hash_brown,1
10373,breakfast_wrap,1
10374,hash_brown,1
10375,chicken_tenders,1
10376,fries,1
10377,chicken_tenders,1
10378,fries,2
10378,chicken_tenders,1
10379,chicken_tenders,1
10380,fries,1
10380,chicken_tenders,2
10381,chicken_tenders,1
10382,chicken_tenders,1
10383,fries,1
10384,chicken_tenders,1
10385,fries,2
10386,chicken_tenders,1
10386,chicken_tenders,2
10387,chicken_tenders,1
10388,fries,1
10389,fries,1
10390,chicken_tenders,1
10391,chicken_tenders,1
10391,fries,2
10392,chicken_tenders,1
10392,fries,1
10393,chicken_tenders,1
10394,chicken_tenders,2
10395,fries,1
10396,fries,1
10397,chicken_tenders,1
10398,fries,2
10398,fries,2
10399,chicken_tenders,1
10400,fries,1
10401,fries,1
10402,chicken_tenders,1
10402,fries,1
10403,fries,1
10404,chicken_tenders,1
10405,fries,1
10406,fries,1
10407,fries,1
10408,chicken_tenders,1
10409,chicken_tenders,1
10409,fries,1
10410,fries,1
10411,fries,1
10412,fries,1
10413,chicken_tenders,1
10414,chicken_tenders,1
10414,chicken_tenders,1
10415,fries,1
10415,fries,1
10416,fries,1
10417,fries,1
10417,fries,2
10418,chicken_tenders,2
10419,chicken_tenders,1
10420,fries,2
10421,fries,1
10421,fries,1
10422,chicken_tenders,1
10423,chicken_tenders,1
10424,chicken_tenders,1
10424,chicken_tenders,2
10425,chicken_tenders,2
10426,chicken_tenders,1
10427,fries,1
10428,fries,1
10429,fries,1
10429,chicken_tenders,1
10430,chicken_tenders,1
10431,fries,1
10432,fries,2
10432,fries,1
10433,chicken_tenders,1
10434,chicken_tenders,1
10435,chicken_tenders,1
10436,chicken_tenders,1
10437,fries,1
10438,chicken_tenders,1
10439,chicken_tenders,1
10440,chicken_tenders,1
10441,chicken_tenders,1
10442,fries,1
10442,fries,2
10443,chicken_tenders,1
10444,fries,2
10445,chicken_tenders,2
10446,chicken_tenders,1
10447,fries,2
10448,fries,1
10448,fries,1
10449,chicken_tenders,1
10450,fries,1
10451,fries,2
10451,chicken_tenders,1
10452,fries,1
10453,fries,1
10454,fries,1
10455,fries,1
10455,chicken_tenders,1
10456,fries,1
10457,fries,2
10458,chicken_tenders,1
10459,fries,1
10460,chicken_tenders,1
10460,fries,1
10461,fries,2
10462,chicken_tenders,1
10463,fries,1
10464,fries,1
10465,fries,1
10465,fries,1
10466,chicken_tenders,1
10467,chicken_tenders,2
10468,chicken_tenders,1
10469,fries,2
10470,chicken_tenders,1
10471,fries,1
10472,fries,1
10472,chicken_tenders,1
10473,chicken_tenders,2
10473,chicken_tenders,1
10474,fries,1
10474,chicken_tenders,1
10475,chicken_tenders,1
10475,fries,1
10476,fries,1
10476,chicken_tenders,1
10477,chicken_tenders,1
10478,fries,1
10479,fries,1
10479,fries,1
10480,fries,1
10481,fries,1
10481,chicken_tenders,1
10482,chicken_tenders,1
10483,chicken_tenders,1
10484,fries,1
10485,chicken_tenders,1
10486,chicken_tenders,1
10487,chicken_tenders,1
10487,fries,1
10488,chicken_tenders,1
10489,fries,2
10490,fries,1
10491,fries,1
10492,fries,1
10493,fries,1
10494,fries,1
10495,fries,1
10496,chicken_tenders,1
10497,fries,1
10498,chicken_tenders,1
10498,fries,1
10499,fries,1
10499,fries,1
10500,chicken_tenders,1
10501,chicken_tenders,1
10502,fries,1
10503,fries,1
10504,fries,1
10505,fries,2
10506,chicken_tenders,2
10507,fries,1
10508,chicken_tenders,1
10508,chicken_tenders,1
10509,fries,1
10509,fries,2
10510,hash_brown,2
10510,hash_brown,1
10511,breakfast_wrap,1
10511,breakfast_wrap,1
10512,breakfast_wrap,1
10513,breakfast_wrap,1
10514,hash_brown,1
10515,breakfast_wrap,1
10515,hash_brown,2
10516,hash_brown,2
10517,breakfast_wrap,2
10518,hash_brown,1
10519,breakfast_wrap,1
10520,hash_brown,1
10521,breakfast_wrap,1
10522,hash_brown,1
10522,breakfast_wrap,1
10523,breakfast_wrap,1
10524,breakfast_wrap,1
10524,hash_brown,1
10525,breakfast_wrap,1
10526,breakfast_wrap,1
10527,hash_brown,1
10528,breakfast_wrap,1
10529,breakfast_wrap,1
10530,hash_brown,1
10531,hash_brown,1
10531,hash_brown,1
10532,hash_brown,1
10533,breakfast_wrap,1
10534,breakfast_wrap,1
10535,hash_brown,1
10536,hash_brown,1
10536,hash_brown,1
10537,breakfast_wrap,1
10537,breakfast_wrap,2
10538,hash_brown,1
10538,hash_brown,1
10539,hash_brown,2
10540,breakfast_wrap,1
10540,breakfast_wrap,1
10541,hash_brown,2
10542,breakfast_wrap,1
10542,breakfast_wrap,1
10543,hash_brown,1
10543,breakfast_wrap,1
10544,breakfast_wrap,2
10545,breakfast_wrap,1
10546,hash_brown,1
10547,breakfast_wrap,1
10547,hash_brown,1
10548,breakfast_wrap,2
10549,breakfast_wrap,1
10550,breakfast_wrap,2
10551,breakfast_wrap,1
10551,hash_brown,1
10552,breakfast_wrap,1
10553,hash_brown,1
10554,hash_brown,1
10555,hash_brown,1
10555,hash_brown,2
10556,breakfast_wrap,1
10556,breakfast_wrap,1
10557,hash_brown,1
10558,breakfast_wrap,1
10559,breakfast_wrap,1
10559,hash_brown,1
10560,hash_brown,2
10561,breakfast_wrap,2
10562,hash_brown,1
10562,hash_brown,1
10563,breakfast_wrap,1
10563,hash_brown,2
10564,breakfast_wrap,2
10565,breakfast_wrap,1
10566,hash_brown,1
10566,hash_brown,1
10567,hash_brown,1
10567,breakfast_wrap,2
10568,hash_brown,1
10569,hash_brown,1
10570,breakfast_wrap,1
10570,hash_brown,1
10571,hash_brown,1
10572,breakfast_wrap,1
10573,hash_brown,2
10574,breakfast_wrap,1
10575,breakfast_wrap,1
10576,breakfast_wrap,1
10577,hash_brown,1
10578,breakfast_wrap,1
10579,breakfast_wrap,2
10580,hash_brown,1
10581,hash_brown,1
10582,hash_brown,1
10582,hash_brown,1
10583,breakfast_wrap,2
10584,breakfast_wrap,1
10584,breakfast_wrap,1
10585,hash_brown,1
10586,breakfast_wrap,1
10587,breakfast_wrap,1
10588,breakfast_wrap,1
10589,breakfast_wrap,1
10589,hash_brown,2
10590,hash_brown,1
10591,breakfast_wrap,1
10591,hash_brown,1
10592,hash_brown,1
10593,hash_brown,2
10594,breakfast_wrap,1
10595,breakfast_wrap,1
10595,breakfast_wrap,1
10596,breakfast_wrap,1
10596,breakfast_wrap,1
10597,hash_brown,1
10598,hash_brown,1
10599,breakfast_wrap,1
10599,hash_brown,1
10600,hash_brown,1
10600,breakfast_wrap,1
10601,breakfast_wrap,2
10602,breakfast_wrap,1
10603,hash_brown,1
10604,breakfast_wrap,1
10605,breakfast_wrap,2
10605,breakfast_wrap,1
10606,breakfast_wrap,1
10607,breakfast_wrap,1
10607,hash_brown,1
10608,hash_brown,1
10609,chicken_tenders,1
10610,chicken_tenders,1
10610,chicken_tenders,1
10611,chicken_tenders,1
10612,fries,1
10613,fries,1
10614,fries,2
10615,chicken_tenders,1
10615,chicken_tenders,1
10616,chicken_tenders,1
10617,chicken_tenders,1
10618,fries,1
10619,fries,1
10619,fries,2
10620,chicken_tenders,1
10620,fries,1
10621,fries,1
10622,fries,1
10623,fries,2
10623,chicken_tenders,1
10624,chicken_tenders,1
10624,fries,2
10625,fries,1
10626,chicken_tenders,1
10627,fries,1
10628,fries,1
10628,chicken_tenders,1
10629,chicken_tenders,1
10630,fries,1
10631,chicken_tenders,1
10632,chicken_tenders,1
10633,fries,1
10634,fries,1
10634,fries,1
10635,fries,2
10635,chicken_tenders,1
10636,chicken_tenders,1
10637,chicken_tenders,1
10638,chicken_tenders,1
10639,fries,1
10640,chicken_tenders,1
10640,chicken_tenders,1
10641,fries,1
10642,fries,1
10642,chicken_tenders,2
10643,chicken_tenders,1
10644,fries,1
10645,chicken_tenders,1
10646,fries,1
10646,fries,2
10647,chicken_tenders,1
10647,fries,1
10648,chicken_tenders,2
10649,fries,1
10650,chicken_tenders,1
10651,fries,1
10652,fries,1
10653,chicken_tenders,1
10653,fries,1
10654,chicken_tenders,1
10655,chicken_tenders,1
10656,fries,1
10657,chicken_tenders,1
10658,chicken_tenders,2
10659,chicken_tenders,1
10660,fries,1
10661,fries,1
10662,fries,1
10663,fries,1
10663,fries,1
10664,fries,1
10665,fries,1
10666,fries,1
10667,fries,1
10668,fries,1
10668,chicken_tenders,1
10669,fries,1
10670,chicken_tenders,1
10671,chicken_tenders,1
10671,chicken_tenders,1
10672,fries,1
10673,fries,1
10674,chicken_tenders,1
10675,fries,1
10676,chicken_tenders,1
10677,fries,2
10678,fries,1
10679,chicken_tenders,1
10679,chicken_tenders,1
10680,fries,1
10681,chicken_tenders,1
10681,chicken_tenders,1
10682,chicken_tenders,1
10683,chicken_tenders,2
10683,fries,1
10684,chicken_tenders,1
10685,chicken_tenders,1
10686,fries,1
10687,fries,2
10688,chicken_tenders,1
10689,fries,1
10690,fries,1
10691,fries,1
10691,fries,1
10692,fries,2
10693,chicken_tenders,1
10693,chicken_tenders,1
10694,fries,1
10695,fries,1
10696,fries,1
10697,fries,1
10698,chicken_tenders,2
10699,fries,2
10700,fries,1
10701,chicken_tenders,1
10702,chicken_tenders,2
10703,fries,1
10703,chicken_tenders,2
10704,fries,1
10705,chicken_tenders,1
10706,chicken_tenders,2
10707,fries,2
10707,chicken_tenders,2
10708,chicken_tenders,1
10708,chicken_tenders,1
10709,chicken_tenders,1
10710,chicken_tenders,1
10711,chicken_tenders,1
10712,chicken_tenders,1
10713,fries,1
10714,chicken_tenders,1
10715,fries,2
10715,chicken_tenders,1
10716,chicken_tenders,1
10717,chicken_tenders,1
10718,fries,1
10719,fries,1
10719,chicken_tenders,1
10720,chicken_tenders,1
10721,fries,1
10722,chicken_tenders,1
10723,chicken_tenders,2
10723,fries,1
10724,chicken_tenders,1
10725,fries,2
10726,chicken_tenders,1
10726,fries,1
10727,fries,1
10728,chicken_tenders,1
10729,chicken_tenders,2
10729,chicken_tenders,2
10730,fries,1
10730,chicken_tenders,1
10731,chicken_tenders,1
10731,chicken_tenders,1
10732,fries,1
10733,fries,1
10734,fries,1
10735,fries,1
10735,chicken_tenders,2
10736,chicken_tenders,1
10736,chicken_tenders,1
10737,chicken_tenders,1
10737,chicken_tenders,1
10738,chicken_tenders,1
10739,fries,1
10740,fries,1
10740,fries,1
10741,chicken_tenders,1
10741,fries,2
10742,fries,1
10742,chicken_tenders,1
10743,chicken_tenders,1
10744,chicken_tenders,1
10745,fries,1
10746,fries,1
10747,fries,1
10748,fries,2
10749,chicken_tenders,1
10749,fries,2
10750,fries,1
10751,fries,1
10752,fries,1
10753,chicken_tenders,1
10753,chicken_tenders,1
10754,fries,1
10754,fries,2
10755,chicken_tenders,1
10756,fries,1
10757,fries,1
10758,fries,1
10759,fries,1
10760,fries,1
10761,fries,1
10761,fries,1
10762,chicken_tenders,1
10763,fries,2
10764,chicken_tenders,1
10765,fries,1
10766,chicken_tenders,1
10767,fries,1
10768,chicken_tenders,1
10769,chicken_tenders,1
10769,chicken_tenders,1
10770,chicken_tenders,1
10771,fries,1
10771,fries,1
10772,fries,1
10773,chicken_tenders,2
10774,fries,1
10775,chicken_tenders,1
10776,chicken_tenders,1
10777,chicken_tenders,1
10778,fries,2
10779,fries,1
10780,fries,1
10781,chicken_tenders,1
10782,chicken_tenders,1
10783,fries,1
10784,chicken_tenders,1
10785,breakfast_wrap,2
10786,hash_brown,1
10786,breakfast_wrap,1
10787,breakfast_wrap,1
10788,hash_brown,1
10789,breakfast_wrap,1
10790,hash_brown,2
10791,breakfast_wrap,1
10792,hash_brown,2
10793,hash_brown,1
10794,breakfast_wrap,1
10795,hash_brown,1
10796,hash_brown,1
10797,hash_brown,1
10798,hash_brown,1
10799,hash_brown,1
10800,breakfast_wrap,2
10800,breakfast_wrap,1
10801,breakfast_wrap,1
10801,hash_brown,1
10802,hash_brown,1
10802,breakfast_wrap,2
10803,hash_brown,1
10804,breakfast_wrap,1
10805,hash_brown,1
10806,breakfast_wrap,1
10807,hash_brown,1
10807,hash_brown,1
10808,hash_brown,1
10809,hash_brown,1
10810,breakfast_wrap,1
10810,breakfast_wrap,2
10811,hash_brown,1
10812,hash_brown,1
10812,breakfast_wrap,1
10813,breakfast_wrap,2
10814,breakfast_wrap,1
10814,breakfast_wrap,1
10815,hash_brown,1
10816,hash_brown,1
10816,hash_brown,1
10817,breakfast_wrap,1
10818,hash_brown,1
10819,hash_brown,2
10819,hash_brown,1
10820,hash_brown,1
10821,breakfast_wrap,1
10822,breakfast_wrap,1
10823,breakfast_wrap,1
10824,breakfast_wrap,1
10825,hash_brown,1
10826,breakfast_wrap,1
10827,hash_brown,1
10828,hash_brown,1
10829,breakfast_wrap,1
10829,breakfast_wrap,1
10830,breakfast_wrap,1
10831,breakfast_wrap,1
10832,hash_brown,1
10833,hash_brown,2
10833,breakfast_wrap,1
10834,breakfast_wrap,1
10835,hash_brown,1
10835,breakfast_wrap,1
10836,breakfast_wrap,1
10837,breakfast_wrap,1
10837,hash_brown,2
10838,hash_brown,1
10838,breakfast_wrap,1
10839,hash_brown,1
10840,hash_brown,1
10841,breakfast_wrap,2
10841,hash_brown,1
10842,breakfast_wrap,1
10843,breakfast_wrap,1
10844,hash_brown,1
10845,breakfast_wrap,2
10845,breakfast_wrap,1
10846,hash_brown,1
10847,hash_brown,1
10848,breakfast_wrap,1
10849,breakfast_wrap,1
10850,breakfast_wrap,1
10851,hash_brown,1
10851,hash_brown,1
10852,hash_brown,1
10853,hash_brown,1
10854,hash_brown,2
10855,breakfast_wrap,1
10856,breakfast_wrap,1
10856,hash_brown,1
10857,hash_brown,1
10858,breakfast_wrap,1
10859,hash_brown,1
10860,hash_brown,1
10860,breakfast_wrap,1
10861,hash_brown,1
10862,hash_brown,1
10863,hash_brown,1
10864,breakfast_wrap,1
10865,breakfast_wrap,1
10866,breakfast_wrap,2
10867,hash_brown,1
10868,hash_brown,1
10869,hash_brown,2
10870,fries,1
10871,fries,1
10871,chicken_tenders,1
10872,chicken_tenders,1
10873,fries,1
10873,chicken_tenders,1
10874,fries,1
10875,chicken_tenders,1
10876,fries,1
10876,chicken_tenders,1
10877,chicken_tenders,1
10878,chicken_tenders,1
10879,fries,1
10879,fries,1
10880,chicken_tenders,1
10880,fries,1
10881,fries,1
10881,fries,1
10882,fries,1
10883,fries,1
10884,chicken_tenders,1
10884,chicken_tenders,1
10885,fries,1
10885,chicken_tenders,2
10886,chicken_tenders,2
10887,fries,1
10888,chicken_tenders,1
10889,chicken_tenders,1
10890,fries,1
10891,fries,1
10892,fries,1
10893,fries,1
10894,fries,1
10895,chicken_tenders,1
10895,chicken_tenders,1
10896,chicken_tenders,1
10896,fries,1
10897,fries,1
10898,chicken_tenders,1
10899,fries,1
10900,fries,1
10900,chicken_tenders,2
10901,chicken_tenders,1
10902,chicken_tenders,1
10902,fries,1
10903,chicken_tenders,1
10904,chicken_tenders,1
10904,chicken_tenders,1
10905,chicken_tenders,1
10906,chicken_tenders,2
10906,chicken_tenders,1
10907,chicken_tenders,1
10908,fries,1
10909,chicken_tenders,1
10910,fries,2
10910,chicken_tenders,2
10911,chicken_tenders,1
10911,fries,1
10912,chicken_tenders,1
10913,chicken_tenders,1
10914,chicken_tenders,1
10914,chicken_tenders,1
10915,fries,1
10916,chicken_tenders,1
10916,fries,1
10917,fries,1
10918,fries,1
10918,chicken_tenders,1
10919,chicken_tenders,1
10920,fries,1
10921,chicken_tenders,1
10922,chicken_tenders,2
10922,fries,1
10923,fries,1
10924,chicken_tenders,1
10925,fries,1
10926,fries,1
10927,chicken_tenders,1
10928,chicken_tenders,1
10928,fries,1
10929,chicken_tenders,1
10930,fries,2
10930,fries,1
10931,fries,1
10932,chicken_tenders,1
10933,fries,1
10934,fries,1
10935,fries,1
10936,chicken_tenders,1
10936,chicken_tenders,1
10937,chicken_tenders,1
10938,chicken_tenders,1
10939,chicken_tenders,1
10940,fries,1
10941,fries,1
10942,fries,2
10942,fries,1
10943,fries,1
10944,fries,1
10945,fries,1
10946,chicken_tenders,1
10946,fries,1
10947,fries,2
10948,chicken_tenders,2
10949,fries,1
10950,chicken_tenders,1
10951,chicken_tenders,1
10952,chicken_tenders,1
10953,chicken_tenders,2
10953,chicken_tenders,1
10954,chicken_tenders,2
10955,chicken_tenders,1
10956,fries,1
10956,chicken_tenders,1
10957,chicken_tenders,1
10958,chicken_tenders,1
10959,fries,1
10960,chicken_tenders,1
10960,chicken_tenders,1
10961,chicken_tenders,2
10962,chicken_tenders,1
10963,fries,1
10963,fries,1
10964,chicken_tenders,1
10965,fries,1
10966,chicken_tenders,1
10967,chicken_tenders,2
10968,chicken_tenders,1
10969,chicken_tenders,1
10970,chicken_tenders,1
10971,fries,1
10972,fries,1
10973,chicken_tenders,1
10974,fries,1
10975,fries,1
10976,fries,1
10977,chicken_tenders,1
10978,chicken_tenders,1
10979,chicken_tenders,1
10980,fries,1
10981,chicken_tenders,1
10982,fries,1
10983,fries,1
10983,fries,1
10984,chicken_tenders,1
10985,fries,1
10986,fries,1
10987,fries,1
10988,fries,1
10989,fries,1
10990,fries,1
10991,chicken_tenders,2
10992,fries,1
10993,chicken_tenders,1
10994,fries,1
10995,chicken_tenders,1
10995,chicken_tenders,1
10996,fries,1
10997,chicken_tenders,1
10998,fries,1
10999,chicken_tenders,2
10999,chicken_tenders,1
11000,fries,1
11000,fries,1
11001,fries,2
11002,chicken_tenders,1
11003,chicken_tenders,1
11003,fries,2
11004,fries,1
11005,chicken_tenders,1
11006,fries,1
11006,fries,1
11007,chicken_tenders,1
11008,fries,1
11008,chicken_tenders,2
11009,fries,1
11009,fries,2
11010,chicken_tenders,1
11011,chicken_tenders,2
11012,chicken_tenders,1
11012,fries,1
11013,fries,1
11014,chicken_tenders,1
11015,fries,1
11016,chicken_tenders,1
11017,chicken_tenders,1
11018,chicken_tenders,1
11019,fries,1
11019,chicken_tenders,1
11020,fries,1
11021,chicken_tenders,1
11022,fries,1
11022,fries,1
11023,fries,2
11024,chicken_tenders,1
11025,chicken_tenders,1
11026,fries,1
11026,chicken_tenders,1
11027,chicken_tenders,2
11028,fries,1
11029,chicken_tenders,2
11030,chicken_tenders,1
11031,chicken_tenders,1
11032,fries,1
11033,fries,1
11034,fries,1
11034,chicken_tenders,1
11035,fries,2
11036,chicken_tenders,2
11037,fries,1
11038,chicken_tenders,2
11038,chicken_tenders,1
11039,fries,1
11040,chicken_tenders,1
11041,chicken_tenders,1
11042,chicken_tenders,1
11043,chicken_tenders,1
11044,chicken_tenders,2
11044,fries,1
11045,chicken_tenders,1
11046,chicken_tenders,1
11047,fries,1
11047,chicken_tenders,1
11048,chicken_tenders,2
11049,chicken_tenders,1
11049,chicken_tenders,1
11050,fries,2
11051,chicken_tenders,1
11052,fries,1
11052,fries,1
11053,fries,1
11053,fries,1
11054,fries,1
11054,fries,1
11055,fries,1
11056,fries,1
11057,fries,1
11058,fries,1
11059,fries,1
11060,chicken_tenders,2
11061,chicken_tenders,1
11062,chicken_tenders,2
11063,chicken_tenders,2
11064,chicken_tenders,2
11065,chicken_tenders,1
11066,fries,1
11067,chicken_tenders,2
11068,chicken_tenders,1
11068,fries,1
11069,fries,1
11070,chicken_tenders,1
11071,chicken_tenders,1
11072,fries,1
11073,chicken_tenders,1
11074,fries,2
11075,chicken_tenders,1
11076,chicken_tenders,1
11077,chicken_tenders,1
11078,fries,1
11079,fries,1
11080,fries,1
11080,fries,1
11081,chicken_tenders,1
11082,fries,1
11082,chicken_tenders,2
11083,chicken_tenders,1
11084,hash_brown,2
11085,breakfast_wrap,1
11086,hash_brown,1
11087,hash_brown,1
11087,breakfast_wrap,1
11088,hash_brown,1
11089,breakfast_wrap,1
11090,breakfast_wrap,1
11091,breakfast_wrap,2
11092,breakfast_wrap,1
11092,hash_brown,1
11093,breakfast_wrap,1
11094,hash_brown,1
11095,breakfast_wrap,1
11096,hash_brown,1
11096,breakfast_wrap,1
11097,breakfast_wrap,1
11097,breakfast_wrap,1
11098,breakfast_wrap,1
11098,breakfast_wrap,1
11099,breakfast_wrap,1
11099,hash_brown,1
11100,hash_brown,1
11101,breakfast_wrap,1
11101,hash_brown,2
11102,breakfast_wrap,1
11103,hash_brown,1
11104,breakfast_wrap,1
11105,breakfast_wrap,1
11106,breakfast_wrap,1
11107,breakfast_wrap,2
11108,breakfast_wrap,1
11109,breakfast_wrap,1
11109,hash_brown,1
11110,breakfast_wrap,1
11111,breakfast_wrap,1
11112,breakfast_wrap,1
11113,breakfast_wrap,1
11114,hash_brown,1
11115,hash_brown,2
11115,hash_brown,1
11116,breakfast_wrap,1
11116,hash_brown,1
11117,breakfast_wrap,1
11118,breakfast_wrap,1
11119,hash_brown,1
11119,breakfast_wrap,1
11120,hash_brown,2
11120,breakfast_wrap,1
11121,breakfast_wrap,2
11122,hash_brown,1
11122,hash_brown,1
11123,breakfast_wrap,1
11123,hash_brown,1
11124,hash_brown,1
11125,breakfast_wrap,1
11126,breakfast_wrap,1
11127,hash_brown,1
11127,hash_brown,1
11128,hash_brown,1
11129,breakfast_wrap,1
11129,breakfast_wrap,1
11130,breakfast_wrap,1
11131,breakfast_wrap,1
11132,hash_brown,1
11132,breakfast_wrap,1
11133,hash_brown,1
11134,hash_brown,1
11134,breakfast_wrap,1
11135,breakfast_wrap,1
11136,hash_brown,1
11137,hash_brown,2
11138,hash_brown,1
11138,hash_brown,1
11139,breakfast_wrap,1
11140,hash_brown,1
11141,hash_brown,2
11141,hash_brown,1
11142,breakfast_wrap,1
11142,hash_brown,1
11143,hash_brown,1
11144,hash_brown,1
11145,hash_brown,1
11146,hash_brown,2
11147,breakfast_wrap,2
11148,breakfast_wrap,1
11149,hash_brown,1
11150,breakfast_wrap,1
11150,breakfast_wrap,1
11151,hash_brown,1
11151,breakfast_wrap,1
11152,breakfast_wrap,1
11153,hash_brown,1
11153,breakfast_wrap,1
11154,hash_brown,1
11155,breakfast_wrap,1
11155,breakfast_wrap,1
11156,breakfast_wrap,1
11157,breakfast_wrap,1
11157,hash_brown,1
11158,breakfast_wrap,1
11158,breakfast_wrap,1
11159,breakfast_wrap,1
11159,breakfast_wrap,1
11160,breakfast_wrap,2
11161,breakfast_wrap,1
11162,hash_brown,1
11163,breakfast_wrap,1
11164,breakfast_wrap,1
11164,hash_brown,1
11165,chicken_tenders,1
11166,fries,2
11167,fries,1
11168,fries,1
11169,chicken_tenders,1
11170,chicken_tenders,1
11171,chicken_tenders,2
11172,chicken_tenders,1
11172,chicken_tenders,2
11173,chicken_tenders,1
11174,fries,1
11174,chicken_tenders,1
11175,chicken_tenders,1
11176,fries,2
11177,fries,1
11177,chicken_tenders,1
11178,chicken_tenders,1
11179,fries,2
11180,chicken_tenders,2
11181,fries,2
11182,fries,1
11182,fries,1
11183,fries,2
11183,chicken_tenders,1
11184,chicken_tenders,1
11185,chicken_tenders,1
11185,chicken_tenders,1
11186,chicken_tenders,1
11187,chicken_tenders,2
11188,fries,2
11188,fries,1
11189,fries,1
11190,chicken_tenders,1
11190,chicken_tenders,1
11191,fries,1
11192,chicken_tenders,1
11193,fries,2
11194,chicken_tenders,2
11195,fries,1
11196,fries,1
11197,chicken_tenders,2
11198,fries,1
11199,fries,1
11200,chicken_tenders,1
11201,chicken_tenders,1
11202,chicken_tenders,1
11203,fries,1
11203,fries,1
11204,fries,1
11204,fries,1
11205,fries,2
11206,fries,1
11207,chicken_tenders,1
11207,chicken_tenders,1
11208,chicken_tenders,1
11209,chicken_tenders,1
11209,chicken_tenders,1
11210,chicken_tenders,1
11210,fries,1
11211,chicken_tenders,2
11212,chicken_tenders,1
11213,fries,1
11213,fries,1
11214,fries,1
11215,chicken_tenders,2
11216,fries,1
11216,chicken_tenders,1
11217,chicken_tenders,1
11218,fries,1
11218,fries,1
11219,fries,1
11219,fries,1
11220,fries,1
11221,fries,1
11222,fries,1
11222,chicken_tenders,1
11223,chicken_tenders,1
11224,chicken_tenders,2
11224,chicken_tenders,1
11225,fries,1
11225,fries,2
11226,chicken_tenders,1
11227,fries,1
11227,fries,1
11228,fries,2
11229,fries,2
11229,fries,1
11230,chicken_tenders,1
11231,fries,1
11232,chicken_tenders,2
11233,fries,2
11234,fries,1
11235,fries,1
11235,fries,1
11236,chicken_tenders,1
11236,chicken_tenders,1
11237,chicken_tenders,1
11238,fries,1
11239,fries,1
11239,fries,2
11240,fries,1
11240,chicken_tenders,1
11241,chicken_tenders,1
11242,fries,1
11242,chicken_tenders,1
11243,fries,1
11243,chicken_tenders,2
11244,fries,1
11244,chicken_tenders,1
11245,chicken_tenders,1
11246,fries,2
11247,fries,1
11247,chicken_tenders,1
11248,chicken_tenders,1
11249,chicken_tenders,1
11250,fries,1
11251,chicken_tenders,2
11252,chicken_tenders,1
11253,chicken_tenders,1
11254,chicken_tenders,1
11255,fries,2
11256,fries,1
11257,chicken_tenders,1
11258,fries,1
11259,fries,1
11260,chicken_tenders,1
11261,fries,1
11262,fries,2
11263,fries,1
11264,fries,1
11265,chicken_tenders,1
11265,chicken_tenders,1
11266,chicken_tenders,1
11266,fries,1
11267,chicken_tenders,1
11268,chicken_tenders,1
11268,chicken_tenders,2
11269,chicken_tenders,1
11269,chicken_tenders,1
11270,chicken_tenders,1
11270,fries,1
11271,fries,1
11272,fries,1
11273,fries,1
11274,chicken_tenders,1
11275,fries,2
11276,fries,2
11276,fries,1
11277,fries,1
11278,fries,2
11279,chicken_tenders,1
11279,chicken_tenders,1
11280,chicken_tenders,1
11281,chicken_tenders,1
11281,chicken_tenders,1
11282,fries,1
11282,fries,1
11283,fries,1
11284,chicken_tenders,2
11285,chicken_tenders,1
11286,chicken_tenders,2
11287,fries,2
11288,chicken_tenders,1
11288,fries,1
11289,chicken_tenders,1
11290,chicken_tenders,1
11291,fries,1
11292,chicken_tenders,1
11293,fries,1
11293,chicken_tenders,1
11294,chicken_tenders,1
11295,fries,1
11296,chicken_tenders,1
11297,fries,2
11297,fries,1
11298,fries,2
11299,chicken_tenders,1
11300,fries,1
11301,fries,1
11302,chicken_tenders,1
11303,fries,2
11303,fries,1
11304,chicken_tenders,1
11305,chicken_tenders,1
11306,fries,1
11307,fries,1
11307,chicken_tenders,1
11308,chicken_tenders,2
11309,chicken_tenders,1
11310,fries,1
11310,chicken_tenders,1
11311,fries,1
11311,fries,1
11312,fries,2
11313,chicken_tenders,2
11314,fries,2
11315,fries,1
11316,breakfast_wrap,1
11317,breakfast_wrap,1
11318,breakfast_wrap,1
11318,breakfast_wrap,1
11319,hash_brown,1
11320,breakfast_wrap,1
11321,breakfast_wrap,2
11322,breakfast_wrap,1
11323,breakfast_wrap,1
11324,breakfast_wrap,1
11324,hash_brown,1
11325,hash_brown,1
11325,hash_brown,1
11326,breakfast_wrap,1
11327,hash_brown,1
11327,hash_brown,2
11328,hash_brown,1
11329,hash_brown,1
11330,breakfast_wrap,1
11330,hash_brown,1
11331,breakfast_wrap,1
11332,hash_brown,2
11332,breakfast_wrap,1
11333,hash_brown,1
11334,breakfast_wrap,1
11334,hash_brown,1
11335,hash_brown,1
11336,hash_brown,1
11337,hash_brown,1
11338,breakfast_wrap,1
11339,breakfast_wrap,1
11340,breakfast_wrap,1
11341,hash_brown,1
11341,breakfast_wrap,1
11342,breakfast_wrap,1
11343,breakfast_wrap,1
11344,breakfast_wrap,1
11344,hash_brown,1
11345,breakfast_wrap,1
11346,breakfast_wrap,1
11346,hash_brown,1
11347,hash_brown,1
11348,hash_brown,1
11349,hash_brown,1
11350,hash_brown,1
11351,breakfast_wrap,2
11352,breakfast_wrap,1
11353,hash_brown,2
11354,hash_brown,1
11355,breakfast_wrap,1
11355,hash_brown,1
11356,breakfast_wrap,1
11356,breakfast_wrap,1
11357,breakfast_wrap,1
11358,breakfast_wrap,1
11359,hash_brown,1
11360,hash_brown,2
11361,hash_brown,1
11362,hash_brown,1
11363,breakfast_wrap,1
11364,breakfast_wrap,1
11364,breakfast_wrap,2
11365,hash_brown,1
11365,hash_brown,1
11366,breakfast_wrap,1
11367,hash_brown,2
11367,hash_brown,1
11368,hash_brown,1
11368,hash_brown,1
11369,hash_brown,2
11369,breakfast_wrap,1
11370,hash_brown,1
11371,breakfast_wrap,1
11372,hash_brown,1
11373,hash_brown,1
11374,breakfast_wrap,1
11375,breakfast_wrap,1
11376,hash_brown,1
11377,hash_brown,1
11377,hash_brown,1
11378,hash_brown,1
11379,hash_brown,1
11380,hash_brown,1
11381,breakfast_wrap,1
11382,breakfast_wrap,2
11382,breakfast_wrap,2
11383,hash_brown,1
11384,hash_brown,1
11385,hash_brown,1
11386,hash_brown,2
11387,breakfast_wrap,1
11387,breakfast_wrap,1
11388,breakfast_wrap,1
11389,breakfast_wrap,2
11390,breakfast_wrap,1
11391,breakfast_wrap,1
11392,breakfast_wrap,1
11393,hash_brown,1
11394,breakfast_wrap,1
11395,breakfast_wrap,1
11395,breakfast_wrap,1
11396,hash_brown,1
11397,breakfast_wrap,1
11398,hash_brown,1
11399,fries,1
11400,chicken_tenders,2
11401,chicken_tenders,2
11402,chicken_tenders,1
11403,fries,1
11404,fries,2
11404,chicken_tenders,1
11405,chicken_tenders,2
11406,fries,2
11406,fries,1
11407,fries,1
11408,chicken_tenders,1
11409,chicken_tenders,1
11410,chicken_tenders,1
11411,fries,1
11412,fries,1
11413,chicken_tenders,1
11414,chicken_tenders,2
11415,chicken_tenders,1
11415,chicken_tenders,2
11416,fries,1
11416,fries,2
11417,chicken_tenders,1
11418,fries,1
11419,chicken_tenders,1
11420,fries,1
11421,chicken_tenders,1
11422,fries,1
11423,fries,1
11423,fries,1
11424,chicken_tenders,1
11425,chicken_tenders,1
11426,fries,1
11427,fries,1
11428,fries,1
11428,fries,1
11429,fries,1
11430,chicken_tenders,1
11431,fries,2
11432,fries,1
11433,chicken_tenders,2
11433,chicken_tenders,1
11434,chicken_tenders,1
11435,fries,2
11436,fries,2
11437,chicken_tenders,1
11438,chicken_tenders,1
11438,fries,1
11439,chicken_tenders,1
11440,chicken_tenders,2
11441,fries,1
11441,chicken_tenders,2
11442,chicken_tenders,1
11442,chicken_tenders,1
11443,fries,2
11443,chicken_tenders,1
11444,chicken_tenders,1
11444,chicken_tenders,1
11445,chicken_tenders,1
11445,chicken_tenders,1
11446,fries,2
11446,chicken_tenders,1
11447,fries,1
11448,chicken_tenders,1
11448,fries,1
11449,fries,1
11450,fries,2
11451,fries,1
11451,chicken_tenders,1
11452,chicken_tenders,1
11453,fries,1
11454,fries,1
11454,fries,1
11455,fries,1
11456,chicken_tenders,1
11457,chicken_tenders,1
11458,fries,1
11459,fries,1
11460,fries,1
11461,fries,1
11461,fries,1
11462,chicken_tenders,1
11462,fries,1
11463,fries,1
11464,chicken_tenders,1
11465,fries,1
11465,chicken_tenders,1
11466,fries,1
11467,fries,1
11467,fries,1
11468,fries,1
11469,fries,1
11469,fries,1
11470,chicken_tenders,1
11471,fries,1
11472,fries,1
11472,fries,1
11473,chicken_tenders,2
11474,fries,1
11475,fries,1
11476,fries,1
11477,fries,1
11477,chicken_tenders,1
11478,fries,1
11478,chicken_tenders,1
11479,chicken_tenders,2
11479,chicken_tenders,1
11480,chicken_tenders,1
11481,fries,2
11482,fries,1
11483,chicken_tenders,1
11483,chicken_tenders,1
11484,chicken_tenders,1
11484,chicken_tenders,2
11485,fries,1
11486,fries,1
11487,fries,1
11488,chicken_tenders,1
11488,chicken_tenders,2
11489,chicken_tenders,1
11489,chicken_tenders,1
11490,fries,1
11490,fries,1
11491,chicken_tenders,1
11492,chicken_tenders,1
11493,chicken_tenders,1
11494,chicken_tenders,1
11495,fries,1
11495,fries,1
11496,fries,1
11496,fries,1
11497,chicken_tenders,1
11498,fries,1
11499,chicken_tenders,1
11499,fries,1
11500,chicken_tenders,1
11501,chicken_tenders,1
11501,fries,1
11502,fries,1
11502,chicken_tenders,1
11503,chicken_tenders,1
11504,chicken_tenders,1
11504,chicken_tenders,1
11505,chicken_tenders,1
11506,fries,2
11507,fries,1
11508,chicken_tenders,1
11509,chicken_tenders,1
11509,fries,2
11510,fries,1
11511,fries,1
11511,fries,1
11512,fries,1
11513,chicken_tenders,1
11513,chicken_tenders,1
11514,chicken_tenders,2
11515,chicken_tenders,1
11515,fries,1
11516,fries,1
11516,chicken_tenders,1
11517,fries,1
11518,chicken_tenders,1
11519,fries,1
11520,fries,2
11521,chicken_tenders,2
11522,fries,1
11522,fries,1
11523,fries,1
11524,chicken_tenders,1
11525,chicken_tenders,1
11525,fries,1
11526,chicken_tenders,1
11526,chicken_tenders,1
11527,chicken_tenders,2
11528,chicken_tenders,1
11529,chicken_tenders,1
11529,fries,1
11530,chicken_tenders,1
11531,chicken_tenders,2
11532,chicken_tenders,1
11533,fries,1
11534,chicken_tenders,1
11535,chicken_tenders,1
11535,chicken_tenders,1
11536,fries,1
11536,fries,2
11537,chicken_tenders,1
11537,chicken_tenders,2
11538,chicken_tenders,2
11539,hash_brown,1
11540,breakfast_wrap,1
11541,hash_brown,1
11542,breakfast_wrap,1
11543,breakfast_wrap,1
11544,breakfast_wrap,1
11545,hash_brown,1
11546,breakfast_wrap,1
11547,hash_brown,1
11548,hash_brown,1
11549,hash_brown,1
11549,hash_brown,1
11550,hash_brown,1
11550,breakfast_wrap,1
11551,hash_brown,1
11552,hash_brown,1
11553,breakfast_wrap,2
11554,hash_brown,1
11555,breakfast_wrap,1
11556,breakfast_wrap,2
11556,hash_brown,1
11557,hash_brown,1
11558,hash_brown,1
11559,hash_brown,1
11560,hash_brown,1
11560,breakfast_wrap,1
11561,hash_brown,2
11562,hash_brown,1
11562,hash_brown,1
11563,hash_brown,2
11564,breakfast_wrap,1
11565,hash_brown,1
11565,breakfast_wrap,1
11566,breakfast_wrap,1
11567,hash_brown,1
11568,hash_brown,1
11569,breakfast_wrap,1
11570,hash_brown,1
11570,hash_brown,2
11571,breakfast_wrap,1
11571,hash_brown,1
11572,hash_brown,1
11572,hash_brown,1
11573,hash_brown,1
11573,hash_brown,2
11574,hash_brown,1
11574,hash_brown,1
11575,hash_brown,1
11575,hash_brown,1
11576,hash_brown,1
11577,hash_brown,1
11578,breakfast_wrap,2
11578,breakfast_wrap,1
11579,breakfast_wrap,1
11580,breakfast_wrap,2
11581,hash_brown,1
11582,breakfast_wrap,1
11583,breakfast_wrap,1
11584,hash_brown,1
11585,hash_brown,2
11586,hash_brown,2
11587,breakfast_wrap,2
11588,breakfast_wrap,1
11589,hash_brown,1
11590,hash_brown,1
11591,hash_brown,1
11592,breakfast_wrap,1
11592,breakfast_wrap,1
11593,hash_brown,2
11594,breakfast_wrap,2
11595,hash_brown,1
11595,breakfast_wrap,1
11596,breakfast_wrap,1
11597,breakfast_wrap,1
11598,breakfast_wrap,1
11598,breakfast_wrap,1
11599,hash_brown,1
11600,hash_brown,1
11600,hash_brown,2
11601,hash_brown,1
11602,hash_brown,1
11603,hash_brown,2
11604,breakfast_wrap,1
11605,breakfast_wrap,1
11605,hash_brown,1
11606,breakfast_wrap,1
11607,breakfast_wrap,1
11608,breakfast_wrap,1
11609,hash_brown,1
11610,hash_brown,1
11611,hash_brown,1
11612,breakfast_wrap,1
11613,hash_brown,1
11613,hash_brown,1
11614,hash_brown,2
11614,breakfast_wrap,1
11615,hash_brown,1
11616,chicken_tenders,1
11617,fries,1
11618,chicken_tenders,1
11618,fries,1
11619,fries,1
11620,chicken_tenders,1
11621,chicken_tenders,1
11621,chicken_tenders,1
11622,fries,1
11622,chicken_tenders,2
11623,fries,1
11623,chicken_tenders,2
11624,fries,1
11625,chicken_tenders,1
11625,chicken_tenders,1
11626,chicken_tenders,1
11626,fries,2
11627,chicken_tenders,1
11628,fries,1
11628,fries,1
11629,chicken_tenders,1
11630,chicken_tenders,1
11631,fries,1
11632,chicken_tenders,1
11633,chicken_tenders,2
11633,fries,1
11634,fries,1
11634,fries,1
11635,fries,1
11635,chicken_tenders,1
11636,chicken_tenders,1
11637,fries,1
11638,chicken_tenders,1
11639,fries,1
11640,chicken_tenders,1
11640,chicken_tenders,1
11641,chicken_tenders,1
11641,fries,2
11642,fries,1
11643,chicken_tenders,1
11644,fries,1
11645,fries,2
11646,chicken_tenders,1
11647,chicken_tenders,2
11648,chicken_tenders,1
11649,chicken_tenders,1
11650,chicken_tenders,1
11650,fries,1
11651,fries,1
11652,chicken_tenders,1
11653,fries,1
11654,chicken_tenders,1
11655,fries,1
11656,chicken_tenders,1
11657,chicken_tenders,1
11657,chicken_tenders,1
11658,fries,1
11659,fries,2
11660,fries,2
11661,chicken_tenders,1
11662,fries,1
11662,fries,1
11663,fries,1
11664,chicken_tenders,1
11665,fries,1
11666,fries,1
11666,fries,1
11667,fries,1
11667,chicken_tenders,1
11668,fries,1
11669,fries,1
11670,fries,1
11671,fries,1
11672,chicken_tenders,1
11673,chicken_tenders,1
11673,fries,1
11674,fries,1
11675,chicken_tenders,1
11676,chicken_tenders,1
11677,fries,2
11678,chicken_tenders,1
11679,fries,1
11679,fries,1
11680,chicken_tenders,1
11681,chicken_tenders,1
11682,fries,1
11682,fries,1
11683,fries,1
11684,fries,1
11685,chicken_tenders,1
11686,fries,1
11686,fries,1
11687,fries,1
11688,chicken_tenders,1
11689,chicken_tenders,1
11689,chicken_tenders,2
11690,fries,1
11691,chicken_tenders,1
11692,fries,1
11693,chicken_tenders,1
11694,fries,2
11695,chicken_tenders,1
11696,fries,1
11697,chicken_tenders,1
11697,fries,1
11698,fries,1
11699,fries,2
11700,chicken_tenders,1
11700,chicken_tenders,1
11701,chicken_tenders,2
11702,chicken_tenders,1
11702,fries,1
11703,chicken_tenders,1
11704,chicken_tenders,1
11705,chicken_tenders,1
11706,chicken_tenders,1
11707,chicken_tenders,1
11708,fries,2
11708,chicken_tenders,1
11709,chicken_tenders,1
11710,fries,2
11711,chicken_tenders,1
11712,chicken_tenders,1
11713,fries,1
11714,chicken_tenders,1
11715,fries,1
11716,chicken_tenders,1
11717,fries,1
11718,chicken_tenders,1
11719,chicken_tenders,1
11719,chicken_tenders,2
11720,chicken_tenders,1
11721,chicken_tenders,2
11721,fries,1
11722,fries,1
11723,chicken_tenders,2
11723,chicken_tenders,1
11724,fries,1
11725,chicken_tenders,1
11725,chicken_tenders,1
11726,chicken_tenders,1
11727,fries,2
11728,fries,1
11729,chicken_tenders,1
11730,chicken_tenders,1
11731,chicken_tenders,1
11732,fries,1
11732,fries,1
11733,chicken_tenders,2
11734,chicken_tenders,1
11734,fries,1
11735,fries,1
11735,fries,1
11736,fries,2
11736,chicken_tenders,1
11737,fries,1
11737,chicken_tenders,1
11738,chicken_tenders,1
11739,fries,1
11740,fries,1
11740,chicken_tenders,1
11741,chicken_tenders,1
11742,chicken_tenders,1
11743,chicken_tenders,1
11744,chicken_tenders,1
11745,chicken_tenders,1
11745,fries,1
11746,fries,1
11747,chicken_tenders,1
11748,chicken_tenders,1
11748,fries,1
11749,fries,2
11750,chicken_tenders,1
11751,fries,1
11752,fries,1
11753,chicken_tenders,1
11753,fries,2
11754,breakfast_wrap,1
11755,hash_brown,1
11756,hash_brown,1
11756,breakfast_wrap,1
11757,breakfast_wrap,1
11757,hash_brown,1
11758,breakfast_wrap,1
11758,breakfast_wrap,1
11759,hash_brown,1
11760,hash_brown,1
11761,breakfast_wrap,1
11761,hash_brown,1
11762,hash_brown,1
11763,hash_brown,1
11764,hash_brown,1
11764,breakfast_wrap,1
11765,breakfast_wrap,1
11766,breakfast_wrap,2
11767,hash_brown,1
11768,breakfast_wrap,1
11768,breakfast_wrap,1
11769,breakfast_wrap,1
11769,breakfast_wrap,2
11770,hash_brown,1
11771,hash_brown,1
11772,breakfast_wrap,1
11773,hash_brown,1
11774,hash_brown,1
11774,breakfast_wrap,1
11775,breakfast_wrap,1
11775,hash_brown,2
11776,hash_brown,1
11777,hash_brown,1
11777,hash_brown,1
11778,hash_brown,1
11779,breakfast_wrap,1
11780,breakfast_wrap,1
11780,hash_brown,1
11781,breakfast_wrap,2
11782,hash_brown,1
11783,hash_brown,1
11784,breakfast_wrap,1
11785,breakfast_wrap,2
11786,breakfast_wrap,1
11786,breakfast_wrap,1
11787,breakfast_wrap,1
11788,breakfast_wrap,1
11789,breakfast_wrap,1
11789,breakfast_wrap,1
11790,hash_brown,1
11791,breakfast_wrap,1
11791,breakfast_wrap,1
11792,hash_brown,1
11793,hash_brown,2
11794,breakfast_wrap,1
11794,hash_brown,2
11795,breakfast_wrap,1
11796,hash_brown,1
11797,breakfast_wrap,1
11798,breakfast_wrap,1
11799,hash_brown,1
11799,breakfast_wrap,1
11800,breakfast_wrap,1
11800,breakfast_wrap,1
11801,hash_brown,1
11802,hash_brown,1
11803,hash_brown,1
11804,hash_brown,1
11805,hash_brown,1
11806,hash_brown,1
11807,hash_brown,1
11808,hash_brown,1
11808,breakfast_wrap,1
11809,hash_brown,1
11810,breakfast_wrap,2
11811,hash_brown,1
11811,hash_brown,1
11812,breakfast_wrap,1
11813,breakfast_wrap,1
11814,breakfast_wrap,1
11815,breakfast_wrap,2
11816,hash_brown,1
11817,hash_brown,1
11818,breakfast_wrap,1
11819,breakfast_wrap,1
11820,breakfast_wrap,1
11820,breakfast_wrap,1
11821,hash_brown,1
11822,breakfast_wrap,1
11823,breakfast_wrap,1
11824,hash_brown,1
11825,hash_brown,1
11826,hash_brown,1
11827,chicken_tenders,1
11828,chicken_tenders,1
11829,fries,1
11829,fries,1
11830,chicken_tenders,1
11831,fries,1
11832,fries,1
11833,fries,1
11833,fries,1
11834,chicken_tenders,2
11835,chicken_tenders,1
11836,fries,1
11837,fries,2
11838,fries,1
11839,fries,1
11840,fries,2
11841,chicken_tenders,1
11842,chicken_tenders,1
11843,fries,1
11843,chicken_tenders,1
11844,fries,1
11845,chicken_tenders,1
11846,chicken_tenders,1
11846,fries,1
11847,fries,1
11848,fries,1
11849,chicken_tenders,1
11850,chicken_tenders,1
11850,fries,2
11851,chicken_tenders,1
11851,fries,1
11852,fries,2
11853,chicken_tenders,1
11854,chicken_tenders,1
11855,fries,1
11855,fries,1
11856,fries,1
11857,fries,1
11858,fries,1
11858,fries,1
11859,chicken_tenders,1
11859,chicken_tenders,1
11860,fries,1
11861,fries,1
11862,fries,1
11862,fries,1
11863,chicken_tenders,1
11864,chicken_tenders,1
11865,fries,1
11866,fries,1
11867,chicken_tenders,1
11868,fries,1
11869,chicken_tenders,1
11870,chicken_tenders,1
11871,fries,1
11872,fries,1
11873,fries,1
11874,chicken_tenders,1
11874,fries,1
11875,chicken_tenders,1
11876,chicken_tenders,1
11876,chicken_tenders,1
11877,fries,1
11878,chicken_tenders,1
11879,fries,2
11880,fries,1
11881,chicken_tenders,1
11882,fries,1
11883,fries,2
11884,fries,1
11885,fries,1
11886,fries,1
11887,chicken_tenders,2
11888,fries,1
11889,fries,2
11889,chicken_tenders,1
11890,chicken_tenders,2
11891,fries,2
11891,fries,2
11892,chicken_tenders,1
11893,fries,1
11894,fries,1
11894,chicken_tenders,1
11895,chicken_tenders,2
11896,chicken_tenders,1
11897,chicken_tenders,1
11897,chicken_tenders,1
11898,fries,2
11898,chicken_tenders,2
11899,fries,1
11899,chicken_tenders,1
11900,chicken_tenders,1
11901,chicken_tenders,2
11902,fries,1
11903,chicken_tenders,1
11903,chicken_tenders,1
11904,chicken_tenders,1
11904,chicken_tenders,1
11905,chicken_tenders,2
11906,chicken_tenders,1
11907,fries,1
11908,fries,2
11909,chicken_tenders,2
11910,fries,1
11911,chicken_tenders,1
11912,chicken_tenders,1
11913,chicken_tenders,1
11914,chicken_tenders,1
11914,fries,1
11915,chicken_tenders,1
11915,chicken_tenders,1
11916,chicken_tenders,1
11917,fries,1
11917,chicken_tenders,1
11918,fries,1
11919,chicken_tenders,1
11920,chicken_tenders,1
11921,chicken_tenders,2
11922,chicken_tenders,1
11923,chicken_tenders,1
11924,fries,1
11925,chicken_tenders,1
11926,fries,1
11926,chicken_tenders,1
11927,chicken_tenders,1
11927,chicken_tenders,1
11928,fries,1
11929,fries,1
11929,chicken_tenders,1
11930,chicken_tenders,1
11930,chicken_tenders,2
11931,chicken_tenders,2
11932,chicken_tenders,1
11933,chicken_tenders,1
11934,fries,1
11935,chicken_tenders,1
11936,fries,1
11937,chicken_tenders,1
11937,chicken_tenders,2
11938,chicken_tenders,1
11939,fries,1
11939,chicken_tenders,1
11940,chicken_tenders,1
11941,chicken_tenders,1
11942,chicken_tenders,1
11943,chicken_tenders,1
11944,fries,1
11945,fries,1
11945,fries,1
11946,fries,1
11947,chicken_tenders,2
11947,fries,1
11948,chicken_tenders,1
11948,chicken_tenders,1
11949,chicken_tenders,1
11950,fries,2
11951,chicken_tenders,1
11952,chicken_tenders,1
11953,fries,1
11954,chicken_tenders,1
11955,chicken_tenders,2
11956,fries,1
11957,chicken_tenders,1
11958,fries,2
11959,fries,1
11960,fries,1
11961,chicken_tenders,1
11962,fries,1
11963,chicken_tenders,1
11964,fries,1
11965,fries,1
11966,fries,1
11967,chicken_tenders,1
11968,chicken_tenders,1
11969,chicken_tenders,1
11970,chicken_tenders,1
11971,chicken_tenders,1
11972,chicken_tenders,1
11973,fries,1
11974,fries,1
11975,fries,1
11976,fries,1
11977,fries,1
11978,fries,1
11979,fries,1
11980,fries,1
11980,chicken_tenders,1
11981,fries,1
11981,fries,1
11982,fries,1
11982,chicken_tenders,1
11983,chicken_tenders,1
11984,fries,2
11985,fries,1
11985,fries,1
11986,fries,1
11986,chicken_tenders,1
11987,fries,1
11988,fries,1
11988,fries,1
11989,chicken_tenders,1
11990,fries,1
11991,chicken_tenders,1
11992,fries,1
11992,fries,1
11993,chicken_tenders,1
11994,fries,1
11995,fries,1
11995,chicken_tenders,1
11996,chicken_tenders,1
11997,chicken_tenders,1
11998,fries,1
11999,breakfast_wrap,1
12000,breakfast_wrap,1
12001,breakfast_wrap,2
12002,hash_brown,1
12002,hash_brown,1
12003,breakfast_wrap,2
12004,hash_brown,1
12004,breakfast_wrap,2
12005,breakfast_wrap,1
12006,hash_brown,1
12007,breakfast_wrap,1
12008,hash_brown,1
12009,breakfast_wrap,1
12010,breakfast_wrap,2
12011,hash_brown,1
12012,breakfast_wrap,1
12013,hash_brown,1
12014,hash_brown,1
12014,hash_brown,1
12015,hash_brown,1
12016,hash_brown,1
12017,breakfast_wrap,1
12018,hash_brown,1
12019,hash_brown,2
12020,breakfast_wrap,1
12020,breakfast_wrap,1
12021,hash_brown,1
12022,hash_brown,1
12023,breakfast_wrap,1
12023,hash_brown,1
12024,hash_brown,1
12024,hash_brown,1
12025,hash_brown,1
12026,breakfast_wrap,1
12027,hash_brown,2
12028,breakfast_wrap,1
12028,hash_brown,1
12029,hash_brown,1
12029,breakfast_wrap,1
12030,breakfast_wrap,1
12030,hash_brown,1
12031,hash_brown,1
12032,breakfast_wrap,1
12033,breakfast_wrap,1
12034,breakfast_wrap,1
12035,breakfast_wrap,1
12036,hash_brown,1
12037,hash_brown,2
12037,breakfast_wrap,2
12038,breakfast_wrap,1
12038,breakfast_wrap,2
12039,hash_brown,2
12040,hash_brown,1
12040,hash_brown,2
12041,breakfast_wrap,1
12042,hash_brown,2
12043,breakfast_wrap,1
12044,breakfast_wrap,1
12044,breakfast_wrap,2
12045,breakfast_wrap,2
12046,breakfast_wrap,1
12047,breakfast_wrap,1
12048,hash_brown,2
12049,hash_brown,1
12050,breakfast_wrap,1
12050,hash_brown,1
12051,hash_brown,1
12052,hash_brown,1
12053,chicken_tenders,1
12054,chicken_tenders,1
12054,fries,1
12055,fries,1
12056,chicken_tenders,1
12056,chicken_tenders,1
12057,chicken_tenders,1
12058,fries,1
12059,fries,2
12059,fries,1
12060,chicken_tenders,1
12061,chicken_tenders,1
12061,fries,2
12062,chicken_tenders,1
12062,chicken_tenders,1
12063,fries,1
12064,fries,1
12065,chicken_tenders,1
12065,chicken_tenders,1
12066,chicken_tenders,1
12067,chicken_tenders,1
12068,chicken_tenders,1
12068,chicken_tenders,1
12069,chicken_tenders,1
12069,chicken_tenders,1
12070,fries,1
12071,fries,1
12072,fries,1
12073,fries,1
12074,fries,1
12075,fries,1
12076,chicken_tenders,1
12077,chicken_tenders,2
12077,fries,1
12078,fries,1
12078,fries,1
12079,chicken_tenders,2
12080,chicken_tenders,1
12081,fries,1
12082,chicken_tenders,2
12083,fries,1
12084,chicken_tenders,1
12084,fries,1
12085,fries,1
12086,fries,1
12086,fries,1
12087,fries,1
12088,fries,1
12089,chicken_tenders,1
12090,chicken_tenders,1
12091,fries,1
12092,fries,1
12092,fries,1
12093,chicken_tenders,1
12094,fries,1
12095,fries,1
12095,chicken_tenders,1
12096,fries,2
12097,fries,1
12097,chicken_tenders,1
12098,fries,1
12099,fries,1
12100,chicken_tenders,1
12101,fries,1
12102,fries,1
12102,chicken_tenders,1
12103,chicken_tenders,1
12103,fries,1
12104,fries,1
12105,fries,1
12106,fries,1
12107,chicken_tenders,1
12108,chicken_tenders,1
12109,chicken_tenders,1
12110,chicken_tenders,2
12111,fries,2
12112,fries,2
12112,chicken_tenders,1
12113,fries,1
12113,fries,2
12114,chicken_tenders,1
12115,fries,1
12115,fries,1
12116,chicken_tenders,2
12117,chicken_tenders,1
12117,fries,1
12118,fries,1
12119,chicken_tenders,1
12120,fries,1
12121,chicken_tenders,1
12122,chicken_tenders,2
12123,chicken_tenders,1
12124,fries,1
12125,chicken_tenders,1
12126,chicken_tenders,1
12126,chicken_tenders,1
12127,fries,1
12127,chicken_tenders,1
12128,chicken_tenders,1
12129,fries,1
12130,fries,1
12131,chicken_tenders,1
12132,fries,1
12133,fries,1
12133,fries,1
12134,chicken_tenders,1
12135,fries,1
12136,fries,1
12136,fries,1
12137,chicken_tenders,1
12137,chicken_tenders,1
12138,chicken_tenders,1
12139,chicken_tenders,1
12140,fries,1
12140,fries,1
12141,fries,1
12142,fries,2
12142,chicken_tenders,2
12143,fries,1
12143,chicken_tenders,1
12144,chicken_tenders,1
12145,fries,1
12146,chicken_tenders,1
12147,chicken_tenders,2
12148,fries,1
12149,fries,1
12150,fries,1
12151,chicken_tenders,1
12152,chicken_tenders,1
12153,fries,1
12153,chicken_tenders,1
12154,fries,1
12155,fries,1
12156,fries,1
12156,chicken_tenders,1
12157,chicken_tenders,1
12157,chicken_tenders,1
12158,fries,1
12159,fries,1
12159,fries,1
12160,chicken_tenders,1
12161,chicken_tenders,1
12161,chicken_tenders,1
12162,chicken_tenders,1
12163,chicken_tenders,1
12163,fries,2
12164,fries,1
12164,chicken_tenders,2
12165,fries,1
12165,chicken_tenders,1
12166,fries,1
12167,fries,1
12168,chicken_tenders,1
12169,chicken_tenders,1
12169,chicken_tenders,1
12170,chicken_tenders,1
12170,chicken_tenders,1
12171,fries,1
12172,chicken_tenders,1
12173,fries,2
12173,fries,1
12174,chicken_tenders,1
12175,fries,1
12176,chicken_tenders,2
12177,fries,1
12177,chicken_tenders,1
12178,chicken_tenders,2
12179,chicken_tenders,1
12179,fries,1
12180,fries,1
12181,chicken_tenders,1
12182,fries,1
12183,chicken_tenders,1
12184,fries,1
12185,chicken_tenders,1
12186,fries,1
12187,fries,1
12188,fries,2
12189,fries,2
12189,fries,1
12190,fries,1
12190,fries,1
12191,chicken_tenders,1
12192,fries,1
12193,fries,1
12194,fries,1
12194,chicken_tenders,1
12195,chicken_tenders,1
12196,fries,1
12197,fries,1
12198,fries,1
12199,chicken_tenders,1
12200,hash_brown,2
12200,breakfast_wrap,1
12201,hash_brown,1
12202,hash_brown,1
12203,breakfast_wrap,1
12203,breakfast_wrap,1
12204,hash_brown,2
12205,breakfast_wrap,1
12206,hash_brown,1
12207,hash_brown,1
12208,hash_brown,1
12209,hash_brown,1
12210,hash_brown,1
12211,hash_brown,1
12212,breakfast_wrap,1
12213,hash_brown,1
12214,hash_brown,1
12215,breakfast_wrap,2
12216,hash_brown,1
12217,breakfast_wrap,1
12217,breakfast_wrap,1
12218,hash_brown,1
12219,breakfast_wrap,1
12219,hash_brown,1
12220,hash_brown,1
12220,breakfast_wrap,1
12221,hash_brown,1
12222,hash_brown,1
12223,breakfast_wrap,1
12224,breakfast_wrap,1
12225,breakfast_wrap,1
12226,breakfast_wrap,1
12227,hash_brown,1
12227,hash_brown,1
12228,breakfast_wrap,1
12228,hash_brown,1
12229,breakfast_wrap,1
12230,hash_brown,2
12231,breakfast_wrap,1
12231,hash_brown,1
12232,breakfast_wrap,1
12232,hash_brown,1
12233,breakfast_wrap,1
12233,hash_brown,2
12234,breakfast_wrap,1
12235,breakfast_wrap,1
12235,hash_brown,2
12236,hash_brown,1
12236,hash_brown,1
12237,hash_brown,1
12238,hash_brown,2
12239,breakfast_wrap,1
12239,breakfast_wrap,1
12240,hash_brown,1
12241,hash_brown,1
12241,hash_brown,1
12242,hash_brown,1
12243,hash_brown,1
12243,hash_brown,1
12244,hash_brown,2
12245,hash_brown,1
12246,breakfast_wrap,1
12247,hash_brown,1
12248,breakfast_wrap,1
12249,hash_brown,1
12250,breakfast_wrap,1
12250,breakfast_wrap,1
12251,hash_brown,1
12252,hash_brown,2
12253,breakfast_wrap,1
12254,hash_brown,1
12254,hash_brown,1
12255,hash_brown,2
12256,breakfast_wrap,2
12257,hash_brown,1
12258,hash_brown,1
12258,hash_brown,1
12259,hash_brown,1
12260,hash_brown,1
12261,hash_brown,1
12261,breakfast_wrap,1
12262,breakfast_wrap,1
12263,hash_brown,1
12264,hash_brown,2
12265,breakfast_wrap,1
12266,hash_brown,1
12266,hash_brown,1
12267,breakfast_wrap,1
12268,hash_brown,1
12269,breakfast_wrap,1
12270,breakfast_wrap,1
12271,hash_brown,1
12272,breakfast_wrap,1
12272,hash_brown,1
12273,breakfast_wrap,1
12273,hash_brown,1
12274,breakfast_wrap,1
12275,hash_brown,1
12276,hash_brown,1
12276,hash_brown,1
12277,hash_brown,1
12277,breakfast_wrap,1
12278,hash_brown,1
12279,hash_brown,1
12280,breakfast_wrap,1
12281,breakfast_wrap,1
12282,hash_brown,1
12282,breakfast_wrap,1
12283,breakfast_wrap,1
12284,breakfast_wrap,1
12285,hash_brown,1
12286,breakfast_wrap,1
12286,hash_brown,2
12287,breakfast_wrap,1
12287,hash_brown,1
12288,breakfast_wrap,2
12289,breakfast_wrap,2
12290,hash_brown,1
12291,breakfast_wrap,1
12291,breakfast_wrap,1
12292,breakfast_wrap,2
12293,breakfast_wrap,1
12294,breakfast_wrap,2
12294,breakfast_wrap,1
12295,breakfast_wrap,1
12296,hash_brown,1
12297,hash_brown,2
12298,hash_brown,1
12298,hash_brown,1
12299,breakfast_wrap,1
12300,hash_brown,2
12301,breakfast_wrap,1
12302,breakfast_wrap,2
12303,breakfast_wrap,1
12304,chicken_tenders,1
12305,fries,2
12306,chicken_tenders,1
12306,fries,1
12307,fries,1
12308,fries,1
12309,chicken_tenders,1
12310,chicken_tenders,1
12311,chicken_tenders,2
12311,chicken_tenders,2
12312,fries,1
12313,chicken_tenders,1
12314,chicken_tenders,2
12315,fries,1
12316,chicken_tenders,1
12316,chicken_tenders,1
12317,fries,1
12318,chicken_tenders,1
12319,fries,1
12319,chicken_tenders,1
12320,chicken_tenders,1
12321,chicken_tenders,1
12321,chicken_tenders,1
12322,fries,1
12323,fries,1
12324,fries,1
12324,chicken_tenders,1
12325,chicken_tenders,1
12326,fries,1
12327,chicken_tenders,1
12327,chicken_tenders,1
12328,chicken_tenders,1
12329,chicken_tenders,1
12329,chicken_tenders,1
12330,fries,1
12330,fries,2
12331,chicken_tenders,1
12331,chicken_tenders,1
12332,fries,1
12332,chicken_tenders,1
12333,chicken_tenders,1
12333,chicken_tenders,1
12334,fries,1
12334,fries,1
12335,chicken_tenders,1
12336,fries,1
12336,fries,1
12337,chicken_tenders,1
12337,fries,1
12338,chicken_tenders,1
12339,fries,1
12339,fries,2
12340,chicken_tenders,1
12341,fries,1
12341,chicken_tenders,1
12342,fries,1
12342,chicken_tenders,1
12343,fries,2
12344,chicken_tenders,1
12345,chicken_tenders,1
12346,chicken_tenders,2
12347,chicken_tenders,1
12348,fries,1
12349,fries,1
12350,fries,1
12351,fries,1
12352,fries,1
12353,chicken_tenders,1
12353,fries,1
12354,fries,1
12355,chicken_tenders,1
12356,chicken_tenders,1
12357,chicken_tenders,1
12358,fries,1
12359,fries,1
12360,chicken_tenders,1
12361,fries,1
12362,fries,2
12363,fries,1
12364,chicken_tenders,2
12364,fries,1
12365,chicken_tenders,1
12366,chicken_tenders,1
12366,fries,1
12367,chicken_tenders,1
12368,fries,1
12369,fries,1
12370,chicken_tenders,1
12371,chicken_tenders,1
12372,chicken_tenders,1
12372,fries,1
12373,chicken_tenders,1
12373,chicken_tenders,1
12374,fries,1
12375,chicken_tenders,1
12375,chicken_tenders,1
12376,fries,2
12377,fries,1
12377,fries,1
12378,fries,1
12378,fries,1
12379,chicken_tenders,1
12379,fries,1
12380,chicken_tenders,1
12381,chicken_tenders,1
12382,fries,1
12383,chicken_tenders,1
12384,fries,1
12385,chicken_tenders,1
12385,chicken_tenders,1
12386,chicken_tenders,1
12387,fries,1
12388,chicken_tenders,1
12389,chicken_tenders,1
12390,fries,1
12391,fries,1
12392,chicken_tenders,1
12392,chicken_tenders,1
12393,chicken_tenders,1
12393,fries,1
12394,fries,1
12394,fries,1
12395,fries,1
12396,chicken_tenders,1
12396,fries,1
12397,fries,1
12398,chicken_tenders,1
12399,chicken_tenders,1
12400,chicken_tenders,1
12400,fries,1
12401,fries,1
12402,fries,1
12402,chicken_tenders,1
12403,chicken_tenders,1
12403,fries,1
12404,chicken_tenders,2
12405,fries,1
12406,fries,1
12407,chicken_tenders,1
12408,fries,1
12409,fries,1
12410,chicken_tenders,1
12411,fries,1
12412,chicken_tenders,1
12413,chicken_tenders,1
12413,chicken_tenders,2
12414,chicken_tenders,1
12414,chicken_tenders,1
12415,chicken_tenders,1
12416,chicken_tenders,1
12417,chicken_tenders,1
12417,chicken_tenders,1
12418,fries,1
12418,chicken_tenders,1
12419,fries,1
12420,chicken_tenders,1
12421,fries,1
12421,chicken_tenders,1
12422,chicken_tenders,1
12423,fries,1
12424,chicken_tenders,1
12425,fries,1
12426,fries,1
12426,chicken_tenders,1
12427,chicken_tenders,1
12428,fries,1
12429,fries,1
12429,chicken_tenders,1
12430,chicken_tenders,1
12430,fries,1
12431,fries,1
12431,chicken_tenders,1
12432,chicken_tenders,1
12432,fries,1
12433,chicken_tenders,1
12433,chicken_tenders,1
12434,chicken_tenders,1
12435,chicken_tenders,2
12436,chicken_tenders,1
12437,fries,1
12438,fries,1
12438,fries,2
12439,fries,1
12440,fries,2
12440,fries,2
12441,fries,1
12441,fries,1
12442,fries,1
12443,chicken_tenders,1
12444,fries,1
12445,chicken_tenders,2
12445,chicken_tenders,1
12446,fries,1
12447,fries,2
12448,fries,1
12449,chicken_tenders,1
12449,chicken_tenders,1
12450,fries,1
12451,chicken_tenders,1
12452,fries,1
12453,fries,2
12453,chicken_tenders,2
12454,chicken_tenders,2
12455,chicken_tenders,1
12456,fries,1
12457,chicken_tenders,1
12458,chicken_tenders,1
12459,fries,1
12460,fries,1
12461,fries,1
12462,fries,1
12463,chicken_tenders,2
12463,fries,1
12464,fries,2
12465,chicken_tenders,1
12466,chicken_tenders,2
12467,chicken_tenders,1
12468,fries,1
12469,chicken_tenders,1
12469,chicken_tenders,2
12470,fries,1
12471,fries,1
12472,fries,1
12472,chicken_tenders,1
12473,chicken_tenders,2
12474,chicken_tenders,1
12474,fries,1
12475,chicken_tenders,1
12476,chicken_tenders,1
12476,chicken_tenders,1
12477,chicken_tenders,1
12477,fries,1
12478,fries,2
12479,fries,1
12480,fries,1
12481,chicken_tenders,1
12481,fries,1
12482,fries,2
12483,fries,2
12484,chicken_tenders,1
12485,chicken_tenders,1
12486,chicken_tenders,1
12486,chicken_tenders,1
12487,fries,1
12487,chicken_tenders,1
12488,chicken_tenders,2
12489,fries,1
12490,fries,2
12491,fries,2
12492,chicken_tenders,1
12492,fries,2
12493,chicken_tenders,1
12494,fries,1
12495,chicken_tenders,1
12496,fries,1
12497,chicken_tenders,1
12498,fries,1
12499,chicken_tenders,1
12499,chicken_tenders,1
12500,fries,1
12501,fries,1
12502,fries,1
12503,fries,2
12504,hash_brown,1
12505,breakfast_wrap,1
12505,breakfast_wrap,1
12506,breakfast_wrap,1
12507,hash_brown,1
12508,hash_brown,1
12509,hash_brown,2
12510,hash_brown,1
12511,breakfast_wrap,1
12511,hash_brown,1
12512,hash_brown,2
12513,breakfast_wrap,1
12514,breakfast_wrap,2
12514,hash_brown,1
12515,breakfast_wrap,1
12516,hash_brown,1
12517,hash_brown,1
12518,hash_brown,1
12519,hash_brown,1
12519,breakfast_wrap,1
12520,hash_brown,1
12521,hash_brown,1
12522,breakfast_wrap,1
12523,breakfast_wrap,1
12524,hash_brown,2
12524,hash_brown,1
12525,hash_brown,1
12526,hash_brown,1
12526,hash_brown,2
12527,hash_brown,1
12527,breakfast_wrap,1
12528,hash_brown,1
12529,breakfast_wrap,2
12529,breakfast_wrap,1
12530,breakfast_wrap,1
12530,breakfast_wrap,1
12531,breakfast_wrap,1
12531,breakfast_wrap,1
12532,hash_brown,1
12533,hash_brown,1
12534,breakfast_wrap,1
12535,hash_brown,1
12535,breakfast_wrap,1
12536,hash_brown,1
12537,breakfast_wrap,1
12538,hash_brown,1
12538,hash_brown,1
12539,hash_brown,1
12539,breakfast_wrap,1
12540,hash_brown,2
12541,hash_brown,1
12542,breakfast_wrap,1
12542,hash_brown,1
12543,hash_brown,1
12544,hash_brown,1
12545,breakfast_wrap,1
12546,hash_brown,2
12547,breakfast_wrap,1
12548,breakfast_wrap,1
12549,hash_brown,1
12550,hash_brown,1
12551,hash_brown,2
12552,breakfast_wrap,1
12552,hash_brown,1
12553,breakfast_wrap,1
12554,breakfast_wrap,1
12555,breakfast_wrap,1
12555,hash_brown,1
12556,breakfast_wrap,1
12557,hash_brown,1
12558,hash_brown,2
12559,hash_brown,2
12559,breakfast_wrap,1
12560,breakfast_wrap,1
12561,breakfast_wrap,1
12562,breakfast_wrap,1
12563,hash_brown,1
12564,breakfast_wrap,2
12564,breakfast_wrap,1
12565,hash_brown,1
12566,breakfast_wrap,1
12567,breakfast_wrap,1
12568,breakfast_wrap,1
12569,hash_brown,1
12569,breakfast_wrap,2
12570,hash_brown,1
12571,hash_brown,1
12571,breakfast_wrap,1
12572,hash_brown,1
12573,breakfast_wrap,1
12574,breakfast_wrap,2
12574,breakfast_wrap,2
12575,hash_brown,1
12576,hash_brown,1
12576,breakfast_wrap,1
12577,hash_brown,1
12577,hash_brown,1
12578,hash_brown,1
12578,breakfast_wrap,1
12579,breakfast_wrap,1
12579,breakfast_wrap,1
12580,breakfast_wrap,1
12581,chicken_tenders,1
12582,fries,1
12583,fries,1
12583,chicken_tenders,1
12584,fries,1
12584,fries,1
12585,chicken_tenders,2
12586,chicken_tenders,1
12587,chicken_tenders,1
12587,chicken_tenders,2
12588,fries,1
12588,chicken_tenders,1
12589,chicken_tenders,1
12590,fries,2
12590,chicken_tenders,1
12591,chicken_tenders,1
12592,chicken_tenders,1
12593,chicken_tenders,1
12593,chicken_tenders,1
12594,chicken_tenders,2
12595,chicken_tenders,1
12596,chicken_tenders,2
12597,fries,1
12598,fries,1
12598,chicken_tenders,1
12599,chicken_tenders,1
12600,chicken_tenders,2
12601,fries,1
12601,fries,1
12602,chicken_tenders,1
12603,fries,1
12603,fries,1
12604,fries,1
12605,chicken_tenders,1
12605,chicken_tenders,1
12606,chicken_tenders,2
12606,chicken_tenders,1
12607,fries,1
12607,chicken_tenders,1
12608,fries,1
12609,fries,1
12610,chicken_tenders,1
12611,chicken_tenders,2
12611,chicken_tenders,1
12612,fries,2
12613,fries,1
12614,chicken_tenders,1
12615,chicken_tenders,1
12615,fries,2
12616,fries,1
12617,fries,2
12618,chicken_tenders,1
12619,fries,1
12620,chicken_tenders,1
12620,fries,2
12621,fries,1
12621,fries,1
12622,chicken_tenders,1
12623,fries,1
12624,chicken_tenders,1
12625,chicken_tenders,1
12625,fries,2
12626,chicken_tenders,1
12627,fries,1
12628,fries,1
12629,fries,2
12630,chicken_tenders,2
12631,fries,2
12631,fries,1
12632,chicken_tenders,1
12633,chicken_tenders,1
12634,chicken_tenders,1
12634,chicken_tenders,1
12635,fries,1
12636,fries,1
12637,fries,2
12638,fries,2
12639,fries,1
12640,chicken_tenders,1
12641,fries,1
12642,fries,1
12643,chicken_tenders,1
12644,fries,1
12645,chicken_tenders,1
12646,fries,1
12647,chicken_tenders,1
12647,fries,1
12648,chicken_tenders,1
12649,chicken_tenders,1
12649,chicken_tenders,1
12650,fries,1
12651,chicken_tenders,1
12652,fries,1
12653,chicken_tenders,1
12654,chicken_tenders,1
12655,fries,1
12655,chicken_tenders,1
12656,fries,1
12657,chicken_tenders,1
12658,chicken_tenders,1
12658,fries,1
12659,chicken_tenders,2
12660,chicken_tenders,1
12661,chicken_tenders,1
12661,chicken_tenders,1
12662,fries,1
12662,chicken_tenders,1
12663,chicken_tenders,1
12664,fries,1
12665,fries,1
12666,fries,2
12666,fries,1
12667,chicken_tenders,2
12668,fries,1
12669,fries,1
12670,chicken_tenders,1
12671,chicken_tenders,1
12672,fries,2
12673,chicken_tenders,1
12674,fries,1
12675,chicken_tenders,2
12676,fries,1
12677,fries,1
12677,fries,1
12678,fries,1
12678,fries,1
12679,fries,1
12680,fries,1
12681,fries,1
12682,fries,1
12683,chicken_tenders,1
12684,fries,1
12685,chicken_tenders,1
12686,fries,1
12687,chicken_tenders,1
12688,chicken_tenders,1
12688,fries,2
12689,chicken_tenders,1
12689,chicken_tenders,2
12690,chicken_tenders,1
12690,fries,1
12691,fries,1
12692,fries,1
12693,chicken_tenders,1
12694,fries,1
12694,chicken_tenders,2
12695,chicken_tenders,1
12696,chicken_tenders,1
12697,fries,1
12698,fries,1
12699,fries,2
12700,chicken_tenders,1
12701,chicken_tenders,1
12702,chicken_tenders,1
12703,chicken_tenders,2
12703,fries,1
12704,fries,1
12705,fries,1
12706,fries,1
12707,chicken_tenders,2
12707,chicken_tenders,1
12708,chicken_tenders,1
12708,fries,1
12709,fries,2
12710,fries,1
12711,fries,1
12711,fries,1
12712,fries,1
12712,chicken_tenders,1
12713,chicken_tenders,1
12713,chicken_tenders,1
12714,fries,1
12715,chicken_tenders,2
12716,chicken_tenders,1
12716,chicken_tenders,1
12717,fries,1
12717,chicken_tenders,1
12718,chicken_tenders,1
12719,chicken_tenders,1
12720,chicken_tenders,1
12721,chicken_tenders,1
12721,chicken_tenders,1
12722,chicken_tenders,1
12723,fries,1
12724,chicken_tenders,1
12724,fries,2
12725,chicken_tenders,1
12725,chicken_tenders,1
12726,chicken_tenders,1
12727,fries,1
12728,chicken_tenders,1
12729,chicken_tenders,1
12730,fries,2
12731,fries,1
12732,chicken_tenders,1
12733,fries,1
12734,fries,1
12735,chicken_tenders,1
12735,chicken_tenders,1
12736,fries,1
12737,chicken_tenders,1
12738,chicken_tenders,1
12739,fries,1
12740,chicken_tenders,1
12741,chicken_tenders,2
12742,fries,1
12743,fries,1
12743,chicken_tenders,1
12744,fries,1
12745,chicken_tenders,1
12746,fries,1
12746,fries,1
12747,chicken_tenders,1
12748,fries,1
12749,chicken_tenders,1
12750,fries,2
12751,chicken_tenders,1
12752,chicken_tenders,1
12752,fries,2
12753,chicken_tenders,1
12754,fries,2
12755,fries,1
12755,fries,1
12756,fries,1
12757,chicken_tenders,1
12758,fries,1
12759,fries,1
12760,chicken_tenders,1
12761,fries,1
12762,fries,1
12763,chicken_tenders,1
12764,fries,1
12765,fries,1
12766,fries,1
12767,fries,1
12768,fries,2
12769,fries,1
12769,fries,1
12770,chicken_tenders,1
12770,fries,1
12771,fries,2
12772,hash_brown,2
12772,hash_brown,1
12773,hash_brown,1
12774,hash_brown,1
12775,breakfast_wrap,1
12776,breakfast_wrap,1
12777,hash_brown,1
12778,breakfast_wrap,1
12778,breakfast_wrap,2
12779,breakfast_wrap,1
12780,hash_brown,2
12781,hash_brown,1
12781,hash_brown,1
12782,breakfast_wrap,1
12783,hash_brown,1
12784,hash_brown,1
12785,hash_brown,1
12786,breakfast_wrap,1
12787,hash_brown,1
12787,hash_brown,2
12788,breakfast_wrap,1
12788,breakfast_wrap,2
12789,breakfast_wrap,1
12790,breakfast_wrap,1
12790,hash_brown,1
12791,breakfast_wrap,2
12792,breakfast_wrap,1
12792,breakfast_wrap,1
12793,breakfast_wrap,1
12794,hash_brown,1
12794,breakfast_wrap,1
12795,hash_brown,2
12795,hash_brown,1
12796,breakfast_wrap,2
12796,hash_brown,1
12797,hash_brown,1
12798,breakfast_wrap,2
12798,breakfast_wrap,1
12799,breakfast_wrap,1
12800,breakfast_wrap,1
12801,hash_brown,1
12801,breakfast_wrap,1
12802,breakfast_wrap,1
12803,hash_brown,1
12804,hash_brown,1
12805,hash_brown,1
12806,hash_brown,1
12807,breakfast_wrap,1
12808,hash_brown,1
12808,breakfast_wrap,2
12809,hash_brown,1
12810,breakfast_wrap,1
12811,breakfast_wrap,1
12812,hash_brown,2
12813,hash_brown,1
12813,hash_brown,2
12814,breakfast_wrap,2
12815,hash_brown,1
12816,hash_brown,1
12817,hash_brown,1
12818,breakfast_wrap,1
12819,hash_brown,1
12819,breakfast_wrap,1
12820,hash_brown,1
12820,breakfast_wrap,1
12821,breakfast_wrap,1
12821,hash_brown,1
12822,hash_brown,1
12823,breakfast_wrap,2
12823,breakfast_wrap,1
12824,breakfast_wrap,1
12825,hash_brown,1
12826,hash_brown,1
12827,hash_brown,2
12828,breakfast_wrap,1
12829,breakfast_wrap,1
12830,breakfast_wrap,1
12831,hash_brown,1
12831,breakfast_wrap,1
12832,hash_brown,1
12833,breakfast_wrap,1
12834,breakfast_wrap,1
12835,breakfast_wrap,1
12835,hash_brown,1
12836,breakfast_wrap,1
12837,breakfast_wrap,1
12838,hash_brown,2
12839,hash_brown,1
12840,hash_brown,2
12841,chicken_tenders,1
12842,fries,2
12843,fries,1
12844,chicken_tenders,1
12844,fries,1
12845,fries,1
12846,chicken_tenders,1
12846,fries,1
12847,fries,1
12848,chicken_tenders,2
12849,fries,1
12850,chicken_tenders,1
12851,fries,1
12852,chicken_tenders,1
12853,chicken_tenders,2
12854,fries,1
12854,chicken_tenders,1
12855,chicken_tenders,1
12856,chicken_tenders,1
12856,fries,1
12857,chicken_tenders,1
12858,fries,1
12858,fries,2
12859,fries,1
12859,chicken_tenders,1
12860,fries,1
12861,fries,1
12861,fries,1
12862,fries,1
12863,fries,2
12864,fries,1
12865,chicken_tenders,2
12866,fries,1
12866,chicken_tenders,1
12867,chicken_tenders,1
12867,chicken_tenders,1
12868,chicken_tenders,1
12868,chicken_tenders,1
12869,fries,1
12870,fries,1
12871,fries,1
12872,fries,1
12873,chicken_tenders,1
12873,fries,1
12874,fries,2
12875,chicken_tenders,1
12876,fries,1
12877,fries,1
12877,fries,1
12878,chicken_tenders,1
12878,chicken_tenders,1
12879,chicken_tenders,1
12880,chicken_tenders,1
12881,chicken_tenders,1
12882,fries,1
12883,chicken_tenders,1
12884,fries,2
12885,fries,1
12885,fries,1
12886,chicken_tenders,1
12886,fries,1
12887,chicken_tenders,2
12888,fries,1
12888,fries,1
12889,fries,1
12889,chicken_tenders,1
12890,fries,1
12891,fries,1
12892,fries,1
12893,fries,1
12894,fries,1
12895,fries,1
12896,fries,2
12897,fries,1
12897,fries,1
12898,fries,2
12899,chicken_tenders,1
12900,chicken_tenders,2
12901,chicken_tenders,1
12901,chicken_tenders,2
12902,fries,2
12903,chicken_tenders,1
12904,fries,2
12905,chicken_tenders,1
12906,fries,1
12907,fries,1
12908,chicken_tenders,1
12908,fries,2
12909,fries,1
12910,chicken_tenders,1
12911,chicken_tenders,1
12912,chicken_tenders,2
12913,fries,1
12914,chicken_tenders,1
12914,chicken_tenders,1
12915,chicken_tenders,1
12916,fries,1
12917,chicken_tenders,1
12917,fries,1
12918,chicken_tenders,1
12919,chicken_tenders,1
12919,fries,1
12920,chicken_tenders,1
12921,chicken_tenders,1
12921,fries,1
12922,chicken_tenders,1
12923,fries,2
12923,chicken_tenders,1
12924,fries,1
12925,fries,1
12926,chicken_tenders,1
12927,chicken_tenders,1
12928,chicken_tenders,1
12929,fries,2
12929,chicken_tenders,1
12930,chicken_tenders,1
12931,chicken_tenders,1
12932,chicken_tenders,1
12932,fries,1
12933,fries,1
12933,fries,2
12934,fries,1
12934,chicken_tenders,1
12935,chicken_tenders,1
12936,fries,1
12937,fries,1
12938,chicken_tenders,1
12938,fries,1
12939,fries,1
12940,fries,1
12941,chicken_tenders,1
12942,fries,1
12943,fries,1
12944,fries,2
12945,chicken_tenders,1
12946,chicken_tenders,1
12947,fries,1
12948,chicken_tenders,2
12948,fries,2
12949,fries,1
12950,chicken_tenders,2
12951,chicken_tenders,2
12952,fries,1
12953,chicken_tenders,1
12954,chicken_tenders,1
12954,fries,2
12955,chicken_tenders,1
12955,fries,1
12956,fries,1
12957,fries,1
12958,fries,1
12959,fries,1
12960,chicken_tenders,1
12960,fries,1
12961,chicken_tenders,1
12962,chicken_tenders,1
12963,fries,1
12964,fries,1
12965,fries,1
12966,chicken_tenders,2
12966,fries,2
12967,chicken_tenders,2
12968,chicken_tenders,1
12969,chicken_tenders,2
12969,chicken_tenders,2
12970,chicken_tenders,2
12970,fries,1
12971,fries,2
12972,chicken_tenders,1
12972,fries,1
12973,chicken_tenders,1
12973,chicken_tenders,1
12974,chicken_tenders,1
12975,fries,2
12976,fries,1
12977,fries,1
12978,chicken_tenders,1
12979,chicken_tenders,1
12980,fries,1
12981,chicken_tenders,1
12982,fries,2
12982,fries,1
12983,fries,1
12984,fries,1
12985,chicken_tenders,1
12985,chicken_tenders,1
12986,fries,1
12986,chicken_tenders,2
12987,fries,1
12988,chicken_tenders,1
12989,fries,1
12989,fries,2
12990,fries,2
12991,fries,2
12992,fries,2
12993,fries,1
12994,fries,1
12995,fries,1
12996,fries,1
12997,fries,1
12998,breakfast_wrap,2
12999,hash_brown,2
13000,hash_brown,2
13000,hash_brown,1
13001,hash_brown,1
13002,hash_brown,1
13002,breakfast_wrap,1
13003,breakfast_wrap,1
13004,hash_brown,1
13004,hash_brown,1
13005,hash_brown,1
13006,breakfast_wrap,1
13007,hash_brown,1
13008,hash_brown,1
13008,breakfast_wrap,1
13009,hash_brown,2
13010,breakfast_wrap,2
13011,breakfast_wrap,1
13011,breakfast_wrap,1
13012,hash_brown,1
13013,hash_brown,2
13014,hash_brown,1
13015,breakfast_wrap,1
13015,breakfast_wrap,1
13016,breakfast_wrap,1
13017,breakfast_wrap,1
13018,hash_brown,2
13019,breakfast_wrap,1
13020,breakfast_wrap,1
13021,breakfast_wrap,1
13022,breakfast_wrap,1
13022,hash_brown,1
13023,breakfast_wrap,2
13024,breakfast_wrap,1
13025,hash_brown,1
13026,breakfast_wrap,1
13027,breakfast_wrap,1
13028,breakfast_wrap,1
13028,hash_brown,1
13029,breakfast_wrap,1
13029,hash_brown,1
13030,breakfast_wrap,2
13030,hash_brown,1
13031,hash_brown,1
13032,breakfast_wrap,1
13033,hash_brown,1
13034,hash_brown,1
13035,breakfast_wrap,1
13036,hash_brown,1
13037,hash_brown,2
13038,hash_brown,2
13039,hash_brown,1
13040,breakfast_wrap,1
13041,breakfast_wrap,1
13042,hash_brown,1
13043,hash_brown,1
13043,hash_brown,1
13044,hash_brown,1
13045,hash_brown,1
13046,breakfast_wrap,1
13047,breakfast_wrap,1
13048,breakfast_wrap,2
13049,hash_brown,1
13049,breakfast_wrap,1
13050,hash_brown,1
13050,hash_brown,1
13051,hash_brown,1
13051,hash_brown,1
13052,breakfast_wrap,2
13052,hash_brown,1
13053,breakfast_wrap,1
13054,hash_brown,2
13055,breakfast_wrap,1
13056,breakfast_wrap,1
13056,hash_brown,1
13057,breakfast_wrap,1
13058,breakfast_wrap,2
13058,breakfast_wrap,1
13059,hash_brown,1
13060,breakfast_wrap,1
13061,breakfast_wrap,1
13062,breakfast_wrap,1
13062,breakfast_wrap,2
13063,hash_brown,2
13064,breakfast_wrap,1
13065,breakfast_wrap,1
13066,hash_brown,2
13067,hash_brown,1
13068,breakfast_wrap,2
13068,hash_brown,1
13069,breakfast_wrap,1
13069,hash_brown,2
13070,breakfast_wrap,1
13071,chicken_tenders,1
13071,chicken_tenders,1
13072,chicken_tenders,1
13072,chicken_tenders,1
13073,fries,1
13074,fries,1
13075,chicken_tenders,2
13076,fries,1
13077,fries,1
13078,chicken_tenders,1
13079,fries,1
13080,chicken_tenders,1
13081,fries,1
13082,fries,1
13082,fries,1
13083,chicken_tenders,2
13083,chicken_tenders,1
13084,chicken_tenders,1
13085,chicken_tenders,1
13086,chicken_tenders,2
13087,chicken_tenders,1
13088,fries,1
13088,fries,1
13089,fries,1
13090,fries,1
13090,chicken_tenders,2
13091,fries,1
13092,fries,1
13093,fries,1
13093,chicken_tenders,1
13094,fries,2
13095,fries,2
13096,chicken_tenders,1
13097,fries,1
13097,chicken_tenders,1
13098,fries,1
13099,chicken_tenders,1
13100,chicken_tenders,1
13101,chicken_tenders,1
13101,fries,1
13102,chicken_tenders,1
13103,chicken_tenders,1
13104,fries,1
13105,fries,1
13106,fries,1
13106,chicken_tenders,1
13107,chicken_tenders,1
13108,fries,1
13109,chicken_tenders,1
13110,chicken_tenders,1
13111,fries,1
13111,fries,1
13112,fries,2
13112,fries,1
13113,fries,1
13114,chicken_tenders,2
13115,chicken_tenders,1
13115,fries,1
13116,fries,1
13116,fries,2
13117,chicken_tenders,1
13117,fries,1
13118,fries,1
13119,chicken_tenders,1
13119,chicken_tenders,1
13120,chicken_tenders,1
13121,chicken_tenders,1
13122,fries,1
13123,fries,1
13124,fries,1
13125,chicken_tenders,1
13126,chicken_tenders,1
13126,chicken_tenders,1
13127,chicken_tenders,2
13128,fries,2
13128,fries,1
13129,fries,1
13130,chicken_tenders,1
13130,fries,1
13131,chicken_tenders,2
13132,fries,1
13133,chicken_tenders,1
13133,fries,1
13134,fries,1
13135,chicken_tenders,2
13135,chicken_tenders,2
13136,fries,1
13136,fries,1
13137,chicken_tenders,1
13137,chicken_tenders,1
13138,fries,1
13139,chicken_tenders,1
13140,fries,1
13141,fries,1
13141,fries,1
13142,fries,1
13143,chicken_tenders,2
13144,fries,1
13145,fries,1
13145,fries,1
13146,fries,1
13146,fries,1
13147,fries,1
13147,chicken_tenders,1
13148,fries,1
13148,chicken_tenders,1
13149,chicken_tenders,1
13150,fries,1
13150,chicken_tenders,1
13151,fries,1
13152,chicken_tenders,1
13153,fries,1
13154,chicken_tenders,1
13155,chicken_tenders,2
13155,chicken_tenders,1
13156,fries,2
13157,chicken_tenders,1
13157,fries,1
13158,chicken_tenders,1
13159,fries,1
13159,chicken_tenders,1
13160,fries,2
13161,fries,1
13162,fries,1
13163,chicken_tenders,2
13163,chicken_tenders,1
13164,chicken_tenders,1
13165,chicken_tenders,1
13166,fries,1
13166,fries,1
13167,fries,1
13168,fries,1
13168,chicken_tenders,1
13169,chicken_tenders,1
13170,chicken_tenders,1
13171,fries,2
13172,fries,1
13172,chicken_tenders,1
13173,chicken_tenders,1
13174,fries,1
13175,chicken_tenders,2
13176,fries,2
13176,fries,1
13177,chicken_tenders,1
13177,chicken_tenders,1
13178,chicken_tenders,1
13178,fries,1
13179,fries,1
13180,chicken_tenders,2
13181,chicken_tenders,1
13182,chicken_tenders,1
13183,fries,1
13183,fries,1
13184,fries,2
13185,chicken_tenders,1
13186,fries,1
13187,chicken_tenders,2
13188,chicken_tenders,1
13188,chicken_tenders,1
13189,chicken_tenders,1
13190,chicken_tenders,1
13190,chicken_tenders,1
13191,chicken_tenders,1
13192,fries,1
13193,chicken_tenders,1
13194,fries,2
13195,fries,1
13196,hash_brown,1
13196,hash_brown,1
13197,breakfast_wrap,2
13198,breakfast_wrap,2
13198,breakfast_wrap,1
13199,hash_brown,1
13199,hash_brown,1
13200,breakfast_wrap,1
13200,hash_brown,1
13201,hash_brown,2
13202,breakfast_wrap,1
13203,breakfast_wrap,1
13203,hash_brown,1
13204,hash_brown,1
13205,breakfast_wrap,2
13205,breakfast_wrap,1
13206,breakfast_wrap,1
13207,hash_brown,1
13207,breakfast_wrap,1
13208,hash_brown,1
13208,breakfast_wrap,1
13209,breakfast_wrap,1
13210,hash_brown,2
13210,hash_brown,1
13211,hash_brown,1
13212,breakfast_wrap,1
13212,hash_brown,1
13213,hash_brown,1
13214,breakfast_wrap,1
13214,hash_brown,2
13215,breakfast_wrap,1
13215,hash_brown,1
13216,hash_brown,2
13217,breakfast_wrap,1
13217,hash_brown,1
13218,hash_brown,1
13219,hash_brown,2
13219,hash_brown,1
13220,breakfast_wrap,1
13221,breakfast_wrap,1
13222,hash_brown,1
13223,breakfast_wrap,1
13223,breakfast_wrap,1
13224,hash_brown,1
13225,breakfast_wrap,1
13226,breakfast_wrap,1
13227,hash_brown,1
13228,hash_brown,1
13229,hash_brown,1
13230,hash_brown,1
13231,breakfast_wrap,1
13232,hash_brown,1
13232,hash_brown,2
13233,hash_brown,1
13234,breakfast_wrap,2
13235,breakfast_wrap,1
13235,breakfast_wrap,1
13236,breakfast_wrap,1
13237,breakfast_wrap,1
13238,hash_brown,2
13239,hash_brown,1
13239,breakfast_wrap,1
13240,breakfast_wrap,2
13241,breakfast_wrap,1
13242,breakfast_wrap,1
13243,hash_brown,1
13244,hash_brown,1
13244,hash_brown,1
13245,breakfast_wrap,1
13246,breakfast_wrap,1
13246,breakfast_wrap,1
13247,breakfast_wrap,1
13248,hash_brown,2
13249,breakfast_wrap,1
13250,breakfast_wrap,1
13250,hash_brown,2
13251,breakfast_wrap,2
13251,hash_brown,1
13252,breakfast_wrap,1
13253,hash_brown,1
13254,hash_brown,1
13254,breakfast_wrap,1
13255,breakfast_wrap,1
13256,breakfast_wrap,1
13257,hash_brown,2
13257,breakfast_wrap,1
13258,breakfast_wrap,1
13258,hash_brown,1
13259,hash_brown,1
13260,hash_brown,1
13261,hash_brown,1
13262,breakfast_wrap,1
13263,hash_brown,1
13264,breakfast_wrap,1
13265,breakfast_wrap,1
13265,hash_brown,1
13266,hash_brown,1
13267,hash_brown,1
13268,hash_brown,1
13269,breakfast_wrap,1
13270,chicken_tenders,1
13270,fries,1
13271,fries,1
13272,fries,1
13273,fries,1
13274,chicken_tenders,1
13275,chicken_tenders,1
13275,chicken_tenders,1
13276,fries,1
13277,fries,1
13278,chicken_tenders,1
13279,fries,1
13279,fries,1
13280,chicken_tenders,2
13280,fries,2
13281,fries,1
13281,chicken_tenders,1
13282,chicken_tenders,1
13283,chicken_tenders,2
13284,fries,1
13284,fries,2
13285,fries,1
13286,chicken_tenders,1
13286,chicken_tenders,1
13287,chicken_tenders,1
13288,chicken_tenders,1
13289,fries,1
13289,chicken_tenders,1
13290,chicken_tenders,1
13291,chicken_tenders,1
13292,fries,1
13293,chicken_tenders,1
13294,fries,1
13295,fries,1
13296,chicken_tenders,1
13297,chicken_tenders,1
13297,fries,1
13298,fries,1
13299,chicken_tenders,1
13300,chicken_tenders,1
13300,fries,1
13301,chicken_tenders,1
13302,fries,2
13303,fries,1
13304,chicken_tenders,1
13305,fries,1
13305,fries,1
13306,chicken_tenders,2
13306,chicken_tenders,1
13307,fries,1
13308,chicken_tenders,1
13309,fries,1
13310,chicken_tenders,1
13311,fries,1
13312,chicken_tenders,2
13313,fries,1
13314,fries,1
13315,chicken_tenders,1
13316,chicken_tenders,2
13317,fries,2
13318,chicken_tenders,1
13319,fries,1
13319,chicken_tenders,1
13320,fries,1
13320,chicken_tenders,1
13321,chicken_tenders,1
13322,fries,1
13323,fries,1
13324,fries,1
13325,chicken_tenders,1
13326,chicken_tenders,1
13327,chicken_tenders,1
13328,fries,1
13329,chicken_tenders,1
13330,fries,1
13331,chicken_tenders,1
13332,fries,1
13333,fries,1
13334,fries,1
13334,chicken_tenders,1
13335,fries,1
13335,chicken_tenders,1
13336,chicken_tenders,1
13337,chicken_tenders,1
13338,chicken_tenders,1
13339,chicken_tenders,1
13340,chicken_tenders,1
13340,fries,1
13341,fries,1
13341,chicken_tenders,1
13342,fries,1
13342,fries,1
13343,fries,1
13343,chicken_tenders,1
13344,fries,1
13345,chicken_tenders,1
13346,chicken_tenders,1
13347,fries,1
13347,chicken_tenders,2
13348,fries,1
13349,fries,1
13350,fries,1
13351,chicken_tenders,2
13352,chicken_tenders,1
13353,fries,1
13354,chicken_tenders,1
13355,chicken_tenders,1
13356,chicken_tenders,1
13357,fries,1
13357,chicken_tenders,1
13358,fries,1
13359,fries,1
13360,chicken_tenders,1
13360,fries,1
13361,chicken_tenders,2
13362,fries,1
13362,fries,2
13363,chicken_tenders,1
13363,fries,1
13364,fries,1
13365,chicken_tenders,1
13366,fries,2
13367,fries,1
13368,fries,2
13369,fries,2
13370,chicken_tenders,1
13371,fries,1
13372,chicken_tenders,1
13373,fries,1
13374,chicken_tenders,1
13375,chicken_tenders,1
13376,fries,1
13377,chicken_tenders,1
13378,chicken_tenders,1
13379,chicken_tenders,1
13379,fries,1
13380,fries,1
13381,chicken_tenders,1
13382,chicken_tenders,1
13382,fries,1
13383,chicken_tenders,2
13383,chicken_tenders,1
13384,fries,1
13385,fries,2
13385,fries,1
13386,fries,1
13387,fries,1
13388,chicken_tenders,1
13389,chicken_tenders,2
13389,chicken_tenders,1
13390,chicken_tenders,1
13390,fries,1
13391,chicken_tenders,1
13391,chicken_tenders,1
13392,fries,1
13393,chicken_tenders,1
13393,fries,1
13394,fries,2
13395,fries,1
13396,fries,2
13396,fries,1
13397,fries,1
13398,fries,1
13399,chicken_tenders,2
13400,fries,1
13401,chicken_tenders,1
13401,chicken_tenders,1
13402,fries,1
13402,fries,2
13403,chicken_tenders,1
13403,fries,1
13404,fries,1
13405,chicken_tenders,1
13406,fries,1
13406,fries,1
13407,fries,1
13408,chicken_tenders,1
13408,fries,1
13409,fries,1
13409,chicken_tenders,1
13410,fries,1
13411,chicken_tenders,1
13412,chicken_tenders,1
13412,chicken_tenders,1
13413,chicken_tenders,2
13414,fries,1
13415,fries,1
13415,fries,1
13416,fries,1
13416,fries,2
13417,fries,1
13417,fries,1
13418,chicken_tenders,1
13419,chicken_tenders,1
13419,fries,1
13420,fries,1
13421,chicken_tenders,1
13422,fries,1
13423,fries,1
13423,chicken_tenders,1
13424,chicken_tenders,1
13424,fries,1
13425,chicken_tenders,1
13426,fries,1
13427,chicken_tenders,1
13428,hash_brown,1
13429,breakfast_wrap,1
13429,hash_brown,1
13430,hash_brown,2
13431,breakfast_wrap,1
13432,hash_brown,1
13433,breakfast_wrap,1
13434,breakfast_wrap,1
13435,breakfast_wrap,1
13436,hash_brown,1
13437,breakfast_wrap,1
13437,hash_brown,1
13438,hash_brown,1
13439,breakfast_wrap,2
13440,hash_brown,2
13441,hash_brown,1
13442,hash_brown,2
13443,hash_brown,1
13444,breakfast_wrap,1
13444,breakfast_wrap,1
13445,breakfast_wrap,1
13446,hash_brown,1
13447,hash_brown,1
13448,hash_brown,1
13449,hash_brown,1
13450,hash_brown,2
13450,hash_brown,1
13451,hash_brown,1
13452,breakfast_wrap,1
13453,breakfast_wrap,1
13454,breakfast_wrap,1
13455,hash_brown,1
13456,hash_brown,2
13456,breakfast_wrap,1
13457,hash_brown,1
13458,hash_brown,2
13459,hash_brown,2
13460,breakfast_wrap,1
13461,breakfast_wrap,1
13462,hash_brown,2
13463,hash_brown,2
13463,breakfast_wrap,1
13464,hash_brown,1
13465,hash_brown,1
13465,breakfast_wrap,1
13466,hash_brown,1
13467,hash_brown,1
13468,hash_brown,1
13469,hash_brown,1
13470,hash_brown,1
13471,breakfast_wrap,1
13472,hash_brown,2
13472,breakfast_wrap,2
13473,hash_brown,1
13474,breakfast_wrap,1
13474,breakfast_wrap,1
13475,breakfast_wrap,1
13476,breakfast_wrap,1
13477,breakfast_wrap,1
13477,breakfast_wrap,1
13478,hash_brown,1
13479,breakfast_wrap,1
13480,hash_brown,1
13480,breakfast_wrap,1
13481,hash_brown,1
13482,hash_brown,1
13483,breakfast_wrap,2
13484,hash_brown,1
13485,breakfast_wrap,1
13486,hash_brown,1
13487,breakfast_wrap,1
13487,hash_brown,1
13488,breakfast_wrap,2
13489,hash_brown,2
13490,hash_brown,1
13491,hash_brown,1
13492,breakfast_wrap,1
13493,hash_brown,2
13494,breakfast_wrap,1
13495,breakfast_wrap,1
13496,hash_brown,1
13497,breakfast_wrap,2
13497,hash_brown,2
13498,hash_brown,1
13499,breakfast_wrap,1
13500,hash_brown,1
13501,hash_brown,1
13501,breakfast_wrap,2
13502,breakfast_wrap,1
13502,breakfast_wrap,1
13503,hash_brown,1
13504,breakfast_wrap,2
13505,hash_brown,2
13506,breakfast_wrap,1
13507,breakfast_wrap,1
13508,breakfast_wrap,2
13509,breakfast_wrap,1
13510,hash_brown,1
13511,hash_brown,1
13512,breakfast_wrap,2
13513,hash_brown,1
13514,breakfast_wrap,1
13514,breakfast_wrap,1
13515,chicken_tenders,2
13516,chicken_tenders,1
13516,chicken_tenders,1
13517,fries,1
13517,fries,1
13518,fries,1
13519,chicken_tenders,1
13520,chicken_tenders,1
13520,fries,1
13521,chicken_tenders,1
13521,fries,1
13522,fries,1
13523,chicken_tenders,1
13523,chicken_tenders,1
13524,chicken_tenders,1
13525,fries,1
13525,fries,1
13526,fries,1
13527,fries,1
13528,chicken_tenders,1
13529,chicken_tenders,1
13530,fries,1
13531,fries,1
13532,fries,1
13533,fries,1
13534,chicken_tenders,1
13535,fries,1
13536,fries,1
13537,fries,1
13538,chicken_tenders,1
13539,chicken_tenders,1
13540,fries,1
13540,chicken_tenders,1
13541,chicken_tenders,1
13542,fries,1
13543,fries,2
13544,fries,1
13544,chicken_tenders,2
13545,chicken_tenders,1
13546,chicken_tenders,2
13547,fries,1
13548,fries,1
13548,fries,1
13549,fries,1
13549,fries,1
13550,fries,1
13551,chicken_tenders,1
13552,chicken_tenders,2
13552,fries,1
13553,chicken_tenders,1
13554,fries,1
13554,chicken_tenders,1
13555,fries,1
13555,fries,1
13556,fries,1
13556,chicken_tenders,1
13557,chicken_tenders,1
13558,fries,1
13559,fries,1
13559,fries,2
13560,chicken_tenders,1
13560,fries,1
13561,chicken_tenders,2
13562,fries,2
13563,fries,1
13564,chicken_tenders,1
13565,chicken_tenders,1
13566,fries,1
13566,chicken_tenders,2
13567,chicken_tenders,1
13568,fries,1
13569,fries,2
13570,fries,1
13570,fries,1
13571,chicken_tenders,1
13571,chicken_tenders,1
13572,fries,1
13573,fries,1
13574,fries,1
13575,chicken_tenders,1
13576,fries,2
13577,fries,1
13578,chicken_tenders,2
13579,chicken_tenders,1
13580,chicken_tenders,1
13580,chicken_tenders,2
13581,fries,1
13581,chicken_tenders,1
13582,chicken_tenders,2
13583,fries,1
13584,fries,1
13584,fries,1
13585,fries,1
13585,fries,1
13586,chicken_tenders,1
13586,fries,1
13587,chicken_tenders,1
13587,chicken_tenders,1
13588,chicken_tenders,1
13588,chicken_tenders,2
13589,chicken_tenders,1
13590,fries,1
13591,fries,1
13591,chicken_tenders,1
13592,fries,1
13592,fries,1
13593,fries,1
13593,chicken_tenders,1
13594,chicken_tenders,1
13595,fries,1
13596,chicken_tenders,1
13597,fries,1
13598,fries,1
13599,fries,1
13599,fries,1
13600,fries,1
13601,fries,1
13602,fries,1
13603,chicken_tenders,1
13604,chicken_tenders,1
13605,chicken_tenders,1
13606,fries,1
13607,fries,2
13608,fries,1
13609,chicken_tenders,1
13610,chicken_tenders,1
13611,chicken_tenders,1
13611,chicken_tenders,1
13612,fries,1
13612,fries,1
13613,fries,1
13614,chicken_tenders,1
13614,chicken_tenders,1
13615,fries,1
13615,fries,1
13616,fries,1
13616,chicken_tenders,1
13617,fries,1
13618,chicken_tenders,2
13619,chicken_tenders,1
13619,fries,1
13620,chicken_tenders,1
13620,fries,2
13621,chicken_tenders,1
13621,fries,1
13622,fries,1
13623,fries,1
13624,chicken_tenders,2
13625,fries,1
13626,chicken_tenders,1
13627,chicken_tenders,2
13628,fries,1
13629,fries,1
13629,chicken_tenders,1
13630,fries,1
13631,fries,2
13632,fries,1
13633,fries,1
13634,chicken_tenders,1
13635,fries,1
13636,chicken_tenders,1
13637,chicken_tenders,1
13638,chicken_tenders,1
13639,chicken_tenders,2
13640,fries,1
13641,fries,2
13642,chicken_tenders,1
13643,chicken_tenders,2
13643,chicken_tenders,1
13644,fries,1
13644,chicken_tenders,1
13645,chicken_tenders,1
13646,chicken_tenders,1
13646,fries,2
13647,breakfast_wrap,1
13648,breakfast_wrap,1
13649,breakfast_wrap,2
13649,hash_brown,1
13650,breakfast_wrap,1
13650,hash_brown,2
13651,breakfast_wrap,1
13652,hash_brown,2
13653,hash_brown,1
13653,breakfast_wrap,1
13654,hash_brown,1
13654,hash_brown,1
13655,hash_brown,1
13656,hash_brown,1
13656,hash_brown,1
13657,breakfast_wrap,1
13658,breakfast_wrap,1
13659,hash_brown,1
13659,hash_brown,1
13660,breakfast_wrap,1
13660,hash_brown,1
13661,breakfast_wrap,1
13661,breakfast_wrap,1
13662,breakfast_wrap,1
13663,hash_brown,2
13664,hash_brown,1
13664,hash_brown,1
13665,hash_brown,1
13666,hash_brown,1
13666,hash_brown,1
13667,hash_brown,1
13668,hash_brown,1
13668,hash_brown,1
13669,hash_brown,1
13670,hash_brown,1
13670,hash_brown,1
13671,hash_brown,1
13671,breakfast_wrap,1
13672,breakfast_wrap,1
13672,breakfast_wrap,1
13673,breakfast_wrap,2
13674,breakfast_wrap,2
13674,breakfast_wrap,2
13675,breakfast_wrap,1
13676,hash_brown,1
13676,breakfast_wrap,2
13677,hash_brown,1
13677,breakfast_wrap,1
13678,breakfast_wrap,1
13678,hash_brown,1
13679,breakfast_wrap,1
13680,breakfast_wrap,2
13680,hash_brown,1
13681,hash_brown,1
13681,breakfast_wrap,1
13682,breakfast_wrap,1
13683,breakfast_wrap,1
13683,hash_brown,2
13684,hash_brown,1
13685,breakfast_wrap,1
13685,breakfast_wrap,1
13686,hash_brown,1
13687,hash_brown,1
13688,hash_brown,1
13689,hash_brown,1
13689,breakfast_wrap,1
13690,hash_brown,1
13691,hash_brown,1
13692,hash_brown,1
13693,hash_brown,1
13694,breakfast_wrap,1
13695,hash_brown,1
13696,hash_brown,1
13697,hash_brown,1
13698,breakfast_wrap,1
13699,breakfast_wrap,1
13700,hash_brown,1
13701,hash_brown,1
13702,breakfast_wrap,1
13703,breakfast_wrap,1
13704,breakfast_wrap,1
13704,breakfast_wrap,1
13705,hash_brown,1
13706,breakfast_wrap,1
13707,hash_brown,1
13707,breakfast_wrap,2
13708,hash_brown,1
13709,hash_brown,1
13710,hash_brown,1
13711,hash_brown,2
13712,breakfast_wrap,1
13713,breakfast_wrap,2
13714,hash_brown,2
13714,breakfast_wrap,1
13715,hash_brown,2
13716,hash_brown,1
13716,hash_brown,2
13717,hash_brown,1
13717,breakfast_wrap,1
13718,hash_brown,1
13718,breakfast_wrap,1
13719,breakfast_wrap,1
13720,hash_brown,1
13721,hash_brown,1
13721,hash_brown,2
13722,breakfast_wrap,1
13722,breakfast_wrap,1
13723,breakfast_wrap,1
13724,hash_brown,1
13725,breakfast_wrap,1
13726,breakfast_wrap,1
13727,breakfast_wrap,1
13728,breakfast_wrap,1
13728,breakfast_wrap,1
13729,breakfast_wrap,2
13730,breakfast_wrap,1
13731,breakfast_wrap,1
13732,breakfast_wrap,1
13733,hash_brown,1
13734,breakfast_wrap,1
13735,breakfast_wrap,2
13736,breakfast_wrap,1
13736,breakfast_wrap,1
13737,hash_brown,1
13737,breakfast_wrap,1
13738,breakfast_wrap,1
13739,hash_brown,1
13740,hash_brown,1
13740,hash_brown,1
13741,chicken_tenders,1
13742,chicken_tenders,2
13743,chicken_tenders,1
13744,chicken_tenders,1
13745,chicken_tenders,1
13745,fries,1
13746,fries,1
13746,chicken_tenders,1
13747,fries,1
13748,chicken_tenders,1
13749,fries,1
13750,chicken_tenders,1
13751,chicken_tenders,2
13752,chicken_tenders,1
13753,chicken_tenders,1
13753,chicken_tenders,1
13754,fries,1
13755,chicken_tenders,1
13756,fries,1
13757,chicken_tenders,2
13758,chicken_tenders,2
13759,fries,1
13760,fries,1
13760,chicken_tenders,1
13761,fries,1
13762,chicken_tenders,1
13763,fries,1
13764,chicken_tenders,1
13765,fries,1
13765,chicken_tenders,1
13766,fries,1
13766,fries,2
13767,chicken_tenders,1
13768,chicken_tenders,2
13769,fries,1
13770,chicken_tenders,1
13770,fries,1
13771,chicken_tenders,1
13771,fries,1
13772,fries,1
13773,chicken_tenders,1
13774,fries,1
13775,chicken_tenders,1
13776,fries,1
13777,chicken_tenders,2
13778,chicken_tenders,2
13779,fries,1
13779,chicken_tenders,1
13780,chicken_tenders,1
13781,fries,1
13782,fries,1
13783,chicken_tenders,1
13784,fries,1
13785,fries,1
13785,fries,1
13786,chicken_tenders,1
13787,chicken_tenders,1
13788,fries,1
13789,fries,1
13790,fries,1
13791,fries,1
13792,chicken_tenders,1
13792,chicken_tenders,1
13793,chicken_tenders,1
13794,chicken_tenders,1
13795,fries,1
13796,chicken_tenders,1
13797,fries,1
13797,chicken_tenders,2
13798,fries,1
13798,fries,1
13799,chicken_tenders,1
13800,fries,1
13801,fries,2
13802,fries,1
13802,chicken_tenders,1
13803,fries,1
13803,fries,1
13804,chicken_tenders,1
13805,chicken_tenders,1
13805,chicken_tenders,1
13806,chicken_tenders,1
13806,chicken_tenders,1
13807,fries,1
13808,fries,1
13809,chicken_tenders,2
13810,fries,1
13811,fries,1
13812,chicken_tenders,1
13813,fries,1
13814,chicken_tenders,1
13815,chicken_tenders,1
13815,fries,1
13816,fries,1
13816,chicken_tenders,1
13817,chicken_tenders,1
13817,fries,1
13818,fries,1
13818,chicken_tenders,1
13819,chicken_tenders,2
13819,fries,1
13820,fries,1
13820,chicken_tenders,2
13821,fries,1
13822,chicken_tenders,1
13823,fries,1
13824,fries,1
13825,chicken_tenders,1
13826,chicken_tenders,1
13827,fries,1
13828,chicken_tenders,1
13829,fries,1
13830,chicken_tenders,1
13831,fries,1
13832,fries,2
13833,fries,1
13834,chicken_tenders,2
13835,fries,1
13836,fries,1
13837,chicken_tenders,1
13838,chicken_tenders,1
13839,chicken_tenders,1
13839,chicken_tenders,1
13840,chicken_tenders,1
13841,fries,1
13841,chicken_tenders,1
13842,chicken_tenders,1
13842,fries,1
13843,fries,1
13844,chicken_tenders,1
13844,chicken_tenders,1
13845,chicken_tenders,1
13845,fries,1
13846,chicken_tenders,1
13847,fries,1
13847,chicken_tenders,1
13848,fries,1
13849,chicken_tenders,1
13849,fries,1
13850,chicken_tenders,1
13851,fries,1
13852,fries,1
13853,fries,1
13853,fries,1
13854,fries,1
13854,chicken_tenders,2
13855,chicken_tenders,1
13855,fries,1
13856,fries,2
13857,fries,1
13858,chicken_tenders,1
13859,chicken_tenders,1
13860,chicken_tenders,1
13861,chicken_tenders,1
13861,chicken_tenders,1
13862,fries,2
13863,chicken_tenders,1
13864,chicken_tenders,1
13865,chicken_tenders,1
13866,chicken_tenders,1
13867,fries,1
13868,chicken_tenders,1
13868,chicken_tenders,1
13869,chicken_tenders,1
13870,fries,1
13871,fries,1
13871,fries,2
13872,chicken_tenders,1
13873,chicken_tenders,1
13874,fries,1
13875,chicken_tenders,1
13876,chicken_tenders,1
13877,fries,1
13878,fries,1
13878,chicken_tenders,1
13879,chicken_tenders,1
13880,chicken_tenders,2
13880,chicken_tenders,1
13881,fries,1
13882,fries,1
13882,chicken_tenders,2
13883,chicken_tenders,1
13884,fries,1
13885,fries,1
13886,chicken_tenders,1
13887,chicken_tenders,1
13888,fries,1
13888,chicken_tenders,1
13889,fries,1
13890,chicken_tenders,1
13891,chicken_tenders,1
13891,fries,1
13892,fries,1
13893,chicken_tenders,2
13893,chicken_tenders,1
13894,fries,1
13895,chicken_tenders,1
13896,fries,2
13896,fries,1
13897,chicken_tenders,1
13897,fries,1
13898,fries,1
13899,fries,1
13900,chicken_tenders,1
13901,chicken_tenders,1
13902,chicken_tenders,1
13902,chicken_tenders,2
13903,fries,1
13903,chicken_tenders,1
13904,fries,1
13905,chicken_tenders,2
13906,fries,1
13906,chicken_tenders,1
13907,fries,1
13908,chicken_tenders,1
13909,fries,1
13910,fries,1
13911,chicken_tenders,1
13911,fries,1
13912,fries,1
13912,fries,1
13913,fries,2
13913,chicken_tenders,1
13914,hash_brown,2
13914,breakfast_wrap,1
13915,hash_brown,1
13916,breakfast_wrap,1
13916,hash_brown,1
13917,hash_brown,1
13918,breakfast_wrap,1
13919,hash_brown,1
13920,hash_brown,1
13921,breakfast_wrap,1
13921,breakfast_wrap,1
13922,hash_brown,2
13923,breakfast_wrap,1
13923,breakfast_wrap,1
13924,breakfast_wrap,2
13924,hash_brown,1
13925,hash_brown,1
13925,hash_brown,1
13926,hash_brown,1
13926,breakfast_wrap,1
13927,breakfast_wrap,1
13928,hash_brown,1
13929,breakfast_wrap,1
13930,hash_brown,1
13930,hash_brown,1
13931,breakfast_wrap,1
13931,hash_brown,1
13932,hash_brown,1
13933,breakfast_wrap,1
13934,breakfast_wrap,1
13934,hash_brown,2
13935,hash_brown,1
13936,breakfast_wrap,1
13936,hash_brown,1
13937,hash_brown,1
13937,breakfast_wrap,1
13938,hash_brown,1
13939,breakfast_wrap,1
13940,hash_brown,2
13941,breakfast_wrap,1
13942,hash_brown,1
13943,hash_brown,1
13944,hash_brown,1
13944,breakfast_wrap,1
13945,breakfast_wrap,1
13946,hash_brown,1
13947,breakfast_wrap,1
13948,hash_brown,2
13949,hash_brown,2
13949,breakfast_wrap,1
13950,breakfast_wrap,1
13950,breakfast_wrap,1
13951,breakfast_wrap,1
13951,breakfast_wrap,1
13952,hash_brown,1
13953,breakfast_wrap,1
13953,breakfast_wrap,1
13954,breakfast_wrap,1
13955,breakfast_wrap,1
13956,hash_brown,1
13956,breakfast_wrap,1
13957,hash_brown,1
13958,hash_brown,2
13959,breakfast_wrap,1
13959,hash_brown,1
13960,hash_brown,1
13961,breakfast_wrap,1
13961,hash_brown,1
13962,breakfast_wrap,1
13963,breakfast_wrap,1
13964,hash_brown,2
13964,hash_brown,1
13965,breakfast_wrap,1
13966,hash_brown,1
13967,breakfast_wrap,1
13968,hash_brown,2
13969,breakfast_wrap,1
13969,breakfast_wrap,1
13970,hash_brown,1
13971,breakfast_wrap,1
13971,breakfast_wrap,1
13972,breakfast_wrap,1
13972,hash_brown,1
13973,hash_brown,1
13974,hash_brown,1
13974,breakfast_wrap,1
13975,breakfast_wrap,1
13976,breakfast_wrap,1
13976,hash_brown,1
13977,hash_brown,1
13978,hash_brown,1
13979,breakfast_wrap,1
13980,hash_brown,1
13981,breakfast_wrap,1
13982,hash_brown,1
13983,hash_brown,1
13984,hash_brown,1
13985,breakfast_wrap,1
13986,hash_brown,1
13987,hash_brown,1
13987,hash_brown,1
13988,hash_brown,1
13989,chicken_tenders,1
13990,chicken_tenders,1
13991,chicken_tenders,2
13991,chicken_tenders,1
13992,chicken_tenders,1
13993,chicken_tenders,1
13994,chicken_tenders,1
13995,chicken_tenders,2
13996,chicken_tenders,1
13996,chicken_tenders,1
13997,chicken_tenders,1
13998,chicken_tenders,1
13999,fries,1
14000,chicken_tenders,1
14001,fries,2
14002,chicken_tenders,1
14003,chicken_tenders,1
14004,fries,1
14005,fries,1
14006,chicken_tenders,1
14006,chicken_tenders,1
14007,fries,1
14008,fries,1
14008,fries,1
14009,chicken_tenders,1
14010,chicken_tenders,2
14010,chicken_tenders,2
14011,chicken_tenders,1
14012,fries,2
14013,chicken_tenders,1
14014,fries,1
14015,fries,1
14015,fries,1
14016,chicken_tenders,1
14017,chicken_tenders,1
14017,chicken_tenders,1
14018,chicken_tenders,1
14019,fries,2
14020,fries,1
14020,fries,1
14021,chicken_tenders,1
14022,chicken_tenders,1
14022,chicken_tenders,1
14023,chicken_tenders,1
14023,chicken_tenders,1
14024,chicken_tenders,1
14024,chicken_tenders,2
14025,fries,1
14026,chicken_tenders,1
14027,fries,1
14028,fries,1
14029,fries,1
14030,chicken_tenders,1
14030,fries,1
14031,fries,1
14031,chicken_tenders,2
14032,fries,2
14033,chicken_tenders,1
14033,fries,1
14034,fries,1
14035,fries,2
14036,fries,1
14036,chicken_tenders,1
14037,chicken_tenders,2
14037,chicken_tenders,1
14038,fries,1
14039,chicken_tenders,1
14040,chicken_tenders,1
14041,chicken_tenders,1
14042,chicken_tenders,1
14043,chicken_tenders,1
14044,chicken_tenders,1
14044,fries,1
14045,fries,1
14045,fries,1
14046,chicken_tenders,1
14047,chicken_tenders,1
14047,chicken_tenders,1
14048,fries,1
14049,fries,1
14050,fries,1
14051,chicken_tenders,2
14051,fries,1
14052,fries,1
14052,fries,1
14053,chicken_tenders,1
14053,chicken_tenders,1
14054,fries,1
14055,chicken_tenders,1
14056,fries,1
14056,fries,1
14057,chicken_tenders,1
14058,fries,2
14058,fries,2
14059,chicken_tenders,2
14060,chicken_tenders,1
14061,chicken_tenders,1
14062,chicken_tenders,2
14063,fries,1
14063,chicken_tenders,1
14064,chicken_tenders,1
14065,chicken_tenders,1
14066,fries,1
14067,chicken_tenders,1
14068,chicken_tenders,2
14068,fries,1
14069,chicken_tenders,1
14070,chicken_tenders,1
14070,fries,1
14071,fries,1
14071,chicken_tenders,1
14072,fries,1
14073,fries,1
14074,chicken_tenders,1
14074,fries,1
14075,chicken_tenders,1
14075,chicken_tenders,1
14076,fries,1
14077,chicken_tenders,1
14078,fries,1
14079,chicken_tenders,1
14080,chicken_tenders,1
14081,fries,1
14082,chicken_tenders,1
14083,chicken_tenders,1
14084,chicken_tenders,2
14084,fries,1
14085,chicken_tenders,1
14086,chicken_tenders,1
14087,fries,1
14088,chicken_tenders,2
14088,fries,1
14089,chicken_tenders,1
14089,chicken_tenders,1
14090,fries,1
14091,fries,1
14091,chicken_tenders,1
14092,fries,1
14092,chicken_tenders,1
14093,fries,1
14094,fries,1
14094,chicken_tenders,1
14095,fries,1
14096,fries,1
14097,fries,1
14098,fries,1
14098,fries,1
14099,chicken_tenders,1
14100,chicken_tenders,1
14101,chicken_tenders,1
14102,chicken_tenders,1
14102,chicken_tenders,1
14103,fries,1
14104,fries,2
14105,chicken_tenders,1
14106,chicken_tenders,1
14106,chicken_tenders,1
14107,fries,1
14108,fries,1
14108,chicken_tenders,1
14109,fries,1
14110,chicken_tenders,1
14110,chicken_tenders,1
14111,chicken_tenders,1
14111,fries,1
14112,chicken_tenders,1
14113,fries,2
14114,chicken_tenders,1
14115,fries,1
14115,chicken_tenders,2
14116,chicken_tenders,2
14117,chicken_tenders,1
14117,chicken_tenders,1
14118,fries,1
14118,chicken_tenders,1
14119,fries,1
14119,fries,1
14120,fries,1
14120,fries,1
14121,chicken_tenders,1
14121,fries,1
14122,fries,1
14123,chicken_tenders,1
14123,fries,1
14124,fries,1
14125,chicken_tenders,1
14126,chicken_tenders,2
14127,chicken_tenders,1
14128,chicken_tenders,1
14128,chicken_tenders,2
14129,fries,1
14130,fries,2
14130,chicken_tenders,1
14131,fries,1
14132,chicken_tenders,1
14133,fries,1
14133,fries,1
14134,chicken_tenders,1
14135,fries,1
14136,fries,1
14137,fries,1
14138,chicken_tenders,1
14139,fries,1
14140,chicken_tenders,2
14141,fries,1
14142,fries,2
14143,fries,1
14143,chicken_tenders,1
14144,chicken_tenders,1
14145,chicken_tenders,1
14146,chicken_tenders,1
14147,chicken_tenders,1
14148,breakfast_wrap,1
14149,hash_brown,1
14150,breakfast_wrap,1
14151,breakfast_wrap,1
14152,hash_brown,1
14153,hash_brown,2
14153,breakfast_wrap,1
14154,hash_brown,1
14155,breakfast_wrap,2
14156,hash_brown,2
14156,breakfast_wrap,1
14157,hash_brown,2
14158,hash_brown,2
14158,hash_brown,1
14159,breakfast_wrap,2
14159,breakfast_wrap,1
14160,breakfast_wrap,1
14161,hash_brown,1
14161,hash_brown,1
14162,breakfast_wrap,2
14163,hash_brown,1
14164,breakfast_wrap,1
14165,breakfast_wrap,1
14166,breakfast_wrap,2
14167,hash_brown,1
14167,hash_brown,1
14168,hash_brown,1
14169,hash_brown,1
14170,hash_brown,1
14171,breakfast_wrap,1
14172,hash_brown,1
14173,hash_brown,1
14173,breakfast_wrap,1
14174,hash_brown,1
14175,breakfast_wrap,1
14176,breakfast_wrap,2
14177,hash_brown,2
14178,hash_brown,2
14178,breakfast_wrap,1
14179,hash_brown,1
14179,breakfast_wrap,1
14180,breakfast_wrap,1
14181,hash_brown,1
14182,breakfast_wrap,2
14183,hash_brown,1
14184,hash_brown,2
14184,hash_brown,1
14185,breakfast_wrap,1
14185,breakfast_wrap,1
14186,breakfast_wrap,1
14187,breakfast_wrap,1
14188,breakfast_wrap,1
14189,hash_brown,2
14190,breakfast_wrap,1
14191,hash_brown,1
14192,breakfast_wrap,1
14192,hash_brown,1
14193,hash_brown,1
14194,hash_brown,1
14195,breakfast_wrap,1
14196,hash_brown,2
14197,hash_brown,1
14198,breakfast_wrap,1
14199,breakfast_wrap,1
14200,breakfast_wrap,1
14200,breakfast_wrap,1
14201,breakfast_wrap,1
14202,hash_brown,1
14203,hash_brown,1
14204,hash_brown,1
14204,hash_brown,1
14205,breakfast_wrap,2
14206,hash_brown,1
14207,breakfast_wrap,1
14208,hash_brown,1
14209,hash_brown,1
14210,hash_brown,1
14211,hash_brown,1
14212,breakfast_wrap,1
14213,hash_brown,1
14214,hash_brown,1
14215,breakfast_wrap,1
14215,hash_brown,1
14216,hash_brown,1
14216,breakfast_wrap,1
14217,hash_brown,1
14218,hash_brown,1
14219,breakfast_wrap,1
14220,breakfast_wrap,1
14220,breakfast_wrap,1
14221,hash_brown,1
14221,breakfast_wrap,2
14222,hash_brown,1
14222,hash_brown,1
14223,hash_brown,1
14224,hash_brown,2
14224,hash_brown,2
14225,breakfast_wrap,1
14226,breakfast_wrap,2
14227,fries,1
14228,chicken_tenders,2
14229,fries,1
14230,fries,1
14230,fries,1
14231,fries,1
14232,fries,1
14232,fries,1
14233,fries,1
14234,chicken_tenders,1
14235,chicken_tenders,2
14236,chicken_tenders,1
14237,fries,1
14237,chicken_tenders,1
14238,chicken_tenders,1
14239,fries,1
14240,chicken_tenders,2
14241,fries,1
14242,fries,1
14242,fries,2
14243,fries,1
14243,fries,1
14244,chicken_tenders,1
14245,chicken_tenders,2
14246,chicken_tenders,1
14247,fries,1
14248,chicken_tenders,1
14249,fries,1
14250,fries,1
14251,chicken_tenders,1
14251,fries,2
14252,chicken_tenders,1
14253,chicken_tenders,1
14253,chicken_tenders,1
14254,fries,1
14255,chicken_tenders,2
14256,fries,1
14257,fries,1
14258,chicken_tenders,1
14259,fries,1
14260,chicken_tenders,1
14260,fries,1
14261,chicken_tenders,1
14262,fries,1
14263,fries,1
14263,chicken_tenders,1
14264,chicken_tenders,1
14265,fries,1
14266,chicken_tenders,2
14267,fries,1
14268,chicken_tenders,2
14269,fries,1
14270,chicken_tenders,1
14271,fries,2
14272,fries,1
14273,fries,1
14274,chicken_tenders,1
14275,fries,1
14276,fries,1
14277,fries,1
14278,fries,1
14279,chicken_tenders,1
14280,chicken_tenders,1
14281,fries,1
14282,fries,1
14283,chicken_tenders,1
14284,chicken_tenders,1
14285,chicken_tenders,1
14286,fries,2
14286,chicken_tenders,2
14287,fries,1
14287,chicken_tenders,1
14288,chicken_tenders,1
14289,chicken_tenders,1
14290,fries,1
14291,chicken_tenders,1
14292,chicken_tenders,2
14293,fries,1
14294,fries,1
14295,chicken_tenders,1
14296,chicken_tenders,2
14297,chicken_tenders,1
14298,fries,1
14299,fries,1
14300,fries,1
14301,fries,1
14301,fries,1
14302,chicken_tenders,2
14302,chicken_tenders,1
14303,chicken_tenders,1
14303,chicken_tenders,1
14304,chicken_tenders,1
14305,chicken_tenders,1
14306,fries,2
14307,fries,1
14308,fries,1
14309,fries,1
14310,chicken_tenders,1
14311,chicken_tenders,1
14312,chicken_tenders,1
14313,chicken_tenders,2
14313,chicken_tenders,2
14314,chicken_tenders,1
14315,chicken_tenders,1
14316,fries,1
14316,fries,2
14317,chicken_tenders,1
14318,chicken_tenders,1
14319,chicken_tenders,1
14320,fries,1
14321,chicken_tenders,2
14321,fries,1
14322,chicken_tenders,2
14323,fries,2
14324,chicken_tenders,1
14325,chicken_tenders,1
14326,fries,2
14327,chicken_tenders,1
14328,chicken_tenders,1
14329,fries,1
14330,chicken_tenders,1
14331,fries,1
14332,fries,1
14333,chicken_tenders,1
14333,fries,1
14334,chicken_tenders,1
14335,chicken_tenders,1
14336,fries,1
14336,fries,1
14337,chicken_tenders,1
14337,chicken_tenders,1
14338,chicken_tenders,1
14338,chicken_tenders,1
14339,chicken_tenders,1
14339,chicken_tenders,1
14340,chicken_tenders,1
14341,fries,1
14342,chicken_tenders,1
14342,chicken_tenders,1
14343,chicken_tenders,1
14344,fries,1
14345,fries,2
14346,fries,1
14347,chicken_tenders,2
14348,fries,1
14349,chicken_tenders,1
14349,fries,1
14350,fries,1
14350,chicken_tenders,1
14351,chicken_tenders,2
14352,fries,2
14352,fries,1
14353,fries,1
14354,fries,2
14355,chicken_tenders,1
14356,chicken_tenders,1
14357,fries,1
14358,chicken_tenders,2
14359,chicken_tenders,1
14359,chicken_tenders,2
14360,chicken_tenders,1
14361,fries,1
14361,fries,1
14362,chicken_tenders,2
14362,fries,1
14363,chicken_tenders,1
14364,chicken_tenders,1
14365,fries,2
14366,chicken_tenders,1
14367,fries,1
14368,fries,1
14368,chicken_tenders,1
14369,fries,1
14370,chicken_tenders,1
14371,chicken_tenders,1
14372,fries,1
14373,fries,1
14373,fries,1
14374,fries,1
14374,fries,1
14375,chicken_tenders,2
14376,fries,2
14376,fries,1
14377,chicken_tenders,1
14378,fries,1
14379,chicken_tenders,1
14380,fries,1
14380,fries,1
14381,chicken_tenders,1
14382,chicken_tenders,1
14383,chicken_tenders,1
14384,fries,1
14385,fries,2
14386,chicken_tenders,1
14387,chicken_tenders,2
14387,fries,2
14388,chicken_tenders,1
14389,chicken_tenders,1
14390,fries,2
14391,chicken_tenders,1
14392,fries,2
14392,fries,1
14393,fries,2
14393,fries,2
14394,fries,1
14395,chicken_tenders,1
14395,fries,1
14396,chicken_tenders,1
14397,fries,1
14398,chicken_tenders,1
14398,fries,1
14399,chicken_tenders,1
14400,fries,1
14400,chicken_tenders,2
14401,chicken_tenders,1
14402,chicken_tenders,1
14402,chicken_tenders,1
14403,fries,1
14404,chicken_tenders,1
14405,chicken_tenders,1
14405,chicken_tenders,2
14406,chicken_tenders,2
14406,chicken_tenders,2
14407,fries,1
14408,chicken_tenders,1
14408,fries,1
14409,fries,2
14410,fries,2
14411,chicken_tenders,1
14412,fries,1
14412,chicken_tenders,1
14413,chicken_tenders,1
14413,fries,1
14414,chicken_tenders,1
14415,fries,1
14416,chicken_tenders,1
14417,chicken_tenders,1
14418,hash_brown,1
14419,breakfast_wrap,1
14419,hash_brown,1
14420,breakfast_wrap,1
14421,hash_brown,1
14421,hash_brown,1
14422,hash_brown,1
14423,hash_brown,1
14424,hash_brown,1
14424,hash_brown,1
14425,hash_brown,2
14426,breakfast_wrap,1
14427,breakfast_wrap,2
14427,breakfast_wrap,2
14428,breakfast_wrap,1
14429,hash_brown,1
14430,hash_brown,1
14431,breakfast_wrap,1
14432,hash_brown,1
14433,breakfast_wrap,1
14434,hash_brown,1
14434,hash_brown,1
14435,breakfast_wrap,1
14436,breakfast_wrap,1
14437,hash_brown,1
14438,hash_brown,1
14439,hash_brown,1
14439,breakfast_wrap,1
14440,hash_brown,1
14441,breakfast_wrap,1
14442,hash_brown,1
14442,hash_brown,2
14443,breakfast_wrap,1
14443,breakfast_wrap,1
14444,hash_brown,1
14445,hash_brown,1
14446,hash_brown,1
14446,breakfast_wrap,1
14447,hash_brown,1
14448,hash_brown,1
14448,hash_brown,1
14449,hash_brown,1
14450,breakfast_wrap,1
14451,breakfast_wrap,1
14452,breakfast_wrap,1
14453,hash_brown,1
14454,breakfast_wrap,1
14455,breakfast_wrap,2
14456,hash_brown,1
14457,hash_brown,1
14458,hash_brown,1
14459,breakfast_wrap,1
14460,breakfast_wrap,1
14461,hash_brown,1
14462,breakfast_wrap,1
14462,hash_brown,1
14463,breakfast_wrap,1
14464,hash_brown,1
14465,breakfast_wrap,2
14466,hash_brown,1
14467,breakfast_wrap,1
14468,breakfast_wrap,1
14468,hash_brown,1
14469,hash_brown,1
14470,breakfast_wrap,1
14470,breakfast_wrap,2
14471,hash_brown,1
14472,breakfast_wrap,1
14473,hash_brown,1
14474,breakfast_wrap,2
14475,breakfast_wrap,1
14476,hash_brown,1
14477,breakfast_wrap,2
14478,hash_brown,1
14479,hash_brown,1
14480,breakfast_wrap,1
14481,breakfast_wrap,1
14481,hash_brown,1
14482,hash_brown,1
14482,hash_brown,1
14483,breakfast_wrap,1
14484,hash_brown,1
14485,breakfast_wrap,1
14485,breakfast_wrap,1
14486,hash_brown,1
14486,breakfast_wrap,2
14487,breakfast_wrap,1
14487,hash_brown,1
14488,breakfast_wrap,1
14488,hash_brown,1
14489,breakfast_wrap,1
14490,hash_brown,1
14491,hash_brown,1
14492,hash_brown,1
14493,breakfast_wrap,2
14493,hash_brown,2
14494,hash_brown,1
14495,hash_brown,1
14495,breakfast_wrap,1
14496,breakfast_wrap,1
14497,hash_brown,1
14498,hash_brown,1
14499,breakfast_wrap,1
14499,hash_brown,1
14500,breakfast_wrap,2
14500,hash_brown,1
14501,breakfast_wrap,1
14501,hash_brown,1
14502,breakfast_wrap,1
14503,fries,1
14504,chicken_tenders,1
14505,chicken_tenders,1
14506,chicken_tenders,1
14507,fries,1
14508,chicken_tenders,1
14509,fries,1
14510,fries,1
14510,fries,2
14511,fries,2
14512,fries,2
14513,fries,1
14514,chicken_tenders,2
14515,fries,1
14516,fries,2
14517,chicken_tenders,2
14517,chicken_tenders,1
14518,fries,1
14519,chicken_tenders,2
14520,fries,1
14521,chicken_tenders,1
14522,fries,1
14523,chicken_tenders,2
14524,fries,2
14525,chicken_tenders,2
14526,fries,1
14527,fries,1
14528,fries,1
14528,chicken_tenders,1
14529,chicken_tenders,2
14530,chicken_tenders,1
14531,fries,1
14531,fries,1
14532,chicken_tenders,1
14533,fries,1
14534,fries,1
14535,chicken_tenders,1
14536,chicken_tenders,1
14536,chicken_tenders,1
14537,chicken_tenders,1
14538,chicken_tenders,1
14539,fries,1
14540,fries,1
14541,chicken_tenders,2
14542,chicken_tenders,1
14543,chicken_tenders,2
14543,fries,1
14544,chicken_tenders,1
14545,chicken_tenders,1
14546,fries,1
14547,fries,1
14547,fries,1
14548,chicken_tenders,1
14549,chicken_tenders,1
14550,chicken_tenders,1
14551,fries,1
14551,fries,1
14552,fries,1
14553,chicken_tenders,1
14554,chicken_tenders,1
14555,fries,1
14555,fries,1
14556,chicken_tenders,1
14557,fries,1
14557,fries,1
14558,chicken_tenders,1
14558,chicken_tenders,1
14559,chicken_tenders,2
14560,chicken_tenders,2
14561,chicken_tenders,2
14562,chicken_tenders,1
14563,fries,1
14564,fries,1
14565,fries,1
14566,fries,2
14567,fries,1
14567,chicken_tenders,2
14568,chicken_tenders,1
14569,chicken_tenders,1
14570,fries,1
14570,chicken_tenders,1
14571,fries,2
14572,fries,1
14573,fries,1
14574,chicken_tenders,1
14574,fries,1
14575,chicken_tenders,1
14576,fries,1
14577,fries,1
14578,chicken_tenders,1
14579,fries,1
14580,chicken_tenders,1
14581,fries,1
14581,fries,1
14582,fries,1
14583,fries,1
14584,fries,2
14585,fries,1
14585,chicken_tenders,1
14586,chicken_tenders,1
14587,fries,1
14588,chicken_tenders,2
14589,chicken_tenders,1
14590,chicken_tenders,2
14591,chicken_tenders,2
14592,fries,1
14592,fries,1
14593,fries,1
14594,chicken_tenders,1
14595,fries,1
14595,chicken_tenders,1
14596,chicken_tenders,2
14597,fries,1
14598,chicken_tenders,2
14598,fries,2
14599,chicken_tenders,2
14599,chicken_tenders,1
14600,fries,1
14600,chicken_tenders,1
14601,chicken_tenders,1
14602,fries,1
14603,fries,1
14604,chicken_tenders,1
14604,fries,1
14605,fries,1
14606,fries,1
14607,chicken_tenders,1
14607,fries,1
14608,chicken_tenders,1
14609,chicken_tenders,1
14610,fries,1
14611,fries,2
14612,fries,2
14613,fries,1
14614,fries,1
14615,chicken_tenders,1
14615,chicken_tenders,1
14616,fries,1
14617,fries,1
14618,fries,1
14619,chicken_tenders,1
14619,fries,1
14620,chicken_tenders,2
14621,chicken_tenders,1
14622,fries,1
14623,chicken_tenders,1
14624,fries,1
14625,fries,1
14625,fries,1
14626,chicken_tenders,1
14627,chicken_tenders,1
14628,chicken_tenders,1
14629,fries,1
14630,chicken_tenders,1
14631,chicken_tenders,1
14632,chicken_tenders,1
14633,fries,1
14634,chicken_tenders,1
14635,fries,1
14636,fries,1
14636,fries,1
14637,breakfast_wrap,1
14638,hash_brown,1
14639,hash_brown,2
14640,hash_brown,2
14641,breakfast_wrap,1
14642,hash_brown,1
14643,hash_brown,1
14644,breakfast_wrap,1
14644,hash_brown,1
14645,breakfast_wrap,1
14646,hash_brown,1
14647,breakfast_wrap,1
14648,breakfast_wrap,1
14649,hash_brown,1
14650,hash_brown,1
14651,breakfast_wrap,1
14652,breakfast_wrap,1
14653,breakfast_wrap,1
14653,hash_brown,1
14654,breakfast_wrap,1
14655,hash_brown,1
14655,hash_brown,1
14656,breakfast_wrap,1
14656,hash_brown,1
14657,breakfast_wrap,2
14658,hash_brown,1
14659,hash_brown,1
14659,breakfast_wrap,1
14660,breakfast_wrap,1
14661,hash_brown,2
14662,breakfast_wrap,2
14662,breakfast_wrap,2
14663,hash_brown,1
14664,breakfast_wrap,1
14665,breakfast_wrap,1
14666,hash_brown,1
14666,breakfast_wrap,1
14667,hash_brown,1
14668,hash_brown,1
14668,breakfast_wrap,1
14669,breakfast_wrap,1
14670,breakfast_wrap,1
14671,hash_brown,1
14672,hash_brown,1
14672,hash_brown,1
14673,breakfast_wrap,1
14674,breakfast_wrap,1
14674,breakfast_wrap,1
14675,breakfast_wrap,1
14676,breakfast_wrap,1
14677,breakfast_wrap,1
14678,breakfast_wrap,1
14679,hash_brown,2
14680,breakfast_wrap,1
14680,hash_brown,2
14681,breakfast_wrap,1
14681,hash_brown,1
14682,hash_brown,1
14683,breakfast_wrap,1
14684,breakfast_wrap,1
14684,hash_brown,1
14685,hash_brown,1
14686,breakfast_wrap,1
14687,hash_brown,1
14688,hash_brown,1
14688,hash_brown,1
14689,hash_brown,1
14689,hash_brown,1
14690,hash_brown,1
14691,breakfast_wrap,1
14692,breakfast_wrap,1
14693,breakfast_wrap,1
14693,breakfast_wrap,1
14694,breakfast_wrap,1
14695,hash_brown,1
14696,breakfast_wrap,1
14697,breakfast_wrap,1
14698,hash_brown,1
14699,hash_brown,1
14700,breakfast_wrap,1
14701,hash_brown,1
14702,hash_brown,1
14703,hash_brown,1
14704,hash_brown,1
14704,hash_brown,1
14705,hash_brown,1
14706,breakfast_wrap,1
14706,hash_brown,1
14707,hash_brown,1
14707,breakfast_wrap,1
14708,hash_brown,1
14709,hash_brown,2
14710,breakfast_wrap,1
14710,hash_brown,1
14711,hash_brown,1
14712,breakfast_wrap,1
14713,hash_brown,1
14713,breakfast_wrap,1
14714,breakfast_wrap,1
14715,hash_brown,1
14715,breakfast_wrap,1
14716,breakfast_wrap,1
14717,breakfast_wrap,1
14718,fries,1
14719,fries,1
14720,fries,2
14721,chicken_tenders,1
14722,fries,2
14723,chicken_tenders,1
14723,chicken_tenders,1
14724,chicken_tenders,2
14725,chicken_tenders,1
14726,chicken_tenders,1
14727,fries,2
14728,chicken_tenders,1
14729,chicken_tenders,1
14730,chicken_tenders,1
14730,fries,1
14731,chicken_tenders,1
14732,chicken_tenders,1
14733,fries,1
14734,fries,1
14735,fries,2
14735,chicken_tenders,1
14736,fries,1
14737,fries,1
14738,fries,1
14739,chicken_tenders,1
14740,chicken_tenders,1
14740,chicken_tenders,1
14741,chicken_tenders,1
14742,chicken_tenders,1
14743,chicken_tenders,1
14743,chicken_tenders,1
14744,chicken_tenders,1
14745,chicken_tenders,1
14746,chicken_tenders,1
14747,fries,1
14748,fries,2
14749,chicken_tenders,1
14750,fries,1
14751,fries,1
14751,fries,1
14752,chicken_tenders,1
14753,chicken_tenders,1
14753,fries,1
14754,chicken_tenders,1
14754,chicken_tenders,1
14755,fries,1
14755,fries,1
14756,chicken_tenders,1
14756,fries,1
14757,fries,1
14758,fries,1
14759,chicken_tenders,2
14760,chicken_tenders,1
14761,chicken_tenders,2
14762,fries,1
14763,fries,1
14763,chicken_tenders,1
14764,fries,1
14764,chicken_tenders,1
14765,chicken_tenders,1
14766,chicken_tenders,1
14767,fries,1
14768,chicken_tenders,1
14769,chicken_tenders,1
14770,chicken_tenders,1
14771,fries,1
14771,fries,1
14772,chicken_tenders,1
14773,chicken_tenders,1
14774,chicken_tenders,2
14775,chicken_tenders,1
14776,fries,1
14777,fries,1
14777,chicken_tenders,1
14778,chicken_tenders,1
14779,chicken_tenders,2
14779,fries,1
14780,fries,1
14781,chicken_tenders,1
14782,fries,1
14783,fries,1
14783,chicken_tenders,1
14784,fries,1
14785,fries,1
14785,chicken_tenders,1
14786,chicken_tenders,1
14786,fries,1
14787,fries,1
14788,chicken_tenders,2
14789,chicken_tenders,1
14790,chicken_tenders,1
14791,chicken_tenders,1
14792,fries,1
14793,chicken_tenders,1
14794,chicken_tenders,2
14794,chicken_tenders,1
14795,fries,1
14796,chicken_tenders,1
14796,fries,1
14797,chicken_tenders,1
14798,chicken_tenders,1
14799,chicken_tenders,1
14799,fries,1
14800,fries,1
14800,chicken_tenders,1
14801,fries,1
14802,fries,1
14803,fries,1
14803,fries,1
14804,fries,1
14804,chicken_tenders,1
14805,fries,1
14806,fries,1
14806,chicken_tenders,1
14807,fries,1
14808,fries,1
14809,chicken_tenders,1
14810,fries,1
14810,fries,1
14811,fries,1
14812,chicken_tenders,1
14812,chicken_tenders,2
14813,chicken_tenders,1
14814,chicken_tenders,2
14815,chicken_tenders,1
14816,fries,1
14817,fries,1
14818,fries,2
14819,chicken_tenders,2
14820,chicken_tenders,1
14821,chicken_tenders,1
14822,fries,1
14823,chicken_tenders,1
14823,chicken_tenders,1
14824,chicken_tenders,1
14825,fries,1
14826,chicken_tenders,2
14826,fries,1
14827,fries,1
14827,chicken_tenders,1
14828,chicken_tenders,1
14829,chicken_tenders,1
14830,fries,1
14830,fries,2
14831,fries,1
14831,fries,1
14832,fries,1
14833,fries,1
14834,chicken_tenders,1
14834,fries,1
14835,chicken_tenders,1
14836,fries,1
14836,chicken_tenders,1
14837,fries,1
14837,fries,1
14838,fries,1
14838,fries,1
14839,chicken_tenders,1
14839,fries,1
14840,fries,1
14841,chicken_tenders,1
14842,chicken_tenders,1
14843,chicken_tenders,1
14843,fries,1
14844,chicken_tenders,1
14845,chicken_tenders,1
14846,chicken_tenders,1
14846,chicken_tenders,1
14847,chicken_tenders,1
14848,fries,1
14849,chicken_tenders,1
14850,fries,1
14851,chicken_tenders,2
14852,chicken_tenders,1
14853,fries,1
14854,chicken_tenders,2
14854,fries,1
14855,chicken_tenders,1
14855,chicken_tenders,2
14856,chicken_tenders,1
14856,chicken_tenders,1
14857,chicken_tenders,1
14857,chicken_tenders,1
14858,chicken_tenders,1
14858,fries,1
14859,chicken_tenders,1
14859,chicken_tenders,2
14860,chicken_tenders,1
14861,fries,1
14861,fries,1
14862,chicken_tenders,2
14862,chicken_tenders,1
14863,chicken_tenders,1
14864,fries,1
14865,fries,1
14865,chicken_tenders,1
14866,chicken_tenders,2
14867,fries,1
14867,chicken_tenders,1
14868,fries,2
14869,chicken_tenders,1
14869,fries,1
14870,chicken_tenders,1
14871,chicken_tenders,1
14871,chicken_tenders,1
14872,fries,2
14872,chicken_tenders,1
14873,chicken_tenders,2
14873,fries,1
14874,chicken_tenders,1
14875,fries,1
14875,fries,2
14876,fries,1
14877,fries,1
14878,breakfast_wrap,2
14879,breakfast_wrap,1
14879,hash_brown,1
14880,breakfast_wrap,1
14880,breakfast_wrap,1
14881,breakfast_wrap,1
14881,breakfast_wrap,2
14882,hash_brown,1
14883,breakfast_wrap,1
14884,hash_brown,1
14885,hash_brown,1
14886,breakfast_wrap,1
14886,breakfast_wrap,1
14887,hash_brown,1
14888,hash_brown,2
14889,hash_brown,1
14889,breakfast_wrap,1
14890,breakfast_wrap,1
14891,breakfast_wrap,1
14891,breakfast_wrap,1
14892,hash_brown,1
14892,breakfast_wrap,1
14893,hash_brown,1
14894,hash_brown,2
14895,hash_brown,1
14896,hash_brown,1
14896,breakfast_wrap,1
14897,hash_brown,1
14897,breakfast_wrap,1
14898,breakfast_wrap,1
14899,breakfast_wrap,1
14900,breakfast_wrap,1
14901,breakfast_wrap,1
14902,breakfast_wrap,1
14903,breakfast_wrap,2
14904,hash_brown,1
14905,breakfast_wrap,1
14906,hash_brown,1
14907,breakfast_wrap,1
14908,breakfast_wrap,1
14908,breakfast_wrap,2
14909,hash_brown,1
14910,hash_brown,1
14911,hash_brown,1
14911,breakfast_wrap,1
14912,breakfast_wrap,1
14913,hash_brown,1
14914,breakfast_wrap,1
14915,breakfast_wrap,1
14916,breakfast_wrap,1
14917,breakfast_wrap,1
14917,hash_brown,1
14918,breakfast_wrap,1
14919,hash_brown,1
14920,hash_brown,1
14920,hash_brown,1
14921,breakfast_wrap,1
14922,hash_brown,1
14923,breakfast_wrap,1
14923,breakfast_wrap,1
14924,breakfast_wrap,1
14925,hash_brown,2
14925,hash_brown,1
14926,breakfast_wrap,1
14927,hash_brown,1
14928,breakfast_wrap,1
14928,hash_brown,2
14929,hash_brown,1
14930,hash_brown,2
14931,breakfast_wrap,1
14931,breakfast_wrap,2
14932,breakfast_wrap,1
14933,breakfast_wrap,1
14933,hash_brown,1
14934,hash_brown,2
14935,breakfast_wrap,2
14936,hash_brown,1
14936,hash_brown,1
14937,breakfast_wrap,1
14938,hash_brown,1
14938,hash_brown,2
14939,breakfast_wrap,1
14940,hash_brown,1
14941,hash_brown,1
14941,breakfast_wrap,1
14942,breakfast_wrap,1
14942,hash_brown,1
14943,hash_brown,1
14944,breakfast_wrap,1
14945,breakfast_wrap,2
14946,breakfast_wrap,1
14947,breakfast_wrap,2
14948,breakfast_wrap,1
14949,hash_brown,1
14949,hash_brown,1
14950,hash_brown,1
14951,hash_brown,1
14951,breakfast_wrap,2
14952,chicken_tenders,1
14953,fries,1
14954,chicken_tenders,1
14955,chicken_tenders,1
14956,chicken_tenders,2
14956,chicken_tenders,1
14957,fries,1
14958,fries,1
14958,chicken_tenders,1
14959,chicken_tenders,1
14960,fries,1
14961,fries,1
14962,chicken_tenders,1
14962,chicken_tenders,1
14963,chicken_tenders,1
14964,fries,1
14965,fries,1
14965,fries,1
14966,fries,1
14967,chicken_tenders,1
14967,fries,2
14968,chicken_tenders,2
14969,fries,1
14970,chicken_tenders,1
14971,chicken_tenders,2
14972,fries,1
14972,fries,1
14973,chicken_tenders,2
14973,chicken_tenders,1
14974,fries,1
14974,chicken_tenders,1
14975,fries,1
14975,fries,1
14976,chicken_tenders,2
14977,chicken_tenders,1
14978,fries,1
14979,fries,2
14980,chicken_tenders,2
14981,fries,1
14982,chicken_tenders,1
14982,fries,1
14983,chicken_tenders,1
14983,fries,1
14984,fries,1
14985,fries,1
14986,chicken_tenders,1
14987,chicken_tenders,1
14988,fries,1
14989,fries,2
14990,fries,1
14990,chicken_tenders,1
14991,chicken_tenders,1
14992,chicken_tenders,1
14993,chicken_tenders,1
14994,fries,2
14995,chicken_tenders,1
14995,fries,1
14996,fries,1
14997,chicken_tenders,1
14998,chicken_tenders,1
14999,chicken_tenders,1
15000,fries,1
15000,fries,1
15001,fries,1
15002,fries,1
15003,fries,1
15004,chicken_tenders,1
15005,chicken_tenders,1
15006,fries,2
15006,fries,1
15007,fries,1
15007,chicken_tenders,2
15008,chicken_tenders,1
15009,fries,2
15010,fries,1
15011,chicken_tenders,2
15012,chicken_tenders,2
15013,chicken_tenders,2
15013,fries,1
15014,fries,1
15014,chicken_tenders,1
15015,chicken_tenders,2
15015,fries,1
15016,chicken_tenders,1
15016,chicken_tenders,1
15017,fries,1
15018,chicken_tenders,1
15019,fries,1
15020,chicken_tenders,1
15021,chicken_tenders,1
15022,fries,1
15023,chicken_tenders,1
15024,fries,1
15025,fries,1
15026,fries,1
15027,chicken_tenders,1
15028,chicken_tenders,1
15029,fries,1
15030,chicken_tenders,1
15030,chicken_tenders,1
15031,chicken_tenders,1
15032,fries,2
15033,chicken_tenders,2
15034,fries,1
15035,chicken_tenders,1
15036,fries,2
15037,fries,1
15038,chicken_tenders,2
15039,chicken_tenders,2
15039,chicken_tenders,1
15040,fries,1
15041,fries,1
15041,chicken_tenders,2
15042,chicken_tenders,1
15043,fries,1
15044,fries,1
15045,fries,1
15045,chicken_tenders,1
15046,fries,1
15046,fries,1
15047,chicken_tenders,1
15048,fries,2
15049,chicken_tenders,1
15050,fries,1
15051,fries,1
15052,fries,1
15052,fries,1
15053,fries,1
15054,fries,1
15055,fries,1
15055,chicken_tenders,1
15056,fries,1
15056,fries,1
15057,fries,1
15057,fries,1
15058,chicken_tenders,2
15059,chicken_tenders,1
15059,fries,1
15060,chicken_tenders,2
15061,chicken_tenders,1
15061,chicken_tenders,1
15062,chicken_tenders,1
15063,fries,1
15064,fries,1
15065,fries,1
15066,fries,1
15066,fries,2
15067,fries,1
15068,fries,1
15069,fries,1
15070,fries,1
15070,chicken_tenders,1
15071,fries,1
15072,chicken_tenders,1
15073,fries,1
15073,chicken_tenders,1
15074,chicken_tenders,1
15075,chicken_tenders,1
15075,fries,1
15076,chicken_tenders,1
15076,fries,2
15077,chicken_tenders,1
15078,fries,1
15079,chicken_tenders,1
15080,chicken_tenders,1
15080,chicken_tenders,1
15081,chicken_tenders,1
15082,chicken_tenders,1
15083,chicken_tenders,1
15084,chicken_tenders,1
15085,fries,1
15086,chicken_tenders,1
15087,fries,2
15088,fries,1
15089,chicken_tenders,1
15090,chicken_tenders,1
15090,chicken_tenders,1
15091,chicken_tenders,1
15091,chicken_tenders,1
15092,chicken_tenders,1
15093,fries,1
15094,chicken_tenders,1
15095,chicken_tenders,1
15095,fries,1
15096,chicken_tenders,1
15097,fries,2
15098,fries,1
15098,fries,1
15099,fries,1
15099,fries,1
15100,fries,1
15101,fries,1
15102,fries,1
15103,chicken_tenders,1
15104,breakfast_wrap,1
15105,breakfast_wrap,1
15106,breakfast_wrap,1
15107,breakfast_wrap,1
15107,breakfast_wrap,1
15108,hash_brown,1
15109,breakfast_wrap,1
15110,hash_brown,1
15111,hash_brown,1
15111,hash_brown,2
15112,hash_brown,1
15112,hash_brown,1
15113,hash_brown,1
15113,hash_brown,1
15114,breakfast_wrap,2
15114,hash_brown,1
15115,hash_brown,1
15116,hash_brown,1
15116,hash_brown,1
15117,hash_brown,1
15118,breakfast_wrap,1
15119,breakfast_wrap,1
15120,breakfast_wrap,1
15121,hash_brown,1
15122,hash_brown,2
15123,hash_brown,1
15123,breakfast_wrap,1
15124,breakfast_wrap,1
15125,hash_brown,1
15126,hash_brown,1
15127,breakfast_wrap,1
15128,hash_brown,1
15129,hash_brown,1
15129,hash_brown,1
15130,breakfast_wrap,2
15131,breakfast_wrap,1
15132,hash_brown,1
15133,hash_brown,1
15134,hash_brown,1
15135,hash_brown,2
15136,breakfast_wrap,2
15137,hash_brown,1
15138,hash_brown,1
15139,breakfast_wrap,1
15140,breakfast_wrap,1
15141,breakfast_wrap,1
15142,hash_brown,2
15143,breakfast_wrap,1
15144,hash_brown,2
15145,hash_brown,1
15146,hash_brown,1
15147,breakfast_wrap,1
15148,hash_brown,2
15148,hash_brown,1
15149,hash_brown,1
15149,breakfast_wrap,1
15150,hash_brown,2
15150,breakfast_wrap,1
15151,breakfast_wrap,1
15152,breakfast_wrap,1
15153,hash_brown,1
15154,breakfast_wrap,2
15155,breakfast_wrap,1
15155,breakfast_wrap,1
15156,hash_brown,1
15156,hash_brown,1
15157,breakfast_wrap,1
15157,hash_brown,1
15158,breakfast_wrap,2
15158,hash_brown,2
15159,hash_brown,1
15160,breakfast_wrap,2
15161,breakfast_wrap,1
15162,breakfast_wrap,1
15163,breakfast_wrap,1
15163,hash_brown,1
15164,hash_brown,1
15165,hash_brown,1
15166,breakfast_wrap,1
15166,breakfast_wrap,1
15167,breakfast_wrap,1
15168,hash_brown,1
15168,hash_brown,1
15169,fries,1
15170,fries,1
15171,fries,1
15172,chicken_tenders,1
15173,chicken_tenders,1
15173,chicken_tenders,1
15174,fries,1
15175,fries,1
15176,chicken_tenders,1
15177,chicken_tenders,1
15178,chicken_tenders,2
15179,chicken_tenders,1
15179,fries,1
15180,fries,1
15180,chicken_tenders,1
15181,chicken_tenders,2
15182,chicken_tenders,1
15183,chicken_tenders,2
15184,fries,1
15184,fries,1
15185,fries,1
15185,chicken_tenders,1
15186,fries,1
15187,chicken_tenders,2
15188,fries,1
15189,chicken_tenders,1
15190,chicken_tenders,1
15191,chicken_tenders,2
15192,fries,1
15193,chicken_tenders,1
15194,fries,1
15195,fries,1
15196,chicken_tenders,2
15197,chicken_tenders,1
15198,fries,1
15199,fries,2
15200,chicken_tenders,2
15201,chicken_tenders,1
15202,chicken_tenders,1
15202,chicken_tenders,1
15203,chicken_tenders,1
15203,fries,1
15204,chicken_tenders,1
15205,chicken_tenders,1
15206,fries,1
15207,fries,1
15207,chicken_tenders,1
15208,fries,1
15209,chicken_tenders,1
15209,chicken_tenders,1
15210,chicken_tenders,2
15211,chicken_tenders,1
15212,chicken_tenders,2
15213,fries,1
15214,chicken_tenders,1
15215,fries,2
15216,chicken_tenders,1
15217,chicken_tenders,1
15218,chicken_tenders,2
15218,chicken_tenders,1
15219,fries,1
15220,fries,2
15220,chicken_tenders,1
15221,chicken_tenders,1
15222,fries,1
15222,chicken_tenders,1
15223,chicken_tenders,1
15224,chicken_tenders,1
15225,chicken_tenders,1
15225,fries,1
15226,fries,1
15227,chicken_tenders,1
15228,chicken_tenders,1
15229,fries,1
15229,chicken_tenders,1
15230,chicken_tenders,1
15230,chicken_tenders,1
15231,fries,1
15231,fries,1
15232,chicken_tenders,1
15232,chicken_tenders,1
15233,chicken_tenders,1
15233,fries,1
15234,fries,2
15235,fries,1
15235,chicken_tenders,1
15236,fries,1
15237,chicken_tenders,2
15238,fries,1
15238,chicken_tenders,2
15239,fries,1
15240,fries,1
15241,chicken_tenders,1
15242,chicken_tenders,1
15243,chicken_tenders,2
15244,fries,1
15244,chicken_tenders,1
15245,fries,1
15246,fries,1
15246,fries,2
15247,chicken_tenders,1
15248,chicken_tenders,1
15249,fries,1
15250,fries,1
15251,chicken_tenders,1
15252,fries,2
15252,chicken_tenders,2
15253,chicken_tenders,1
15254,chicken_tenders,1
15255,chicken_tenders,1
15255,chicken_tenders,2
15256,fries,1
15257,fries,1
15258,chicken_tenders,1
15258,chicken_tenders,2
15259,fries,1
15260,chicken_tenders,1
15260,fries,1
15261,chicken_tenders,1
15262,fries,1
15263,chicken_tenders,1
15263,chicken_tenders,1
15264,chicken_tenders,1
15265,chicken_tenders,2
15266,fries,1
15266,fries,1
15267,chicken_tenders,1
15268,fries,1
15269,chicken_tenders,1
15269,fries,2
15270,chicken_tenders,1
15270,chicken_tenders,1
15271,fries,1
15272,fries,1
15273,fries,1
15273,chicken_tenders,1
15274,fries,1
15274,fries,1
15275,fries,2
15276,fries,1
15277,fries,1
15278,chicken_tenders,1
15279,fries,1
15280,fries,1
15280,fries,1
15281,chicken_tenders,1
15282,fries,1
15283,fries,2
15284,fries,1
15285,chicken_tenders,2
15285,fries,2
15286,fries,2
15287,fries,1
15288,fries,2
15289,chicken_tenders,2
15290,chicken_tenders,1
15291,fries,1
15292,chicken_tenders,1
15292,fries,1
15293,fries,1
15294,chicken_tenders,1
15295,chicken_tenders,1
15296,chicken_tenders,1
15297,chicken_tenders,1
15298,fries,2
15299,chicken_tenders,1
15300,fries,1
15301,fries,1
15302,chicken_tenders,1
15302,fries,1
15303,chicken_tenders,1
15304,chicken_tenders,1
15304,fries,2
15305,chicken_tenders,1
15306,chicken_tenders,1
15307,chicken_tenders,2
15308,fries,1
15309,chicken_tenders,1
15310,chicken_tenders,1
15311,fries,2
15312,chicken_tenders,1
15313,chicken_tenders,1
15314,fries,1
15315,fries,1
15316,chicken_tenders,1
15317,fries,1
15318,fries,1
15318,chicken_tenders,1
15319,chicken_tenders,1
15320,chicken_tenders,1
15320,fries,1
15321,chicken_tenders,1
15322,chicken_tenders,2
15323,chicken_tenders,1
15323,chicken_tenders,1
15324,fries,1
15325,fries,2
15326,fries,1
15327,fries,1
15327,chicken_tenders,1
15328,fries,2
15329,fries,1
15329,fries,1
15330,chicken_tenders,1
15331,fries,1
15332,chicken_tenders,1
15333,fries,1
15334,fries,1
15335,fries,1
15336,chicken_tenders,1
15337,hash_brown,1
15338,breakfast_wrap,1
15338,hash_brown,1
15339,hash_brown,1
15340,hash_brown,1
15341,hash_brown,1
15342,hash_brown,1
15343,hash_brown,1
15344,breakfast_wrap,1
15345,hash_brown,1
15345,breakfast_wrap,1
15346,hash_brown,1
15346,hash_brown,1
15347,breakfast_wrap,1
15348,hash_brown,1
15349,hash_brown,1
15350,hash_brown,1
15351,hash_brown,1
15352,hash_brown,1
15353,breakfast_wrap,1
15354,breakfast_wrap,1
15354,breakfast_wrap,1
15355,breakfast_wrap,1
15356,breakfast_wrap,1
15357,hash_brown,1
15358,breakfast_wrap,1
15359,hash_brown,1
15360,breakfast_wrap,2
15360,breakfast_wrap,1
15361,hash_brown,1
15362,hash_brown,1
15363,hash_brown,1
15364,hash_brown,1
15364,breakfast_wrap,2
15365,hash_brown,1
15365,hash_brown,1
15366,breakfast_wrap,1
15367,breakfast_wrap,1
15368,hash_brown,1
15369,hash_brown,1
15369,breakfast_wrap,1
15370,hash_brown,2
15371,hash_brown,1
15372,breakfast_wrap,1
15373,breakfast_wrap,1
15373,hash_brown,1
15374,hash_brown,1
15375,breakfast_wrap,2
15376,breakfast_wrap,1
15377,breakfast_wrap,1
15377,breakfast_wrap,1
15378,breakfast_wrap,1
15379,breakfast_wrap,1
15380,breakfast_wrap,1
15381,hash_brown,1
15381,breakfast_wrap,1
15382,breakfast_wrap,1
15383,hash_brown,1
15383,breakfast_wrap,1
15384,hash_brown,1
15384,hash_brown,1
15385,breakfast_wrap,2
15386,breakfast_wrap,1
15387,breakfast_wrap,1
15388,breakfast_wrap,1
15388,breakfast_wrap,2
15389,hash_brown,1
15390,breakfast_wrap,1
15391,hash_brown,1
15392,breakfast_wrap,1
15393,breakfast_wrap,1
15394,breakfast_wrap,1
15395,breakfast_wrap,1
15396,hash_brown,1
15397,hash_brown,2
15397,breakfast_wrap,1
15398,hash_brown,1
15399,breakfast_wrap,1
15399,hash_brown,1
15400,hash_brown,2
15401,hash_brown,1
15402,breakfast_wrap,1
15403,fries,2
15404,fries,1
15405,fries,1
15406,fries,1
15407,fries,1
15408,chicken_tenders,1
15409,fries,1
15410,fries,1
15410,fries,1
15411,chicken_tenders,1
15411,fries,1
15412,chicken_tenders,1
15412,chicken_tenders,1
15413,chicken_tenders,1
15414,fries,1
15414,fries,1
15415,fries,1
15415,chicken_tenders,1
15416,chicken_tenders,1
15417,chicken_tenders,1
15417,fries,1
15418,fries,1
15419,chicken_tenders,1
15420,fries,1
15420,chicken_tenders,1
15421,chicken_tenders,1
15421,fries,1
15422,fries,2
15422,fries,1
15423,fries,1
15424,chicken_tenders,1
15425,fries,1
15425,fries,1
15426,chicken_tenders,1
15427,chicken_tenders,1
15428,fries,2
15429,fries,1
15429,fries,1
15430,fries,1
15431,fries,1
15431,chicken_tenders,1
15432,fries,1
15433,fries,1
15433,chicken_tenders,1
15434,fries,1
15434,chicken_tenders,2
15435,fries,1
15435,chicken_tenders,2
15436,chicken_tenders,1
15436,fries,2
15437,fries,2
15438,fries,1
15439,fries,1
15440,chicken_tenders,1
15441,chicken_tenders,1
15441,fries,1
15442,chicken_tenders,2
15443,fries,2
15443,fries,1
15444,fries,1
15445,fries,1
15446,fries,1
15447,chicken_tenders,1
15447,chicken_tenders,1
15448,fries,1
15449,fries,1
15450,chicken_tenders,1
15451,chicken_tenders,2
15452,fries,1
15453,fries,1
15454,chicken_tenders,1
15455,chicken_tenders,2
15456,chicken_tenders,1
15457,chicken_tenders,1
15458,chicken_tenders,1
15458,chicken_tenders,1
15459,fries,2
15460,chicken_tenders,1
15461,chicken_tenders,1
15461,fries,2
15462,chicken_tenders,1
15463,fries,1
15464,fries,1
15465,chicken_tenders,1
15466,chicken_tenders,1
15467,fries,1
15468,chicken_tenders,1
15469,chicken_tenders,1
15469,fries,2
15470,chicken_tenders,1
15471,chicken_tenders,1
15472,chicken_tenders,1
15473,chicken_tenders,1
15474,fries,1
15475,chicken_tenders,1
15475,fries,1
15476,fries,1
15477,fries,1
15477,fries,1
15478,chicken_tenders,2
15479,fries,1
15479,fries,1
15480,chicken_tenders,1
15481,chicken_tenders,1
15482,fries,1
15483,fries,2
15484,chicken_tenders,1
15485,chicken_tenders,1
15486,fries,1
15486,fries,2
15487,chicken_tenders,1
15488,chicken_tenders,1
15488,fries,1
15489,chicken_tenders,1
15490,chicken_tenders,1
15491,chicken_tenders,2
15492,fries,1
15493,chicken_tenders,1
15493,fries,1
15494,chicken_tenders,1
15495,fries,1
15496,chicken_tenders,1
15497,fries,1
15497,fries,1
15498,fries,1
15499,fries,1
15500,fries,1
15501,chicken_tenders,1
15502,chicken_tenders,1
15503,fries,1
15504,chicken_tenders,2
15505,fries,1
15506,fries,1
15506,fries,1
15507,fries,2
15508,fries,1
15509,chicken_tenders,1
15510,fries,2
15511,chicken_tenders,1
15512,chicken_tenders,1
15513,chicken_tenders,1
15514,chicken_tenders,1
15515,chicken_tenders,1
15516,chicken_tenders,1
15517,fries,1
15517,chicken_tenders,1
15518,chicken_tenders,1
15519,fries,1
15519,chicken_tenders,1
15520,fries,1
15521,fries,1
15522,fries,1
15523,chicken_tenders,1
15523,chicken_tenders,2
15524,fries,2
15524,fries,2
15525,chicken_tenders,1
15526,fries,2
15527,chicken_tenders,1
15527,fries,2
15528,chicken_tenders,1
15528,chicken_tenders,1
15529,fries,1
15530,fries,1
15531,chicken_tenders,1
15531,fries,1
15532,chicken_tenders,1
15533,chicken_tenders,1
15534,fries,1
15534,chicken_tenders,2
15535,chicken_tenders,2
15535,fries,1
15536,fries,2
15537,fries,1
15538,fries,1
15539,fries,1
15540,breakfast_wrap,1
15541,hash_brown,1
15541,hash_brown,1
15542,hash_brown,1
15543,hash_brown,1
15544,hash_brown,1
15544,breakfast_wrap,1
15545,hash_brown,1
15545,breakfast_wrap,1
15546,hash_brown,1
15547,breakfast_wrap,1
15548,hash_brown,1
15549,hash_brown,1
15550,breakfast_wrap,1
15551,hash_brown,1
15552,hash_brown,1
15553,hash_brown,1
15554,breakfast_wrap,1
15554,breakfast_wrap,1
15555,hash_brown,1
15556,breakfast_wrap,1
15557,hash_brown,1
15558,breakfast_wrap,1
15558,breakfast_wrap,1
15559,breakfast_wrap,1
15560,hash_brown,1
15561,hash_brown,1
15562,breakfast_wrap,1
15563,breakfast_wrap,1
15564,hash_brown,1
15564,hash_brown,1
15565,hash_brown,2
15565,breakfast_wrap,1
15566,breakfast_wrap,1
15567,breakfast_wrap,1
15568,breakfast_wrap,1
15569,hash_brown,1
15570,hash_brown,1
15571,breakfast_wrap,2
15572,breakfast_wrap,1
15572,hash_brown,1
15573,breakfast_wrap,1
15574,breakfast_wrap,1
15575,breakfast_wrap,1
15576,hash_brown,1
15577,hash_brown,1
15577,hash_brown,1
15578,hash_brown,1
15578,breakfast_wrap,1
15579,breakfast_wrap,1
15579,breakfast_wrap,1
15580,hash_brown,1
15581,hash_brown,1
15582,breakfast_wrap,2
15583,breakfast_wrap,1
15583,hash_brown,2
15584,breakfast_wrap,1
15585,hash_brown,1
15586,breakfast_wrap,1
15587,hash_brown,2
15588,breakfast_wrap,1
15589,breakfast_wrap,1
15589,hash_brown,1
15590,hash_brown,1
15591,breakfast_wrap,2
15592,breakfast_wrap,1
15593,breakfast_wrap,1
15594,breakfast_wrap,1
15594,hash_brown,1
15595,breakfast_wrap,1
15596,breakfast_wrap,1
15597,breakfast_wrap,1
15597,breakfast_wrap,1
15598,breakfast_wrap,1
15599,breakfast_wrap,2
15600,breakfast_wrap,2
15601,breakfast_wrap,1
15602,breakfast_wrap,1
15603,hash_brown,2
15604,hash_brown,1
15604,hash_brown,1
15605,breakfast_wrap,1
15605,breakfast_wrap,2
15606,hash_brown,2
15607,breakfast_wrap,1
15607,hash_brown,1
15608,hash_brown,1
15609,breakfast_wrap,1
15610,hash_brown,1
15611,hash_brown,1
15611,hash_brown,1
15612,hash_brown,1
15613,hash_brown,1
15614,breakfast_wrap,1
15615,breakfast_wrap,1
15616,hash_brown,1
15617,breakfast_wrap,1
15618,breakfast_wrap,1
15619,breakfast_wrap,1
15619,hash_brown,1
15620,breakfast_wrap,1
15620,breakfast_wrap,1
15621,hash_brown,1
15622,hash_brown,1
15623,breakfast_wrap,1
15624,hash_brown,1
15624,breakfast_wrap,2
15625,breakfast_wrap,1
15626,breakfast_wrap,1
15627,breakfast_wrap,1
15628,breakfast_wrap,1
15629,hash_brown,2
15630,chicken_tenders,1
15631,fries,1
15631,chicken_tenders,2
15632,fries,2
15633,fries,1
15633,fries,1
15634,chicken_tenders,1
15634,fries,1
15635,fries,1
15636,fries,1
15637,fries,1
15638,chicken_tenders,1
15639,fries,1
15640,fries,1
15641,fries,1
15641,chicken_tenders,1
15642,chicken_tenders,1
15643,chicken_tenders,1
15644,fries,1
15645,fries,1
15645,fries,1
15646,chicken_tenders,1
15647,fries,1
15647,chicken_tenders,2
15648,fries,1
15648,chicken_tenders,1
15649,chicken_tenders,1
15650,chicken_tenders,1
15651,chicken_tenders,1
15652,chicken_tenders,1
15652,chicken_tenders,1
15653,chicken_tenders,2
15654,fries,1
15654,chicken_tenders,1
15655,chicken_tenders,2
15656,chicken_tenders,2
15657,fries,2
15658,chicken_tenders,1
15659,chicken_tenders,2
15660,chicken_tenders,2
15661,fries,1
15662,chicken_tenders,1
15662,fries,1
15663,chicken_tenders,1
15664,chicken_tenders,2
15665,chicken_tenders,1
15666,chicken_tenders,2
15667,chicken_tenders,1
15668,fries,1
15669,chicken_tenders,2
15670,chicken_tenders,1
15670,fries,1
15671,fries,1
15672,chicken_tenders,2
15672,chicken_tenders,2
15673,chicken_tenders,1
15674,chicken_tenders,1
15675,fries,1
15676,fries,1
15677,chicken_tenders,1
15678,fries,1
15679,chicken_tenders,1
15679,chicken_tenders,2
15680,fries,2
15681,fries,1
15682,chicken_tenders,1
15682,fries,1
15683,chicken_tenders,1
15683,chicken_tenders,1
15684,chicken_tenders,1
15685,fries,1
15686,fries,2
15687,fries,1
15688,chicken_tenders,1
15688,fries,1
15689,fries,1
15690,chicken_tenders,1
15691,chicken_tenders,1
15691,chicken_tenders,1
15692,fries,1
15693,chicken_tenders,1
15694,chicken_tenders,1
15694,chicken_tenders,1
15695,fries,1
15695,chicken_tenders,1
15696,chicken_tenders,1
15696,chicken_tenders,1
15697,chicken_tenders,1
15698,chicken_tenders,1
15699,chicken_tenders,1
15700,fries,1
15701,fries,1
15702,chicken_tenders,2
15703,chicken_tenders,1
15704,chicken_tenders,1
15704,chicken_tenders,2
15705,fries,1
15705,fries,1
15706,chicken_tenders,1
15706,fries,1
15707,chicken_tenders,2
15708,fries,1
15708,chicken_tenders,2
15709,chicken_tenders,1
15709,fries,2
15710,chicken_tenders,2
15711,chicken_tenders,1
15711,chicken_tenders,1
15712,chicken_tenders,1
15713,fries,1
15714,fries,1
15715,chicken_tenders,2
15715,chicken_tenders,1
15716,chicken_tenders,1
15717,fries,1
15717,fries,1
15718,chicken_tenders,1
15719,fries,1
15720,chicken_tenders,2
15721,fries,2
15722,chicken_tenders,1
15723,chicken_tenders,1
15724,chicken_tenders,1
15724,fries,1
15725,fries,1
15726,chicken_tenders,1
15726,fries,1
15727,chicken_tenders,1
15727,fries,2
15728,chicken_tenders,1
15729,fries,2
15730,chicken_tenders,1
15730,chicken_tenders,1
15731,fries,1
15732,fries,2
15733,fries,1
15734,fries,1
15735,fries,2
15736,fries,1
15737,chicken_tenders,2
15737,chicken_tenders,1
15738,fries,1
15739,chicken_tenders,1
15739,chicken_tenders,1
15740,chicken_tenders,1
15741,chicken_tenders,1
15742,fries,1
15742,fries,1
15743,fries,1
15743,chicken_tenders,1
15744,fries,1
15745,chicken_tenders,1
15745,fries,1
15746,fries,1
15747,fries,1
15748,chicken_tenders,1
15748,fries,1
15749,chicken_tenders,1
15750,chicken_tenders,1
15750,chicken_tenders,1
15751,fries,1
15752,fries,1
15753,chicken_tenders,1
15754,fries,1
15755,fries,1
15756,fries,1
15757,fries,1
15757,fries,2
15758,chicken_tenders,1
15758,chicken_tenders,1
15759,chicken_tenders,1
15760,fries,1
15761,chicken_tenders,1
15761,chicken_tenders,1
15762,fries,1
15763,chicken_tenders,1
15764,fries,1
15765,fries,1
15766,fries,1
15767,chicken_tenders,1
15768,chicken_tenders,1
15768,chicken_tenders,1
15769,chicken_tenders,1
15770,chicken_tenders,1
15771,fries,2
15772,chicken_tenders,1
15773,fries,1
15774,fries,2
15775,fries,1
15775,chicken_tenders,1
15776,fries,1
15776,fries,1
15777,fries,1
15778,fries,1
15779,chicken_tenders,1
15780,fries,1
15781,fries,2
15782,chicken_tenders,2
15783,fries,1
15784,chicken_tenders,1
15785,fries,1
15785,fries,1
15786,chicken_tenders,1
15786,chicken_tenders,2
15787,chicken_tenders,1
15788,chicken_tenders,1
15789,chicken_tenders,1
15790,fries,1
15790,chicken_tenders,1
15791,chicken_tenders,2
15792,fries,1
15793,fries,2
15794,chicken_tenders,1
15794,chicken_tenders,1
15795,chicken_tenders,2
15796,hash_brown,2
15797,breakfast_wrap,1
15798,breakfast_wrap,1
15798,hash_brown,1
15799,hash_brown,1
15799,hash_brown,1
15800,breakfast_wrap,1
15801,breakfast_wrap,1
15801,breakfast_wrap,1
15802,hash_brown,1
15803,breakfast_wrap,1
15804,hash_brown,1
15805,breakfast_wrap,1
15806,hash_brown,1
15807,breakfast_wrap,1
15808,hash_brown,1
15809,hash_brown,1
15810,hash_brown,1
15810,hash_brown,1
15811,hash_brown,1
15811,breakfast_wrap,1
15812,hash_brown,2
15812,hash_brown,1
15813,hash_brown,2
15813,hash_brown,1
15814,breakfast_wrap,1
15814,breakfast_wrap,1
15815,hash_brown,1
15816,hash_brown,1
15816,hash_brown,1
15817,hash_brown,1
15817,breakfast_wrap,1
15818,breakfast_wrap,1
15818,breakfast_wrap,1
15819,breakfast_wrap,1
15820,hash_brown,2
15821,hash_brown,1
15821,breakfast_wrap,1
15822,hash_brown,1
15823,breakfast_wrap,1
15824,hash_brown,1
15824,breakfast_wrap,2
15825,hash_brown,1
15826,hash_brown,1
15827,hash_brown,1
15828,breakfast_wrap,1
15829,hash_brown,1
15830,hash_brown,1
15831,breakfast_wrap,1
15832,breakfast_wrap,1
15833,breakfast_wrap,1
15833,breakfast_wrap,1
15834,breakfast_wrap,1
15834,breakfast_wrap,1
15835,hash_brown,2
15836,hash_brown,1
15837,breakfast_wrap,1
15838,breakfast_wrap,1
15838,breakfast_wrap,1
15839,breakfast_wrap,1
15840,breakfast_wrap,1
15841,hash_brown,1
15841,hash_brown,1
15842,hash_brown,1
15843,breakfast_wrap,1
15844,hash_brown,1
15844,breakfast_wrap,1
15845,breakfast_wrap,1
15845,hash_brown,1
15846,breakfast_wrap,1
15847,breakfast_wrap,1
15848,hash_brown,2
15849,hash_brown,1
15850,hash_brown,2
15850,breakfast_wrap,1
15851,breakfast_wrap,1
15851,hash_brown,1
15852,hash_brown,2
15853,hash_brown,1
15854,hash_brown,1
15855,breakfast_wrap,1
15856,breakfast_wrap,1
15857,hash_brown,2
15858,breakfast_wrap,2
15858,hash_brown,1
15859,breakfast_wrap,1
15860,hash_brown,1
15861,hash_brown,1
15861,hash_brown,2
15862,breakfast_wrap,1
15863,hash_brown,1
15863,hash_brown,1
15864,breakfast_wrap,1
15865,breakfast_wrap,1
15866,hash_brown,1
15867,hash_brown,2
15868,breakfast_wrap,1
15869,hash_brown,1
15870,breakfast_wrap,1
15871,breakfast_wrap,2
15872,hash_brown,2
15873,hash_brown,2
15873,breakfast_wrap,1
15874,hash_brown,1
15875,breakfast_wrap,1
15876,breakfast_wrap,1
15877,breakfast_wrap,1
15878,hash_brown,1
15878,hash_brown,1
15879,breakfast_wrap,1
15880,hash_brown,2
15881,breakfast_wrap,1
15881,breakfast_wrap,1
15882,breakfast_wrap,1
15882,breakfast_wrap,1
15883,hash_brown,1
15883,hash_brown,1
15884,breakfast_wrap,1
15885,hash_brown,1
15886,chicken_tenders,1
15887,chicken_tenders,2
15888,chicken_tenders,1
15889,chicken_tenders,1
15889,chicken_tenders,1
15890,fries,1
15890,fries,2
15891,fries,2
15892,fries,2
15892,chicken_tenders,1
15893,fries,1
15893,fries,1
15894,chicken_tenders,1
15895,fries,1
15896,fries,1
15897,chicken_tenders,1
15898,chicken_tenders,1
15899,fries,1
15899,chicken_tenders,1
15900,chicken_tenders,1
15900,fries,1
15901,chicken_tenders,1
15902,chicken_tenders,1
15903,fries,1
15903,fries,2
15904,fries,1
15905,chicken_tenders,1
15906,fries,2
15906,chicken_tenders,1
15907,chicken_tenders,1
15908,chicken_tenders,1
15909,chicken_tenders,1
15910,chicken_tenders,1
15911,chicken_tenders,1
15911,fries,1
15912,chicken_tenders,2
15913,chicken_tenders,1
15913,fries,1
15914,fries,1
15915,chicken_tenders,1
15916,chicken_tenders,1
15917,chicken_tenders,1
15918,fries,1
15919,chicken_tenders,1
15919,fries,1
15920,fries,1
15921,fries,1
15922,fries,2
15923,chicken_tenders,1
15924,fries,1
15925,fries,1
15926,fries,1
15927,fries,2
15928,fries,2
15928,fries,1
15929,fries,1
15929,fries,1
15930,chicken_tenders,1
15930,fries,1
15931,chicken_tenders,1
15932,fries,1
15933,fries,1
15934,fries,2
15935,fries,1
15936,chicken_tenders,1
15937,fries,2
15938,fries,1
15939,fries,2
15940,chicken_tenders,1
15941,fries,1
15942,fries,1
15943,chicken_tenders,1
15943,chicken_tenders,1
15944,fries,1
15945,fries,1
15946,chicken_tenders,1
15947,fries,1
15948,chicken_tenders,1
15948,chicken_tenders,1
15949,chicken_tenders,1
15950,chicken_tenders,1
15951,chicken_tenders,1
15952,fries,1
15952,fries,1
15953,fries,1
15954,fries,1
15954,fries,1
15955,chicken_tenders,2
15956,chicken_tenders,2
15957,fries,1
15958,fries,1
15959,chicken_tenders,1
15959,fries,2
15960,fries,1
15961,fries,1
15961,chicken_tenders,1
15962,chicken_tenders,1
15963,fries,1
15963,chicken_tenders,1
15964,chicken_tenders,1
15964,chicken_tenders,1
15965,chicken_tenders,1
15966,fries,1
15967,fries,1
15968,fries,1
15969,fries,1
15970,chicken_tenders,1
15971,fries,1
15972,chicken_tenders,1
15973,chicken_tenders,2
15973,chicken_tenders,1
15974,fries,1
15975,chicken_tenders,1
15975,chicken_tenders,1
15976,fries,2
15977,chicken_tenders,1
15977,fries,1
15978,chicken_tenders,2
15979,fries,2
15979,fries,2
15980,fries,1
15981,chicken_tenders,1
15982,fries,1
15983,chicken_tenders,1
15984,chicken_tenders,2
15984,fries,1
15985,chicken_tenders,1
15986,chicken_tenders,1
15987,fries,2
15988,chicken_tenders,1
15988,fries,1
15989,fries,1
15990,chicken_tenders,1
15991,fries,1
15992,fries,1
15993,fries,1
15994,chicken_tenders,1
15995,chicken_tenders,1
15995,chicken_tenders,2
15996,chicken_tenders,1
15997,chicken_tenders,1
15998,chicken_tenders,1
15998,chicken_tenders,1
15999,fries,1
16000,fries,1
16000,chicken_tenders,1
16001,chicken_tenders,1
16002,chicken_tenders,1
16002,chicken_tenders,1
16003,fries,1
16003,fries,1
16004,fries,1
16005,fries,1
16006,chicken_tenders,1
16007,fries,2
16008,fries,2
16009,chicken_tenders,1
16010,chicken_tenders,1
16011,fries,1
16012,fries,2
16012,chicken_tenders,1
16013,fries,2
16013,fries,1
16014,chicken_tenders,1
16015,fries,2
16015,chicken_tenders,1
16016,fries,1
16017,fries,2
16018,fries,2
16018,fries,1
16019,chicken_tenders,1
16020,chicken_tenders,1
16021,chicken_tenders,2
16022,fries,1
16023,chicken_tenders,2
16023,fries,1
16024,chicken_tenders,1
16025,chicken_tenders,1
16026,chicken_tenders,1
16026,chicken_tenders,1
16027,chicken_tenders,1
16027,fries,1
16028,fries,1
16029,chicken_tenders,2
16030,fries,2
16030,fries,1
16031,fries,1
16031,fries,1
16032,fries,2
16033,chicken_tenders,1
16033,fries,1
16034,fries,1
16035,chicken_tenders,1
16035,fries,1
16036,fries,1
16037,chicken_tenders,1
16038,chicken_tenders,1
16039,fries,1
16040,chicken_tenders,2
16041,fries,2
16042,fries,1
16043,chicken_tenders,1
16044,fries,1
16044,fries,1
16045,fries,1
16045,fries,1
16046,fries,1
16046,chicken_tenders,1
16047,chicken_tenders,1
16048,chicken_tenders,1
16049,fries,1
16049,fries,1
16050,chicken_tenders,1
16051,fries,2
16052,chicken_tenders,1
16053,fries,1
16054,chicken_tenders,1
16055,fries,1
16055,chicken_tenders,1
16056,fries,1
16057,fries,1
16058,fries,1
16059,fries,1
16059,chicken_tenders,1
16060,fries,1
16060,fries,2
16061,fries,1
16061,chicken_tenders,1
16062,chicken_tenders,1
16063,fries,1
16064,fries,1
16064,fries,2
16065,fries,1
16065,fries,1
16066,fries,1
16067,chicken_tenders,1
16068,chicken_tenders,2
16068,fries,1
16069,breakfast_wrap,1
16069,hash_brown,1
16070,breakfast_wrap,1
16071,breakfast_wrap,1
16072,hash_brown,1
16073,breakfast_wrap,1
16074,hash_brown,1
16074,breakfast_wrap,2
16075,breakfast_wrap,2
16075,breakfast_wrap,1
16076,hash_brown,2
16077,breakfast_wrap,1
16078,hash_brown,1
16078,breakfast_wrap,1
16079,hash_brown,1
16080,hash_brown,1
16081,hash_brown,1
16082,hash_brown,1
16083,hash_brown,1
16083,hash_brown,1
16084,hash_brown,1
16085,breakfast_wrap,1
16085,hash_brown,1
16086,hash_brown,1
16087,hash_brown,2
16088,hash_brown,2
16089,hash_brown,1
16089,breakfast_wrap,2
16090,hash_brown,1
16090,breakfast_wrap,1
16091,breakfast_wrap,1
16092,hash_brown,1
16093,breakfast_wrap,1
16094,breakfast_wrap,1
16095,breakfast_wrap,1
16096,breakfast_wrap,1
16097,breakfast_wrap,1
16098,hash_brown,2
16099,hash_brown,1
16100,breakfast_wrap,1
16100,breakfast_wrap,2
16101,hash_brown,1
16102,hash_brown,1
16103,breakfast_wrap,1
16104,hash_brown,1
16105,hash_brown,1
16106,breakfast_wrap,2
16107,breakfast_wrap,1
16108,breakfast_wrap,1
16109,hash_brown,1
16109,hash_brown,1
16110,hash_brown,1
16111,breakfast_wrap,2
16112,breakfast_wrap,1
16113,breakfast_wrap,1
16114,hash_brown,1
16115,breakfast_wrap,2
16115,hash_brown,1
16116,breakfast_wrap,1
16117,hash_brown,1
16117,breakfast_wrap,2
16118,hash_brown,1
16118,hash_brown,1
16119,breakfast_wrap,1
16119,breakfast_wrap,1
16120,hash_brown,1
16121,breakfast_wrap,1
16122,breakfast_wrap,1
16123,breakfast_wrap,1
16124,hash_brown,1
16125,breakfast_wrap,1
16126,breakfast_wrap,1
16126,hash_brown,1
16127,hash_brown,1
16127,hash_brown,1
16128,breakfast_wrap,1
16129,breakfast_wrap,1
16130,breakfast_wrap,1
16131,breakfast_wrap,1
16132,breakfast_wrap,1
16133,breakfast_wrap,1
16134,breakfast_wrap,1
16135,hash_brown,1
16136,hash_brown,1
16137,breakfast_wrap,1
16138,breakfast_wrap,1
16139,breakfast_wrap,2
16139,hash_brown,1
16140,hash_brown,1
16141,breakfast_wrap,1
16141,breakfast_wrap,1
16142,hash_brown,1
16142,breakfast_wrap,1
16143,hash_brown,1
16144,hash_brown,1
16144,breakfast_wrap,1
16145,chicken_tenders,1
16146,chicken_tenders,1
16147,chicken_tenders,1
16148,chicken_tenders,2
16149,fries,1
16150,chicken_tenders,1
16150,chicken_tenders,1
16151,fries,1
16152,fries,1
16153,chicken_tenders,1
16153,fries,1
16154,chicken_tenders,1
16155,chicken_tenders,1
16156,fries,1
16157,fries,1
16158,fries,1
16159,fries,1
16159,fries,2
16160,fries,2
16161,chicken_tenders,1
16162,fries,2
16163,chicken_tenders,1
16164,chicken_tenders,2
16165,chicken_tenders,1
16166,fries,1
16167,chicken_tenders,1
16167,chicken_tenders,1
16168,chicken_tenders,1
16168,fries,1
16169,fries,1
16170,fries,1
16170,fries,1
16171,chicken_tenders,1
16172,fries,1
16172,fries,1
16173,chicken_tenders,1
16173,chicken_tenders,1
16174,fries,1
16174,fries,1
16175,chicken_tenders,2
16176,fries,1
16177,chicken_tenders,1
16178,fries,1
16178,chicken_tenders,1
16179,fries,1
16179,fries,1
16180,chicken_tenders,1
16181,chicken_tenders,1
16182,chicken_tenders,1
16183,fries,1
16184,chicken_tenders,1
16185,chicken_tenders,2
16186,chicken_tenders,1
16187,fries,1
16188,fries,1
16189,fries,2
16190,chicken_tenders,1
16190,chicken_tenders,1
16191,fries,1
16192,chicken_tenders,2
16192,fries,1
16193,fries,1
16194,chicken_tenders,1
16194,chicken_tenders,1
16195,chicken_tenders,1
16195,fries,1
16196,fries,1
16197,chicken_tenders,1
16198,chicken_tenders,1
16198,fries,1
16199,fries,1
16200,fries,1
16201,fries,1
16202,fries,1
16203,fries,1
16204,chicken_tenders,1
16204,fries,1
16205,chicken_tenders,1
16206,fries,1
16206,chicken_tenders,1
16207,chicken_tenders,1
16208,chicken_tenders,1
16209,fries,1
16210,fries,1
16211,fries,1
16211,chicken_tenders,1
16212,fries,1
16213,fries,1
16214,fries,1
16214,chicken_tenders,1
16215,fries,1
16216,chicken_tenders,1
16217,fries,1
16218,fries,1
16219,fries,1
16220,fries,1
16221,chicken_tenders,1
16222,chicken_tenders,2
16223,fries,1
16224,fries,1
16225,chicken_tenders,1
16226,chicken_tenders,2
16227,chicken_tenders,1
16228,chicken_tenders,1
16229,chicken_tenders,2
16230,fries,1
16231,fries,1
16232,chicken_tenders,1
16233,fries,1
16233,chicken_tenders,1
16234,chicken_tenders,1
16234,fries,1
16235,chicken_tenders,1
16236,chicken_tenders,1
16237,chicken_tenders,1
16237,chicken_tenders,1
16238,fries,1
16239,fries,1
16240,chicken_tenders,1
16240,fries,1
16241,fries,1
16242,fries,1
16243,chicken_tenders,1
16243,chicken_tenders,1
16244,fries,1
16245,chicken_tenders,1
16246,chicken_tenders,1
16246,fries,1
16247,fries,1
16247,fries,2
16248,chicken_tenders,1
16248,fries,1
16249,chicken_tenders,1
16250,fries,2
16251,fries,2
16252,chicken_tenders,1
16253,fries,1
16254,chicken_tenders,1
16255,chicken_tenders,1
16256,fries,1
16256,chicken_tenders,1
16257,fries,1
16258,fries,1
16259,fries,1
16259,chicken_tenders,1
16260,fries,1
16261,fries,2
16262,fries,1
16263,chicken_tenders,1
16264,fries,1
16265,chicken_tenders,1
16266,fries,1
16267,chicken_tenders,1
16268,fries,1
16269,chicken_tenders,1
16269,chicken_tenders,1
16270,fries,2
16270,fries,1
16271,fries,2
16271,chicken_tenders,2
16272,chicken_tenders,1
16273,fries,2
16274,fries,1
16275,chicken_tenders,2
16276,chicken_tenders,1
16277,fries,1
16277,chicken_tenders,1
16278,fries,1
16278,fries,1
16279,fries,1
16280,fries,1
16280,chicken_tenders,1
16281,fries,1
16282,fries,1
16282,fries,1
16283,fries,1
16283,fries,1
16284,chicken_tenders,1
16285,fries,1
16285,chicken_tenders,1
16286,fries,1
16287,fries,1
16288,fries,1
16289,chicken_tenders,1
16289,fries,1
16290,chicken_tenders,1
16290,fries,2
16291,fries,1
16292,chicken_tenders,2
16293,fries,1
16294,fries,1
16295,fries,2
16296,chicken_tenders,1
16297,chicken_tenders,1
16298,chicken_tenders,2
16299,chicken_tenders,1
16299,chicken_tenders,1
16300,chicken_tenders,1
16300,chicken_tenders,1
16301,chicken_tenders,2
16301,fries,1
16302,fries,1
16302,fries,1
16303,fries,1
16304,chicken_tenders,1
16305,chicken_tenders,1
16306,fries,1
16307,fries,1
16307,chicken_tenders,1
16308,chicken_tenders,1
16309,fries,1
16309,chicken_tenders,2
16310,fries,1
16311,fries,1
16311,chicken_tenders,1
16312,chicken_tenders,1
16313,chicken_tenders,1
16314,fries,1
16315,fries,2
16316,chicken_tenders,1
16317,fries,1
16318,chicken_tenders,1
16318,fries,1
16319,chicken_tenders,1
16320,chicken_tenders,2
16321,hash_brown,1
16322,breakfast_wrap,1
16323,breakfast_wrap,1
16323,breakfast_wrap,2
16324,breakfast_wrap,1
16325,hash_brown,1
16326,hash_brown,1
16326,breakfast_wrap,1
16327,breakfast_wrap,1
16328,hash_brown,1
16329,hash_brown,1
16330,breakfast_wrap,1
16330,breakfast_wrap,1
16331,hash_brown,1
16332,hash_brown,2
16332,breakfast_wrap,1
16333,hash_brown,1
16334,breakfast_wrap,1
16335,hash_brown,1
16335,breakfast_wrap,2
16336,breakfast_wrap,1
16337,hash_brown,1
16338,hash_brown,1
16339,breakfast_wrap,1
16340,breakfast_wrap,1
16341,breakfast_wrap,1
16342,breakfast_wrap,1
16343,breakfast_wrap,1
16344,breakfast_wrap,1
16345,hash_brown,2
16346,breakfast_wrap,1
16347,hash_brown,1
16348,hash_brown,1
16349,hash_brown,1
16350,hash_brown,1
16351,hash_brown,2
16352,hash_brown,1
16352,hash_brown,1
16353,breakfast_wrap,1
16353,hash_brown,2
16354,hash_brown,1
16355,hash_brown,1
16356,breakfast_wrap,1
16356,breakfast_wrap,1
16357,hash_brown,2
16358,hash_brown,1
16359,hash_brown,1
16359,breakfast_wrap,1
16360,hash_brown,1
16360,hash_brown,1
16361,hash_brown,1
16362,hash_brown,1
16363,breakfast_wrap,1
16364,breakfast_wrap,1
16365,hash_brown,1
16365,breakfast_wrap,1
16366,hash_brown,1
16367,breakfast_wrap,1
16368,hash_brown,1
16369,hash_brown,1
16369,hash_brown,1
16370,hash_brown,1
16371,hash_brown,1
16372,hash_brown,1
16373,breakfast_wrap,1
16374,breakfast_wrap,1
16375,hash_brown,1
16376,breakfast_wrap,1
16377,breakfast_wrap,1
16377,hash_brown,1
16378,breakfast_wrap,1
16378,hash_brown,1
16379,hash_brown,1
16380,hash_brown,1
16380,breakfast_wrap,1
16381,hash_brown,1
16381,hash_brown,1
16382,breakfast_wrap,1
16383,hash_brown,1
16383,breakfast_wrap,1
16384,breakfast_wrap,1
16385,breakfast_wrap,1
16386,breakfast_wrap,1
16387,breakfast_wrap,2
16387,hash_brown,1
16388,hash_brown,1
16389,breakfast_wrap,1
16390,hash_brown,2
16391,hash_brown,1
16392,breakfast_wrap,1
16393,breakfast_wrap,2
16394,breakfast_wrap,1
16395,breakfast_wrap,1
16396,breakfast_wrap,1
16397,breakfast_wrap,1
16398,hash_brown,1
16399,hash_brown,1
16399,hash_brown,1
16400,breakfast_wrap,1
16400,breakfast_wrap,2
16401,breakfast_wrap,1
16402,breakfast_wrap,1
16403,hash_brown,2
16404,breakfast_wrap,2
16405,breakfast_wrap,1
16405,hash_brown,1
16406,breakfast_wrap,1
16407,hash_brown,1
16407,breakfast_wrap,1
16408,hash_brown,1
16409,breakfast_wrap,1
16410,hash_brown,1
16410,hash_brown,1
16411,chicken_tenders,1
16411,chicken_tenders,1
16412,fries,1
16413,fries,1
16414,chicken_tenders,1
16414,fries,1
16415,chicken_tenders,1
16416,chicken_tenders,1
16417,fries,1
16417,fries,1
16418,chicken_tenders,1
16419,fries,2
16420,fries,1
16421,chicken_tenders,1
16422,fries,1
16423,fries,2
16424,fries,2
16425,chicken_tenders,1
16426,fries,1
16427,chicken_tenders,1
16428,chicken_tenders,1
16428,chicken_tenders,1
16429,fries,2
16429,chicken_tenders,1
16430,chicken_tenders,1
16431,fries,1
16432,chicken_tenders,1
16433,chicken_tenders,1
16434,chicken_tenders,2
16434,fries,2
16435,fries,1
16435,chicken_tenders,1
16436,fries,1
16437,fries,1
16438,fries,1
16438,fries,1
16439,chicken_tenders,1
16439,chicken_tenders,1
16440,fries,1
16440,chicken_tenders,1
16441,fries,1
16441,fries,1
16442,chicken_tenders,1
16443,chicken_tenders,1
16443,chicken_tenders,1
16444,chicken_tenders,1
16445,fries,1
16446,chicken_tenders,1
16447,fries,1
16448,chicken_tenders,1
16449,fries,1
16449,fries,2
16450,chicken_tenders,1
16451,fries,1
16452,fries,1
16452,fries,1
16453,fries,1
16454,chicken_tenders,1
16455,fries,1
16456,chicken_tenders,1
16457,chicken_tenders,1
16458,fries,2
16459,chicken_tenders,1
16460,chicken_tenders,1
16461,fries,1
16462,fries,1
16463,fries,1
16463,chicken_tenders,1
16464,fries,1
16464,fries,1
16465,chicken_tenders,1
16466,chicken_tenders,1
16466,chicken_tenders,1
16467,fries,1
16467,chicken_tenders,1
16468,fries,1
16468,chicken_tenders,1
16469,fries,1
16470,chicken_tenders,1
16471,chicken_tenders,1
16472,chicken_tenders,1
16473,fries,1
16474,fries,1
16475,fries,1
16476,fries,1
16477,chicken_tenders,1
16478,chicken_tenders,1
16479,fries,1
16480,chicken_tenders,1
16481,chicken_tenders,1
16482,chicken_tenders,2
16483,fries,1
16484,fries,2
16484,fries,1
16485,fries,1
16486,fries,1
16486,fries,1
16487,fries,1
16487,fries,1
16488,fries,2
16488,chicken_tenders,2
16489,chicken_tenders,1
16490,chicken_tenders,2
16491,fries,1
16492,chicken_tenders,1
16492,chicken_tenders,1
16493,chicken_tenders,1
16493,fries,1
16494,chicken_tenders,1
16495,fries,1
16496,fries,1
16496,chicken_tenders,1
16497,fries,1
16497,chicken_tenders,1
16498,chicken_tenders,2
16499,fries,1
16500,fries,1
16500,fries,1
16501,fries,1
16502,fries,1
16503,fries,1
16504,fries,1
16505,chicken_tenders,1
16506,chicken_tenders,1
16507,fries,1
16508,fries,1
16509,chicken_tenders,1
16509,chicken_tenders,1
16510,fries,1
16511,fries,1
16512,fries,1
16513,fries,1
16514,chicken_tenders,1
16515,fries,2
16515,fries,1
16516,chicken_tenders,2
16516,chicken_tenders,2
16517,chicken_tenders,2
16518,fries,1
16519,fries,1
16520,chicken_tenders,1
16521,fries,1
16521,chicken_tenders,1
16522,fries,1
16522,chicken_tenders,1
16523,fries,1
16524,chicken_tenders,1
16525,fries,1
16526,fries,2
16527,fries,1
16528,chicken_tenders,1
16528,fries,1
16529,chicken_tenders,2
16530,fries,1
16531,chicken_tenders,1
16532,fries,1
16533,chicken_tenders,1
16534,chicken_tenders,1
16535,fries,1
16536,chicken_tenders,1
16537,chicken_tenders,1
16537,chicken_tenders,1
16538,chicken_tenders,1
16539,fries,1
16540,fries,1
16541,fries,1
16541,chicken_tenders,2
16542,fries,1
16543,chicken_tenders,1
16544,chicken_tenders,1
16545,chicken_tenders,1
16545,chicken_tenders,1
16546,chicken_tenders,1
16547,fries,2
16548,chicken_tenders,1
16549,fries,1
16550,chicken_tenders,1
16551,chicken_tenders,2
16552,fries,2
16553,fries,1
16554,fries,1
16554,chicken_tenders,1
16555,fries,1
16556,hash_brown,1
16556,breakfast_wrap,1
16557,breakfast_wrap,1
16558,hash_brown,1
16558,hash_brown,2
16559,hash_brown,1
16560,breakfast_wrap,1
16561,hash_brown,1
16561,breakfast_wrap,2
16562,breakfast_wrap,1
16563,breakfast_wrap,1
16564,hash_brown,1
16564,hash_brown,1
16565,hash_brown,1
16565,hash_brown,1
16566,breakfast_wrap,1
16567,hash_brown,1
16568,breakfast_wrap,1
16569,breakfast_wrap,1
16570,hash_brown,1
16570,breakfast_wrap,1
16571,breakfast_wrap,1
16571,hash_brown,1
16572,breakfast_wrap,1
16573,hash_brown,1
16574,hash_brown,2
16575,hash_brown,1
16576,hash_brown,1
16577,breakfast_wrap,1
16577,hash_brown,1
16578,breakfast_wrap,1
16579,hash_brown,1
16580,breakfast_wrap,2
16581,breakfast_wrap,1
16582,hash_brown,1
16583,breakfast_wrap,1
16584,hash_brown,1
16585,hash_brown,1
16585,hash_brown,1
16586,breakfast_wrap,1
16586,breakfast_wrap,1
16587,hash_brown,1
16588,hash_brown,1
16589,breakfast_wrap,1
16590,breakfast_wrap,1
16591,hash_brown,1
16592,hash_brown,1
16592,hash_brown,2
16593,breakfast_wrap,1
16594,hash_brown,1
16595,hash_brown,1
16596,hash_brown,1
16596,breakfast_wrap,2
16597,breakfast_wrap,1
16598,breakfast_wrap,1
16599,hash_brown,1
16600,hash_brown,2
16601,breakfast_wrap,1
16602,hash_brown,1
16603,breakfast_wrap,1
16604,hash_brown,1
16605,breakfast_wrap,1
16606,breakfast_wrap,2
16606,breakfast_wrap,1
16607,hash_brown,1
16607,hash_brown,1
16608,breakfast_wrap,1
16608,hash_brown,1
16609,hash_brown,1
16610,breakfast_wrap,1
16611,hash_brown,1
16611,breakfast_wrap,1
16612,hash_brown,1
16613,hash_brown,1
16614,breakfast_wrap,2
16615,hash_brown,1
16616,breakfast_wrap,1
16617,hash_brown,1
16618,hash_brown,1
16619,hash_brown,1
16619,hash_brown,2
16620,breakfast_wrap,1
16621,breakfast_wrap,1
16622,hash_brown,1
16623,hash_brown,1
16624,breakfast_wrap,1
16625,chicken_tenders,1
16626,chicken_tenders,2
16627,chicken_tenders,1
16627,chicken_tenders,1
16628,chicken_tenders,1
16628,chicken_tenders,1
16629,fries,1
16630,chicken_tenders,1
16631,fries,1
16632,chicken_tenders,1
16632,chicken_tenders,1
16633,chicken_tenders,1
16634,chicken_tenders,1
16635,chicken_tenders,1
16635,chicken_tenders,2
16636,chicken_tenders,1
16637,chicken_tenders,1
16638,chicken_tenders,1
16639,chicken_tenders,1
16640,fries,1
16641,chicken_tenders,1
16642,chicken_tenders,1
16643,fries,1
16643,chicken_tenders,1
16644,fries,1
16645,chicken_tenders,1
16646,fries,1
16647,chicken_tenders,1
16648,chicken_tenders,2
16648,chicken_tenders,1
16649,fries,1
16650,chicken_tenders,1
16650,fries,1
16651,chicken_tenders,1
16652,fries,1
16653,fries,1
16653,fries,2
16654,chicken_tenders,1
16654,chicken_tenders,1
16655,fries,1
16656,fries,1
16656,chicken_tenders,1
16657,chicken_tenders,1
16657,fries,1
16658,chicken_tenders,1
16659,chicken_tenders,1
16660,chicken_tenders,1
16661,chicken_tenders,1
16662,chicken_tenders,1
16663,chicken_tenders,2
16664,chicken_tenders,2
16665,chicken_tenders,1
16666,chicken_tenders,2
16667,fries,1
16668,fries,2
16668,chicken_tenders,2
16669,fries,1
16670,fries,1
16671,fries,1
16672,fries,1
16673,fries,1
16673,chicken_tenders,1
16674,fries,1
16675,chicken_tenders,2
16676,fries,2
16677,chicken_tenders,1
16678,fries,2
16679,fries,2
16680,fries,1
16680,chicken_tenders,1
16681,chicken_tenders,2
16682,chicken_tenders,1
16683,fries,1
16684,chicken_tenders,1
16685,chicken_tenders,1
16686,fries,2
16687,fries,2
16688,fries,1
16689,fries,1
16689,fries,1
16690,fries,2
16691,fries,1
16692,chicken_tenders,1
16693,fries,1
16693,chicken_tenders,1
16694,chicken_tenders,2
16695,fries,1
16695,fries,1
16696,chicken_tenders,2
16697,fries,1
16698,fries,1
16699,chicken_tenders,1
16700,fries,1
16701,fries,1
16702,chicken_tenders,1
16703,fries,1
16704,chicken_tenders,1
16704,fries,1
16705,chicken_tenders,1
16706,fries,1
16707,fries,1
16708,chicken_tenders,1
16709,chicken_tenders,1
16710,chicken_tenders,1
16711,fries,1
16712,fries,2
16713,fries,1
16713,fries,1
16714,chicken_tenders,1
16715,fries,2
16716,chicken_tenders,1
16716,fries,1
16717,fries,1
16718,chicken_tenders,1
16719,fries,1
16720,chicken_tenders,2
16720,fries,1
16721,chicken_tenders,1
16722,fries,2
16723,chicken_tenders,1
16723,chicken_tenders,1
16724,chicken_tenders,1
16725,fries,1
16726,fries,1
16727,fries,1
16728,fries,1
16728,fries,2
16729,fries,1
16729,chicken_tenders,1
16730,chicken_tenders,1
16731,fries,1
16731,fries,1
16732,chicken_tenders,1
16733,fries,1
16734,fries,1
16735,chicken_tenders,1
16736,chicken_tenders,1
16736,fries,1
16737,fries,1
16738,fries,1
16739,fries,1
16740,fries,1
16741,fries,1
16741,fries,1
16742,chicken_tenders,1
16742,chicken_tenders,2
16743,fries,1
16744,fries,2
16745,chicken_tenders,1
16746,chicken_tenders,1
16747,fries,2
16748,chicken_tenders,1
16749,fries,1
16750,chicken_tenders,2
16751,fries,2
16752,chicken_tenders,1
16753,chicken_tenders,1
16754,fries,1
16754,fries,1
16755,chicken_tenders,1
16755,fries,1
16756,chicken_tenders,1
16757,fries,1
16758,chicken_tenders,1
16758,chicken_tenders,2
16759,fries,1
16760,fries,1
16761,fries,1
16762,fries,1
16763,chicken_tenders,1
16764,chicken_tenders,2
16765,fries,1
16765,fries,1
16766,fries,2
16767,fries,1
16768,chicken_tenders,1
16769,fries,1
16770,chicken_tenders,1
16771,fries,1
16772,chicken_tenders,1
16773,chicken_tenders,1
16773,fries,2
16774,breakfast_wrap,1
16775,hash_brown,1
16776,breakfast_wrap,1
16777,hash_brown,1
16778,hash_brown,2
16779,breakfast_wrap,1
16780,hash_brown,1
16781,breakfast_wrap,1
16781,breakfast_wrap,1
16782,breakfast_wrap,1
16783,breakfast_wrap,1
16784,breakfast_wrap,2
16785,hash_brown,2
16786,hash_brown,1
16787,hash_brown,1
16788,breakfast_wrap,2
16789,breakfast_wrap,1
16790,hash_brown,1
16791,breakfast_wrap,1
16792,hash_brown,1
16792,hash_brown,1
16793,breakfast_wrap,1
16794,breakfast_wrap,1
16794,breakfast_wrap,1
16795,breakfast_wrap,1
16796,breakfast_wrap,1
16796,hash_brown,1
16797,hash_brown,1
16797,breakfast_wrap,1
16798,breakfast_wrap,1
16799,breakfast_wrap,1
16799,hash_brown,1
16800,breakfast_wrap,2
16801,hash_brown,1
16802,breakfast_wrap,2
16803,hash_brown,1
16803,hash_brown,1
16804,hash_brown,1
16805,breakfast_wrap,1
16806,breakfast_wrap,1
16807,breakfast_wrap,1
16808,breakfast_wrap,1
16808,breakfast_wrap,1
16809,breakfast_wrap,1
16810,breakfast_wrap,2
16811,hash_brown,1
16812,breakfast_wrap,2
16813,breakfast_wrap,1
16814,hash_brown,1
16815,breakfast_wrap,1
16815,hash_brown,1
16816,hash_brown,2
16817,breakfast_wrap,1
16818,hash_brown,2
16818,breakfast_wrap,1
16819,hash_brown,1
16820,breakfast_wrap,1
16820,hash_brown,1
16821,breakfast_wrap,1
16822,hash_brown,1
16823,breakfast_wrap,1
16824,breakfast_wrap,1
16825,breakfast_wrap,1
16826,breakfast_wrap,1
16827,breakfast_wrap,1
16827,breakfast_wrap,1
16828,hash_brown,1
16829,breakfast_wrap,1
16830,hash_brown,1
16830,hash_brown,1
16831,breakfast_wrap,1
16831,breakfast_wrap,1
16832,breakfast_wrap,1
16833,breakfast_wrap,1
16833,breakfast_wrap,1
16834,hash_brown,1
16835,hash_brown,2
16836,hash_brown,2
16837,breakfast_wrap,1
16837,breakfast_wrap,1
16838,breakfast_wrap,1
16839,breakfast_wrap,1
16840,hash_brown,1
16840,breakfast_wrap,1
16841,breakfast_wrap,1
16842,breakfast_wrap,1
16843,breakfast_wrap,1
16844,hash_brown,1
16845,breakfast_wrap,1
16846,breakfast_wrap,1
16847,hash_brown,1
16847,hash_brown,2
16848,breakfast_wrap,1
16849,hash_brown,1
16850,breakfast_wrap,1
16851,fries,1
16851,fries,1
16852,chicken_tenders,2
16853,chicken_tenders,1
16854,fries,1
16854,fries,2
16855,fries,1
16855,fries,1
16856,fries,1
16857,chicken_tenders,2
16858,chicken_tenders,1
16859,chicken_tenders,2
16860,fries,1
16860,chicken_tenders,1
16861,fries,1
16862,fries,1
16863,chicken_tenders,1
16864,chicken_tenders,1
16864,fries,2
16865,fries,1
16866,chicken_tenders,1
16867,chicken_tenders,1
16868,fries,1
16869,fries,1
16870,fries,1
16871,fries,1
16872,chicken_tenders,1
16873,fries,2
16874,chicken_tenders,1
16875,chicken_tenders,1
16875,fries,1
16876,chicken_tenders,1
16876,fries,1
16877,chicken_tenders,1
16878,chicken_tenders,2
16878,fries,1
16879,chicken_tenders,1
16880,fries,1
16880,fries,1
16881,fries,1
16882,fries,1
16883,chicken_tenders,1
16884,chicken_tenders,1
16885,chicken_tenders,1
16886,chicken_tenders,1
16886,fries,1
16887,fries,1
16888,chicken_tenders,1
16889,chicken_tenders,1
16890,chicken_tenders,1
16891,chicken_tenders,2
16892,fries,1
16893,chicken_tenders,1
16893,chicken_tenders,2
16894,fries,2
16895,chicken_tenders,1
16895,fries,1
16896,fries,2
16896,fries,1
16897,fries,1
16898,fries,2
16899,chicken_tenders,1
16900,chicken_tenders,1
16901,chicken_tenders,1
16902,chicken_tenders,1
16903,fries,2
16903,fries,1
16904,chicken_tenders,2
16905,chicken_tenders,1
16905,chicken_tenders,1
16906,chicken_tenders,1
16907,chicken_tenders,1
16907,chicken_tenders,1
16908,fries,1
16908,chicken_tenders,1
16909,fries,2
16910,fries,1
16910,chicken_tenders,1
16911,fries,1
16912,chicken_tenders,2
16913,chicken_tenders,2
16914,chicken_tenders,1
16915,chicken_tenders,1
16916,chicken_tenders,1
16916,chicken_tenders,1
16917,chicken_tenders,2
16918,fries,1
16919,chicken_tenders,1
16919,fries,1
16920,chicken_tenders,2
16920,chicken_tenders,1
16921,fries,1
16922,fries,1
16923,chicken_tenders,1
16924,fries,1
16925,chicken_tenders,1
16926,fries,1
16926,fries,1
16927,fries,1
16928,fries,1
16928,fries,2
16929,fries,1
16930,chicken_tenders,1
16931,chicken_tenders,1
16932,fries,1
16933,fries,1
16934,fries,2
16934,fries,1
16935,chicken_tenders,2
16935,chicken_tenders,1
16936,chicken_tenders,1
16937,fries,1
16937,fries,1
16938,fries,2
16939,fries,1
16940,chicken_tenders,1
16940,chicken_tenders,1
16941,chicken_tenders,2
16941,chicken_tenders,1
16942,chicken_tenders,1
16943,fries,1
16944,fries,1
16945,fries,1
16946,fries,1
16946,fries,1
16947,fries,1
16947,fries,1
16948,fries,2
16949,chicken_tenders,2
16950,fries,1
16950,chicken_tenders,2
16951,fries,1
16951,chicken_tenders,1
16952,fries,1
16953,chicken_tenders,1
16954,chicken_tenders,1
16955,chicken_tenders,1
16955,chicken_tenders,1
16956,chicken_tenders,1
16957,fries,1
16958,chicken_tenders,1
16959,fries,1
16960,fries,1
16960,fries,2
16961,chicken_tenders,1
16962,fries,2
16963,chicken_tenders,1
16964,fries,2
16965,fries,1
16965,chicken_tenders,1
16966,chicken_tenders,2
16967,fries,1
16968,fries,1
16968,fries,1
16969,chicken_tenders,1
16970,fries,1
16971,chicken_tenders,1
16972,chicken_tenders,1
16973,fries,1
16973,fries,1
16974,chicken_tenders,1
16974,fries,1
16975,fries,1
16976,chicken_tenders,1
16977,fries,2
16978,chicken_tenders,1
16979,chicken_tenders,1
16980,chicken_tenders,1
16981,chicken_tenders,1
16982,chicken_tenders,1
16983,chicken_tenders,1
16984,hash_brown,1
16985,breakfast_wrap,1
16986,hash_brown,1
16987,hash_brown,1
16988,hash_brown,2
16988,breakfast_wrap,1
16989,breakfast_wrap,1
16990,breakfast_wrap,1
16991,breakfast_wrap,1
16992,breakfast_wrap,2
16993,breakfast_wrap,1
16993,breakfast_wrap,1
16994,hash_brown,1
16995,hash_brown,2
16995,hash_brown,1
16996,hash_brown,1
16996,breakfast_wrap,1
16997,hash_brown,1
16997,breakfast_wrap,1
16998,hash_brown,1
16999,breakfast_wrap,2
17000,hash_brown,1
17001,hash_brown,1
17002,breakfast_wrap,1
17003,hash_brown,1
17003,hash_brown,2
17004,breakfast_wrap,1
17005,breakfast_wrap,1
17006,breakfast_wrap,1
17007,breakfast_wrap,1
17008,breakfast_wrap,1
17009,breakfast_wrap,1
17010,breakfast_wrap,2
17011,hash_brown,1
17012,breakfast_wrap,1
17013,breakfast_wrap,2
17014,breakfast_wrap,1
17015,hash_brown,1
17016,breakfast_wrap,2
17017,hash_brown,1
17018,breakfast_wrap,1
17019,breakfast_wrap,1
17020,breakfast_wrap,1
17021,hash_brown,1
17021,breakfast_wrap,1
17022,hash_brown,1
17023,breakfast_wrap,2
17024,hash_brown,2
17025,hash_brown,1
17025,hash_brown,1
17026,breakfast_wrap,2
17027,breakfast_wrap,1
17027,breakfast_wrap,1
17028,hash_brown,1
17029,hash_brown,2
17030,hash_brown,1
17031,breakfast_wrap,1
17031,breakfast_wrap,1
17032,hash_brown,1
17033,hash_brown,1
17034,breakfast_wrap,1
17035,hash_brown,1
17036,breakfast_wrap,1
17037,hash_brown,1
17038,hash_brown,1
17039,breakfast_wrap,1
17040,breakfast_wrap,1
17041,hash_brown,1
17042,hash_brown,2
17043,hash_brown,1
17044,hash_brown,1
17045,breakfast_wrap,1
17045,breakfast_wrap,2
17046,hash_brown,1
17046,hash_brown,1
17047,hash_brown,1
17047,hash_brown,2
17048,hash_brown,1
17049,breakfast_wrap,1
17050,breakfast_wrap,1
17051,hash_brown,2
17052,hash_brown,1
17053,hash_brown,1
17054,hash_brown,1
17055,breakfast_wrap,1
17056,hash_brown,1
17057,breakfast_wrap,1
17058,breakfast_wrap,1
17058,breakfast_wrap,1
17059,chicken_tenders,1
17059,fries,1
17060,chicken_tenders,1
17061,fries,2
17061,fries,1
17062,fries,1
17062,fries,1
17063,chicken_tenders,1
17063,chicken_tenders,1
17064,chicken_tenders,1
17064,fries,1
17065,fries,1
17066,chicken_tenders,2
17067,chicken_tenders,1
17067,chicken_tenders,1
17068,chicken_tenders,1
17069,chicken_tenders,1
17070,fries,1
17071,fries,1
17072,fries,2
17073,fries,1
17074,chicken_tenders,2
17075,chicken_tenders,1
17076,chicken_tenders,1
17077,fries,1
17077,chicken_tenders,1
17078,chicken_tenders,1
17079,fries,1
17080,chicken_tenders,1
17081,chicken_tenders,1
17082,chicken_tenders,1
17083,fries,2
17084,fries,1
17084,fries,1
17085,chicken_tenders,1
17086,chicken_tenders,1
17087,fries,2
17087,chicken_tenders,2
17088,fries,1
17089,fries,2
17090,chicken_tenders,1
17091,chicken_tenders,1
17092,chicken_tenders,1
17092,chicken_tenders,2
17093,chicken_tenders,1
17094,fries,1
17095,fries,1
17095,chicken_tenders,1
17096,fries,1
17097,chicken_tenders,1
17098,fries,1
17099,chicken_tenders,1
17100,chicken_tenders,1
17101,fries,2
17102,chicken_tenders,1
17103,fries,2
17104,fries,1
17105,fries,1
17105,chicken_tenders,1
17106,chicken_tenders,1
17107,chicken_tenders,1
17108,chicken_tenders,1
17109,fries,2
17110,fries,1
17111,fries,1
17112,chicken_tenders,1
17112,chicken_tenders,1
17113,chicken_tenders,1
17114,chicken_tenders,1
17115,fries,1
17116,fries,1
17117,fries,1
17118,fries,1
17119,fries,1
17119,fries,1
17120,fries,1
17121,chicken_tenders,1
17121,fries,1
17122,chicken_tenders,1
17123,chicken_tenders,2
17124,fries,1
17125,fries,2
17126,chicken_tenders,1
17127,chicken_tenders,1
17128,fries,1
17129,chicken_tenders,1
17129,chicken_tenders,1
17130,chicken_tenders,1
17131,fries,2
17132,chicken_tenders,1
17133,fries,1
17133,chicken_tenders,1
17134,chicken_tenders,2
17135,chicken_tenders,1
17136,fries,1
17137,chicken_tenders,1
17138,fries,1
17139,fries,1
17139,chicken_tenders,1
17140,chicken_tenders,1
17141,fries,1
17142,fries,1
17143,fries,1
17144,fries,1
17144,chicken_tenders,1
17145,fries,1
17146,fries,1
17147,fries,1
17147,fries,1
17148,fries,1
17149,chicken_tenders,1
17150,chicken_tenders,2
17151,chicken_tenders,1
17152,chicken_tenders,1
17153,chicken_tenders,2
17154,chicken_tenders,1
17154,chicken_tenders,1
17155,fries,2
17156,chicken_tenders,1
17156,chicken_tenders,1
17157,fries,1
17158,fries,1
17159,chicken_tenders,1
17159,fries,1
17160,fries,1
17161,fries,2
17161,fries,1
17162,fries,1
17162,chicken_tenders,1
17163,fries,1
17164,chicken_tenders,2
17165,fries,1
17166,fries,2
17167,chicken_tenders,2
17167,chicken_tenders,2
17168,chicken_tenders,1
17168,fries,1
17169,fries,1
17170,chicken_tenders,1
17171,chicken_tenders,1
17172,chicken_tenders,1
17172,fries,1
17173,fries,1
17174,chicken_tenders,1
17175,fries,1
17175,chicken_tenders,1
17176,fries,1
17177,fries,1
17177,fries,2
17178,fries,1
17179,chicken_tenders,1
17180,fries,1
17181,fries,1
17182,chicken_tenders,1
17182,fries,1
17183,fries,1
17183,fries,1
17184,fries,1
17185,fries,1
17186,fries,1
17187,fries,1
17188,chicken_tenders,1
17189,fries,1
17190,fries,1
17190,chicken_tenders,1
17191,fries,1
17192,fries,1
17192,chicken_tenders,1
17193,chicken_tenders,1
17194,fries,1
17194,fries,1
17195,fries,2
17196,fries,1
17196,chicken_tenders,2
17197,fries,1
17198,chicken_tenders,1
17198,fries,1
17199,fries,1
17200,chicken_tenders,1
17201,chicken_tenders,1
17202,fries,1
17202,fries,1
17203,chicken_tenders,1
17204,fries,2
17205,fries,1
17206,fries,2
17207,fries,1
17208,fries,1
17209,fries,1
17209,fries,1
17210,chicken_tenders,1
17211,breakfast_wrap,1
17212,breakfast_wrap,1
17213,hash_brown,1
17214,hash_brown,1
17214,breakfast_wrap,1
17215,hash_brown,1
17216,hash_brown,1
17216,hash_brown,1
17217,hash_brown,2
17218,hash_brown,1
17219,breakfast_wrap,1
17219,breakfast_wrap,1
17220,hash_brown,2
17221,hash_brown,2
17221,hash_brown,1
17222,hash_brown,1
17222,breakfast_wrap,2
17223,breakfast_wrap,1
17223,breakfast_wrap,1
17224,breakfast_wrap,1
17225,hash_brown,1
17226,hash_brown,2
17227,breakfast_wrap,1
17228,breakfast_wrap,1
17229,breakfast_wrap,1
17229,hash_brown,1
17230,breakfast_wrap,1
17231,breakfast_wrap,1
17231,breakfast_wrap,1
17232,breakfast_wrap,2
17232,breakfast_wrap,1
17233,hash_brown,2
17234,breakfast_wrap,2
17235,breakfast_wrap,1
17236,breakfast_wrap,1
17236,breakfast_wrap,1
17237,breakfast_wrap,1
17238,breakfast_wrap,1
17238,hash_brown,1
17239,hash_brown,1
17239,breakfast_wrap,1
17240,breakfast_wrap,1
17241,breakfast_wrap,1
17241,breakfast_wrap,1
17242,breakfast_wrap,1
17242,hash_brown,1
17243,hash_brown,2
17244,breakfast_wrap,1
17244,breakfast_wrap,1
17245,breakfast_wrap,1
17246,hash_brown,1
17247,hash_brown,1
17248,breakfast_wrap,1
17249,breakfast_wrap,1
17249,hash_brown,1
17250,breakfast_wrap,1
17250,breakfast_wrap,1
17251,breakfast_wrap,1
17251,breakfast_wrap,1
17252,hash_brown,1
17253,hash_brown,1
17254,hash_brown,1
17254,hash_brown,1
17255,breakfast_wrap,1
17256,hash_brown,2
17257,hash_brown,1
17257,breakfast_wrap,1
17258,breakfast_wrap,2
17259,hash_brown,1
17259,hash_brown,1
17260,breakfast_wrap,1
17261,hash_brown,1
17261,hash_brown,1
17262,hash_brown,1
17263,breakfast_wrap,1
17263,breakfast_wrap,1
17264,breakfast_wrap,1
17265,breakfast_wrap,2
17265,breakfast_wrap,1
17266,breakfast_wrap,1
17267,hash_brown,1
17268,breakfast_wrap,2
17269,breakfast_wrap,1
17269,breakfast_wrap,1
17270,breakfast_wrap,1
17271,hash_brown,1
17271,hash_brown,1
17272,breakfast_wrap,2
17273,breakfast_wrap,2
17273,breakfast_wrap,1
17274,hash_brown,1
17275,breakfast_wrap,1
17275,hash_brown,1
17276,breakfast_wrap,1
17276,hash_brown,1
17277,breakfast_wrap,1
17277,hash_brown,1
17278,breakfast_wrap,1
17279,breakfast_wrap,1
17279,hash_brown,2
17280,hash_brown,1
17281,hash_brown,1
17282,hash_brown,1
17283,breakfast_wrap,1
17284,hash_brown,1
17284,hash_brown,1
17285,breakfast_wrap,2
17285,hash_brown,1
17286,breakfast_wrap,1
17287,hash_brown,1
17288,hash_brown,1
17289,hash_brown,2
17289,breakfast_wrap,1
17290,breakfast_wrap,1
17290,breakfast_wrap,1
17291,hash_brown,1
17292,hash_brown,1
17292,hash_brown,1
17293,hash_brown,1
17294,hash_brown,1
17295,breakfast_wrap,2
17296,breakfast_wrap,1
17296,hash_brown,2
17297,hash_brown,1
17298,hash_brown,1
17299,hash_brown,1
17299,hash_brown,1
17300,breakfast_wrap,1
17301,breakfast_wrap,2
17302,breakfast_wrap,1
17303,breakfast_wrap,1
17304,breakfast_wrap,2
17305,hash_brown,1
17306,breakfast_wrap,1
17307,breakfast_wrap,2
17308,breakfast_wrap,1
17308,hash_brown,1
17309,breakfast_wrap,1
17309,breakfast_wrap,2
17310,breakfast_wrap,1
17311,hash_brown,1
17311,hash_brown,1
17312,hash_brown,1
17313,breakfast_wrap,1
17313,breakfast_wrap,2
17314,fries,1
17314,chicken_tenders,1
17315,chicken_tenders,1
17316,chicken_tenders,1
17316,chicken_tenders,2
17317,chicken_tenders,1
17317,chicken_tenders,1
17318,fries,1
17318,fries,1
17319,fries,1
17320,fries,1
17320,fries,1
17321,fries,1
17322,chicken_tenders,1
17322,fries,1
17323,fries,1
17324,fries,1
17325,chicken_tenders,1
17326,chicken_tenders,1
17326,fries,1
17327,chicken_tenders,1
17328,fries,1
17329,fries,1
17330,fries,1
17331,fries,1
17331,chicken_tenders,1
17332,fries,1
17333,fries,1
17334,fries,1
17335,fries,1
17336,chicken_tenders,1
17337,fries,1
17338,chicken_tenders,2
17338,chicken_tenders,1
17339,chicken_tenders,1
17339,chicken_tenders,1
17340,chicken_tenders,1
17341,fries,1
17341,fries,1
17342,fries,1
17342,fries,1
17343,chicken_tenders,2
17343,fries,1
17344,chicken_tenders,1
17345,fries,1
17345,fries,1
17346,chicken_tenders,1
17347,chicken_tenders,1
17347,chicken_tenders,1
17348,chicken_tenders,1
17349,chicken_tenders,1
17350,fries,1
17351,fries,1
17352,fries,1
17353,fries,1
17354,chicken_tenders,1
17355,chicken_tenders,1
17356,fries,1
17357,chicken_tenders,1
17358,fries,1
17358,fries,2
17359,fries,1
17360,fries,1
17360,fries,1
17361,chicken_tenders,1
17362,chicken_tenders,2
17363,chicken_tenders,1
17363,chicken_tenders,2
17364,chicken_tenders,1
17365,chicken_tenders,2
17366,fries,1
17366,fries,1
17367,chicken_tenders,1
17368,fries,1
17369,chicken_tenders,2
17370,fries,1
17371,chicken_tenders,1
17372,fries,1
17373,chicken_tenders,2
17374,fries,1
17374,chicken_tenders,1
17375,fries,1
17376,chicken_tenders,1
17377,fries,1
17377,chicken_tenders,2
17378,chicken_tenders,1
17379,fries,1
17380,chicken_tenders,1
17381,fries,1
17382,chicken_tenders,2
17383,chicken_tenders,1
17384,chicken_tenders,1
17385,chicken_tenders,1
17385,fries,1
17386,chicken_tenders,1
17387,fries,1
17387,chicken_tenders,1
17388,fries,1
17389,chicken_tenders,1
17390,chicken_tenders,1
17391,chicken_tenders,1
17392,fries,1
17393,chicken_tenders,1
17394,chicken_tenders,1
17395,chicken_tenders,2
17395,fries,1
17396,fries,1
17397,fries,1
17398,chicken_tenders,2
17399,fries,1
17400,chicken_tenders,1
17401,fries,1
17401,chicken_tenders,1
17402,chicken_tenders,1
17403,chicken_tenders,1
17404,chicken_tenders,1
17405,fries,1
17405,chicken_tenders,1
17406,fries,2
17407,fries,1
17408,fries,1
17408,fries,1
17409,fries,1
17409,fries,1
17410,fries,1
17411,chicken_tenders,2
17412,fries,2
17413,fries,1
17414,chicken_tenders,1
17414,fries,1
17415,fries,1
17416,chicken_tenders,1
17417,chicken_tenders,1
17417,chicken_tenders,1
17418,fries,1
17418,fries,1
17419,fries,2
17420,chicken_tenders,1
17421,fries,1
17421,chicken_tenders,2
17422,chicken_tenders,1
17423,fries,1
17423,fries,1
17424,chicken_tenders,1
17425,chicken_tenders,1
17426,chicken_tenders,1
17427,fries,1
17428,fries,2
17429,chicken_tenders,1
17430,fries,1
17431,chicken_tenders,1
17432,chicken_tenders,1
17432,fries,1
17433,fries,1
17434,chicken_tenders,1
17435,fries,2
17435,fries,1
17436,fries,1
17437,fries,1
17437,fries,1
17438,chicken_tenders,1
17439,fries,1
17440,chicken_tenders,1
17440,chicken_tenders,1
17441,fries,1
17442,fries,1
17443,chicken_tenders,1
17443,chicken_tenders,1
17444,chicken_tenders,1
17444,fries,1
17445,fries,1
17446,fries,1
17447,fries,1
17448,chicken_tenders,1
17449,fries,1
17450,chicken_tenders,1
17450,chicken_tenders,2
17451,fries,1
17452,fries,1
17453,fries,2
17454,fries,1
17455,chicken_tenders,1
17456,fries,1
17456,chicken_tenders,1
17457,chicken_tenders,1
17458,chicken_tenders,1
17459,chicken_tenders,1
17459,chicken_tenders,1
17460,fries,1
17460,fries,1
17461,chicken_tenders,2
17462,chicken_tenders,1
17463,fries,1
17464,fries,1
17465,fries,1
17465,chicken_tenders,2
17466,fries,1
17467,fries,1
17468,fries,1
17468,fries,1
17469,chicken_tenders,1
17470,fries,1
17471,chicken_tenders,1
17472,chicken_tenders,1
17473,fries,1
17473,fries,1
17474,chicken_tenders,1
17474,fries,1
17475,fries,1
17476,chicken_tenders,1
17477,chicken_tenders,2
17477,chicken_tenders,1
17478,chicken_tenders,1
17479,fries,1
17479,fries,1
17480,chicken_tenders,1
17481,chicken_tenders,2
17482,fries,1
17483,fries,1
17484,chicken_tenders,2
17485,fries,1
17485,chicken_tenders,1
17486,fries,1
17487,fries,1
17488,chicken_tenders,2
17488,chicken_tenders,1
17489,chicken_tenders,1
17490,fries,1
17491,chicken_tenders,1
17492,chicken_tenders,2
17492,chicken_tenders,1
17493,fries,1
17494,fries,1
17495,chicken_tenders,1
17495,chicken_tenders,1
17496,hash_brown,1
17497,hash_brown,1
17498,hash_brown,1
17499,breakfast_wrap,1
17499,hash_brown,2
17500,breakfast_wrap,1
17501,breakfast_wrap,1
17502,hash_brown,1
17503,breakfast_wrap,1
17504,breakfast_wrap,1
17505,breakfast_wrap,1
17505,hash_brown,1
17506,breakfast_wrap,2
17507,hash_brown,1
17508,hash_brown,1
17508,breakfast_wrap,1
17509,hash_brown,1
17510,breakfast_wrap,1
17511,breakfast_wrap,1
17511,breakfast_wrap,2
17512,breakfast_wrap,1
17513,breakfast_wrap,1
17513,breakfast_wrap,2
17514,breakfast_wrap,1
17515,breakfast_wrap,2
17516,hash_brown,1
17517,hash_brown,2
17518,breakfast_wrap,1
17519,breakfast_wrap,1
17519,hash_brown,1
17520,hash_brown,1
17520,hash_brown,1
17521,hash_brown,1
17522,breakfast_wrap,2
17523,breakfast_wrap,1
17523,breakfast_wrap,1
17524,hash_brown,1
17524,breakfast_wrap,1
17525,hash_brown,2
17526,breakfast_wrap,1
17527,hash_brown,2
17528,breakfast_wrap,1
17528,breakfast_wrap,1
17529,breakfast_wrap,1
17530,breakfast_wrap,1
17531,hash_brown,1
17531,breakfast_wrap,1
17532,hash_brown,1
17533,breakfast_wrap,1
17533,breakfast_wrap,1
17534,hash_brown,1
17535,hash_brown,2
17536,breakfast_wrap,1
17537,hash_brown,1
17538,breakfast_wrap,2
17539,breakfast_wrap,1
17539,breakfast_wrap,2
17540,breakfast_wrap,1
17541,breakfast_wrap,1
17542,breakfast_wrap,1
17543,hash_brown,2
17543,breakfast_wrap,1
17544,hash_brown,1
17545,hash_brown,1
17545,breakfast_wrap,1
17546,hash_brown,1
17547,hash_brown,1
17547,hash_brown,1
17548,breakfast_wrap,1
17549,breakfast_wrap,2
17550,hash_brown,1
17551,breakfast_wrap,1
17552,hash_brown,1
17552,hash_brown,1
17553,breakfast_wrap,1
17554,hash_brown,1
17555,hash_brown,1
17555,breakfast_wrap,1
17556,hash_brown,1
17557,breakfast_wrap,1
17558,breakfast_wrap,1
17559,breakfast_wrap,1
17560,hash_brown,1
17561,hash_brown,1
17562,hash_brown,1
17563,breakfast_wrap,1
17564,breakfast_wrap,1
17565,hash_brown,1
17565,breakfast_wrap,1
17566,breakfast_wrap,2
17567,breakfast_wrap,2
17568,hash_brown,1
17569,breakfast_wrap,1
17570,hash_brown,1
17571,hash_brown,1
17572,hash_brown,1
17573,hash_brown,2
17574,breakfast_wrap,1
17575,hash_brown,1
17576,breakfast_wrap,1
17577,hash_brown,1
17578,breakfast_wrap,1
17579,breakfast_wrap,1
17580,breakfast_wrap,1
17581,breakfast_wrap,1
17582,hash_brown,1
17583,breakfast_wrap,2
17584,hash_brown,1
17585,breakfast_wrap,1
17586,hash_brown,1
17586,breakfast_wrap,1
17587,hash_brown,1
17588,breakfast_wrap,1
17589,breakfast_wrap,1
17589,hash_brown,1
17590,breakfast_wrap,1
17591,fries,1
17592,chicken_tenders,1
17593,chicken_tenders,1
17593,chicken_tenders,1
17594,fries,1
17595,fries,1
17595,chicken_tenders,1
17596,fries,2
17597,fries,1
17598,chicken_tenders,1
17598,chicken_tenders,2
17599,chicken_tenders,1
17600,chicken_tenders,1
17601,fries,1
17601,chicken_tenders,1
17602,fries,1
17603,fries,1
17604,chicken_tenders,2
17604,fries,1
17605,fries,1
17605,fries,1
17606,chicken_tenders,1
17607,fries,1
17608,fries,1
17609,fries,1
17610,fries,1
17611,chicken_tenders,1
17612,chicken_tenders,2
17612,chicken_tenders,1
17613,fries,1
17614,fries,1
17615,chicken_tenders,2
17615,fries,1
17616,chicken_tenders,2
17617,chicken_tenders,2
17618,fries,1
17619,chicken_tenders,1
17620,chicken_tenders,2
17621,chicken_tenders,1
17622,fries,1
17622,chicken_tenders,1
17623,fries,1
17624,chicken_tenders,1
17625,chicken_tenders,1
17626,chicken_tenders,1
17627,fries,1
17628,fries,1
17628,chicken_tenders,1
17629,chicken_tenders,1
17629,chicken_tenders,1
17630,fries,1
17631,fries,1
17632,chicken_tenders,1
17633,chicken_tenders,1
17633,fries,1
17634,fries,1
17635,fries,1
17636,fries,1
17637,chicken_tenders,1
17638,chicken_tenders,2
17639,fries,2
17640,chicken_tenders,1
17641,fries,2
17642,fries,1
17643,chicken_tenders,1
17644,fries,1
17645,chicken_tenders,1
17646,fries,1
17646,fries,1
17647,fries,1
17647,fries,2
17648,chicken_tenders,2
17649,chicken_tenders,1
17650,chicken_tenders,1
17650,chicken_tenders,1
17651,chicken_tenders,1
17652,fries,1
17652,fries,1
17653,fries,1
17653,chicken_tenders,1
17654,fries,1
17655,chicken_tenders,1
17656,fries,1
17657,chicken_tenders,1
17658,chicken_tenders,1
17659,chicken_tenders,1
17659,fries,1
17660,fries,1
17661,fries,1
17662,fries,1
17662,fries,1
17663,chicken_tenders,1
17664,fries,1
17665,fries,2
17666,fries,1
17667,fries,1
17668,fries,1
17669,fries,2
17669,fries,1
17670,chicken_tenders,1
17671,chicken_tenders,1
17671,fries,2
17672,fries,2
17673,chicken_tenders,1
17674,chicken_tenders,1
17675,fries,1
17676,chicken_tenders,2
17676,chicken_tenders,1
17677,chicken_tenders,2
17678,fries,1
17679,chicken_tenders,1
17680,chicken_tenders,1
17681,chicken_tenders,1
17682,fries,2
17682,chicken_tenders,2
17683,chicken_tenders,1
17684,fries,1
17684,fries,1
17685,fries,1
17685,chicken_tenders,1
17686,fries,1
17687,fries,1
17688,chicken_tenders,1
17689,fries,1
17690,fries,1
17691,chicken_tenders,2
17692,chicken_tenders,1
17693,fries,1
17694,chicken_tenders,1
17695,chicken_tenders,1
17696,fries,1
17697,chicken_tenders,2
17697,fries,2
17698,chicken_tenders,1
17699,fries,1
17700,chicken_tenders,1
17701,chicken_tenders,2
17702,fries,1
17703,fries,1
17704,chicken_tenders,2
17705,chicken_tenders,1
17705,fries,1
17706,fries,2
17707,chicken_tenders,1
17708,chicken_tenders,2
17709,fries,1
17710,fries,1
17711,fries,1
17712,fries,1
17712,fries,1
17713,chicken_tenders,1
17713,fries,1
17714,fries,1
17715,fries,1
17715,chicken_tenders,1
17716,fries,2
17717,chicken_tenders,1
17717,chicken_tenders,1
17718,chicken_tenders,1
17719,chicken_tenders,1
17720,chicken_tenders,1
17721,chicken_tenders,1
17722,fries,1
17722,chicken_tenders,1
17723,chicken_tenders,1
17724,chicken_tenders,2
17725,fries,1
17726,fries,1
17727,fries,1
17727,fries,2
17728,chicken_tenders,1
17729,chicken_tenders,1
17730,fries,1
17731,fries,1
17732,chicken_tenders,1
17732,fries,1
17733,fries,2
17734,fries,2
17735,chicken_tenders,1
17735,chicken_tenders,1
17736,fries,2
17736,chicken_tenders,1
17737,fries,1
17737,fries,1
17738,chicken_tenders,1
17738,fries,1
17739,fries,1
17739,chicken_tenders,1
17740,fries,1
17741,chicken_tenders,1
17742,chicken_tenders,2
17743,chicken_tenders,1
17744,chicken_tenders,1
17745,chicken_tenders,1
17746,chicken_tenders,1
17747,fries,2
17748,chicken_tenders,1
17749,fries,1
17750,chicken_tenders,2
17751,chicken_tenders,1
17752,fries,1
17753,fries,1
17754,chicken_tenders,1
17754,chicken_tenders,1
17755,fries,1
17756,fries,1
17756,fries,1
17757,fries,2
17757,chicken_tenders,1
17758,fries,1
17759,fries,1
17760,fries,1
17760,fries,1
17761,fries,2
17762,fries,1
17762,fries,1
17763,fries,2
17764,chicken_tenders,1
17765,chicken_tenders,1
17766,chicken_tenders,1
17767,fries,1
17767,chicken_tenders,1
17768,chicken_tenders,1
17769,chicken_tenders,1
17769,chicken_tenders,1
17770,chicken_tenders,1
17771,fries,1
17772,fries,1
17773,chicken_tenders,2
17774,fries,1
17774,chicken_tenders,2
17775,chicken_tenders,1
17775,chicken_tenders,1
17776,fries,2
17777,chicken_tenders,1
17777,fries,1
17778,fries,1
17779,fries,1
17780,fries,2
17781,chicken_tenders,2
17782,chicken_tenders,1
17782,chicken_tenders,1
17783,fries,1
17784,chicken_tenders,1
17785,chicken_tenders,1
17786,chicken_tenders,1
17787,chicken_tenders,1
17788,fries,1
17789,fries,1
17790,chicken_tenders,1
17791,fries,1
17791,fries,2
17792,fries,1
17793,chicken_tenders,1
17794,fries,1
17795,chicken_tenders,1
17796,fries,1
17797,fries,1
17798,chicken_tenders,1
17798,chicken_tenders,1
17799,fries,1
17799,chicken_tenders,1
17800,chicken_tenders,1
17801,fries,1
17802,chicken_tenders,2
17803,fries,2
17804,fries,1
17805,fries,1
17806,chicken_tenders,1
17806,chicken_tenders,1
17807,fries,1
17808,chicken_tenders,2
17808,fries,1
17809,fries,1
17810,fries,2
17811,chicken_tenders,1
17811,fries,1
17812,breakfast_wrap,1
17813,hash_brown,1
17814,hash_brown,1
17815,breakfast_wrap,1
17816,hash_brown,1
17817,hash_brown,1
17818,hash_brown,1
17819,breakfast_wrap,1
17820,hash_brown,1
17820,breakfast_wrap,1
17821,breakfast_wrap,1
17822,hash_brown,1
17823,breakfast_wrap,1
17824,hash_brown,2
17825,breakfast_wrap,1
17826,breakfast_wrap,1
17826,breakfast_wrap,1
17827,hash_brown,1
17827,hash_brown,2
17828,hash_brown,1
17829,hash_brown,2
17829,hash_brown,1
17830,breakfast_wrap,1
17831,breakfast_wrap,1
17832,hash_brown,1
17833,breakfast_wrap,1
17834,hash_brown,1
17835,hash_brown,1
17836,hash_brown,1
17836,breakfast_wrap,1
17837,breakfast_wrap,1
17838,hash_brown,1
17839,breakfast_wrap,1
17840,breakfast_wrap,1
17840,hash_brown,1
17841,hash_brown,1
17842,breakfast_wrap,1
17843,hash_brown,1
17844,breakfast_wrap,1
17845,hash_brown,1
17845,breakfast_wrap,1
17846,breakfast_wrap,2
17846,breakfast_wrap,1
17847,breakfast_wrap,1
17848,breakfast_wrap,2
17849,hash_brown,1
17850,breakfast_wrap,2
17851,hash_brown,1
17852,breakfast_wrap,1
17853,breakfast_wrap,2
17854,breakfast_wrap,1
17855,hash_brown,1
17856,hash_brown,1
17857,breakfast_wrap,1
17858,hash_brown,1
17859,hash_brown,1
17860,breakfast_wrap,1
17861,hash_brown,2
17862,hash_brown,1
17862,breakfast_wrap,1
17863,breakfast_wrap,1
17864,hash_brown,2
17865,breakfast_wrap,1
17866,breakfast_wrap,2
17866,hash_brown,1
17867,breakfast_wrap,1
17867,hash_brown,2
17868,breakfast_wrap,1
17868,hash_brown,1
17869,hash_brown,1
17870,hash_brown,2
17871,hash_brown,1
17872,breakfast_wrap,2
17872,hash_brown,1
17873,breakfast_wrap,1
17874,hash_brown,1
17875,hash_brown,1
17876,hash_brown,1
17877,hash_brown,1
17878,hash_brown,1
17879,hash_brown,1
17880,hash_brown,1
17881,hash_brown,1
17881,breakfast_wrap,1
17882,breakfast_wrap,1
17883,fries,1
17884,fries,2
17885,chicken_tenders,1
17885,chicken_tenders,1
17886,fries,2
17887,fries,1
17888,fries,1
17889,fries,1
17890,chicken_tenders,1
17891,chicken_tenders,1
17891,chicken_tenders,1
17892,fries,1
17893,chicken_tenders,1
17894,chicken_tenders,2
17894,chicken_tenders,1
17895,fries,1
17896,chicken_tenders,1
17897,chicken_tenders,1
17898,chicken_tenders,1
17899,fries,1
17900,chicken_tenders,1
17901,fries,1
17902,chicken_tenders,1
17903,fries,1
17904,fries,1
17905,chicken_tenders,1
17906,chicken_tenders,1
17907,chicken_tenders,1
17908,chicken_tenders,1
17909,chicken_tenders,1
17910,fries,1
17910,fries,1
17911,chicken_tenders,1
17912,fries,1
17913,chicken_tenders,2
17914,chicken_tenders,1
17915,fries,1
17915,chicken_tenders,1
17916,chicken_tenders,1
17917,chicken_tenders,2
17918,fries,1
17919,fries,1
17920,fries,1
17921,chicken_tenders,1
17922,fries,1
17923,chicken_tenders,1
17923,fries,1
17924,fries,1
17924,chicken_tenders,1
17925,chicken_tenders,1
17926,chicken_tenders,1
17927,chicken_tenders,1
17928,fries,1
17929,fries,2
17929,fries,1
17930,chicken_tenders,1
17931,fries,1
17932,chicken_tenders,1
17932,fries,1
17933,fries,2
17934,chicken_tenders,1
17935,chicken_tenders,1
17935,fries,1
17936,chicken_tenders,1
17937,fries,1
17938,chicken_tenders,1
17939,chicken_tenders,1
17940,chicken_tenders,1
17940,fries,2
17941,chicken_tenders,1
17942,chicken_tenders,2
17942,chicken_tenders,1
17943,fries,1
17943,chicken_tenders,1
17944,fries,1
17945,chicken_tenders,1
17946,chicken_tenders,2
17947,fries,1
17948,fries,1
17949,fries,2
17949,fries,1
17950,chicken_tenders,1
17951,fries,1
17952,chicken_tenders,1
17952,chicken_tenders,1
17953,chicken_tenders,1
17954,fries,1
17955,chicken_tenders,2
17956,chicken_tenders,1
17957,chicken_tenders,1
17958,fries,1
17958,chicken_tenders,1
17959,chicken_tenders,1
17960,chicken_tenders,1
17960,fries,1
17961,fries,1
17962,chicken_tenders,2
17963,chicken_tenders,1
17964,fries,1
17964,fries,1
17965,fries,1
17965,fries,2
17966,fries,1
17966,chicken_tenders,1
17967,chicken_tenders,1
17968,fries,1
17969,chicken_tenders,1
17970,fries,1
17971,fries,2
17972,fries,2
17973,fries,1
17974,fries,1
17975,fries,2
17976,chicken_tenders,1
17977,chicken_tenders,1
17978,chicken_tenders,2
17979,fries,1
17980,chicken_tenders,1
17981,fries,1
17982,chicken_tenders,1
17983,fries,1
17984,fries,1
17984,fries,1
17985,chicken_tenders,1
17985,fries,1
17986,fries,1
17987,chicken_tenders,1
17988,fries,2
17989,fries,1
17989,fries,1
17990,fries,1
17991,chicken_tenders,1
17992,fries,1
17992,fries,2
17993,fries,1
17993,chicken_tenders,2
17994,chicken_tenders,1
17995,fries,2
17996,fries,1
17996,fries,1
17997,chicken_tenders,1
17998,fries,1
17999,fries,1
18000,fries,2
18000,fries,1
18001,chicken_tenders,1
18002,fries,1
18002,chicken_tenders,1
18003,chicken_tenders,1
18004,fries,1
18005,fries,1
18006,chicken_tenders,1
18007,fries,1
18008,fries,1
18009,chicken_tenders,2
18010,fries,1
18011,chicken_tenders,1
18012,chicken_tenders,1
18013,chicken_tenders,1
18013,fries,1
18014,chicken_tenders,1
18015,fries,1
18016,fries,1
18016,fries,1
18017,chicken_tenders,1
18018,fries,1
18019,chicken_tenders,1
18020,fries,2
18020,fries,1
18021,chicken_tenders,1
18022,chicken_tenders,1
18023,fries,2
18023,chicken_tenders,1
18024,chicken_tenders,1
18024,chicken_tenders,1
18025,chicken_tenders,1
18026,chicken_tenders,1
18027,fries,1
18027,chicken_tenders,2
18028,chicken_tenders,1
18029,fries,1
18030,fries,1
18031,chicken_tenders,1
18031,chicken_tenders,1
18032,fries,2
18032,fries,1
18033,chicken_tenders,1
18033,chicken_tenders,1
18034,chicken_tenders,1
18034,chicken_tenders,1
18035,chicken_tenders,1
18035,chicken_tenders,1
18036,chicken_tenders,1
18037,fries,1
18038,fries,1
18039,chicken_tenders,1
18040,chicken_tenders,1
18041,fries,1
18042,chicken_tenders,1
18042,fries,1
18043,fries,2
18044,hash_brown,1
18045,breakfast_wrap,1
18046,hash_brown,1
18047,hash_brown,1
18047,breakfast_wrap,1
18048,hash_brown,1
18049,breakfast_wrap,1
18050,breakfast_wrap,1
18051,breakfast_wrap,2
18052,breakfast_wrap,2
18052,breakfast_wrap,1
18053,hash_brown,1
18054,breakfast_wrap,1
18055,hash_brown,1
18056,hash_brown,1
18057,hash_brown,1
18058,breakfast_wrap,1
18059,hash_brown,1
18060,breakfast_wrap,1
18061,breakfast_wrap,2
18062,hash_brown,1
18063,hash_brown,1
18064,hash_brown,1
18065,breakfast_wrap,2
18066,breakfast_wrap,1
18067,breakfast_wrap,1
18068,hash_brown,1
18069,breakfast_wrap,1
18069,hash_brown,1
18070,breakfast_wrap,1
18071,breakfast_wrap,1
18072,hash_brown,1
18073,hash_brown,1
18074,breakfast_wrap,2
18075,breakfast_wrap,1
18076,breakfast_wrap,1
18076,breakfast_wrap,1
18077,hash_brown,1
18078,breakfast_wrap,1
18079,breakfast_wrap,1
18080,hash_brown,1
18081,hash_brown,1
18082,breakfast_wrap,2
18083,hash_brown,1
18084,breakfast_wrap,2
18084,hash_brown,2
18085,hash_brown,1
18086,hash_brown,1
18086,breakfast_wrap,1
18087,breakfast_wrap,1
18088,hash_brown,1
18089,breakfast_wrap,1
18089,breakfast_wrap,1
18090,breakfast_wrap,2
18090,hash_brown,1
18091,breakfast_wrap,1
18092,breakfast_wrap,1
18092,hash_brown,1
18093,breakfast_wrap,1
18094,breakfast_wrap,1
18095,hash_brown,1
18096,hash_brown,2
18097,hash_brown,1
18098,hash_brown,1
18099,breakfast_wrap,1
18100,breakfast_wrap,2
18101,hash_brown,1
18101,hash_brown,1
18102,hash_brown,1
18103,breakfast_wrap,1
18103,hash_brown,1
18104,hash_brown,1
18105,hash_brown,1
18106,hash_brown,1
18107,hash_brown,1
18108,breakfast_wrap,1
18109,breakfast_wrap,1
18110,hash_brown,2
18111,breakfast_wrap,1
18111,breakfast_wrap,1
18112,breakfast_wrap,1
18113,breakfast_wrap,1
18113,hash_brown,1
18114,breakfast_wrap,1
18115,breakfast_wrap,1
18116,breakfast_wrap,1
18117,breakfast_wrap,1
18118,breakfast_wrap,1
18119,hash_brown,1
18120,breakfast_wrap,1
18121,hash_brown,1
18122,breakfast_wrap,1
18122,hash_brown,1
18123,hash_brown,1
18124,hash_brown,1
18125,hash_brown,1
18125,hash_brown,1
18126,hash_brown,1
18127,breakfast_wrap,1
18128,hash_brown,2
18129,hash_brown,1
18129,hash_brown,1
18130,breakfast_wrap,1
18130,hash_brown,2
18131,fries,1
18131,chicken_tenders,2
18132,fries,1
18133,chicken_tenders,1
18134,fries,1
18135,fries,2
18136,fries,1
18137,fries,1
18137,chicken_tenders,1
18138,fries,1
18138,chicken_tenders,1
18139,chicken_tenders,2
18139,fries,1
18140,fries,2
18140,fries,1
18141,chicken_tenders,1
18141,chicken_tenders,1
18142,chicken_tenders,2
18143,chicken_tenders,1
18144,chicken_tenders,1
18144,chicken_tenders,1
18145,fries,1
18146,fries,1
18146,chicken_tenders,1
18147,chicken_tenders,1
18148,fries,2
18149,chicken_tenders,1
18150,fries,1
18151,chicken_tenders,1
18152,chicken_tenders,2
18153,chicken_tenders,1
18154,fries,1
18154,fries,1
18155,chicken_tenders,1
18155,chicken_tenders,1
18156,chicken_tenders,1
18156,fries,1
18157,chicken_tenders,1
18158,fries,1
18159,chicken_tenders,1
18160,chicken_tenders,1
18161,fries,1
18162,fries,1
18163,fries,1
18164,chicken_tenders,1
18164,chicken_tenders,1
18165,fries,1
18166,fries,2
18166,chicken_tenders,1
18167,fries,1
18168,chicken_tenders,1
18169,chicken_tenders,1
18170,chicken_tenders,1
18171,chicken_tenders,1
18171,fries,1
18172,fries,2
18172,fries,1
18173,chicken_tenders,1
18174,fries,1
18175,chicken_tenders,1
18176,chicken_tenders,1
18177,chicken_tenders,1
18178,fries,1
18179,fries,1
18180,fries,1
18181,fries,1
18182,fries,1
18182,chicken_tenders,1
18183,fries,1
18183,fries,1
18184,chicken_tenders,1
18185,chicken_tenders,1
18185,fries,1
18186,fries,2
18187,chicken_tenders,1
18188,fries,1
18188,chicken_tenders,1
18189,chicken_tenders,1
18189,chicken_tenders,1
18190,chicken_tenders,1
18191,fries,1
18192,chicken_tenders,1
18192,fries,1
18193,chicken_tenders,1
18194,chicken_tenders,1
18195,chicken_tenders,1
18196,chicken_tenders,1
18197,fries,1
18198,chicken_tenders,1
18199,fries,1
18199,chicken_tenders,2
18200,fries,1
18201,fries,1
18202,chicken_tenders,1
18203,fries,1
18204,chicken_tenders,1
18205,fries,1
18206,fries,1
18207,chicken_tenders,1
18208,chicken_tenders,1
18209,chicken_tenders,1
18210,chicken_tenders,1
18210,chicken_tenders,1
18211,fries,1
18212,chicken_tenders,1
18213,fries,1
18214,chicken_tenders,1
18215,fries,1
18216,chicken_tenders,1
18217,chicken_tenders,1
18218,chicken_tenders,1
18218,fries,1
18219,fries,2
18220,chicken_tenders,1
18221,fries,1
18222,fries,1
18223,fries,1
18223,chicken_tenders,2
18224,fries,1
18225,chicken_tenders,1
18226,chicken_tenders,1
18227,chicken_tenders,1
18228,chicken_tenders,1
18229,chicken_tenders,2
18230,chicken_tenders,1
18231,fries,1
18232,chicken_tenders,2
18233,fries,1
18234,fries,2
18235,chicken_tenders,1
18235,fries,1
18236,fries,1
18236,fries,1
18237,chicken_tenders,1
18238,fries,1
18239,fries,2
18239,chicken_tenders,2
18240,fries,1
18240,chicken_tenders,1
18241,chicken_tenders,1
18241,chicken_tenders,1
18242,chicken_tenders,1
18243,fries,1
18244,fries,1
18244,chicken_tenders,1
18245,chicken_tenders,1
18245,chicken_tenders,1
18246,fries,1
18247,fries,2
18248,fries,1
18249,chicken_tenders,1
18250,fries,1
18251,chicken_tenders,1
18251,fries,2
18252,chicken_tenders,1
18252,chicken_tenders,1
18253,fries,1
18254,fries,1
18255,fries,1
18256,fries,1
18257,fries,1
18258,chicken_tenders,1
18259,fries,1
18260,fries,1
18261,chicken_tenders,1
18261,fries,2
18262,chicken_tenders,1
18262,chicken_tenders,2
18263,chicken_tenders,1
18263,fries,1
18264,fries,2
18265,chicken_tenders,1
18265,fries,1
18266,fries,1
18267,fries,1
18268,fries,1
18269,fries,1
18270,fries,1
18270,fries,1
18271,fries,1
18272,breakfast_wrap,1
18272,breakfast_wrap,2
18273,hash_brown,1
18273,hash_brown,1
18274,breakfast_wrap,2
18274,breakfast_wrap,1
18275,hash_brown,1
18275,breakfast_wrap,1
18276,hash_brown,1
18276,hash_brown,1
18277,hash_brown,1
18277,breakfast_wrap,1
18278,breakfast_wrap,1
18279,breakfast_wrap,1
18279,breakfast_wrap,1
18280,breakfast_wrap,1
18281,breakfast_wrap,2
18281,hash_brown,1
18282,breakfast_wrap,1
18283,hash_brown,1
18283,breakfast_wrap,1
18284,breakfast_wrap,1
18284,breakfast_wrap,1
18285,hash_brown,1
18286,breakfast_wrap,1
18287,breakfast_wrap,2
18288,hash_brown,1
18288,hash_brown,1
18289,breakfast_wrap,1
18290,breakfast_wrap,2
18291,hash_brown,1
18291,breakfast_wrap,1
18292,hash_brown,1
18292,breakfast_wrap,1
18293,breakfast_wrap,1
18294,hash_brown,2
18295,hash_brown,1
18296,hash_brown,1
18297,hash_brown,1
18297,hash_brown,1
18298,hash_brown,1
18299,hash_brown,1
18300,breakfast_wrap,1
18301,breakfast_wrap,1
18301,breakfast_wrap,1
18302,breakfast_wrap,1
18303,breakfast_wrap,1
18304,breakfast_wrap,1
18305,hash_brown,1
18306,hash_brown,1
18307,breakfast_wrap,1
18308,hash_brown,1
18309,breakfast_wrap,1
18310,hash_brown,1
18311,hash_brown,1
18312,hash_brown,1
18313,hash_brown,1
18313,hash_brown,1
18314,breakfast_wrap,1
18315,hash_brown,1
18315,breakfast_wrap,1
18316,hash_brown,1
18317,hash_brown,1
18318,breakfast_wrap,1
18319,breakfast_wrap,2
18319,hash_brown,1
18320,breakfast_wrap,1
18321,breakfast_wrap,1
18322,hash_brown,1
18323,hash_brown,1
18324,hash_brown,1
18324,breakfast_wrap,1
18325,hash_brown,1
18326,breakfast_wrap,1
18327,hash_brown,1
18328,breakfast_wrap,1
18329,hash_brown,2
18330,hash_brown,2
18331,breakfast_wrap,1
18332,hash_brown,2
18333,fries,1
18334,chicken_tenders,1
18335,chicken_tenders,1
18336,chicken_tenders,1
18336,chicken_tenders,2
18337,fries,1
18338,fries,1
18339,fries,1
18339,chicken_tenders,1
18340,fries,1
18341,fries,1
18341,chicken_tenders,1
18342,chicken_tenders,1
18343,chicken_tenders,1
18343,fries,1
18344,fries,1
18345,fries,1
18346,fries,1
18346,fries,1
18347,chicken_tenders,1
18347,fries,1
18348,chicken_tenders,1
18348,chicken_tenders,1
18349,fries,1
18350,fries,1
18351,fries,1
18352,fries,1
18353,fries,1
18354,fries,1
18355,chicken_tenders,1
18355,fries,1
18356,fries,2
18357,fries,1
18357,fries,1
18358,chicken_tenders,1
18359,chicken_tenders,1
18359,chicken_tenders,1
18360,fries,1
18361,fries,1
18362,chicken_tenders,1
18362,fries,1
18363,chicken_tenders,1
18364,fries,1
18365,fries,1
18366,fries,1
18367,fries,1
18367,fries,1
18368,chicken_tenders,1
18369,fries,2
18370,chicken_tenders,1
18371,fries,1
18372,fries,2
18373,chicken_tenders,1
18373,fries,1
18374,chicken_tenders,1
18374,fries,1
18375,chicken_tenders,1
18375,chicken_tenders,1
18376,fries,1
18377,fries,1
18377,fries,1
18378,fries,2
18379,fries,1
18380,chicken_tenders,1
18381,chicken_tenders,1
18382,chicken_tenders,1
18383,fries,1
18384,fries,1
18384,chicken_tenders,1
18385,fries,1
18386,chicken_tenders,1
18387,fries,1
18388,fries,1
18388,fries,1
18389,chicken_tenders,1
18390,chicken_tenders,2
18391,chicken_tenders,1
18392,fries,1
18392,fries,1
18393,chicken_tenders,1
18394,chicken_tenders,1
18394,fries,1
18395,chicken_tenders,1
18395,chicken_tenders,1
18396,chicken_tenders,1
18396,fries,1
18397,chicken_tenders,1
18398,chicken_tenders,2
18398,fries,1
18399,fries,1
18400,chicken_tenders,1
18400,fries,1
18401,chicken_tenders,1
18402,fries,1
18403,fries,2
18404,fries,1
18404,chicken_tenders,1
18405,chicken_tenders,1
18405,fries,2
18406,fries,1
18407,fries,1
18407,fries,1
18408,fries,1
18409,fries,1
18409,fries,1
18410,chicken_tenders,1
18411,chicken_tenders,1
18412,fries,1
18413,chicken_tenders,1
18414,fries,1
18414,chicken_tenders,1
18415,fries,1
18415,fries,1
18416,fries,1
18417,chicken_tenders,1
18418,chicken_tenders,1
18419,fries,1
18420,chicken_tenders,1
18420,chicken_tenders,1
18421,chicken_tenders,1
18422,fries,1
18423,fries,1
18424,fries,1
18425,chicken_tenders,1
18426,chicken_tenders,1
18427,fries,1
18428,chicken_tenders,1
18429,fries,1
18430,fries,2
18431,fries,1
18432,chicken_tenders,1
18433,fries,1
18434,fries,1
18435,chicken_tenders,1
18435,chicken_tenders,2
18436,fries,1
18437,fries,1
18438,fries,2
18439,fries,1
18440,fries,1
18440,chicken_tenders,1
18441,fries,1
18442,fries,1
18443,fries,1
18443,fries,1
18444,fries,1
18445,fries,1
18446,chicken_tenders,1
18447,chicken_tenders,1
18448,chicken_tenders,1
18448,chicken_tenders,1
18449,chicken_tenders,1
18450,fries,1
18451,fries,1
18452,fries,1
18453,chicken_tenders,1
18454,fries,1
18455,chicken_tenders,1
18456,fries,1
18456,fries,2
18457,hash_brown,1
18458,hash_brown,1
18459,hash_brown,1
18460,hash_brown,1
18461,hash_brown,1
18462,breakfast_wrap,1
18463,breakfast_wrap,1
18463,hash_brown,1
18464,hash_brown,1
18465,hash_brown,1
18466,breakfast_wrap,1
18467,hash_brown,1
18468,hash_brown,2
18469,breakfast_wrap,1
18470,breakfast_wrap,1
18470,hash_brown,1
18471,breakfast_wrap,1
18472,breakfast_wrap,1
18472,breakfast_wrap,1
18473,hash_brown,1
18474,breakfast_wrap,1
18475,breakfast_wrap,1
18475,hash_brown,1
18476,hash_brown,1
18477,breakfast_wrap,1
18477,hash_brown,1
18478,hash_brown,1
18479,hash_brown,1
18479,breakfast_wrap,1
18480,hash_brown,1
18481,hash_brown,1
18482,breakfast_wrap,1
18483,breakfast_wrap,1
18484,hash_brown,1
18484,breakfast_wrap,1
18485,hash_brown,1
18486,breakfast_wrap,1
18487,breakfast_wrap,1
18488,hash_brown,1
18489,breakfast_wrap,1
18489,breakfast_wrap,1
18490,hash_brown,1
18490,breakfast_wrap,1
18491,breakfast_wrap,1
18492,breakfast_wrap,1
18493,breakfast_wrap,1
18494,breakfast_wrap,1
18495,hash_brown,1
18495,hash_brown,1
18496,hash_brown,1
18496,hash_brown,1
18497,hash_brown,2
18498,breakfast_wrap,1
18499,breakfast_wrap,1
18500,breakfast_wrap,1
18500,breakfast_wrap,1
18501,breakfast_wrap,1
18502,breakfast_wrap,1
18503,breakfast_wrap,1
18504,breakfast_wrap,2
18505,breakfast_wrap,1
18506,hash_brown,1
18507,hash_brown,1
18508,breakfast_wrap,1
18509,breakfast_wrap,1
18509,hash_brown,1
18510,hash_brown,1
18511,hash_brown,1
18512,breakfast_wrap,1
18513,hash_brown,1
18513,breakfast_wrap,1
18514,breakfast_wrap,1
18514,hash_brown,1
18515,hash_brown,1
18515,breakfast_wrap,1
18516,breakfast_wrap,2
18517,breakfast_wrap,1
18517,breakfast_wrap,1
18518,breakfast_wrap,2
18519,breakfast_wrap,1
18519,breakfast_wrap,1
18520,breakfast_wrap,1
18521,breakfast_wrap,1
18522,breakfast_wrap,2
18523,hash_brown,1
18523,breakfast_wrap,1
18524,hash_brown,1
18525,breakfast_wrap,2
18525,hash_brown,1
18526,hash_brown,1
18527,breakfast_wrap,1
18528,hash_brown,1
18529,hash_brown,1
18530,hash_brown,1
18531,breakfast_wrap,1
18532,breakfast_wrap,1
18532,hash_brown,1
18533,breakfast_wrap,2
18534,hash_brown,1
18535,hash_brown,2
18536,hash_brown,1
18537,hash_brown,1
18537,breakfast_wrap,1
18538,hash_brown,1
18539,breakfast_wrap,1
18540,breakfast_wrap,1
18541,hash_brown,2
18542,fries,2
18542,fries,1
18543,fries,1
18544,chicken_tenders,2
18545,fries,1
18546,fries,1
18547,fries,1
18547,chicken_tenders,1
18548,fries,1
18549,chicken_tenders,2
18550,chicken_tenders,1
18551,chicken_tenders,1
18552,fries,1
18553,fries,1
18553,fries,1
18554,fries,1
18555,fries,1
18555,chicken_tenders,1
18556,fries,1
18557,fries,1
18558,chicken_tenders,1
18559,chicken_tenders,1
18560,fries,1
18560,fries,1
18561,chicken_tenders,1
18562,chicken_tenders,1
18563,fries,1
18564,fries,1
18565,chicken_tenders,1
18566,chicken_tenders,1
18567,fries,1
18567,fries,1
18568,fries,1
18568,fries,2
18569,fries,1
18569,fries,1
18570,chicken_tenders,1
18570,fries,1
18571,fries,1
18572,fries,1
18573,fries,2
18574,fries,1
18574,chicken_tenders,2
18575,fries,2
18575,chicken_tenders,1
18576,fries,1
18577,fries,1
18578,chicken_tenders,1
18578,fries,1
18579,chicken_tenders,1
18580,fries,1
18581,chicken_tenders,1
18582,chicken_tenders,1
18583,fries,1
18584,chicken_tenders,1
18585,fries,1
18586,fries,1
18586,chicken_tenders,1
18587,chicken_tenders,2
18587,fries,1
18588,chicken_tenders,2
18589,fries,1
18590,fries,1
18590,fries,1
18591,chicken_tenders,2
18592,chicken_tenders,1
18593,chicken_tenders,1
18594,fries,1
18594,chicken_tenders,2
18595,fries,2
18596,fries,1
18597,chicken_tenders,1
18598,fries,1
18599,chicken_tenders,1
18599,fries,1
18600,chicken_tenders,1
18600,fries,1
18601,chicken_tenders,1
18601,chicken_tenders,2
18602,fries,1
18603,fries,1
18603,chicken_tenders,1
18604,chicken_tenders,1
18604,chicken_tenders,1
18605,chicken_tenders,1
18606,fries,1
18607,fries,1
18607,fries,1
18608,fries,1
18609,chicken_tenders,1
18610,fries,1
18611,chicken_tenders,1
18612,chicken_tenders,1
18612,chicken_tenders,1
18613,fries,1
18613,fries,1
18614,chicken_tenders,1
18615,chicken_tenders,1
18616,fries,1
18617,fries,1
18618,chicken_tenders,1
18619,fries,1
18620,fries,1
18621,chicken_tenders,1
18622,fries,1
18623,fries,1
18623,chicken_tenders,1
18624,chicken_tenders,1
18625,fries,2
18626,fries,1
18627,chicken_tenders,1
18628,chicken_tenders,1
18629,fries,1
18630,fries,2
18631,chicken_tenders,1
18632,chicken_tenders,1
18633,fries,1
18634,fries,1
18634,chicken_tenders,1
18635,fries,1
18636,fries,2
18637,chicken_tenders,1
18637,fries,1
18638,fries,1
18639,fries,1
18640,chicken_tenders,1
18641,fries,1
18642,fries,1
18643,chicken_tenders,1
18644,fries,1
18644,fries,1
18645,chicken_tenders,1
18646,chicken_tenders,1
18646,chicken_tenders,1
18647,chicken_tenders,1
18648,chicken_tenders,1
18649,fries,1
18650,fries,1
18651,fries,1
18652,fries,1
18652,chicken_tenders,1
18653,fries,1
18654,chicken_tenders,2
18655,fries,1
18655,chicken_tenders,1
18656,chicken_tenders,1
18657,chicken_tenders,1
18657,chicken_tenders,1
18658,fries,1
18659,fries,1
18659,chicken_tenders,1
18660,chicken_tenders,2
18661,chicken_tenders,1
18662,fries,1
18663,chicken_tenders,1
18664,fries,2
18664,fries,1
18665,fries,1
18666,chicken_tenders,1
18667,fries,1
18668,chicken_tenders,1
18669,fries,1
18670,fries,1
18671,fries,1
18671,chicken_tenders,1
18672,chicken_tenders,1
18673,chicken_tenders,1
18674,chicken_tenders,1
18675,fries,1
18676,chicken_tenders,1
18677,chicken_tenders,1
18678,fries,1
18678,chicken_tenders,1
18679,chicken_tenders,1
18680,fries,1
18681,fries,1
18682,fries,2
18682,chicken_tenders,1
18683,chicken_tenders,1
18684,chicken_tenders,1
18685,fries,1
18686,fries,1
18687,fries,1
18688,chicken_tenders,1
18688,fries,1
18689,chicken_tenders,1
18690,chicken_tenders,1
18690,chicken_tenders,1
18691,chicken_tenders,2
18692,hash_brown,1
18693,hash_brown,1
18693,hash_brown,1
18694,hash_brown,1
18695,hash_brown,1
18695,hash_brown,1
18696,breakfast_wrap,2
18697,hash_brown,1
18698,hash_brown,2
18699,breakfast_wrap,1
18699,hash_brown,1
18700,hash_brown,1
18701,breakfast_wrap,1
18702,breakfast_wrap,1
18703,hash_brown,1
18704,breakfast_wrap,1
18705,hash_brown,1
18705,hash_brown,1
18706,hash_brown,1
18706,hash_brown,1
18707,breakfast_wrap,1
18708,breakfast_wrap,1
18709,breakfast_wrap,1
18710,breakfast_wrap,1
18710,hash_brown,1
18711,hash_brown,1
18712,breakfast_wrap,1
18712,breakfast_wrap,2
18713,breakfast_wrap,1
18713,breakfast_wrap,1
18714,hash_brown,1
18714,breakfast_wrap,2
18715,breakfast_wrap,1
18715,breakfast_wrap,1
18716,breakfast_wrap,1
18716,hash_brown,1
18717,breakfast_wrap,1
18718,hash_brown,1
18719,breakfast_wrap,1
18720,breakfast_wrap,1
18721,breakfast_wrap,1
18722,breakfast_wrap,1
18723,hash_brown,1
18724,breakfast_wrap,1
18725,hash_brown,1
18725,hash_brown,1
18726,hash_brown,2
18727,hash_brown,2
18727,hash_brown,1
18728,breakfast_wrap,1
18728,hash_brown,1
18729,hash_brown,1
18730,hash_brown,1
18731,breakfast_wrap,1
18731,breakfast_wrap,1
18732,breakfast_wrap,1
18733,hash_brown,1
18734,hash_brown,1
18734,breakfast_wrap,1
18735,breakfast_wrap,1
18736,hash_brown,2
18737,breakfast_wrap,1
18738,breakfast_wrap,1
18739,breakfast_wrap,1
18740,breakfast_wrap,1
18741,breakfast_wrap,1
18741,breakfast_wrap,1
18742,hash_brown,1
18743,hash_brown,1
18744,hash_brown,1
18744,hash_brown,1
18745,hash_brown,1
18745,hash_brown,1
18746,hash_brown,1
18746,hash_brown,1
18747,breakfast_wrap,1
18748,breakfast_wrap,1
18749,breakfast_wrap,1
18750,breakfast_wrap,1
18751,breakfast_wrap,1
18752,breakfast_wrap,2
18752,hash_brown,1
18753,breakfast_wrap,1
18754,breakfast_wrap,1
18755,breakfast_wrap,1
18756,hash_brown,1
18757,hash_brown,1
18757,breakfast_wrap,1
18758,hash_brown,1
18759,hash_brown,2
18760,hash_brown,1
18761,fries,2
18762,fries,1
18763,fries,1
18764,chicken_tenders,2
18765,fries,2
18765,fries,1
18766,fries,1
18766,chicken_tenders,1
18767,chicken_tenders,1
18768,chicken_tenders,1
18769,fries,1
18770,chicken_tenders,1
18771,fries,1
18771,chicken_tenders,1
18772,chicken_tenders,1
18772,fries,2
18773,chicken_tenders,1
18774,fries,1
18775,chicken_tenders,2
18775,fries,1
18776,chicken_tenders,1
18776,fries,1
18777,fries,1
18777,fries,1
18778,chicken_tenders,1
18779,fries,1
18779,fries,1
18780,fries,1
18780,fries,1
18781,fries,1
18782,fries,1
18782,chicken_tenders,1
18783,chicken_tenders,1
18784,chicken_tenders,1
18784,chicken_tenders,2
18785,chicken_tenders,2
18786,fries,1
18787,chicken_tenders,1
18787,chicken_tenders,1
18788,fries,1
18789,fries,1
18790,chicken_tenders,1
18790,chicken_tenders,1
18791,fries,1
18792,fries,1
18793,chicken_tenders,1
18793,chicken_tenders,1
18794,chicken_tenders,1
18794,fries,1
18795,chicken_tenders,1
18796,chicken_tenders,1
18796,chicken_tenders,1
18797,chicken_tenders,2
18798,chicken_tenders,2
18799,fries,1
18799,chicken_tenders,1
18800,chicken_tenders,1
18801,chicken_tenders,2
18802,fries,1
18802,chicken_tenders,1
18803,fries,2
18804,fries,1
18805,fries,1
18805,fries,1
18806,fries,1
18807,fries,1
18808,chicken_tenders,1
18809,fries,1
18810,fries,2
18811,fries,1
18811,fries,1
18812,chicken_tenders,1
18813,fries,1
18814,chicken_tenders,1
18815,chicken_tenders,1
18816,fries,1
18817,fries,1
18817,chicken_tenders,1
18818,fries,1
18819,fries,2
18820,chicken_tenders,1
18821,fries,1
18822,chicken_tenders,1
18822,fries,1
18823,chicken_tenders,1
18824,chicken_tenders,1
18825,fries,1
18825,chicken_tenders,1
18826,fries,1
18827,fries,1
18828,fries,1
18829,chicken_tenders,1
18829,fries,2
18830,fries,1
18831,chicken_tenders,1
18832,fries,1
18832,chicken_tenders,1
18833,fries,1
18833,chicken_tenders,1
18834,chicken_tenders,1
18835,fries,1
18836,fries,1
18837,chicken_tenders,1
18837,fries,1
18838,chicken_tenders,1
18839,fries,1
18840,chicken_tenders,1
18841,chicken_tenders,2
18842,chicken_tenders,2
18843,fries,2
18844,chicken_tenders,1
18845,chicken_tenders,1
18845,fries,2
18846,chicken_tenders,1
18847,fries,1
18848,fries,1
18848,fries,1
18849,chicken_tenders,1
18850,chicken_tenders,1
18851,chicken_tenders,2
18852,chicken_tenders,1
18852,chicken_tenders,1
18853,chicken_tenders,1
18854,fries,1
18855,chicken_tenders,2
18855,chicken_tenders,1
18856,chicken_tenders,1
18856,chicken_tenders,1
18857,fries,2
18858,fries,1
18859,chicken_tenders,1
18860,chicken_tenders,1
18860,fries,1
18861,chicken_tenders,1
18862,chicken_tenders,2
18863,chicken_tenders,1
18864,chicken_tenders,1
18864,fries,1
18865,chicken_tenders,1
18866,fries,1
18867,chicken_tenders,1
18868,chicken_tenders,2
18868,chicken_tenders,1
18869,chicken_tenders,1
18869,chicken_tenders,1
18870,chicken_tenders,1
18871,chicken_tenders,1
18872,fries,2
18872,fries,2
18873,fries,1
18874,chicken_tenders,1
18875,fries,1
18876,chicken_tenders,1
18876,fries,1
18877,fries,1
18878,chicken_tenders,1
18879,fries,1
18880,chicken_tenders,2
18880,chicken_tenders,1
18881,chicken_tenders,1
18881,fries,1
18882,fries,1
18883,chicken_tenders,1
18884,fries,1
18884,fries,1
18885,fries,1
18886,chicken_tenders,1
18886,fries,1
18887,fries,1
18888,fries,2
18889,fries,1
18890,fries,1
18891,fries,2
18892,fries,1
18892,fries,1
18893,chicken_tenders,1
18894,fries,1
18895,fries,1
18895,chicken_tenders,1
18896,fries,1
18897,fries,2
18897,chicken_tenders,1
18898,chicken_tenders,2
18899,fries,1
18900,fries,2
18901,fries,1
18901,fries,1
18902,fries,1
18903,fries,1
18904,fries,1
18905,fries,1
18905,chicken_tenders,1
18906,chicken_tenders,1
18907,fries,1
18908,fries,2
18908,chicken_tenders,1
18909,chicken_tenders,1
18910,fries,1
18911,fries,1
18912,fries,1
18913,chicken_tenders,1
18914,fries,1
18915,fries,1
18916,fries,1
18917,fries,1
18918,fries,1
18919,fries,2
18920,chicken_tenders,1
18920,fries,1
18921,fries,1
18922,chicken_tenders,1
18923,chicken_tenders,1
18924,fries,2
18925,fries,1
18926,fries,1
18926,chicken_tenders,1
18927,chicken_tenders,1
18927,fries,1
18928,hash_brown,1
18929,hash_brown,1
18930,hash_brown,1
18930,breakfast_wrap,1
18931,breakfast_wrap,1
18931,hash_brown,1
18932,hash_brown,1
18933,breakfast_wrap,1
18934,hash_brown,1
18934,hash_brown,1
18935,breakfast_wrap,1
18936,breakfast_wrap,1
18937,hash_brown,1
18937,breakfast_wrap,1
18938,hash_brown,2
18939,hash_brown,2
18940,hash_brown,1
18941,breakfast_wrap,1
18942,breakfast_wrap,1
18943,hash_brown,1
18944,hash_brown,1
18945,hash_brown,1
18946,hash_brown,1
18947,hash_brown,1
18948,hash_brown,1
18948,breakfast_wrap,1
18949,breakfast_wrap,1
18949,breakfast_wrap,1
18950,hash_brown,1
18951,hash_brown,1
18951,breakfast_wrap,1
18952,hash_brown,1
18953,hash_brown,1
18954,breakfast_wrap,2
18955,hash_brown,2
18956,hash_brown,1
18957,hash_brown,1
18958,breakfast_wrap,1
18959,breakfast_wrap,2
18960,breakfast_wrap,1
18961,hash_brown,1
18962,breakfast_wrap,1
18963,breakfast_wrap,1
18963,breakfast_wrap,1
18964,hash_brown,1
18965,breakfast_wrap,1
18966,hash_brown,1
18967,breakfast_wrap,1
18967,breakfast_wrap,1
18968,breakfast_wrap,1
18969,breakfast_wrap,1
18969,breakfast_wrap,1
18970,breakfast_wrap,2
18971,breakfast_wrap,1
18972,breakfast_wrap,1
18973,breakfast_wrap,1
18973,breakfast_wrap,1
18974,breakfast_wrap,1
18975,hash_brown,1
18976,breakfast_wrap,1
18976,breakfast_wrap,1
18977,hash_brown,1
18978,breakfast_wrap,1
18979,breakfast_wrap,1
18980,breakfast_wrap,1
18981,hash_brown,1
18982,breakfast_wrap,1
18982,breakfast_wrap,1
18983,breakfast_wrap,2
18983,breakfast_wrap,1
18984,breakfast_wrap,1
18985,hash_brown,1
18985,breakfast_wrap,1
18986,hash_brown,1
18987,hash_brown,1
18988,breakfast_wrap,2
18989,breakfast_wrap,1
18989,breakfast_wrap,1
18990,breakfast_wrap,1
18991,hash_brown,1
18992,breakfast_wrap,1
18992,hash_brown,1
18993,hash_brown,1
18993,hash_brown,1
18994,hash_brown,2
18995,breakfast_wrap,1
18996,hash_brown,1
18997,hash_brown,2
18998,breakfast_wrap,1
18999,hash_brown,1
18999,breakfast_wrap,1
19000,breakfast_wrap,1
19001,hash_brown,2
19002,hash_brown,1
19002,breakfast_wrap,1
19003,hash_brown,1
19003,breakfast_wrap,1
19004,hash_brown,1
19004,breakfast_wrap,1
19005,hash_brown,1
19006,hash_brown,1
19007,breakfast_wrap,2
19007,hash_brown,1
19008,chicken_tenders,2
19009,fries,2
19010,fries,1
19011,fries,1
19012,fries,1
19013,chicken_tenders,1
19013,fries,1
19014,fries,1
19014,chicken_tenders,2
19015,chicken_tenders,1
19016,chicken_tenders,1
19016,fries,1
19017,chicken_tenders,1
19017,chicken_tenders,1
19018,chicken_tenders,1
19019,chicken_tenders,1
19020,chicken_tenders,1
19020,fries,1
19021,chicken_tenders,1
19021,chicken_tenders,1
19022,chicken_tenders,2
19023,chicken_tenders,1
19024,chicken_tenders,1
19024,fries,1
19025,chicken_tenders,1
19026,fries,1
19027,fries,2
19027,fries,1
19028,fries,1
19029,chicken_tenders,1
19030,fries,1
19031,fries,1
19032,chicken_tenders,1
19033,chicken_tenders,1
19034,fries,2
19034,chicken_tenders,1
19035,fries,2
19035,fries,1
19036,chicken_tenders,1
19036,chicken_tenders,2
19037,fries,1
19038,chicken_tenders,1
19038,chicken_tenders,1
19039,fries,2
19040,chicken_tenders,1
19040,fries,1
19041,chicken_tenders,1
19042,fries,1
19043,fries,1
19043,chicken_tenders,1
19044,fries,2
19045,chicken_tenders,2
19046,chicken_tenders,1
19046,fries,1
19047,chicken_tenders,1
19048,chicken_tenders,2
19049,fries,1
19050,fries,1
19050,fries,1
19051,chicken_tenders,1
19051,chicken_tenders,1
19052,fries,1
19052,chicken_tenders,2
19053,fries,1
19054,chicken_tenders,1
19055,chicken_tenders,1
19056,fries,1
19056,fries,1
19057,fries,1
19058,fries,1
19059,fries,1
19060,fries,1
19061,chicken_tenders,1
19062,chicken_tenders,1
19063,chicken_tenders,1
19064,chicken_tenders,1
19065,chicken_tenders,1
19066,chicken_tenders,1
19067,fries,1
19068,chicken_tenders,1
19068,chicken_tenders,1
19069,fries,1
19069,chicken_tenders,1
19070,fries,1
19070,chicken_tenders,1
19071,fries,1
19072,fries,2
19072,chicken_tenders,1
19073,fries,1
19074,fries,1
19075,chicken_tenders,1
19075,fries,1
19076,chicken_tenders,1
19077,chicken_tenders,1
19078,fries,1
19079,fries,2
19079,chicken_tenders,1
19080,chicken_tenders,1
19081,fries,1
19081,chicken_tenders,1
19082,fries,1
19083,chicken_tenders,1
19083,fries,2
19084,chicken_tenders,1
19085,chicken_tenders,1
19086,chicken_tenders,1
19086,fries,2
19087,chicken_tenders,1
19088,chicken_tenders,1
19088,fries,1
19089,fries,1
19090,fries,2
19091,chicken_tenders,1
19092,fries,1
19093,fries,1
19094,chicken_tenders,1
19095,chicken_tenders,1
19095,chicken_tenders,1
19096,fries,1
19097,chicken_tenders,2
19098,fries,1
19098,chicken_tenders,1
19099,fries,1
19100,chicken_tenders,1
19101,chicken_tenders,1
19102,chicken_tenders,1
19103,chicken_tenders,1
19103,fries,1
19104,chicken_tenders,1
19104,fries,1
19105,chicken_tenders,1
19106,chicken_tenders,1
19107,chicken_tenders,1
19108,chicken_tenders,1
19109,fries,1
19109,fries,1
19110,chicken_tenders,1
19111,fries,1
19111,fries,2
19112,chicken_tenders,1
19113,chicken_tenders,1
19113,fries,2
19114,chicken_tenders,1
19114,fries,1
19115,chicken_tenders,1
19116,fries,1
19116,chicken_tenders,1
19117,fries,1
19118,chicken_tenders,1
19119,fries,2
19120,chicken_tenders,2
19120,chicken_tenders,1
19121,chicken_tenders,1
19122,chicken_tenders,1
19122,fries,1
19123,fries,2
19124,chicken_tenders,1
19125,fries,1
19126,fries,1
19127,chicken_tenders,2
19127,fries,1
19128,fries,2
19129,fries,1
19130,chicken_tenders,1
19130,fries,2
19131,fries,1
19132,chicken_tenders,1
19133,fries,2
19133,chicken_tenders,1
19134,chicken_tenders,1
19134,chicken_tenders,1
19135,fries,2
19136,chicken_tenders,1
19137,fries,1
19138,fries,1
19139,chicken_tenders,1
19140,fries,1
19141,fries,1
19142,chicken_tenders,1
19142,chicken_tenders,1
19143,fries,1
19144,chicken_tenders,2
19145,chicken_tenders,1
19146,chicken_tenders,2
19146,fries,1
19147,chicken_tenders,1
19148,chicken_tenders,1
19149,fries,1
19150,fries,1
19151,chicken_tenders,1
19151,chicken_tenders,1
19152,fries,1
19152,fries,1
19153,chicken_tenders,1
19153,chicken_tenders,1
19154,fries,1
19154,chicken_tenders,1
19155,fries,1
19156,chicken_tenders,1
19156,chicken_tenders,1
19157,fries,1
19158,chicken_tenders,1
19159,fries,1
19160,fries,1
19161,chicken_tenders,1
19162,chicken_tenders,1
19163,chicken_tenders,1
19164,fries,1
19165,chicken_tenders,1
19165,fries,2
19166,fries,1
19167,chicken_tenders,2
19168,chicken_tenders,1
19168,fries,2
19169,fries,1
19170,fries,2
19171,chicken_tenders,1
19172,fries,1
19172,chicken_tenders,1
19173,fries,2
19174,chicken_tenders,1
19175,fries,1
19176,chicken_tenders,1
19177,chicken_tenders,2
19178,chicken_tenders,1
19179,chicken_tenders,1
19180,chicken_tenders,1
19181,fries,1
19182,fries,1
19183,fries,1
19183,fries,1
19184,chicken_tenders,2
19184,fries,1
19185,fries,2
19186,fries,1
19187,fries,1
19188,fries,2
19189,breakfast_wrap,1
19190,breakfast_wrap,1
19191,breakfast_wrap,1
19191,breakfast_wrap,1
19192,breakfast_wrap,1
19193,breakfast_wrap,1
19194,hash_brown,2
19194,hash_brown,1
19195,breakfast_wrap,1
19196,hash_brown,1
19197,hash_brown,1
19197,breakfast_wrap,1
19198,hash_brown,2
19198,hash_brown,2
19199,hash_brown,1
19200,breakfast_wrap,1
19201,hash_brown,1
19202,hash_brown,1
19202,hash_brown,1
19203,hash_brown,2
19204,breakfast_wrap,1
19205,hash_brown,1
19206,breakfast_wrap,2
19207,hash_brown,1
19208,breakfast_wrap,1
19208,breakfast_wrap,2
19209,hash_brown,1
19210,hash_brown,1
19210,breakfast_wrap,1
19211,hash_brown,1
19211,breakfast_wrap,1
19212,breakfast_wrap,1
19213,hash_brown,1
19214,breakfast_wrap,1
19215,hash_brown,1
19216,hash_brown,1
19217,breakfast_wrap,1
19218,hash_brown,1
19218,breakfast_wrap,1
19219,hash_brown,2
19219,hash_brown,1
19220,breakfast_wrap,1
19221,breakfast_wrap,1
19222,breakfast_wrap,1
19223,hash_brown,1
19224,hash_brown,2
19225,breakfast_wrap,1
19226,breakfast_wrap,2
19227,hash_brown,2
19228,breakfast_wrap,1
19229,breakfast_wrap,1
19229,hash_brown,1
19230,breakfast_wrap,1
19231,breakfast_wrap,1
19232,hash_brown,1
19233,breakfast_wrap,1
19234,hash_brown,1
19234,hash_brown,1
19235,breakfast_wrap,1
19236,breakfast_wrap,1
19237,breakfast_wrap,1
19238,hash_brown,1
19239,hash_brown,1
19240,breakfast_wrap,1
19240,breakfast_wrap,1
19241,hash_brown,1
19242,hash_brown,1
19243,breakfast_wrap,1
19244,hash_brown,1
19245,hash_brown,1
19246,breakfast_wrap,1
19247,breakfast_wrap,1
19248,breakfast_wrap,1
19249,breakfast_wrap,1
19250,hash_brown,1
19250,breakfast_wrap,1
19251,breakfast_wrap,1
19252,hash_brown,1
19253,breakfast_wrap,1
19253,hash_brown,1
19254,breakfast_wrap,1
19255,breakfast_wrap,1
19256,breakfast_wrap,1
19257,hash_brown,1
19257,hash_brown,1
19258,breakfast_wrap,1
19259,hash_brown,2
19259,breakfast_wrap,1
19260,hash_brown,1
19261,hash_brown,1
19262,breakfast_wrap,1
19263,breakfast_wrap,1
19264,breakfast_wrap,1
19264,hash_brown,1
19265,breakfast_wrap,1
19266,breakfast_wrap,2
19267,breakfast_wrap,1
19268,breakfast_wrap,2
19269,hash_brown,2
19269,breakfast_wrap,1
19270,breakfast_wrap,2
19271,hash_brown,1
19272,breakfast_wrap,1
19272,breakfast_wrap,1
19273,breakfast_wrap,1
19274,fries,1
19275,fries,1
19276,chicken_tenders,1
19277,chicken_tenders,2
19278,fries,2
19279,fries,1
19280,chicken_tenders,1
19281,fries,1
19282,chicken_tenders,1
19283,chicken_tenders,1
19284,chicken_tenders,1
19285,fries,1
19286,fries,1
19286,fries,1
19287,chicken_tenders,1
19287,fries,1
19288,fries,1
19289,fries,1
19290,fries,1
19291,fries,2
19291,fries,2
19292,fries,1
19293,fries,1
19294,chicken_tenders,1
19295,fries,1
19295,chicken_tenders,1
19296,fries,1
19297,fries,1
19298,chicken_tenders,2
19299,fries,1
19300,chicken_tenders,1
19301,fries,1
19301,chicken_tenders,1
19302,chicken_tenders,1
19302,fries,1
19303,chicken_tenders,1
19303,fries,1
19304,chicken_tenders,1
19305,chicken_tenders,1
19306,chicken_tenders,1
19307,chicken_tenders,1
19307,fries,1
19308,fries,1
19309,fries,1
19309,chicken_tenders,1
19310,fries,1
19311,chicken_tenders,1
19311,fries,1
19312,fries,1
19312,chicken_tenders,1
19313,chicken_tenders,1
19314,fries,1
19315,fries,1
19316,fries,1
19317,fries,2
19318,chicken_tenders,1
19319,fries,1
19319,fries,1
19320,fries,1
19320,chicken_tenders,2
19321,fries,1
19321,chicken_tenders,1
19322,fries,1
19322,fries,1
19323,fries,1
19323,fries,2
19324,chicken_tenders,1
19325,chicken_tenders,1
19326,chicken_tenders,1
19327,chicken_tenders,1
19328,fries,2
19329,chicken_tenders,1
19330,fries,2
19331,fries,1
19332,chicken_tenders,1
19333,fries,1
19333,chicken_tenders,1
19334,chicken_tenders,2
19334,chicken_tenders,1
19335,chicken_tenders,1
19336,fries,1
19336,chicken_tenders,1
19337,fries,2
19338,fries,2
19338,fries,1
19339,fries,1
19339,fries,2
19340,fries,1
19341,chicken_tenders,1
19341,fries,1
19342,fries,1
19342,fries,1
19343,fries,1
19343,chicken_tenders,1
19344,chicken_tenders,1
19345,fries,1
19346,chicken_tenders,1
19346,chicken_tenders,1
19347,chicken_tenders,1
19348,chicken_tenders,1
19348,fries,1
19349,fries,1
19350,chicken_tenders,1
19351,fries,1
19352,fries,1
19353,fries,1
19353,fries,1
19354,chicken_tenders,1
19355,fries,1
19355,chicken_tenders,1
19356,fries,1
19356,fries,1
19357,fries,1
19358,fries,1
19358,fries,1
19359,fries,1
19360,chicken_tenders,1
19361,chicken_tenders,1
19361,fries,1
19362,chicken_tenders,1
19363,chicken_tenders,1
19364,chicken_tenders,1
19365,fries,1
19366,chicken_tenders,1
19367,chicken_tenders,1
19367,chicken_tenders,1
19368,fries,1
19369,fries,1
19370,fries,1
19371,chicken_tenders,1
19371,fries,1
19372,fries,1
19372,chicken_tenders,2
19373,fries,2
19374,fries,1
19374,chicken_tenders,1
19375,fries,1
19375,fries,1
19376,fries,2
19376,chicken_tenders,1
19377,fries,1
19378,chicken_tenders,1
19379,chicken_tenders,1
19380,chicken_tenders,1
19380,fries,1
19381,chicken_tenders,1
19381,fries,2
19382,fries,1
19383,fries,2
19384,chicken_tenders,1
19384,fries,2
19385,chicken_tenders,1
19386,fries,1
19387,chicken_tenders,1
19388,fries,1
19389,fries,1
19390,chicken_tenders,2
19391,chicken_tenders,2
19392,fries,2
19393,fries,1
19394,fries,1
19395,fries,1
19396,fries,1
19397,fries,2
19398,chicken_tenders,1
19399,chicken_tenders,1
19399,chicken_tenders,2
19400,chicken_tenders,1
19401,fries,1
19402,chicken_tenders,1
19403,fries,1
19404,fries,1
19404,fries,1
19405,chicken_tenders,1
19406,chicken_tenders,2
19406,fries,2
19407,fries,1
19408,fries,1
19408,fries,1
19409,fries,1
19410,chicken_tenders,1
19410,chicken_tenders,1
19411,chicken_tenders,1
19412,fries,1
19413,chicken_tenders,1
19414,chicken_tenders,1
19415,fries,1
19416,fries,2
19416,fries,1
19417,fries,1
19418,chicken_tenders,1
19419,chicken_tenders,1
19420,fries,1
19421,chicken_tenders,1
19422,chicken_tenders,1
19422,chicken_tenders,1
19423,fries,1
19423,chicken_tenders,1
19424,chicken_tenders,1
19425,chicken_tenders,1
19426,chicken_tenders,1
19427,chicken_tenders,2
19427,fries,2
19428,chicken_tenders,1
19429,fries,1
19430,fries,2
19430,chicken_tenders,1
19431,fries,1
19431,chicken_tenders,1
19432,chicken_tenders,1
19433,fries,1
19434,chicken_tenders,2
19435,chicken_tenders,2
19436,fries,1
19436,fries,1
19437,fries,1
19438,chicken_tenders,1
19438,fries,1
19439,fries,1
19440,chicken_tenders,1
19440,chicken_tenders,1
19441,fries,1
19441,chicken_tenders,1
19442,chicken_tenders,1
19443,chicken_tenders,1
19444,chicken_tenders,1
19445,breakfast_wrap,1
19446,hash_brown,1
19446,hash_brown,1
19447,hash_brown,1
19448,hash_brown,1
19449,breakfast_wrap,2
19450,breakfast_wrap,1
19451,hash_brown,1
19452,hash_brown,1
19453,hash_brown,2
19453,hash_brown,1
19454,hash_brown,1
19454,breakfast_wrap,1
19455,hash_brown,1
19456,hash_brown,2
19457,breakfast_wrap,1
19458,breakfast_wrap,1
19459,hash_brown,1
19460,hash_brown,1
19461,breakfast_wrap,2
19461,breakfast_wrap,1
19462,breakfast_wrap,1
19463,hash_brown,1
19464,breakfast_wrap,1
19465,hash_brown,1
19466,hash_brown,1
19467,breakfast_wrap,1
19468,hash_brown,1
19468,breakfast_wrap,1
19469,breakfast_wrap,1
19470,hash_brown,1
19471,breakfast_wrap,2
19472,breakfast_wrap,2
19473,hash_brown,1
19474,breakfast_wrap,1
19475,breakfast_wrap,1
19475,hash_brown,2
19476,breakfast_wrap,1
19476,breakfast_wrap,1
19477,hash_brown,1
19478,hash_brown,1
19479,breakfast_wrap,1
19479,hash_brown,2
19480,breakfast_wrap,1
19481,breakfast_wrap,1
19481,breakfast_wrap,1
19482,hash_brown,1
19483,hash_brown,1
19484,breakfast_wrap,1
19484,breakfast_wrap,1
19485,hash_brown,1
19486,hash_brown,2
19486,hash_brown,1
19487,hash_brown,1
19487,breakfast_wrap,1
19488,breakfast_wrap,1
19489,breakfast_wrap,2
19489,hash_brown,1
19490,breakfast_wrap,2
19491,hash_brown,1
19492,breakfast_wrap,1
19493,breakfast_wrap,1
19494,breakfast_wrap,1
19495,hash_brown,2
19495,breakfast_wrap,1
19496,hash_brown,1
19496,hash_brown,1
19497,hash_brown,1
19498,hash_brown,1
19499,hash_brown,2
19500,hash_brown,1
19501,hash_brown,1
19502,hash_brown,1
19503,breakfast_wrap,2
19504,hash_brown,1
19505,breakfast_wrap,1
19506,breakfast_wrap,1
19506,breakfast_wrap,1
19507,hash_brown,1
19508,hash_brown,2
19509,breakfast_wrap,2
19510,breakfast_wrap,1
19510,hash_brown,2
19511,hash_brown,1
19512,hash_brown,1
19513,breakfast_wrap,1
19514,chicken_tenders,1
19515,chicken_tenders,1
19516,chicken_tenders,1
19516,chicken_tenders,1
19517,fries,1
19518,fries,1
19519,chicken_tenders,1
19520,fries,1
19520,fries,1
19521,fries,1
19522,chicken_tenders,1
19522,chicken_tenders,1
19523,chicken_tenders,1
19524,fries,1
19524,fries,1
19525,chicken_tenders,2
19526,fries,1
19527,chicken_tenders,1
19527,fries,1
19528,fries,1
19529,fries,1
19529,fries,2
19530,chicken_tenders,1
19531,fries,1
19532,fries,1
19533,fries,2
19534,fries,1
19534,chicken_tenders,1
19535,chicken_tenders,1
19535,chicken_tenders,1
19536,chicken_tenders,1
19536,chicken_tenders,2
19537,fries,1
19538,fries,1
19538,fries,1
19539,chicken_tenders,1
19540,fries,2
19541,fries,1
19542,fries,1
19543,chicken_tenders,1
19543,fries,1
19544,fries,1
19544,chicken_tenders,1
19545,fries,2
19545,fries,2
19546,chicken_tenders,1
19547,chicken_tenders,1
19548,chicken_tenders,1
19548,chicken_tenders,1
19549,chicken_tenders,1
19550,fries,1
19551,fries,1
19551,fries,1
19552,fries,1
19552,fries,1
19553,chicken_tenders,1
19553,chicken_tenders,1
19554,chicken_tenders,1
19555,fries,1
19556,chicken_tenders,1
19556,chicken_tenders,1
19557,chicken_tenders,1
19557,fries,1
19558,chicken_tenders,2
19558,chicken_tenders,1
19559,chicken_tenders,2
19559,fries,2
19560,fries,2
19560,chicken_tenders,1
19561,fries,1
19562,fries,1
19562,fries,1
19563,chicken_tenders,1
19564,chicken_tenders,1
19565,fries,1
19566,chicken_tenders,1
19566,fries,1
19567,fries,1
19567,chicken_tenders,1
19568,chicken_tenders,1
19569,fries,1
19569,fries,2
19570,fries,2
19571,chicken_tenders,1
19572,chicken_tenders,1
19573,fries,1
19573,fries,1
19574,fries,1
19574,chicken_tenders,1
19575,fries,1
19576,fries,1
19577,fries,1
19578,chicken_tenders,1
19579,fries,1
19580,chicken_tenders,1
19581,chicken_tenders,1
19582,chicken_tenders,1
19582,chicken_tenders,1
19583,fries,2
19584,fries,1
19584,fries,1
19585,fries,1
19585,chicken_tenders,1
19586,chicken_tenders,1
19587,fries,1
19588,fries,1
19588,chicken_tenders,1
19589,fries,1
19590,fries,1
19591,chicken_tenders,1
19592,fries,1
19592,fries,2
19593,fries,2
19593,fries,1
19594,fries,1
19595,fries,2
19596,fries,1
19597,chicken_tenders,1
19598,chicken_tenders,1
19598,chicken_tenders,1
19599,fries,1
19600,chicken_tenders,2
19600,chicken_tenders,1
19601,chicken_tenders,1
19602,chicken_tenders,1
19603,fries,2
19603,chicken_tenders,1
19604,fries,2
19605,fries,1
19605,fries,1
19606,fries,1
19607,chicken_tenders,1
19608,fries,1
19609,fries,1
19610,fries,1
19610,chicken_tenders,1
19611,fries,2
19612,chicken_tenders,1
19613,chicken_tenders,1
19614,chicken_tenders,1
19614,chicken_tenders,1
19615,fries,1
19615,fries,1
19616,chicken_tenders,1
19616,chicken_tenders,1
19617,fries,1
19618,fries,1
19619,chicken_tenders,1
19620,chicken_tenders,1
19620,fries,1
19621,chicken_tenders,1
19622,fries,2
19622,chicken_tenders,1
19623,chicken_tenders,1
19624,fries,1
19625,chicken_tenders,1
19626,fries,1
19626,chicken_tenders,1
19627,chicken_tenders,1
19628,chicken_tenders,1
19629,chicken_tenders,1
19629,fries,1
19630,chicken_tenders,1
19631,fries,1
19632,chicken_tenders,1
19632,chicken_tenders,1
19633,fries,1
19634,fries,1
19635,chicken_tenders,1
19635,fries,1
19636,fries,1
19636,fries,2
19637,chicken_tenders,1
19638,fries,1
19639,fries,1
19640,chicken_tenders,1
19641,chicken_tenders,1
19642,chicken_tenders,1
19642,fries,1
19643,chicken_tenders,2
19644,chicken_tenders,1
19645,fries,1
19646,chicken_tenders,1
19646,chicken_tenders,1
19647,chicken_tenders,1
19647,chicken_tenders,1
19648,chicken_tenders,1
19649,chicken_tenders,1
19650,fries,1
19651,chicken_tenders,1
19651,chicken_tenders,1
19652,fries,1
19653,fries,1
19654,chicken_tenders,2
19655,chicken_tenders,1
19655,fries,1
19656,fries,1
19657,chicken_tenders,1
19658,fries,1
19659,fries,1
19660,chicken_tenders,1
19661,fries,1
19662,fries,2
19663,fries,1
19664,fries,1
19664,fries,1
19665,chicken_tenders,1
19666,fries,1
19666,chicken_tenders,1
19667,chicken_tenders,2
19668,fries,1
19669,chicken_tenders,1
19670,fries,1
19671,fries,1
19671,fries,1
19672,chicken_tenders,1
19673,breakfast_wrap,1
19673,hash_brown,1
19674,hash_brown,1
19675,hash_brown,1
19676,breakfast_wrap,2
19677,hash_brown,1
19678,breakfast_wrap,1
19679,hash_brown,1
19680,hash_brown,1
19680,breakfast_wrap,1
19681,hash_brown,1
19682,breakfast_wrap,1
19683,hash_brown,1
19684,hash_brown,1
19685,hash_brown,1
19685,breakfast_wrap,1
19686,breakfast_wrap,1
19686,hash_brown,1
19687,breakfast_wrap,1
19688,breakfast_wrap,1
19688,hash_brown,1
19689,breakfast_wrap,1
19690,breakfast_wrap,1
19691,breakfast_wrap,1
19692,breakfast_wrap,1
19693,hash_brown,1
19693,hash_brown,1
19694,breakfast_wrap,1
19694,hash_brown,2
19695,hash_brown,1
19695,breakfast_wrap,1
19696,hash_brown,1
19697,breakfast_wrap,2
19698,hash_brown,1
19698,breakfast_wrap,1
19699,breakfast_wrap,1
19700,breakfast_wrap,1
19700,breakfast_wrap,1
19701,hash_brown,1
19702,hash_brown,1
19703,hash_brown,1
19704,hash_brown,2
19705,hash_brown,1
19706,breakfast_wrap,1
19707,breakfast_wrap,1
19708,hash_brown,1
19709,hash_brown,1
19710,hash_brown,1
19711,hash_brown,1
19711,hash_brown,1
19712,hash_brown,2
19713,hash_brown,2
19714,breakfast_wrap,1
19715,hash_brown,1
19715,hash_brown,1
19716,hash_brown,1
19717,hash_brown,1
19718,breakfast_wrap,1
19718,breakfast_wrap,1
19719,hash_brown,1
19719,hash_brown,1
19720,breakfast_wrap,1
19721,breakfast_wrap,1
19721,breakfast_wrap,1
19722,hash_brown,1
19723,breakfast_wrap,2
19724,hash_brown,2
19725,hash_brown,1
19726,breakfast_wrap,1
19727,hash_brown,2
19728,breakfast_wrap,1
19728,breakfast_wrap,1
19729,breakfast_wrap,2
19729,breakfast_wrap,1
19730,breakfast_wrap,1
19731,breakfast_wrap,1
19731,hash_brown,2
19732,hash_brown,1
19733,breakfast_wrap,1
19734,breakfast_wrap,1
19735,breakfast_wrap,1
19736,hash_brown,1
19737,breakfast_wrap,1
19737,breakfast_wrap,1
19738,breakfast_wrap,1
19739,hash_brown,1
19740,breakfast_wrap,1
19740,hash_brown,1
19741,breakfast_wrap,1
19741,breakfast_wrap,1
19742,breakfast_wrap,1
19743,breakfast_wrap,1
19744,hash_brown,1
19745,chicken_tenders,1
19745,chicken_tenders,1
19746,chicken_tenders,1
19747,fries,1
19748,chicken_tenders,1
19748,chicken_tenders,1
19749,chicken_tenders,1
19750,fries,1
19751,chicken_tenders,1
19751,chicken_tenders,1
19752,chicken_tenders,1
19753,fries,1
19754,chicken_tenders,1
19755,fries,1
19756,chicken_tenders,1
19757,chicken_tenders,1
19758,chicken_tenders,1
19759,chicken_tenders,1
19760,chicken_tenders,1
19761,fries,1
19762,fries,1
19763,chicken_tenders,1
19764,chicken_tenders,1
19764,chicken_tenders,2
19765,chicken_tenders,2
19766,chicken_tenders,1
19767,fries,1
19768,fries,1
19769,fries,1
19770,fries,1
19771,fries,1
19772,fries,1
19773,chicken_tenders,2
19774,fries,1
19775,fries,1
19776,chicken_tenders,2
19777,chicken_tenders,1
19777,fries,2
19778,fries,1
19779,fries,1
19780,chicken_tenders,1
19781,chicken_tenders,2
19781,chicken_tenders,1
19782,chicken_tenders,1
19783,fries,1
19784,chicken_tenders,1
19785,fries,1
19786,fries,2
19787,chicken_tenders,1
19787,chicken_tenders,1
19788,chicken_tenders,1
19788,chicken_tenders,1
19789,chicken_tenders,1
19790,fries,2
19791,fries,1
19792,chicken_tenders,1
19792,fries,2
19793,fries,1
19793,fries,1
19794,fries,1
19795,chicken_tenders,1
19796,fries,1
19797,fries,1
19797,fries,1
19798,fries,1
19799,fries,1
19799,fries,1
19800,fries,1
19801,chicken_tenders,1
19802,chicken_tenders,1
19802,chicken_tenders,1
19803,fries,1
19803,chicken_tenders,1
19804,chicken_tenders,1
19805,chicken_tenders,1
19806,fries,1
19806,chicken_tenders,2
19807,chicken_tenders,1
19808,fries,1
19808,chicken_tenders,1
19809,chicken_tenders,1
19810,chicken_tenders,1
19810,fries,1
19811,chicken_tenders,1
19812,chicken_tenders,1
19813,chicken_tenders,2
19814,fries,1
19815,chicken_tenders,2
19815,fries,2
19816,chicken_tenders,2
19817,fries,1
19818,fries,1
19819,chicken_tenders,1
19820,fries,1
19821,fries,1
19822,fries,2
19823,fries,1
19823,fries,1
19824,fries,2
19825,chicken_tenders,1
19826,fries,1
19827,chicken_tenders,1
19828,fries,1
19828,chicken_tenders,1
19829,fries,1
19830,fries,1
19830,chicken_tenders,1
19831,fries,1
19832,chicken_tenders,1
19833,chicken_tenders,1
19833,fries,2
19834,fries,1
19835,fries,1
19836,chicken_tenders,1
19836,fries,1
19837,fries,1
19838,chicken_tenders,1
19838,chicken_tenders,1
19839,fries,1
19840,chicken_tenders,1
19840,fries,1
19841,chicken_tenders,1
19842,fries,1
19843,chicken_tenders,1
19843,chicken_tenders,1
19844,fries,1
19845,fries,2
19846,chicken_tenders,1
19846,fries,1
19847,chicken_tenders,1
19848,fries,2
19849,chicken_tenders,1
19849,fries,1
19850,chicken_tenders,1
19851,fries,1
19852,chicken_tenders,1
19852,fries,1
19853,chicken_tenders,1
19853,chicken_tenders,1
19854,chicken_tenders,1
19855,chicken_tenders,1
19855,chicken_tenders,1
19856,fries,1
19857,fries,1
19858,fries,1
19859,fries,1
19859,fries,1
19860,chicken_tenders,1
19861,fries,1
19862,fries,1
19863,fries,1
19864,fries,1
19864,fries,1
19865,chicken_tenders,1
19866,chicken_tenders,2
19867,fries,1
19868,fries,2
19869,fries,1
19870,chicken_tenders,1
19871,chicken_tenders,2
19872,fries,1
19872,fries,1
19873,chicken_tenders,1
19874,chicken_tenders,2
19875,fries,1
19876,chicken_tenders,2
19877,chicken_tenders,1
19878,fries,1
19879,fries,1
19880,fries,1
19880,chicken_tenders,1
19881,fries,2
19882,chicken_tenders,1
19883,chicken_tenders,1
19884,fries,1
19885,breakfast_wrap,1
19886,hash_brown,1
19887,breakfast_wrap,2
19888,hash_brown,2
19888,breakfast_wrap,2
19889,breakfast_wrap,1
19890,breakfast_wrap,1
19891,breakfast_wrap,1
19892,breakfast_wrap,1
19893,breakfast_wrap,2
19894,breakfast_wrap,1
19895,breakfast_wrap,1
19896,hash_brown,1
19897,hash_brown,2
19898,hash_brown,1
19899,hash_brown,1
19900,hash_brown,1
19901,breakfast_wrap,1
19901,breakfast_wrap,1
19902,breakfast_wrap,1
19902,breakfast_wrap,2
19903,hash_brown,1
19903,hash_brown,1
19904,breakfast_wrap,1
19905,breakfast_wrap,1
19905,breakfast_wrap,2
19906,hash_brown,1
19907,hash_brown,1
19907,breakfast_wrap,1
19908,hash_brown,2
19909,breakfast_wrap,2
19910,hash_brown,1
19911,breakfast_wrap,1
19912,breakfast_wrap,1
19913,hash_brown,2
19913,breakfast_wrap,2
19914,breakfast_wrap,1
19914,breakfast_wrap,1
19915,breakfast_wrap,1
19915,breakfast_wrap,1
19916,breakfast_wrap,1
19917,hash_brown,1
19918,hash_brown,1
19919,hash_brown,1
19920,breakfast_wrap,1
19921,breakfast_wrap,1
19921,hash_brown,1
19922,breakfast_wrap,1
19923,hash_brown,1
19924,breakfast_wrap,1
19925,hash_brown,1
19926,hash_brown,1
19926,hash_brown,1
19927,hash_brown,1
19928,hash_brown,1
19929,hash_brown,1
19929,hash_brown,1
19930,hash_brown,1
19931,hash_brown,1
19932,breakfast_wrap,1
19933,breakfast_wrap,1
19934,hash_brown,1
19935,hash_brown,1
19935,breakfast_wrap,1
19936,hash_brown,1
19936,hash_brown,1
19937,breakfast_wrap,1
19938,hash_brown,1
19939,hash_brown,1
19939,hash_brown,1
19940,hash_brown,1
19941,breakfast_wrap,1
19942,hash_brown,1
19943,breakfast_wrap,1
19944,hash_brown,1
19945,breakfast_wrap,1
19945,breakfast_wrap,1
19946,breakfast_wrap,1
19947,hash_brown,1
19947,breakfast_wrap,2
19948,breakfast_wrap,2
19949,hash_brown,1
19950,hash_brown,2
19951,breakfast_wrap,1
19952,breakfast_wrap,1
19953,hash_brown,1
19954,breakfast_wrap,1
19954,hash_brown,1
19955,hash_brown,1
19955,breakfast_wrap,2
19956,hash_brown,1
19957,hash_brown,1
19958,fries,1
19959,fries,1
19960,fries,1
19961,chicken_tenders,1
19962,chicken_tenders,1
19963,chicken_tenders,1
19964,chicken_tenders,1
19965,chicken_tenders,1
19966,fries,1
19966,chicken_tenders,1
19967,fries,1
19968,fries,1
19969,chicken_tenders,2
19969,fries,1
19970,fries,1
19971,fries,1
19972,fries,1
19972,fries,1
19973,fries,1
19973,chicken_tenders,1
19974,chicken_tenders,1
19975,fries,1
19976,chicken_tenders,1
19977,chicken_tenders,1
19978,chicken_tenders,1
19979,chicken_tenders,1
19979,fries,1
19980,fries,2
19980,fries,1
19981,chicken_tenders,1
19982,chicken_tenders,1
19982,chicken_tenders,2
19983,chicken_tenders,2
19984,fries,1
19985,chicken_tenders,1
19986,fries,1
19987,chicken_tenders,2
19988,chicken_tenders,2
19989,fries,1
19990,fries,1
19991,fries,1
19992,fries,1
19993,fries,1
19994,fries,2
19995,chicken_tenders,1
19996,chicken_tenders,1
19997,chicken_tenders,1
19998,chicken_tenders,1
19999,fries,1
20000,chicken_tenders,1
20001,fries,1
20002,chicken_tenders,1
20003,fries,1
20003,fries,1
20004,chicken_tenders,1
20005,fries,2
20006,fries,1
20007,chicken_tenders,1
20007,chicken_tenders,1
20008,fries,2
20009,fries,1
20009,fries,1
20010,fries,1
20011,chicken_tenders,1
20012,fries,1
20013,chicken_tenders,1
20014,fries,1
20015,chicken_tenders,1
20016,chicken_tenders,2
20017,chicken_tenders,1
20017,fries,1
20018,fries,1
20019,fries,1
20019,fries,1
20020,chicken_tenders,1
20021,chicken_tenders,1
20022,chicken_tenders,1
20023,chicken_tenders,1
20024,fries,1
20025,fries,2
20026,chicken_tenders,1
20027,fries,2
20028,chicken_tenders,1
20028,fries,1
20029,fries,1
20029,chicken_tenders,1
20030,chicken_tenders,1
20031,chicken_tenders,1
20032,fries,1
20033,fries,1
20033,fries,2
20034,chicken_tenders,1
20035,chicken_tenders,1
20036,fries,1
20037,chicken_tenders,1
20037,chicken_tenders,1
20038,chicken_tenders,2
20039,fries,1
20040,chicken_tenders,1
20041,fries,1
20041,chicken_tenders,1
20042,chicken_tenders,1
20042,chicken_tenders,2
20043,fries,1
20044,fries,1
20045,fries,2
20046,chicken_tenders,1
20047,chicken_tenders,1
20048,fries,1
20049,chicken_tenders,1
20050,fries,2
20051,fries,2
20051,fries,1
20052,fries,1
20052,fries,1
20053,fries,1
20054,fries,2
20055,fries,1
20056,chicken_tenders,1
20057,chicken_tenders,1
20058,fries,2
20058,fries,1
20059,fries,1
20060,fries,1
20060,fries,2
20061,chicken_tenders,1
20062,chicken_tenders,1
20063,fries,1
20064,fries,1
20065,chicken_tenders,1
20066,fries,1
20067,chicken_tenders,1
20067,fries,1
20068,chicken_tenders,1
20068,fries,2
20069,fries,1
20069,fries,1
20070,chicken_tenders,1
20071,fries,2
20072,chicken_tenders,1
20073,chicken_tenders,1
20073,chicken_tenders,1
20074,chicken_tenders,1
20075,chicken_tenders,2
20076,fries,1
20076,fries,1
20077,chicken_tenders,1
20078,fries,2
20079,fries,1
20080,fries,1
20081,chicken_tenders,1
20082,fries,1
20083,fries,1
20084,chicken_tenders,1
20084,fries,1
20085,chicken_tenders,1
20086,chicken_tenders,1
20087,chicken_tenders,1
20088,chicken_tenders,1
20088,chicken_tenders,1
20089,fries,1
20089,chicken_tenders,1
20090,fries,1
20090,chicken_tenders,2
20091,fries,2
20092,chicken_tenders,1
20093,chicken_tenders,1
20093,chicken_tenders,1
20094,fries,1
20095,fries,1
20096,fries,2
20097,fries,1
20098,fries,1
20099,fries,1
20099,chicken_tenders,1
20100,chicken_tenders,2
20101,chicken_tenders,1
20101,fries,1
20102,chicken_tenders,1
20103,fries,1
20104,fries,1
20105,fries,1
20106,fries,1
20107,chicken_tenders,1
20108,hash_brown,1
20109,hash_brown,1
20110,breakfast_wrap,1
20110,hash_brown,1
20111,breakfast_wrap,1
20111,breakfast_wrap,1
20112,breakfast_wrap,1
20113,hash_brown,1
20113,hash_brown,1
20114,hash_brown,1
20115,breakfast_wrap,1
20116,breakfast_wrap,1
20117,hash_brown,1
20118,breakfast_wrap,1
20119,breakfast_wrap,1
20120,breakfast_wrap,1
20121,hash_brown,1
20122,hash_brown,1
20123,breakfast_wrap,1
20123,hash_brown,1
20124,breakfast_wrap,2
20125,hash_brown,1
20126,breakfast_wrap,1
20127,hash_brown,1
20128,hash_brown,2
20129,hash_brown,1
20130,hash_brown,1
20131,breakfast_wrap,1
20131,breakfast_wrap,2
20132,hash_brown,2
20132,hash_brown,1
20133,hash_brown,1
20134,breakfast_wrap,1
20135,breakfast_wrap,1
20136,breakfast_wrap,2
20137,hash_brown,1
20138,breakfast_wrap,1
20139,hash_brown,2
20140,breakfast_wrap,1
20140,breakfast_wrap,1
20141,hash_brown,1
20141,hash_brown,1
20142,breakfast_wrap,1
20143,breakfast_wrap,1
20144,hash_brown,1
20145,hash_brown,1
20146,hash_brown,1
20147,hash_brown,2
20148,breakfast_wrap,1
20149,hash_brown,2
20150,breakfast_wrap,2
20150,breakfast_wrap,1
20151,breakfast_wrap,1
20151,hash_brown,1
20152,hash_brown,1
20153,hash_brown,1
20154,breakfast_wrap,1
20155,breakfast_wrap,1
20156,hash_brown,1
20157,hash_brown,2
20157,hash_brown,1
20158,breakfast_wrap,1
20159,breakfast_wrap,1
20160,hash_brown,1
20161,breakfast_wrap,1
20162,hash_brown,2
20162,breakfast_wrap,1
20163,hash_brown,1
20164,breakfast_wrap,1
20165,hash_brown,1
20166,hash_brown,1
20167,hash_brown,1
20167,hash_brown,2
20168,hash_brown,1
20169,hash_brown,1
20169,breakfast_wrap,1
20170,hash_brown,1
20170,hash_brown,1
20171,hash_brown,1
20172,breakfast_wrap,1
20173,breakfast_wrap,1
20174,hash_brown,1
20175,hash_brown,1
20176,hash_brown,1
20176,hash_brown,1
20177,breakfast_wrap,1
20177,hash_brown,1
20178,hash_brown,1
20179,hash_brown,1
20179,hash_brown,1
20180,fries,1
20180,fries,2
20181,fries,1
20182,fries,1
20182,chicken_tenders,1
20183,fries,1
20184,fries,1
20185,fries,1
20186,chicken_tenders,1
20186,fries,1
20187,fries,1
20188,fries,1
20189,fries,1
20190,fries,1
20191,fries,2
20192,fries,1
20193,fries,1
20194,chicken_tenders,1
20194,fries,1
20195,fries,1
20196,chicken_tenders,1
20196,fries,1
20197,fries,1
20198,chicken_tenders,1
20198,fries,1
20199,chicken_tenders,1
20200,fries,1
20200,fries,1
20201,fries,1
20202,fries,1
20203,fries,1
20204,chicken_tenders,1
20205,fries,1
20206,fries,1
20207,chicken_tenders,2
20208,chicken_tenders,1
20209,chicken_tenders,2
20210,chicken_tenders,2
20210,chicken_tenders,1
20211,chicken_tenders,1
20212,fries,1
20213,chicken_tenders,1
20214,chicken_tenders,1
20214,fries,1
20215,fries,2
20216,fries,1
20216,chicken_tenders,1
20217,fries,1
20218,chicken_tenders,2
20218,fries,1
20219,fries,2
20220,chicken_tenders,1
20221,fries,1
20222,chicken_tenders,1
20222,chicken_tenders,1
20223,fries,1
20223,fries,1
20224,chicken_tenders,1
20225,chicken_tenders,1
20226,chicken_tenders,1
20227,fries,1
20227,fries,1
20228,chicken_tenders,1
20229,chicken_tenders,1
20230,chicken_tenders,1
20230,fries,1
20231,chicken_tenders,1
20232,fries,2
20233,chicken_tenders,1
20234,chicken_tenders,1
20234,fries,1
20235,fries,2
20236,fries,1
20236,fries,1
20237,fries,1
20238,fries,1
20239,chicken_tenders,1
20240,fries,1
20240,fries,1
20241,chicken_tenders,1
20242,fries,1
20243,chicken_tenders,1
20244,fries,1
20245,chicken_tenders,1
20246,chicken_tenders,1
20246,fries,1
20247,fries,2
20248,fries,1
20249,fries,1
20250,chicken_tenders,1
20251,fries,1
20252,chicken_tenders,1
20253,chicken_tenders,1
20254,fries,2
20255,chicken_tenders,2
20255,chicken_tenders,2
20256,chicken_tenders,1
20257,fries,2
20257,fries,1
20258,fries,2
20259,fries,1
20260,chicken_tenders,1
20261,fries,1
20261,chicken_tenders,1
20262,chicken_tenders,1
20263,fries,2
20264,chicken_tenders,1
20264,fries,1
20265,chicken_tenders,2
20266,chicken_tenders,2
20266,chicken_tenders,1
20267,chicken_tenders,1
20268,fries,2
20269,chicken_tenders,1
20269,fries,2
20270,chicken_tenders,1
20271,chicken_tenders,1
20272,fries,1
20273,fries,1
20273,chicken_tenders,1
20274,chicken_tenders,1
20275,chicken_tenders,1
20276,fries,1
20277,fries,1
20278,fries,1
20278,chicken_tenders,1
20279,fries,1
20279,fries,2
20280,chicken_tenders,1
20281,fries,1
20281,fries,2
20282,chicken_tenders,1
20283,fries,1
20283,fries,1
20284,fries,1
20284,chicken_tenders,1
20285,fries,2
20286,fries,1
20287,fries,2
20288,fries,2
20289,fries,1
20290,chicken_tenders,2
20291,fries,2
20291,fries,1
20292,chicken_tenders,2
20293,chicken_tenders,1
20294,fries,1
20294,fries,1
20295,fries,1
20296,fries,1
20296,chicken_tenders,1
20297,fries,1
20298,fries,1
20299,fries,1
20299,fries,2
20300,fries,1
20300,chicken_tenders,1
20301,fries,1
20301,fries,2
20302,chicken_tenders,1
20303,fries,1
20303,fries,1
20304,chicken_tenders,1
20305,fries,1
20305,fries,1
20306,fries,1
20306,fries,1
20307,chicken_tenders,1
20308,fries,1
20309,chicken_tenders,1
20310,chicken_tenders,1
20311,fries,1
20312,chicken_tenders,1
20312,fries,1
20313,chicken_tenders,1
20314,fries,1
20314,fries,2
20315,chicken_tenders,1
20315,chicken_tenders,1
20316,fries,1
20316,chicken_tenders,1
20317,fries,1
20318,hash_brown,1
20318,hash_brown,1
20319,breakfast_wrap,1
20320,breakfast_wrap,1
20320,hash_brown,1
20321,breakfast_wrap,1
20322,hash_brown,1
20323,breakfast_wrap,1
20324,hash_brown,1
20324,hash_brown,1
20325,hash_brown,1
20326,breakfast_wrap,1
20327,hash_brown,1
20328,hash_brown,1
20329,hash_brown,1
20330,breakfast_wrap,1
20331,breakfast_wrap,2
20331,hash_brown,1
20332,hash_brown,1
20333,breakfast_wrap,1
20334,hash_brown,1
20335,hash_brown,1
20336,breakfast_wrap,1
20337,breakfast_wrap,2
20338,hash_brown,1
20339,hash_brown,1
20340,hash_brown,2
20341,breakfast_wrap,1
20342,hash_brown,1
20342,breakfast_wrap,1
20343,hash_brown,2
20343,breakfast_wrap,1
20344,hash_brown,1
20345,hash_brown,1
20346,breakfast_wrap,2
20346,breakfast_wrap,1
20347,hash_brown,1
20347,hash_brown,1
20348,hash_brown,1
20349,breakfast_wrap,1
20350,hash_brown,1
20351,hash_brown,1
20351,hash_brown,1
20352,breakfast_wrap,1
20353,hash_brown,1
20353,hash_brown,1
20354,hash_brown,1
20355,breakfast_wrap,2
20356,breakfast_wrap,1
20356,hash_brown,2
20357,hash_brown,1
20358,hash_brown,1
20359,breakfast_wrap,1
20359,hash_brown,2
20360,breakfast_wrap,1
20361,breakfast_wrap,1
20361,breakfast_wrap,1
20362,breakfast_wrap,1
20363,hash_brown,1
20364,breakfast_wrap,1
20364,breakfast_wrap,1
20365,hash_brown,1
20366,hash_brown,1
20366,hash_brown,1
20367,breakfast_wrap,1
20368,breakfast_wrap,1
20369,breakfast_wrap,1
20369,breakfast_wrap,2
20370,hash_brown,1
20370,breakfast_wrap,1
20371,hash_brown,1
20372,breakfast_wrap,2
20373,breakfast_wrap,2
20374,breakfast_wrap,1
20375,breakfast_wrap,1
20376,hash_brown,1
20377,breakfast_wrap,1
20378,hash_brown,1
20379,hash_brown,1
20380,hash_brown,1
20381,hash_brown,1
20382,breakfast_wrap,1
20383,breakfast_wrap,1
20384,hash_brown,1
20385,breakfast_wrap,1
20386,hash_brown,1
20386,breakfast_wrap,1
20387,hash_brown,1
20387,hash_brown,1
20388,hash_brown,1
20388,breakfast_wrap,1
20389,fries,2
20389,fries,1
20390,chicken_tenders,1
20391,fries,2
20392,fries,1
20393,fries,2
20394,fries,1
20395,fries,1
20395,fries,1
20396,chicken_tenders,1
20396,fries,1
20397,fries,2
20398,chicken_tenders,1
20399,chicken_tenders,2
20400,fries,1
20401,fries,1
20402,chicken_tenders,1
20402,fries,2
20403,fries,1
20404,fries,1
20404,fries,1
20405,fries,1
20406,fries,1
20407,chicken_tenders,1
20407,fries,1
20408,chicken_tenders,2
20409,chicken_tenders,1
20410,chicken_tenders,1
20411,chicken_tenders,1
20411,fries,1
20412,fries,1
20413,chicken_tenders,1
20413,chicken_tenders,1
20414,chicken_tenders,1
20415,chicken_tenders,1
20416,fries,2
20417,fries,1
20418,fries,1
20419,fries,1
20420,chicken_tenders,1
20421,fries,1
20422,fries,1
20422,fries,1
20423,chicken_tenders,2
20423,chicken_tenders,1
20424,fries,1
20425,chicken_tenders,1
20425,chicken_tenders,1
20426,fries,1
20427,chicken_tenders,1
20428,chicken_tenders,1
20428,chicken_tenders,1
20429,fries,1
20429,chicken_tenders,1
20430,fries,1
20431,fries,1
20432,chicken_tenders,1
20433,fries,1
20434,fries,1
20435,chicken_tenders,1
20435,chicken_tenders,1
20436,chicken_tenders,1
20436,fries,1
20437,chicken_tenders,1
20437,chicken_tenders,1
20438,chicken_tenders,1
20439,chicken_tenders,1
20439,chicken_tenders,1
20440,chicken_tenders,1
20440,fries,1
20441,chicken_tenders,1
20441,chicken_tenders,1
20442,chicken_tenders,1
20443,fries,1
20444,fries,1
20445,chicken_tenders,1
20446,chicken_tenders,1
20447,fries,2
20448,fries,2
20449,fries,1
20450,chicken_tenders,1
20451,chicken_tenders,1
20452,fries,1
20453,fries,1
20454,chicken_tenders,1
20455,chicken_tenders,1
20455,chicken_tenders,1
20456,fries,2
20456,fries,1
20457,chicken_tenders,1
20457,fries,1
20458,fries,1
20459,fries,1
20459,chicken_tenders,1
20460,fries,1
20461,fries,1
20461,chicken_tenders,1
20462,fries,1
20463,chicken_tenders,1
20464,chicken_tenders,1
20465,fries,1
20466,chicken_tenders,1
20467,chicken_tenders,1
20468,fries,1
20469,fries,1
20470,chicken_tenders,1
20471,fries,1
20472,fries,1
20473,fries,2
20474,fries,2
20475,chicken_tenders,1
20475,chicken_tenders,1
20476,fries,1
20476,fries,1
20477,fries,1
20477,fries,1
20478,chicken_tenders,1
20479,chicken_tenders,1
20480,fries,1
20481,fries,1
20481,chicken_tenders,1
20482,fries,1
20483,fries,1
20483,fries,2
20484,fries,1
20485,chicken_tenders,1
20485,chicken_tenders,2
20486,fries,1
20487,chicken_tenders,1
20488,fries,1
20488,fries,2
20489,fries,1
20489,fries,1
20490,fries,1
20490,fries,1
20491,fries,1
20492,chicken_tenders,1
20492,chicken_tenders,1
20493,chicken_tenders,1
20494,chicken_tenders,1
20495,chicken_tenders,1
20496,fries,2
20496,chicken_tenders,1
20497,fries,2
20498,fries,1
20499,chicken_tenders,1
20500,chicken_tenders,1
20500,fries,1
20501,fries,1
20501,fries,1
20502,fries,1
20503,fries,1
20504,fries,1
20505,chicken_tenders,1
20506,fries,1
20507,chicken_tenders,1
20508,fries,2
20508,fries,1
20509,chicken_tenders,1
20510,fries,1
20511,fries,1
20511,chicken_tenders,2
20512,fries,1
20513,chicken_tenders,1
20514,fries,1
20515,fries,1
20516,fries,1
20517,fries,1
20518,fries,1
20519,chicken_tenders,1
20520,chicken_tenders,1
20520,fries,1
20521,fries,2
20522,chicken_tenders,1
20523,chicken_tenders,2
20523,chicken_tenders,1
20524,chicken_tenders,1
20525,fries,2
20526,chicken_tenders,1
20527,fries,1
20528,chicken_tenders,1
20528,chicken_tenders,1
20529,fries,1
20530,fries,1
20531,chicken_tenders,1
20531,chicken_tenders,1
20532,chicken_tenders,1
20533,chicken_tenders,1
20533,chicken_tenders,1
20534,chicken_tenders,1
20535,fries,1
20536,chicken_tenders,1
20536,chicken_tenders,1
20537,fries,1
20538,chicken_tenders,1
20539,fries,1
20540,fries,1
20541,chicken_tenders,1
20542,fries,1
20543,chicken_tenders,1
20543,fries,1
20544,fries,1
20544,chicken_tenders,1
20545,chicken_tenders,1
20546,chicken_tenders,1
20546,chicken_tenders,1
20547,chicken_tenders,1
20548,chicken_tenders,1
20548,chicken_tenders,1
20549,fries,1
20550,chicken_tenders,1
20550,fries,1
20551,chicken_tenders,1
20552,fries,1
20553,fries,1
20554,chicken_tenders,1
20555,chicken_tenders,1
20556,chicken_tenders,2
20557,hash_brown,1
20558,breakfast_wrap,1
20559,hash_brown,2
20560,breakfast_wrap,1
20561,hash_brown,1
20561,breakfast_wrap,2
20562,breakfast_wrap,1
20563,hash_brown,1
20563,breakfast_wrap,1
20564,breakfast_wrap,1
20565,hash_brown,1
20566,breakfast_wrap,1
20567,hash_brown,1
20568,hash_brown,1
20569,breakfast_wrap,1
20570,breakfast_wrap,1
20571,hash_brown,1
20572,hash_brown,1
20573,hash_brown,1
20573,breakfast_wrap,1
20574,breakfast_wrap,1
20575,breakfast_wrap,1
20576,breakfast_wrap,1
20576,breakfast_wrap,1
20577,hash_brown,1
20577,breakfast_wrap,2
20578,breakfast_wrap,1
20579,hash_brown,1
20580,breakfast_wrap,1
20581,breakfast_wrap,1
20582,breakfast_wrap,2
20583,hash_brown,1
20583,breakfast_wrap,1
20584,breakfast_wrap,1
20585,breakfast_wrap,1
20586,breakfast_wrap,1
20587,hash_brown,1
20588,breakfast_wrap,1
20588,hash_brown,1
20589,hash_brown,1
20589,breakfast_wrap,1
20590,hash_brown,1
20590,hash_brown,1
20591,breakfast_wrap,1
20592,breakfast_wrap,1
20593,breakfast_wrap,1
20594,hash_brown,1
20595,breakfast_wrap,1
20595,hash_brown,1
20596,hash_brown,1
20597,hash_brown,1
20597,hash_brown,1
20598,hash_brown,1
20599,breakfast_wrap,1
20599,hash_brown,1
20600,breakfast_wrap,1
20600,breakfast_wrap,1
20601,hash_brown,1
20602,breakfast_wrap,2
20602,hash_brown,1
20603,hash_brown,1
20604,breakfast_wrap,1
20605,hash_brown,1
20606,hash_brown,1
20607,breakfast_wrap,1
20608,breakfast_wrap,1
20609,hash_brown,1
20609,hash_brown,1
20610,breakfast_wrap,1
20610,breakfast_wrap,1
20611,hash_brown,1
20611,breakfast_wrap,1
20612,hash_brown,1
20613,hash_brown,1
20613,breakfast_wrap,1
20614,breakfast_wrap,1
20615,hash_brown,1
20615,hash_brown,1
20616,breakfast_wrap,1
20616,breakfast_wrap,1
20617,breakfast_wrap,1
20618,breakfast_wrap,1
20619,hash_brown,1
20619,hash_brown,1
20620,breakfast_wrap,1
20620,breakfast_wrap,1
20621,hash_brown,1
20622,breakfast_wrap,1
20623,breakfast_wrap,1
20623,hash_brown,1
20624,hash_brown,1
20625,breakfast_wrap,1
20625,hash_brown,1
20626,breakfast_wrap,1
20627,breakfast_wrap,1
20627,breakfast_wrap,1
20628,breakfast_wrap,2
20629,breakfast_wrap,1
20629,breakfast_wrap,1
20630,breakfast_wrap,1
20630,hash_brown,2
20631,breakfast_wrap,2
20631,hash_brown,1
20632,hash_brown,1
20633,breakfast_wrap,2
20633,breakfast_wrap,1
20634,breakfast_wrap,2
20634,hash_brown,1
20635,hash_brown,1
20636,breakfast_wrap,1
20636,breakfast_wrap,1
20637,breakfast_wrap,1
20638,breakfast_wrap,1
20639,breakfast_wrap,1
20639,breakfast_wrap,1
20640,chicken_tenders,1
20640,chicken_tenders,1
20641,chicken_tenders,1
20642,fries,2
20643,fries,1
20644,fries,2
20645,chicken_tenders,1
20646,chicken_tenders,1
20646,fries,1
20647,chicken_tenders,1
20648,fries,1
20648,chicken_tenders,1
20649,chicken_tenders,2
20650,chicken_tenders,1
20650,chicken_tenders,1
20651,fries,1
20652,chicken_tenders,2
20653,fries,1
20654,fries,1
20655,chicken_tenders,1
20656,fries,1
20656,fries,1
20657,fries,1
20658,fries,2
20658,chicken_tenders,2
20659,fries,1
20660,chicken_tenders,1
20660,chicken_tenders,1
20661,fries,1
20662,chicken_tenders,1
20663,fries,1
20663,chicken_tenders,1
20664,chicken_tenders,1
20665,fries,2
20665,fries,1
20666,chicken_tenders,1
20667,chicken_tenders,1
20668,fries,1
20668,chicken_tenders,1
20669,chicken_tenders,2
20669,chicken_tenders,1
20670,chicken_tenders,1
20671,chicken_tenders,1
20672,fries,2
20673,chicken_tenders,1
20674,fries,1
20675,chicken_tenders,1
20676,chicken_tenders,1
20676,fries,1
20677,fries,1
20677,fries,1
20678,fries,1
20678,chicken_tenders,1
20679,fries,1
20679,chicken_tenders,1
20680,fries,1
20680,fries,1
20681,fries,1
20681,chicken_tenders,2
20682,fries,1
20682,chicken_tenders,1
20683,chicken_tenders,2
20684,fries,1
20685,chicken_tenders,2
20685,chicken_tenders,1
20686,chicken_tenders,2
20687,chicken_tenders,1
20687,fries,1
20688,fries,2
20689,fries,1
20690,fries,1
20690,chicken_tenders,1
20691,chicken_tenders,1
20692,chicken_tenders,1
20693,chicken_tenders,1
20694,chicken_tenders,1
20694,chicken_tenders,1
20695,chicken_tenders,2
20695,fries,2
20696,chicken_tenders,2
20697,fries,2
20698,fries,1
20699,chicken_tenders,1
20700,fries,1
20701,fries,2
20702,chicken_tenders,2
20703,fries,1
20704,chicken_tenders,1
20705,fries,1
20706,fries,1
20707,chicken_tenders,2
20708,chicken_tenders,2
20709,fries,2
20709,fries,1
20710,fries,2
20710,chicken_tenders,1
20711,chicken_tenders,1
20711,chicken_tenders,2
20712,fries,2
20713,chicken_tenders,2
20714,fries,2
20715,chicken_tenders,1
20716,chicken_tenders,1
20717,chicken_tenders,2
20717,fries,1
20718,fries,1
20719,fries,1
20719,fries,1
20720,chicken_tenders,1
20721,fries,1
20722,chicken_tenders,2
20722,chicken_tenders,1
20723,chicken_tenders,1
20724,chicken_tenders,1
20724,fries,1
20725,fries,1
20725,fries,2
20726,chicken_tenders,2
20726,chicken_tenders,1
20727,fries,2
20728,fries,1
20729,fries,1
20730,chicken_tenders,1
20730,fries,1
20731,chicken_tenders,2
20732,fries,1
20733,fries,1
20734,chicken_tenders,1
20735,fries,1
20736,fries,1
20737,fries,2
20738,chicken_tenders,1
20739,fries,1
20739,fries,1
20740,fries,1
20741,fries,1
20742,fries,1
20742,chicken_tenders,1
20743,fries,1
20744,fries,1
20745,fries,1
20745,chicken_tenders,1
20746,chicken_tenders,1
20746,fries,1
20747,fries,1
20748,fries,1
20748,fries,1
20749,chicken_tenders,1
20750,chicken_tenders,2
20751,chicken_tenders,1
20752,fries,1
20753,fries,1
20754,chicken_tenders,1
20755,fries,2
20756,fries,2
20756,fries,1
20757,chicken_tenders,1
20757,chicken_tenders,1
20758,chicken_tenders,1
20759,fries,1
20759,chicken_tenders,1
20760,chicken_tenders,1
20761,fries,1
20762,chicken_tenders,1
20762,fries,1
20763,chicken_tenders,1
20764,chicken_tenders,1
20764,fries,1
20765,fries,1
20765,chicken_tenders,1
20766,fries,1
20767,chicken_tenders,2
20768,chicken_tenders,1
20768,fries,1
20769,fries,1
20769,fries,1
20770,fries,1
20771,chicken_tenders,2
20771,fries,1
20772,fries,1
20772,fries,1
20773,fries,2
20773,chicken_tenders,1
20774,fries,1
20774,fries,1
20775,fries,1
20776,fries,1
20777,chicken_tenders,1
20778,fries,1
20779,chicken_tenders,1
20780,fries,1
20781,chicken_tenders,2
20782,chicken_tenders,1
20783,fries,1
20784,chicken_tenders,1
20785,fries,1
20786,fries,1
20787,fries,1
20788,fries,1
20789,chicken_tenders,1
20789,chicken_tenders,1
20790,fries,1
20790,fries,2
20791,fries,1
20792,chicken_tenders,1
20793,fries,2
20794,chicken_tenders,1
20795,chicken_tenders,2
20795,fries,1
20796,chicken_tenders,2
20797,chicken_tenders,2
20797,fries,1
20798,chicken_tenders,2
20799,fries,1
20800,chicken_tenders,1
20801,fries,1
20802,chicken_tenders,1
20802,fries,2
20803,fries,1
20803,chicken_tenders,1
20804,hash_brown,1
20805,hash_brown,1
20806,breakfast_wrap,1
20806,breakfast_wrap,1
20807,breakfast_wrap,1
20807,hash_brown,1
20808,breakfast_wrap,1
20808,breakfast_wrap,1
20809,hash_brown,1
20810,breakfast_wrap,1
20811,hash_brown,1
20812,breakfast_wrap,1
20813,hash_brown,1
20814,breakfast_wrap,1
20815,breakfast_wrap,2
20816,hash_brown,1
20817,breakfast_wrap,2
20817,hash_brown,1
20818,hash_brown,1
20819,breakfast_wrap,1
20819,breakfast_wrap,1
20820,breakfast_wrap,1
20821,breakfast_wrap,2
20822,hash_brown,1
20823,breakfast_wrap,1
20824,breakfast_wrap,1
20825,hash_brown,1
20826,breakfast_wrap,2
20827,hash_brown,1
20828,breakfast_wrap,1
20828,breakfast_wrap,1
20829,breakfast_wrap,1
20830,hash_brown,1
20831,breakfast_wrap,1
20832,hash_brown,1
20832,hash_brown,1
20833,hash_brown,1
20833,hash_brown,1
20834,hash_brown,1
20835,hash_brown,2
20836,hash_brown,1
20837,hash_brown,1
20838,breakfast_wrap,1
20839,breakfast_wrap,1
20840,hash_brown,1
20841,hash_brown,1
20842,breakfast_wrap,1
20842,breakfast_wrap,1
20843,hash_brown,2
20843,hash_brown,1
20844,hash_brown,2
20845,breakfast_wrap,1
20845,breakfast_wrap,1
20846,breakfast_wrap,1
20847,breakfast_wrap,1
20848,hash_brown,1
20849,hash_brown,1
20850,breakfast_wrap,1
20851,breakfast_wrap,1
20852,breakfast_wrap,1
20853,hash_brown,1
20853,breakfast_wrap,1
20854,breakfast_wrap,1
20855,breakfast_wrap,1
20856,breakfast_wrap,1
20856,hash_brown,2
20857,hash_brown,1
20858,breakfast_wrap,1
20859,breakfast_wrap,1
20859,hash_brown,1
20860,hash_brown,1
20860,breakfast_wrap,1
20861,breakfast_wrap,2
20861,breakfast_wrap,1
20862,breakfast_wrap,1
20863,breakfast_wrap,1
20864,breakfast_wrap,1
20864,hash_brown,1
20865,breakfast_wrap,1
20866,hash_brown,1
20867,hash_brown,1
20868,hash_brown,1
20869,breakfast_wrap,1
20870,hash_brown,1
20871,hash_brown,1
20871,hash_brown,2
20872,breakfast_wrap,1
20872,hash_brown,1
20873,hash_brown,1
20874,breakfast_wrap,1
20874,breakfast_wrap,2
20875,breakfast_wrap,1
20875,hash_brown,2
20876,hash_brown,2
20877,breakfast_wrap,1
20878,breakfast_wrap,1
20879,breakfast_wrap,1
20879,breakfast_wrap,1
20880,hash_brown,1
20880,breakfast_wrap,1
20881,hash_brown,1
20882,breakfast_wrap,1
20883,hash_brown,1
20884,breakfast_wrap,1
20885,breakfast_wrap,1
20885,breakfast_wrap,1
20886,hash_brown,1
20887,breakfast_wrap,1
20888,fries,1
20889,fries,1
20890,chicken_tenders,1
20890,fries,1
20891,fries,1
20891,chicken_tenders,1
20892,fries,2
20893,chicken_tenders,2
20894,fries,1
20895,fries,1
20895,fries,1
20896,chicken_tenders,1
20896,fries,1
20897,chicken_tenders,1
20898,chicken_tenders,1
20899,fries,1
20900,fries,1
20901,fries,1
20901,fries,2
20902,fries,1
20903,fries,1
20904,chicken_tenders,2
20904,fries,1
20905,fries,1
20906,fries,1
20907,chicken_tenders,1
20908,chicken_tenders,2
20908,chicken_tenders,1
20909,chicken_tenders,1
20910,fries,1
20910,chicken_tenders,1
20911,chicken_tenders,1
20912,chicken_tenders,1
20912,chicken_tenders,2
20913,fries,1
20913,chicken_tenders,1
20914,fries,1
20915,chicken_tenders,1
20916,chicken_tenders,1
20917,fries,2
20917,fries,2
20918,chicken_tenders,2
20919,fries,1
20919,fries,1
20920,fries,1
20921,chicken_tenders,1
20922,fries,1
20923,fries,1
20923,fries,1
20924,chicken_tenders,1
20924,fries,2
20925,fries,1
20926,chicken_tenders,1
20926,chicken_tenders,1
20927,fries,1
20928,fries,1
20929,chicken_tenders,1
20930,chicken_tenders,2
20931,fries,1
20932,chicken_tenders,1
20933,fries,2
20934,chicken_tenders,1
20935,chicken_tenders,1
20936,fries,1
20937,fries,1
20937,fries,1
20938,chicken_tenders,2
20939,fries,2
20939,chicken_tenders,1
20940,fries,1
20941,chicken_tenders,1
20941,fries,1
20942,chicken_tenders,1
20943,chicken_tenders,2
20944,chicken_tenders,1
20945,chicken_tenders,1
20946,fries,1
20947,fries,1
20947,chicken_tenders,1
20948,chicken_tenders,1
20949,fries,1
20950,fries,1
20950,chicken_tenders,1
20951,fries,1
20952,chicken_tenders,1
20953,fries,2
20954,fries,1
20955,chicken_tenders,2
20955,chicken_tenders,1
20956,fries,1
20957,chicken_tenders,1
20957,chicken_tenders,1
20958,chicken_tenders,1
20959,chicken_tenders,1
20959,fries,2
20960,fries,1
20960,chicken_tenders,2
20961,fries,1
20962,chicken_tenders,1
20962,chicken_tenders,1
20963,chicken_tenders,1
20964,fries,1
20964,chicken_tenders,1
20965,chicken_tenders,1
20965,chicken_tenders,1
20966,chicken_tenders,1
20967,chicken_tenders,1
20967,chicken_tenders,1
20968,chicken_tenders,1
20969,chicken_tenders,2
20969,fries,1
20970,chicken_tenders,1
20970,chicken_tenders,1
20971,chicken_tenders,1
20972,chicken_tenders,2
20972,fries,1
20973,chicken_tenders,1
20974,fries,1
20974,chicken_tenders,1
20975,chicken_tenders,1
20976,chicken_tenders,2
20977,chicken_tenders,1
20978,chicken_tenders,1
20979,fries,1
20980,chicken_tenders,1
20981,chicken_tenders,1
20982,fries,1
20982,fries,1
20983,fries,1
20983,chicken_tenders,1
20984,fries,1
20985,chicken_tenders,1
20986,fries,1
20986,fries,2
20987,fries,1
20988,chicken_tenders,2
20989,chicken_tenders,1
20990,chicken_tenders,1
20991,fries,1
20992,chicken_tenders,2
20993,fries,1
20993,fries,1
20994,chicken_tenders,1
20994,fries,1
20995,chicken_tenders,2
20996,fries,1
20997,fries,1
20998,fries,1
20999,chicken_tenders,1
21000,fries,2
21001,fries,1
21002,chicken_tenders,1
21003,fries,1
21004,chicken_tenders,1
21005,fries,1
21005,chicken_tenders,2
21006,fries,1
21007,chicken_tenders,1
21008,chicken_tenders,2
21009,chicken_tenders,1
21009,chicken_tenders,1
21010,chicken_tenders,1
21011,fries,1
21012,chicken_tenders,2
21013,fries,1
21014,fries,2
21015,chicken_tenders,1
21016,chicken_tenders,1
21017,fries,1
21018,chicken_tenders,1
21019,fries,1
21020,fries,1
21021,fries,1
21022,chicken_tenders,1
21023,fries,1
21024,fries,1
21025,chicken_tenders,2
21025,chicken_tenders,1
21026,fries,1
21026,fries,1
21027,fries,1
21028,fries,1
21029,fries,1
21029,fries,1
21030,chicken_tenders,2
21031,fries,1
21032,chicken_tenders,1
21033,chicken_tenders,1
21033,chicken_tenders,1
21034,fries,1
21035,fries,1
21036,chicken_tenders,1
21037,fries,1
21037,fries,1
21038,chicken_tenders,1
21039,chicken_tenders,1
21040,chicken_tenders,1
21040,fries,1
21041,fries,2
21042,chicken_tenders,1
21043,chicken_tenders,1
21044,fries,1
21044,chicken_tenders,1
21045,chicken_tenders,1
21046,fries,1
21046,chicken_tenders,1
21047,fries,2
21048,fries,1
21048,chicken_tenders,1
21049,chicken_tenders,2
21049,fries,2
21050,fries,1
21051,fries,1
21052,fries,1
21053,fries,1
21054,fries,1
21055,fries,2
21056,fries,1
21057,fries,1
21058,chicken_tenders,1
21058,fries,1
21059,chicken_tenders,1
21060,chicken_tenders,1
21061,fries,1
21062,fries,1
21063,chicken_tenders,2
21063,chicken_tenders,1
21064,chicken_tenders,1
21065,chicken_tenders,2
21066,chicken_tenders,1
21067,fries,1
21068,fries,1
21069,fries,1
21070,fries,1
21071,chicken_tenders,1
21071,chicken_tenders,1
21072,fries,1
21073,chicken_tenders,1
21073,chicken_tenders,1
21074,fries,1
21075,fries,1
21075,chicken_tenders,1
21076,chicken_tenders,1
21077,chicken_tenders,1
21078,fries,1
21079,chicken_tenders,1
21080,fries,1
21081,chicken_tenders,1
21081,fries,1
21082,chicken_tenders,1
21083,chicken_tenders,1
21083,fries,1
21084,fries,2
21085,chicken_tenders,1
21086,hash_brown,2
21087,breakfast_wrap,1
21088,hash_brown,2
21089,breakfast_wrap,1
21089,breakfast_wrap,2
21090,breakfast_wrap,1
21091,hash_brown,2
21092,hash_brown,1
21092,hash_brown,1
21093,breakfast_wrap,1
21094,breakfast_wrap,1
21095,breakfast_wrap,1
21096,breakfast_wrap,1
21097,breakfast_wrap,1
21097,hash_brown,2
21098,breakfast_wrap,1
21098,hash_brown,1
21099,hash_brown,1
21100,hash_brown,1
21100,breakfast_wrap,2
21101,hash_brown,1
21102,breakfast_wrap,1
21103,hash_brown,1
21104,hash_brown,1
21105,breakfast_wrap,1
21105,hash_brown,1
21106,breakfast_wrap,1
21107,hash_brown,1
21108,hash_brown,1
21108,breakfast_wrap,2
21109,hash_brown,1
21110,hash_brown,1
21111,hash_brown,2
21112,breakfast_wrap,1
21113,hash_brown,1
21113,breakfast_wrap,1
21114,hash_brown,1
21115,hash_brown,1
21116,hash_brown,1
21116,hash_brown,1
21117,breakfast_wrap,1
21117,hash_brown,1
21118,hash_brown,1
21119,hash_brown,1
21119,breakfast_wrap,1
21120,hash_brown,1
21121,breakfast_wrap,1
21122,breakfast_wrap,1
21123,breakfast_wrap,1
21124,breakfast_wrap,1
21124,hash_brown,1
21125,breakfast_wrap,1
21126,hash_brown,1
21127,hash_brown,1
21128,breakfast_wrap,1
21128,hash_brown,1
21129,breakfast_wrap,1
21130,hash_brown,1
21131,hash_brown,1
21132,hash_brown,2
21133,hash_brown,1
21134,hash_brown,2
21135,hash_brown,2
21136,breakfast_wrap,1
21137,breakfast_wrap,2
21137,breakfast_wrap,1
21138,hash_brown,1
21139,hash_brown,1
21140,breakfast_wrap,1
21141,breakfast_wrap,1
21142,hash_brown,2
21143,hash_brown,1
21144,hash_brown,2
21145,breakfast_wrap,1
21146,hash_brown,1
21147,breakfast_wrap,1
21148,hash_brown,1
21149,breakfast_wrap,1
21149,breakfast_wrap,1
21150,hash_brown,1
21150,breakfast_wrap,1
21151,breakfast_wrap,1
21152,hash_brown,1
21152,breakfast_wrap,1
21153,hash_brown,1
21154,breakfast_wrap,1
21154,hash_brown,1
21155,hash_brown,1
21156,hash_brown,1
21157,hash_brown,1
21158,hash_brown,1
21159,breakfast_wrap,2
21160,hash_brown,1
21160,hash_brown,1
21161,hash_brown,1
21162,hash_brown,1
21162,hash_brown,1
21163,breakfast_wrap,1
21164,hash_brown,1
21165,breakfast_wrap,1
21166,breakfast_wrap,1
21166,breakfast_wrap,1
21167,hash_brown,2
21168,breakfast_wrap,1
21169,hash_brown,2
21170,hash_brown,1
21171,fries,1
21172,chicken_tenders,1
21172,chicken_tenders,1
21173,fries,2
21174,fries,2
21175,fries,1
21176,chicken_tenders,1
21177,fries,1
21178,fries,1
21179,chicken_tenders,1
21180,fries,1
21180,chicken_tenders,1
21181,fries,1
21182,chicken_tenders,1
21183,fries,1
21183,chicken_tenders,1
21184,fries,2
21184,fries,1
21185,fries,2
21185,fries,1
21186,chicken_tenders,2
21187,chicken_tenders,1
21188,fries,1
21189,fries,1
21190,chicken_tenders,1
21191,chicken_tenders,1
21192,fries,1
21193,chicken_tenders,1
21194,chicken_tenders,1
21194,chicken_tenders,1
21195,chicken_tenders,1
21196,chicken_tenders,1
21197,chicken_tenders,1
21198,chicken_tenders,1
21198,fries,1
21199,fries,1
21200,fries,1
21201,fries,2
21201,chicken_tenders,1
21202,fries,2
21203,chicken_tenders,1
21203,fries,1
21204,chicken_tenders,1
21205,fries,1
21206,chicken_tenders,1
21207,chicken_tenders,1
21207,chicken_tenders,2
21208,chicken_tenders,1
21209,fries,1
21209,fries,1
21210,chicken_tenders,1
21211,chicken_tenders,1
21211,chicken_tenders,2
21212,fries,1
21213,chicken_tenders,1
21213,chicken_tenders,1
21214,chicken_tenders,1
21215,fries,1
21215,fries,1
21216,chicken_tenders,1
21216,chicken_tenders,1
21217,fries,1
21218,fries,1
21219,chicken_tenders,1
21220,fries,2
21221,fries,1
21222,chicken_tenders,1
21223,chicken_tenders,1
21223,chicken_tenders,1
21224,fries,1
21225,chicken_tenders,1
21225,fries,1
21226,chicken_tenders,1
21227,chicken_tenders,1
21227,chicken_tenders,1
21228,chicken_tenders,1
21229,fries,1
21230,fries,1
21231,chicken_tenders,1
21232,chicken_tenders,1
21232,chicken_tenders,1
21233,chicken_tenders,1
21233,fries,1
21234,fries,2
21235,fries,1
21236,fries,1
21237,fries,1
21238,fries,2
21238,chicken_tenders,1
21239,fries,1
21239,chicken_tenders,1
21240,fries,1
21241,chicken_tenders,2
21242,chicken_tenders,1
21242,chicken_tenders,1
21243,chicken_tenders,1
21243,fries,1
21244,fries,1
21245,fries,2
21245,chicken_tenders,1
21246,chicken_tenders,1
21247,chicken_tenders,1
21248,fries,1
21249,fries,1
21250,chicken_tenders,1
21251,chicken_tenders,1
21251,fries,2
21252,chicken_tenders,1
21253,chicken_tenders,1
21253,chicken_tenders,1
21254,fries,1
21255,chicken_tenders,1
21256,chicken_tenders,1
21257,fries,1
21258,chicken_tenders,2
21259,chicken_tenders,1
21259,fries,1
21260,fries,2
21260,chicken_tenders,1
21261,chicken_tenders,1
21262,fries,1
21263,chicken_tenders,1
21264,chicken_tenders,1
21265,fries,1
21265,fries,1
21266,chicken_tenders,1
21267,chicken_tenders,1
21268,fries,1
21269,fries,1
21269,chicken_tenders,1
21270,chicken_tenders,1
21270,fries,1
21271,fries,1
21271,chicken_tenders,1
21272,chicken_tenders,1
21272,fries,2
21273,chicken_tenders,1
21273,fries,1
21274,fries,1
21275,chicken_tenders,1
21276,fries,1
21277,fries,1
21278,fries,1
21279,fries,1
21279,chicken_tenders,1
21280,chicken_tenders,1
21280,fries,1
21281,fries,1
21282,chicken_tenders,1
21283,chicken_tenders,1
21284,chicken_tenders,1
21285,chicken_tenders,2
21286,chicken_tenders,1
21286,fries,2
21287,fries,1
21288,fries,1
21289,chicken_tenders,1
21290,chicken_tenders,2
21291,fries,2
21292,chicken_tenders,1
21293,fries,1
21294,chicken_tenders,1
21295,fries,2
21296,fries,1
21297,fries,1
21298,fries,1
21298,chicken_tenders,1
21299,fries,1
21299,fries,1
21300,chicken_tenders,1
21301,fries,1
21302,fries,1
21303,chicken_tenders,1
21304,chicken_tenders,1
21305,fries,1
21306,fries,1
21306,chicken_tenders,1
21307,chicken_tenders,1
21307,chicken_tenders,1
21308,chicken_tenders,2
21308,fries,1
21309,chicken_tenders,1
21310,fries,1
21311,chicken_tenders,1
21311,fries,1
21312,chicken_tenders,1
21313,chicken_tenders,1
21314,chicken_tenders,1
21315,fries,1
21316,chicken_tenders,1
21317,fries,1
21317,chicken_tenders,1
21318,chicken_tenders,1
21319,chicken_tenders,1
21319,chicken_tenders,1
21320,fries,1
21321,fries,1
21322,fries,1
21323,fries,1
21324,fries,2
21325,fries,1
21326,chicken_tenders,1
21327,chicken_tenders,1
21328,chicken_tenders,1
21328,fries,1
21329,fries,1
21330,chicken_tenders,1
21330,fries,1
21331,chicken_tenders,1
21331,chicken_tenders,1
21332,chicken_tenders,2
21333,fries,1
21334,chicken_tenders,1
21335,chicken_tenders,1
21335,fries,1
21336,fries,1
21337,chicken_tenders,1
21337,chicken_tenders,1
21338,chicken_tenders,1
21339,chicken_tenders,1
21340,chicken_tenders,1
21340,fries,1
21341,chicken_tenders,1
21342,chicken_tenders,1
21343,chicken_tenders,1
21344,chicken_tenders,1
21345,chicken_tenders,1
21345,chicken_tenders,1
21346,fries,1
21347,fries,1
21347,chicken_tenders,1
21348,fries,1
21348,fries,1
21349,chicken_tenders,1
21350,fries,1
21350,fries,1
21351,fries,1
21351,chicken_tenders,1
21352,chicken_tenders,2
21352,fries,1
21353,hash_brown,2
21354,hash_brown,2
21354,hash_brown,1
21355,breakfast_wrap,1
21356,hash_brown,1
21356,hash_brown,1
21357,breakfast_wrap,1
21357,hash_brown,1
21358,hash_brown,1
21358,hash_brown,1
21359,hash_brown,1
21360,hash_brown,1
21360,hash_brown,2
21361,hash_brown,1
21361,breakfast_wrap,1
21362,hash_brown,1
21363,hash_brown,2
21363,hash_brown,1
21364,hash_brown,1
21365,hash_brown,2
21365,breakfast_wrap,1
21366,breakfast_wrap,1
21367,hash_brown,1
21367,breakfast_wrap,1
21368,breakfast_wrap,2
21369,hash_brown,1
21370,breakfast_wrap,2
21370,breakfast_wrap,1
21371,hash_brown,1
21372,hash_brown,1
21372,breakfast_wrap,1
21373,breakfast_wrap,1
21373,hash_brown,1
21374,breakfast_wrap,1
21375,breakfast_wrap,1
21376,hash_brown,1
21376,hash_brown,1
21377,hash_brown,2
21378,hash_brown,1
21378,hash_brown,1
21379,hash_brown,1
21380,breakfast_wrap,2
21381,hash_brown,1
21382,hash_brown,1
21382,breakfast_wrap,1
21383,hash_brown,1
21384,breakfast_wrap,1
21385,breakfast_wrap,1
21385,hash_brown,1
21386,hash_brown,1
21386,hash_brown,1
21387,hash_brown,1
21388,hash_brown,1
21388,hash_brown,1
21389,breakfast_wrap,1
21390,hash_brown,1
21390,hash_brown,2
21391,hash_brown,1
21391,hash_brown,2
21392,hash_brown,1
21392,breakfast_wrap,1
21393,breakfast_wrap,1
21394,hash_brown,1
21395,hash_brown,1
21396,hash_brown,2
21396,breakfast_wrap,1
21397,breakfast_wrap,2
21398,hash_brown,1
21398,hash_brown,1
21399,breakfast_wrap,1
21400,hash_brown,1
21401,breakfast_wrap,1
21402,hash_brown,1
21403,breakfast_wrap,2
21404,breakfast_wrap,1
21405,breakfast_wrap,1
21406,hash_brown,1
21407,hash_brown,1
21407,hash_brown,1
21408,breakfast_wrap,1
21409,breakfast_wrap,2
21410,hash_brown,1
21411,breakfast_wrap,1
21412,breakfast_wrap,1
21413,breakfast_wrap,1
21414,hash_brown,1
21415,breakfast_wrap,1
21415,breakfast_wrap,2
21416,breakfast_wrap,1
21417,hash_brown,2
21417,hash_brown,1
21418,hash_brown,1
21419,breakfast_wrap,1
21420,hash_brown,1
21421,breakfast_wrap,1
21421,hash_brown,1
21422,hash_brown,1
21423,breakfast_wrap,1
21424,hash_brown,1
21425,hash_brown,1
21426,hash_brown,1
21426,hash_brown,1
21427,breakfast_wrap,1
21428,hash_brown,1
21429,hash_brown,1
21430,breakfast_wrap,1
21431,hash_brown,1
21432,hash_brown,2
21433,breakfast_wrap,1
21433,hash_brown,1
21434,chicken_tenders,2
21434,chicken_tenders,2
21435,fries,1
21436,chicken_tenders,1
21437,fries,1
21438,chicken_tenders,1
21439,fries,1
21439,chicken_tenders,1
21440,fries,1
21441,chicken_tenders,2
21442,fries,1
21443,chicken_tenders,1
21444,chicken_tenders,1
21445,chicken_tenders,1
21445,chicken_tenders,1
21446,chicken_tenders,1
21447,fries,1
21447,chicken_tenders,1
21448,fries,1
21449,fries,1
21450,chicken_tenders,1
21451,fries,1
21452,chicken_tenders,1
21452,fries,2
21453,chicken_tenders,1
21454,chicken_tenders,1
21455,fries,1
21456,fries,1
21457,fries,1
21458,fries,1
21459,chicken_tenders,1
21459,chicken_tenders,1
21460,fries,2
21461,fries,2
21462,fries,1
21463,chicken_tenders,1
21463,chicken_tenders,1
21464,chicken_tenders,1
21465,fries,1
21466,chicken_tenders,1
21467,chicken_tenders,1
21468,chicken_tenders,1
21468,chicken_tenders,1
21469,fries,1
21470,fries,2
21471,fries,2
21472,chicken_tenders,1
21472,fries,1
21473,chicken_tenders,1
21473,fries,1
21474,fries,2
21475,fries,1
21476,chicken_tenders,1
21476,chicken_tenders,1
21477,fries,1
21478,chicken_tenders,2
21479,fries,1
21480,fries,2
21480,fries,1
21481,chicken_tenders,1
21482,fries,1
21482,fries,1
21483,chicken_tenders,1
21484,fries,2
21485,chicken_tenders,2
21486,fries,1
21487,fries,1
21488,chicken_tenders,1
21489,fries,1
21489,chicken_tenders,1
21490,fries,2
21490,fries,2
21491,fries,1
21492,chicken_tenders,2
21493,chicken_tenders,1
21494,chicken_tenders,2
21494,fries,1
21495,chicken_tenders,1
21496,fries,1
21496,chicken_tenders,1
21497,chicken_tenders,1
21498,fries,1
21498,chicken_tenders,2
21499,chicken_tenders,1
21499,chicken_tenders,2
21500,chicken_tenders,1
21501,chicken_tenders,1
21502,chicken_tenders,1
21502,fries,1
21503,fries,1
21504,fries,1
21505,chicken_tenders,2
21506,chicken_tenders,2
21507,fries,1
21508,chicken_tenders,1
21509,chicken_tenders,1
21509,chicken_tenders,1
21510,fries,1
21511,fries,2
21512,fries,1
21513,fries,1
21514,chicken_tenders,1
21515,fries,1
21516,chicken_tenders,1
21517,chicken_tenders,1
21518,chicken_tenders,1
21518,fries,1
21519,chicken_tenders,1
21519,chicken_tenders,1
21520,chicken_tenders,1
21521,fries,2
21521,fries,1
21522,fries,1
21523,fries,1
21524,chicken_tenders,1
21525,chicken_tenders,1
21526,chicken_tenders,1
21527,fries,1
21528,chicken_tenders,1
21529,chicken_tenders,2
21530,fries,1
21531,fries,1
21532,fries,1
21533,chicken_tenders,1
21534,chicken_tenders,1
21535,chicken_tenders,2
21536,chicken_tenders,1
21537,fries,1
21537,chicken_tenders,1
21538,chicken_tenders,1
21539,fries,1
21539,fries,1
21540,fries,1
21541,chicken_tenders,2
21542,chicken_tenders,2
21543,fries,1
21544,fries,1
21545,fries,1
21545,fries,1
21546,chicken_tenders,1
21547,fries,1
21547,fries,1
21548,chicken_tenders,2
21549,chicken_tenders,1
21550,chicken_tenders,1
21551,chicken_tenders,1
21552,fries,1
21553,fries,1
21554,chicken_tenders,1
21555,fries,1
21556,fries,1
21557,fries,2
21558,fries,1
21559,chicken_tenders,1
21560,chicken_tenders,1
21560,chicken_tenders,1
21561,fries,1
21562,fries,1
21562,chicken_tenders,1
21563,fries,1
21564,fries,1
21565,fries,1
21566,fries,1
21567,fries,1
21567,fries,1
21568,fries,1
21568,fries,1
21569,chicken_tenders,1
21569,chicken_tenders,1
21570,fries,1
21570,fries,2
21571,fries,2
21572,fries,2
21573,chicken_tenders,1
21573,chicken_tenders,1
21574,chicken_tenders,1
21575,chicken_tenders,1
21576,chicken_tenders,1
21576,chicken_tenders,2
21577,fries,1
21578,chicken_tenders,1
21579,fries,1
21580,chicken_tenders,1
21581,fries,1
21582,fries,1
21582,fries,2
21583,chicken_tenders,1
21583,chicken_tenders,1
