timestamp,customers,revenue,transactions,avg_order_value,predicted_sales,labour_cost,staff_count,avg_wait_time,drive_thru_time,labour_efficiency,sales_vs_prediction_diff
2026-01-01 00:00:00,5,36.68,4,8.98,33.37,26.34,2,3.99,5.78,1.39,3.31
2026-01-01 01:00:00,13,75.27,12,6.76,78.04,24.17,2,2.67,5.55,3.11,-2.77
2026-01-01 02:00:00,11,68.42,8,8.88,62.02,27.08,2,2.26,4.24,2.53,6.4
2026-01-01 03:00:00,12,78.9,11,7.42,76.85,29.29,2,2.02,5.42,2.69,2.05
2026-01-01 04:00:00,5,34.21,4,8.62,35.15,28.73,2,3.21,4.94,1.19,-0.94
2026-01-01 05:00:00,13,109.48,12,9.55,118.97,24.47,2,2.44,5.79,4.47,-9.49
2026-01-01 06:00:00,16,100.56,13,8.39,96.64,27.58,2,3.25,5.57,3.65,3.92
2026-01-01 07:00:00,60,591.8,53,12.07,546.1,64.06,5,3.57,5.31,9.24,45.7
2026-01-01 08:00:00,62,438.2,50,8.43,408.64,67.32,5,4.22,3.49,6.51,29.56
2026-01-01 09:00:00,59,511.24,45,11.43,466.31,60.68,5,2.19,3.95,8.43,44.93
2026-01-01 10:00:00,61,392.11,59,6.63,383.49,63.67,5,4.84,5.88,6.16,8.62
2026-01-01 11:00:00,55,589.8,50,11.97,624.59,64.02,5,3.8,5.97,9.21,-34.79
2026-01-01 12:00:00,78,834.24,65,12.85,899.56,103.56,7,5.3,4.55,8.06,-65.32
2026-01-01 13:00:00,81,912.08,75,12.02,976.94,98.24,7,4.86,4.11,9.28,-64.86
2026-01-01 14:00:00,84,670.75,69,10.41,727.68,88.68,7,3.97,6.28,7.56,-56.93
2026-01-01 15:00:00,41,276.6,34,8.26,293.33,71.33,5,3.67,4.83,3.88,-16.73
2026-01-01 16:00:00,36,290.97,33,8.3,288.88,38.33,3,2.59,5.87,7.59,2.09
2026-01-01 17:00:00,35,290.47,27,10.17,310.93,36.1,3,2.3,5.6,8.05,-20.46
2026-01-01 18:00:00,18,134.72,14,10.46,138.54,26.36,2,2.3,3.8,5.11,-3.82
2026-01-01 19:00:00,13,113.59,10,10.56,108.68,25.15,2,2.77,5.54,4.52,4.91
2026-01-01 20:00:00,5,31.26,4,7.5,31.8,26.84,2,2.13,5.48,1.16,-0.54
2026-01-01 21:00:00,5,17.97,3,6.4,16.95,24.29,2,3.88,4.8,0.74,1.02
2026-01-01 22:00:00,12,79.54,10,7.89,75.91,26.86,2,3.52,3.38,2.96,3.63
2026-01-01 23:00:00,9,73.47,7,10.34,67.26,25.42,2,2.6,4.04,2.89,6.21
2026-01-02 00:00:00,8,72.82,7,10.04,69.81,26.73,2,2.1,3.58,2.72,3.01
2026-01-02 01:00:00,9,63.32,7,9.04,57.21,25.17,2,3.02,5.79,2.52,6.11
2026-01-02 02:00:00,12,76.78,10,8.14,80.48,25.56,2,3.43,5.94,3.0,-3.7
2026-01-02 03:00:00,14,105.29,11,9.59,112.7,24.49,2,3.55,3.2,4.3,-7.41
2026-01-02 04:00:00,14,79.49,10,8.4,78.97,27.83,2,3.83,3.37,2.86,0.52
2026-01-02 05:00:00,5,26.17,4,6.9,26.44,26.46,2,3.2,4.46,0.99,-0.27
2026-01-02 06:00:00,18,113.55,15,8.17,110.07,26.57,2,2.98,3.53,4.27,3.48
2026-01-02 07:00:00,42,376.55,35,10.43,379.84,66.39,5,2.79,3.29,5.67,-3.29
2026-01-02 08:00:00,56,563.45,46,12.09,537.04,60.82,5,3.21,5.3,9.26,26.41
2026-01-02 09:00:00,59,498.62,55,8.58,465.82,63.63,5,2.46,3.38,7.84,32.8
2026-01-02 10:00:00,61,473.85,55,8.26,439.52,63.58,5,3.67,3.53,7.45,34.33
2026-01-02 11:00:00,77,616.38,72,8.33,601.22,89.0,7,5.97,5.76,6.93,15.16
2026-01-02 12:00:00,80,774.41,78,9.97,800.6,95.73,7,5.18,5.78,8.09,-26.19
2026-01-02 13:00:00,58,575.55,50,11.1,567.33,66.79,5,3.03,4.39,8.62,8.22
2026-01-02 14:00:00,106,1110.05,86,12.76,1193.61,92.21,7,5.36,5.63,12.04,-83.56
2026-01-02 15:00:00,45,402.33,41,10.23,434.77,64.4,5,3.87,3.79,6.25,-32.44
2026-01-02 16:00:00,46,449.19,42,10.81,427.6,69.65,5,2.83,4.28,6.45,21.59
2026-01-02 17:00:00,36,281.89,33,8.06,300.42,44.38,3,2.8,4.78,6.35,-18.53
2026-01-02 18:00:00,12,80.0,9,9.03,82.6,28.7,2,2.12,4.3,2.79,-2.6
2026-01-02 19:00:00,13,80.0,10,8.45,76.16,27.34,2,3.65,3.58,2.93,3.84
2026-01-02 20:00:00,5,25.72,4,6.27,27.97,29.06,2,3.51,3.64,0.89,-2.25
2026-01-02 21:00:00,6,35.0,5,6.61,34.81,28.64,2,2.0,3.85,1.22,0.19
2026-01-02 22:00:00,8,75.04,7,10.04,68.62,25.18,2,2.29,5.01,2.98,6.42
2026-01-02 23:00:00,5,35.81,4,8.68,38.02,27.28,2,2.33,5.66,1.31,-2.21
2026-01-03 00:00:00,31,289.71,27,10.4,311.26,55.27,4,2.75,3.06,5.24,-21.55
2026-01-03 01:00:00,32,168.07,26,6.15,155.6,55.56,4,3.17,4.37,3.03,12.47
2026-01-03 02:00:00,27,274.54,25,10.98,259.15,48.1,4,3.67,3.69,5.71,15.39
2026-01-03 03:00:00,28,209.96,27,8.32,219.89,48.08,4,3.47,4.4,4.37,-9.93
2026-01-03 04:00:00,34,261.39,30,8.93,249.55,57.4,4,3.07,4.51,4.55,11.84
2026-01-03 05:00:00,29,199.81,24,8.14,206.38,56.28,4,3.91,3.09,3.55,-6.57
2026-01-03 06:00:00,33,224.48,31,7.06,244.18,56.18,4,2.88,3.26,4.0,-19.7
2026-01-03 07:00:00,79,644.36,68,10.01,598.94,104.91,8,4.91,6.39,6.14,45.42
2026-01-03 08:00:00,77,608.76,57,11.37,624.94,104.89,8,3.65,7.03,5.8,-16.18
2026-01-03 09:00:00,78,879.06,74,12.29,936.28,110.15,8,5.49,7.47,7.98,-57.22
2026-01-03 10:00:00,80,608.17,61,10.18,562.02,100.08,8,6.34,7.53,6.08,46.15
2026-01-03 11:00:00,106,1119.71,101,10.58,1163.35,114.78,8,6.28,7.31,9.76,-43.64
2026-01-03 12:00:00,131,1349.74,125,10.12,1425.64,106.2,8,4.95,6.98,12.71,-75.9
2026-01-03 13:00:00,104,951.4,91,10.19,942.89,101.28,8,4.67,6.87,9.39,8.51
2026-01-03 14:00:00,97,699.58,77,9.11,676.54,99.79,8,4.47,4.42,7.01,23.04
2026-01-03 15:00:00,56,382.02,52,7.97,410.34,87.72,6,3.98,4.01,4.35,-28.32
2026-01-03 16:00:00,57,528.88,55,8.93,510.24,73.15,6,3.21,5.25,7.23,18.64
2026-01-03 17:00:00,58,390.1,48,8.42,428.01,81.79,6,2.15,4.79,4.77,-37.91
2026-01-03 18:00:00,40,309.54,31,10.15,313.87,89.77,6,2.14,5.14,3.45,-4.33
2026-01-03 19:00:00,30,140.88,23,6.47,141.44,50.05,4,3.32,5.17,2.81,-0.56
2026-01-03 20:00:00,24,228.36,22,9.92,208.76,58.24,4,2.65,4.86,3.92,19.6
2026-01-03 21:00:00,31,246.72,25,9.83,237.03,59.99,4,2.37,4.97,4.11,9.69
2026-01-03 22:00:00,22,155.55,20,8.44,150.06,49.11,4,3.64,4.41,3.17,5.49
2026-01-03 23:00:00,26,183.88,20,8.83,179.0,59.79,4,3.01,3.38,3.08,4.88
2026-01-04 00:00:00,33,278.39,29,10.01,286.02,48.13,4,2.92,5.58,5.78,-7.63
2026-01-04 01:00:00,32,225.21,30,7.47,215.86,50.96,4,2.18,5.39,4.42,9.35
2026-01-04 02:00:00,34,299.74,28,10.92,318.41,48.79,4,2.52,3.74,6.14,-18.67
2026-01-04 03:00:00,34,213.53,30,7.28,222.3,50.03,4,2.67,4.93,4.27,-8.77
2026-01-04 04:00:00,31,210.64,24,9.52,196.96,58.05,4,3.39,3.07,3.63,13.68
2026-01-04 05:00:00,32,171.09,25,6.85,177.11,52.18,4,2.48,5.58,3.28,-6.02
2026-01-04 06:00:00,39,214.53,33,6.04,200.98,59.21,4,3.47,3.35,3.62,13.55
2026-01-04 07:00:00,82,669.37,77,8.92,614.03,109.0,8,5.51,5.96,6.14,55.34
2026-01-04 08:00:00,75,672.29,74,9.29,682.59,108.67,8,5.55,6.73,6.19,-10.3
2026-01-04 09:00:00,109,635.82,86,7.82,621.35,99.01,8,3.76,4.75,6.42,14.47
2026-01-04 10:00:00,83,458.31,69,6.39,424.77,99.22,8,5.39,5.21,4.62,33.54
2026-01-04 11:00:00,98,871.73,86,10.05,837.64,113.44,8,3.68,6.37,7.68,34.09
2026-01-04 12:00:00,95,633.17,73,9.17,689.7,113.37,8,4.02,6.12,5.58,-56.53
2026-01-04 13:00:00,107,832.02,85,10.35,783.03,116.06,8,5.2,6.36,7.17,48.99
2026-01-04 14:00:00,100,1000.5,91,11.73,1056.74,114.16,8,6.65,7.62,8.76,-56.24
2026-01-04 15:00:00,40,277.28,32,8.69,251.22,73.76,6,2.07,4.86,3.76,26.06
2026-01-04 16:00:00,58,460.11,57,8.4,420.85,88.02,6,2.53,4.64,5.23,39.26
2026-01-04 17:00:00,58,306.13,51,6.26,285.37,76.92,6,3.25,4.15,3.98,20.76
2026-01-04 18:00:00,42,226.8,36,6.14,226.76,78.91,6,3.71,5.78,2.87,0.04
2026-01-04 19:00:00,34,173.85,27,6.51,161.33,55.95,4,3.41,3.22,3.11,12.52
2026-01-04 20:00:00,22,168.54,21,8.01,169.8,57.59,4,3.74,5.32,2.93,-1.26
2026-01-04 21:00:00,32,302.92,28,10.99,317.11,48.82,4,2.17,4.56,6.2,-14.19
2026-01-04 22:00:00,30,238.57,27,8.56,238.99,49.01,4,3.33,4.68,4.87,-0.42
2026-01-04 23:00:00,26,198.78,22,8.91,206.89,50.55,4,3.74,3.7,3.93,-8.11
2026-01-05 00:00:00,5,24.81,3,7.97,24.2,26.58,2,3.68,3.25,0.93,0.61
2026-01-05 01:00:00,10,91.12,8,10.9,82.55,29.44,2,2.35,3.39,3.1,8.57
2026-01-05 02:00:00,9,58.98,7,9.06,63.83,24.82,2,3.25,4.87,2.38,-4.85
2026-01-05 03:00:00,7,39.67,5,8.32,36.21,25.24,2,2.96,3.94,1.57,3.46
2026-01-05 04:00:00,5,24.02,4,6.29,23.28,24.02,2,3.67,3.03,1.0,0.74
2026-01-05 05:00:00,7,39.56,6,7.0,39.82,27.47,2,3.64,5.88,1.44,-0.26
2026-01-05 06:00:00,13,109.51,11,10.63,118.22,26.8,2,3.01,4.71,4.09,-8.71
2026-01-05 07:00:00,61,704.27,60,11.51,752.62,63.84,5,4.34,5.58,11.03,-48.35
2026-01-05 08:00:00,56,501.92,47,10.29,539.91,74.73,5,3.59,3.52,6.72,-37.99
2026-01-05 09:00:00,63,680.57,56,11.9,676.19,61.0,5,4.56,5.84,11.16,4.38
2026-01-05 10:00:00,62,509.64,59,9.18,557.42,73.08,5,4.43,5.79,6.97,-47.78
2026-01-05 11:00:00,79,906.43,71,11.97,876.41,98.94,7,5.55,7.06,9.16,30.02
2026-01-05 12:00:00,80,693.27,62,11.18,760.08,103.29,7,6.14,6.41,6.71,-66.81
2026-01-05 13:00:00,80,667.25,60,11.36,629.01,104.24,7,4.83,6.53,6.4,38.24
2026-01-05 14:00:00,79,748.31,65,11.12,777.28,99.85,7,4.58,5.36,7.49,-28.97
2026-01-05 15:00:00,37,269.06,30,9.2,256.64,36.03,3,2.27,5.71,7.47,12.42
2026-01-05 16:00:00,42,276.1,37,7.41,297.2,63.33,5,3.93,3.06,4.36,-21.1
2026-01-05 17:00:00,38,242.35,32,7.84,256.69,42.56,3,2.25,5.16,5.69,-14.34
2026-01-05 18:00:00,14,91.8,12,7.42,95.79,27.08,2,2.51,3.24,3.39,-3.99
2026-01-05 19:00:00,20,113.73,15,8.08,113.05,41.67,3,2.63,4.72,2.73,0.68
2026-01-05 20:00:00,5,23.57,4,6.09,24.59,29.86,2,2.19,3.19,0.79,-1.02
2026-01-05 21:00:00,11,80.86,8,10.91,79.01,29.62,2,2.2,4.48,2.73,1.85
2026-01-05 22:00:00,5,25.37,4,6.7,26.26,29.16,2,3.51,5.17,0.87,-0.89
2026-01-05 23:00:00,11,59.32,9,7.02,56.92,29.35,2,2.02,4.96,2.02,2.4
2026-01-06 00:00:00,7,57.39,6,10.27,57.52,26.7,2,3.11,5.18,2.15,-0.13
2026-01-06 01:00:00,12,78.49,11,7.5,81.76,24.82,2,3.14,3.25,3.16,-3.27
2026-01-06 02:00:00,13,63.8,9,6.92,62.82,27.55,2,3.26,4.58,2.32,0.98
2026-01-06 03:00:00,10,96.78,9,10.99,106.32,26.88,2,2.19,4.88,3.6,-9.54
2026-01-06 04:00:00,5,38.93,4,10.03,39.16,29.21,2,3.76,5.78,1.33,-0.23
2026-01-06 05:00:00,5,43.01,4,10.39,46.53,25.74,2,3.11,4.22,1.67,-3.52
2026-01-06 06:00:00,13,83.5,12,6.83,87.69,28.73,2,2.23,4.37,2.91,-4.19
2026-01-06 07:00:00,65,437.23,57,7.59,427.67,60.94,5,4.58,3.65,7.17,9.56
2026-01-06 08:00:00,59,530.02,46,12.28,557.56,67.59,5,3.57,5.45,7.84,-27.54
2026-01-06 09:00:00,61,613.55,50,11.78,573.93,60.97,5,4.17,3.9,10.06,39.62
2026-01-06 10:00:00,58,362.5,45,8.22,355.65,64.72,5,2.0,3.07,5.6,6.85
2026-01-06 11:00:00,86,660.61,76,8.67,635.88,88.35,7,3.59,6.75,7.48,24.73
2026-01-06 12:00:00,83,960.71,72,12.72,1005.69,104.89,7,4.38,7.27,9.16,-44.98
2026-01-06 13:00:00,84,767.81,73,10.5,732.79,100.96,7,4.71,7.43,7.61,35.02
2026-01-06 14:00:00,77,925.12,75,12.69,941.54,104.06,7,6.1,6.86,8.89,-16.42
2026-01-06 15:00:00,26,165.44,20,8.74,155.61,37.65,3,2.34,5.01,4.39,9.83
2026-01-06 16:00:00,41,371.39,36,9.99,357.25,67.74,5,3.9,5.94,5.48,14.14
2026-01-06 17:00:00,42,282.04,38,7.58,284.15,71.58,5,2.03,5.74,3.94,-2.11
2026-01-06 18:00:00,14,98.54,13,7.13,100.97,24.09,2,3.23,4.4,4.09,-2.43
2026-01-06 19:00:00,13,122.29,12,10.75,126.09,24.48,2,3.85,5.54,5.0,-3.8
2026-01-06 20:00:00,7,59.49,6,9.7,63.47,24.44,2,2.18,3.64,2.43,-3.98
2026-01-06 21:00:00,5,25.08,3,7.9,23.04,27.6,2,3.27,5.94,0.91,2.04
2026-01-06 22:00:00,7,43.33,5,9.34,41.14,25.23,2,2.44,4.87,1.72,2.19
2026-01-06 23:00:00,5,36.66,4,9.76,36.61,27.76,2,2.79,3.53,1.32,0.05
2026-01-07 00:00:00,5,30.23,4,7.89,31.79,24.99,2,3.54,3.6,1.21,-1.56
2026-01-07 01:00:00,7,31.22,5,6.7,33.4,25.93,2,2.12,3.38,1.2,-2.18
2026-01-07 02:00:00,14,80.12,11,6.91,83.75,29.62,2,3.04,4.11,2.7,-3.63
2026-01-07 03:00:00,5,24.52,3,7.64,25.56,25.27,2,3.43,5.56,0.97,-1.04
2026-01-07 04:00:00,11,105.73,9,10.95,105.18,25.47,2,2.17,5.4,4.15,0.55
2026-01-07 05:00:00,13,77.76,11,6.57,79.25,24.07,2,2.23,4.4,3.23,-1.49
2026-01-07 06:00:00,20,123.19,15,7.86,114.77,41.77,3,2.58,3.24,2.95,8.42
2026-01-07 07:00:00,58,435.79,47,8.67,448.72,69.45,5,2.01,3.37,6.27,-12.93
2026-01-07 08:00:00,61,601.13,59,10.34,639.93,64.76,5,3.58,4.05,9.28,-38.8
2026-01-07 09:00:00,57,386.03,45,8.45,407.71,74.54,5,3.46,3.37,5.18,-21.68
2026-01-07 10:00:00,65,430.85,61,6.65,427.57,65.1,5,5.73,4.1,6.62,3.28
2026-01-07 11:00:00,87,685.37,67,10.75,740.62,101.54,7,3.89,4.38,6.75,-55.25
2026-01-07 12:00:00,75,563.38,62,8.71,558.05,95.42,7,4.75,4.82,5.9,5.33
2026-01-07 13:00:00,87,648.38,83,8.32,637.91,100.7,7,5.1,6.27,6.44,10.47
2026-01-07 14:00:00,87,859.29,65,12.27,837.77,93.53,7,6.18,6.56,9.19,21.52
2026-01-07 15:00:00,40,223.11,34,7.11,244.91,70.93,5,2.95,4.28,3.15,-21.8
2026-01-07 16:00:00,39,266.0,34,7.72,292.51,44.3,3,3.62,3.62,6.0,-26.51
2026-01-07 17:00:00,46,448.45,44,10.25,438.84,60.11,5,2.23,3.87,7.46,9.61
2026-01-07 18:00:00,12,87.68,9,9.23,91.27,29.09,2,2.83,3.76,3.01,-3.59
2026-01-07 19:00:00,22,211.49,19,10.41,207.72,40.85,3,3.52,3.16,5.18,3.77
2026-01-07 20:00:00,5,28.3,4,7.59,28.8,27.7,2,3.93,5.75,1.02,-0.5
2026-01-07 21:00:00,5,34.73,4,9.19,34.52,29.6,2,2.95,5.45,1.17,0.21
2026-01-07 22:00:00,12,68.43,9,7.2,69.69,27.22,2,2.84,3.07,2.51,-1.26
2026-01-07 23:00:00,6,31.32,4,8.1,32.69,25.27,2,3.41,3.59,1.24,-1.37
2026-01-08 00:00:00,8,44.75,7,6.03,45.56,28.09,2,3.62,4.88,1.59,-0.81
2026-01-08 01:00:00,13,82.83,10,7.83,80.95,25.07,2,3.32,3.67,3.3,1.88
2026-01-08 02:00:00,5,35.56,4,8.4,33.24,26.52,2,3.68,3.14,1.34,2.32
2026-01-08 03:00:00,11,87.96,9,9.11,87.76,29.88,2,3.71,3.28,2.94,0.2
2026-01-08 04:00:00,8,67.54,7,8.94,71.31,29.99,2,2.07,5.87,2.25,-3.77
2026-01-08 05:00:00,11,55.51,9,6.56,50.0,25.11,2,3.19,3.24,2.21,5.51
2026-01-08 06:00:00,19,173.77,16,10.79,174.41,24.09,2,3.2,5.2,7.21,-0.64
2026-01-08 07:00:00,58,390.61,51,7.82,398.48,66.36,5,3.58,4.66,5.89,-7.87
2026-01-08 08:00:00,67,521.25,63,8.67,554.64,66.25,5,3.71,5.53,7.87,-33.39
2026-01-08 09:00:00,57,500.01,43,11.01,513.29,74.43,5,3.34,4.96,6.72,-13.28
2026-01-08 10:00:00,57,396.6,54,7.04,411.61,62.7,5,3.94,3.28,6.33,-15.01
2026-01-08 11:00:00,75,689.17,70,9.5,642.11,92.67,7,6.02,6.21,7.44,47.06
2026-01-08 12:00:00,87,733.8,71,10.19,765.3,98.74,7,5.56,7.09,7.43,-31.5
2026-01-08 13:00:00,78,883.8,67,12.3,894.08,92.63,7,5.32,6.26,9.54,-10.28
2026-01-08 14:00:00,75,527.11,56,9.15,563.57,100.41,7,6.47,6.6,5.25,-36.46
2026-01-08 15:00:00,41,327.86,33,9.66,331.67,64.75,5,3.97,3.79,5.06,-3.81
2026-01-08 16:00:00,40,206.17,32,6.78,198.91,74.77,5,3.02,3.46,2.76,7.26
2026-01-08 17:00:00,37,311.38,35,8.39,326.35,37.3,3,2.44,3.86,8.35,-14.97
2026-01-08 18:00:00,12,83.96,10,7.84,79.09,29.58,2,3.58,4.88,2.84,4.87
2026-01-08 19:00:00,10,95.62,9,10.29,101.36,27.01,2,3.98,5.42,3.54,-5.74
2026-01-08 20:00:00,5,36.69,4,9.24,35.48,27.72,2,2.16,3.37,1.32,1.21
2026-01-08 21:00:00,6,29.85,5,6.28,28.01,25.86,2,2.53,5.76,1.15,1.84
2026-01-08 22:00:00,5,37.61,4,9.03,36.09,29.49,2,2.06,3.11,1.28,1.52
2026-01-08 23:00:00,11,77.11,10,8.1,70.65,28.78,2,3.75,5.38,2.68,6.46
2026-01-09 00:00:00,8,68.11,6,10.68,67.6,29.96,2,2.81,4.31,2.27,0.51
2026-01-09 01:00:00,12,82.68,11,7.69,77.13,29.37,2,2.78,5.34,2.82,5.55
2026-01-09 02:00:00,5,36.44,4,9.03,37.44,24.54,2,2.97,3.99,1.48,-1.0
2026-01-09 03:00:00,5,34.6,4,8.7,33.4,25.24,2,2.83,4.87,1.37,1.2
2026-01-09 04:00:00,13,104.81,11,8.94,96.92,24.2,2,3.63,4.24,4.33,7.89
2026-01-09 05:00:00,5,29.56,4,7.07,29.3,28.36,2,2.87,4.07,1.04,0.26
2026-01-09 06:00:00,22,195.97,21,8.96,208.99,41.84,3,2.61,4.82,4.68,-13.02
2026-01-09 07:00:00,57,499.32,51,9.25,510.66,71.91,5,2.27,3.07,6.94,-11.34
2026-01-09 08:00:00,61,446.8,46,9.22,446.41,68.36,5,5.19,4.48,6.54,0.39
2026-01-09 09:00:00,67,721.53,61,11.75,651.01,65.67,5,4.78,5.4,10.99,70.52
2026-01-09 10:00:00,61,552.19,60,9.61,522.9,67.79,5,5.61,3.59,8.15,29.29
2026-01-09 11:00:00,82,819.91,81,10.35,788.67,102.12,7,5.93,6.52,8.03,31.24
2026-01-09 12:00:00,85,752.41,71,9.9,810.02,103.16,7,4.32,4.2,7.29,-57.61
2026-01-09 13:00:00,83,651.0,82,8.11,666.94,92.72,7,6.1,4.68,7.02,-15.94
2026-01-09 14:00:00,82,863.09,75,11.95,840.96,101.73,7,5.21,4.79,8.48,22.13
2026-01-09 15:00:00,47,378.6,40,9.25,383.93,62.34,5,3.58,5.48,6.07,-5.33
2026-01-09 16:00:00,47,454.61,46,9.8,485.44,66.39,5,3.73,3.58,6.85,-30.83
2026-01-09 17:00:00,42,362.72,37,10.41,392.45,64.85,5,2.52,5.0,5.59,-29.73
2026-01-09 18:00:00,10,63.87,9,6.63,61.44,28.67,2,2.52,6.0,2.23,2.43
2026-01-09 19:00:00,16,147.5,14,10.2,139.76,26.38,2,2.31,3.58,5.59,7.74
2026-01-09 20:00:00,5,37.2,4,9.26,34.88,28.86,2,3.97,6.0,1.29,2.32
2026-01-09 21:00:00,9,36.5,6,6.52,37.32,25.4,2,2.44,3.24,1.44,-0.82
2026-01-09 22:00:00,5,25.85,4,6.57,24.15,26.31,2,2.78,3.89,0.98,1.7
2026-01-09 23:00:00,8,53.93,6,8.84,52.87,29.06,2,3.59,4.07,1.86,1.06
2026-01-10 00:00:00,29,190.53,25,7.73,189.85,55.62,4,2.4,3.4,3.43,0.68
2026-01-10 01:00:00,28,221.31,24,9.84,230.23,59.78,4,3.54,4.53,3.7,-8.92
2026-01-10 02:00:00,34,192.69,29,7.0,198.95,59.45,4,3.23,3.14,3.24,-6.26
2026-01-10 03:00:00,25,227.65,21,10.39,235.94,55.11,4,2.92,5.99,4.13,-8.29
2026-01-10 04:00:00,25,191.21,19,9.52,205.56,49.57,4,3.17,4.32,3.86,-14.35
2026-01-10 05:00:00,28,242.16,26,8.64,266.33,59.95,4,3.36,4.9,4.04,-24.17
2026-01-10 06:00:00,39,240.03,38,6.85,253.23,51.39,4,2.68,5.37,4.67,-13.2
2026-01-10 07:00:00,82,689.63,78,9.36,748.65,110.68,8,4.64,7.53,6.23,-59.02
2026-01-10 08:00:00,76,649.92,59,10.92,669.1,104.5,8,3.35,6.67,6.22,-19.18
2026-01-10 09:00:00,76,722.72,73,10.43,674.45,97.72,8,4.57,6.22,7.4,48.27
2026-01-10 10:00:00,81,713.91,68,10.93,741.84,110.48,8,6.29,6.13,6.46,-27.93
2026-01-10 11:00:00,104,886.66,83,11.33,828.77,103.91,8,6.13,7.33,8.53,57.89
2026-01-10 12:00:00,107,853.4,81,10.86,837.61,119.64,8,3.39,5.02,7.13,15.79
2026-01-10 13:00:00,107,836.15,101,8.38,786.29,114.11,8,4.88,4.71,7.33,49.86
2026-01-10 14:00:00,97,1079.93,86,12.72,1186.4,101.02,8,5.78,5.56,10.69,-106.47
2026-01-10 15:00:00,58,438.97,46,8.96,482.69,83.35,6,2.24,4.46,5.27,-43.72
2026-01-10 16:00:00,59,352.8,47,7.12,324.56,79.56,6,3.65,4.28,4.43,28.24
2026-01-10 17:00:00,75,411.25,60,7.36,440.01,110.08,8,4.78,7.08,3.74,-28.76
2026-01-10 18:00:00,28,191.73,23,8.81,178.93,54.13,4,3.46,3.94,3.54,12.8
2026-01-10 19:00:00,30,192.32,24,8.66,202.06,54.99,4,2.42,3.4,3.5,-9.74
2026-01-10 20:00:00,16,126.34,15,8.46,135.91,36.15,3,2.75,4.83,3.49,-9.57
2026-01-10 21:00:00,24,108.43,18,6.47,105.56,54.44,4,2.12,5.82,1.99,2.87
2026-01-10 22:00:00,31,247.2,26,9.51,247.92,52.17,4,3.61,4.64,4.74,-0.72
2026-01-10 23:00:00,30,203.6,28,7.9,188.21,48.74,4,2.36,4.1,4.18,15.39
2026-01-11 00:00:00,25,221.88,21,10.0,208.75,59.5,4,3.76,4.12,3.73,13.13
2026-01-11 01:00:00,33,314.53,29,10.63,324.26,51.99,4,2.88,3.48,6.05,-9.73
2026-01-11 02:00:00,32,192.59,26,7.24,186.99,55.31,4,3.73,4.27,3.48,5.6
2026-01-11 03:00:00,23,157.87,17,9.73,150.07,57.91,4,3.65,5.45,2.73,7.8
2026-01-11 04:00:00,23,125.1,20,6.44,123.82,51.97,4,2.3,6.0,2.41,1.28
2026-01-11 05:00:00,29,267.96,28,9.03,271.46,59.48,4,2.91,6.0,4.51,-3.5
2026-01-11 06:00:00,31,184.48,25,7.41,187.23,49.06,4,2.1,3.93,3.76,-2.75
2026-01-11 07:00:00,79,829.6,69,11.72,909.98,110.93,8,5.74,6.27,7.48,-80.38
2026-01-11 08:00:00,59,468.49,45,10.82,487.12,77.42,6,3.4,5.23,6.05,-18.63
2026-01-11 09:00:00,77,610.71,72,9.21,563.34,118.11,8,4.89,4.37,5.17,47.37
2026-01-11 10:00:00,82,495.33,61,7.91,515.09,114.72,8,5.76,6.35,4.32,-19.76
2026-01-11 11:00:00,101,906.65,89,9.66,972.96,97.39,8,5.11,5.67,9.31,-66.31
2026-01-11 12:00:00,99,863.7,76,10.62,863.66,101.46,8,5.55,5.36,8.51,0.04
2026-01-11 13:00:00,95,964.96,93,11.14,953.3,98.07,8,4.16,5.8,9.84,11.66
2026-01-11 14:00:00,100,805.99,87,9.69,841.93,111.78,8,4.84,4.4,7.21,-35.94
2026-01-11 15:00:00,66,528.9,49,10.99,523.65,77.75,6,5.21,3.03,6.8,5.25
2026-01-11 16:00:00,67,628.19,65,9.36,673.77,77.25,6,6.39,3.09,8.13,-45.58
2026-01-11 17:00:00,62,545.09,49,10.73,514.96,80.84,6,5.4,4.36,6.74,30.13
2026-01-11 18:00:00,39,242.71,30,7.86,232.17,57.5,4,2.77,3.88,4.22,10.54
2026-01-11 19:00:00,31,188.72,27,6.56,192.5,57.6,4,3.56,5.03,3.28,-3.78
2026-01-11 20:00:00,29,202.11,26,7.46,183.41,56.58,4,3.68,5.62,3.57,18.7
2026-01-11 21:00:00,18,147.83,14,10.03,142.05,38.18,3,2.27,5.3,3.87,5.78
2026-01-11 22:00:00,24,241.06,23,10.39,252.4,48.75,4,2.39,5.21,4.94,-11.34
2026-01-11 23:00:00,21,176.9,18,9.39,172.88,59.31,4,3.79,4.81,2.98,4.02
2026-01-12 00:00:00,10,66.51,7,9.26,64.83,27.24,2,3.28,3.69,2.44,1.68
2026-01-12 01:00:00,5,35.65,4,9.02,32.56,29.16,2,3.26,3.02,1.22,3.09
2026-01-12 02:00:00,12,72.78,9,7.64,77.11,29.71,2,3.02,5.62,2.45,-4.33
2026-01-12 03:00:00,9,55.75,8,7.1,56.43,29.23,2,2.65,4.01,1.91,-0.68
2026-01-12 04:00:00,8,72.51,7,10.9,72.58,27.29,2,3.71,5.08,2.66,-0.07
2026-01-12 05:00:00,11,73.8,8,9.24,77.81,26.45,2,3.55,5.33,2.79,-4.01
2026-01-12 06:00:00,18,132.04,16,8.41,129.27,26.22,2,3.36,4.79,5.04,2.77
2026-01-12 07:00:00,62,387.6,48,8.55,390.14,71.64,5,4.68,3.27,5.41,-2.54
2026-01-12 08:00:00,59,487.13,51,9.66,514.43,74.79,5,2.86,5.41,6.51,-27.3
2026-01-12 09:00:00,65,767.42,61,11.69,733.52,71.08,5,3.92,3.17,10.8,33.9
2026-01-12 10:00:00,63,495.13,47,10.45,449.63,63.23,5,5.15,4.21,7.83,45.5
2026-01-12 11:00:00,86,819.04,70,11.47,770.73,98.8,7,5.57,7.76,8.29,48.31
2026-01-12 12:00:00,75,554.57,57,10.06,531.92,89.81,7,5.64,7.47,6.17,22.65
2026-01-12 13:00:00,83,782.0,79,10.66,772.41,98.62,7,5.76,6.49,7.93,9.59
2026-01-12 14:00:00,84,718.98,78,9.69,703.64,90.91,7,4.73,4.98,7.91,15.34
2026-01-12 15:00:00,47,363.12,36,10.87,342.72,71.72,5,3.34,3.29,5.06,20.4
2026-01-12 16:00:00,37,206.09,30,7.18,225.2,36.56,3,3.75,3.12,5.64,-19.11
2026-01-12 17:00:00,47,301.52,44,6.96,290.74,62.56,5,3.29,3.45,4.82,10.78
2026-01-12 18:00:00,10,76.96,8,10.08,75.39,26.71,2,3.35,5.17,2.88,1.57
2026-01-12 19:00:00,10,50.1,7,7.06,48.74,26.65,2,2.09,3.47,1.88,1.36
2026-01-12 20:00:00,10,68.27,8,8.3,72.09,29.96,2,3.93,5.64,2.28,-3.82
2026-01-12 21:00:00,5,30.34,4,7.53,29.17,25.64,2,2.42,4.69,1.18,1.17
2026-01-12 22:00:00,8,42.69,6,7.62,38.79,27.7,2,3.42,5.43,1.54,3.9
2026-01-12 23:00:00,10,72.17,8,9.35,67.68,25.6,2,2.53,5.6,2.82,4.49
2026-01-13 00:00:00,7,36.74,6,6.52,39.99,25.41,2,2.59,4.94,1.45,-3.25
2026-01-13 01:00:00,10,56.57,9,6.77,52.45,29.45,2,2.36,3.68,1.92,4.12
2026-01-13 02:00:00,6,45.81,5,9.84,45.72,29.91,2,3.27,4.8,1.53,0.09
2026-01-13 03:00:00,12,80.97,9,9.74,81.54,26.12,2,2.95,4.01,3.1,-0.57
2026-01-13 04:00:00,12,105.01,11,8.85,95.95,25.33,2,3.19,4.77,4.15,9.06
2026-01-13 05:00:00,5,25.95,3,8.91,25.27,24.81,2,2.21,5.23,1.05,0.68
2026-01-13 06:00:00,13,102.62,11,9.63,102.98,24.49,2,2.84,3.92,4.19,-0.36
2026-01-13 07:00:00,66,695.74,62,10.96,688.85,60.51,5,5.75,3.66,11.5,6.89
2026-01-13 08:00:00,64,601.46,62,9.3,636.55,74.46,5,3.57,3.11,8.08,-35.09
2026-01-13 09:00:00,65,591.3,63,9.59,542.22,62.49,5,4.61,5.71,9.46,49.08
2026-01-13 10:00:00,66,405.97,64,6.41,438.89,67.91,5,3.76,4.67,5.98,-32.92
2026-01-13 11:00:00,52,498.71,41,12.05,453.37,61.34,5,3.03,3.63,8.13,45.34
2026-01-13 12:00:00,83,556.5,67,8.92,561.24,98.22,7,5.23,6.86,5.67,-4.74
2026-01-13 13:00:00,80,676.5,62,11.47,625.1,87.82,7,5.27,6.98,7.7,51.4
2026-01-13 14:00:00,83,656.88,69,9.84,637.2,89.12,7,5.05,7.01,7.37,19.68
2026-01-13 15:00:00,52,438.59,45,10.37,396.18,67.87,5,3.02,3.07,6.46,42.41
2026-01-13 16:00:00,47,345.45,39,8.65,334.66,69.54,5,3.79,4.08,4.97,10.79
2026-01-13 17:00:00,38,330.5,34,9.59,328.7,38.53,3,2.38,5.38,8.58,1.8
2026-01-13 18:00:00,17,140.58,16,8.98,140.46,26.39,2,3.59,3.58,5.33,0.12
2026-01-13 19:00:00,19,129.58,14,9.38,139.12,29.94,2,3.7,5.74,4.33,-9.54
2026-01-13 20:00:00,5,39.61,4,10.2,43.55,29.12,2,3.21,5.1,1.36,-3.94
2026-01-13 21:00:00,5,27.9,4,6.88,27.23,25.58,2,2.25,4.6,1.09,0.67
2026-01-13 22:00:00,6,47.83,5,10.16,47.21,25.45,2,3.59,4.08,1.88,0.62
2026-01-13 23:00:00,9,55.89,8,6.88,52.46,29.95,2,2.99,4.94,1.87,3.43
2026-01-14 00:00:00,6,39.12,4,9.95,38.97,24.15,2,2.83,5.01,1.62,0.15
2026-01-14 01:00:00,9,62.7,7,9.6,57.09,24.27,2,3.21,4.69,2.58,5.61
2026-01-14 02:00:00,5,43.07,4,10.76,39.94,29.95,2,3.59,3.85,1.44,3.13
2026-01-14 03:00:00,6,31.2,5,6.61,33.94,28.72,2,3.32,5.8,1.09,-2.74
2026-01-14 04:00:00,10,99.11,9,10.98,107.94,26.77,2,3.07,3.38,3.7,-8.83
2026-01-14 05:00:00,7,39.68,6,6.71,35.91,27.2,2,2.55,3.86,1.46,3.77
2026-01-14 06:00:00,19,121.48,15,8.26,118.86,28.85,2,2.54,5.14,4.21,2.62
2026-01-14 07:00:00,67,760.76,61,12.16,762.17,65.42,5,4.72,4.03,11.63,-1.41
2026-01-14 08:00:00,66,640.25,59,11.64,682.74,61.03,5,5.5,3.49,10.49,-42.49
2026-01-14 09:00:00,65,589.7,62,9.81,599.17,64.41,5,4.81,4.82,9.16,-9.47
2026-01-14 10:00:00,61,323.65,57,6.06,292.08,63.68,5,6.44,5.12,5.08,31.57
2026-01-14 11:00:00,75,697.03,65,10.25,671.84,97.56,7,4.47,6.76,7.14,25.19
2026-01-14 12:00:00,82,592.11,65,9.0,648.32,92.28,7,4.26,6.65,6.42,-56.21
2026-01-14 13:00:00,82,601.36,69,8.13,570.92,102.75,7,4.2,5.59,5.85,30.44
2026-01-14 14:00:00,84,545.23,65,8.81,501.88,88.66,7,4.73,6.45,6.15,43.35
2026-01-14 15:00:00,42,289.71,35,8.42,295.6,69.88,5,3.57,3.96,4.15,-5.89
2026-01-14 16:00:00,34,330.95,31,10.97,320.67,44.62,3,3.65,4.1,7.42,10.28
2026-01-14 17:00:00,43,373.89,41,9.43,381.67,68.07,5,3.58,4.14,5.49,-7.78
2026-01-14 18:00:00,13,65.71,11,6.05,67.78,29.3,2,3.98,4.28,2.24,-2.07
2026-01-14 19:00:00,14,95.79,12,8.08,91.32,27.27,2,3.05,3.89,3.51,4.47
2026-01-14 20:00:00,9,69.97,7,9.95,72.98,27.88,2,3.68,4.25,2.51,-3.01
2026-01-14 21:00:00,5,31.08,3,9.92,28.42,28.05,2,3.69,5.22,1.11,2.66
2026-01-14 22:00:00,5,25.56,4,6.93,24.89,26.8,2,2.25,4.81,0.95,0.67
2026-01-14 23:00:00,5,34.92,4,8.3,33.56,24.83,2,3.22,4.17,1.41,1.36
2026-01-15 00:00:00,9,70.24,8,9.43,72.87,26.54,2,2.99,4.99,2.65,-2.63
2026-01-15 01:00:00,8,54.87,7,7.46,53.57,27.03,2,2.75,3.16,2.03,1.3
2026-01-15 02:00:00,9,66.39,8,8.22,61.73,26.05,2,3.02,5.02,2.55,4.66
2026-01-15 03:00:00,5,33.33,4,8.88,31.55,27.63,2,2.17,5.39,1.21,1.78
2026-01-15 04:00:00,5,36.41,4,8.67,38.81,29.9,2,3.16,5.92,1.22,-2.4
2026-01-15 05:00:00,6,40.17,5,7.7,36.45,26.04,2,3.48,5.85,1.54,3.72
2026-01-15 06:00:00,22,154.83,19,8.24,145.2,38.91,3,3.8,3.24,3.98,9.63
2026-01-15 07:00:00,58,353.84,48,7.59,348.09,65.19,5,3.13,4.25,5.43,5.75
2026-01-15 08:00:00,62,694.16,54,12.11,729.1,69.91,5,5.15,3.77,9.93,-34.94
2026-01-15 09:00:00,60,578.71,57,10.91,547.91,70.9,5,2.79,3.43,8.16,30.8
2026-01-15 10:00:00,57,401.65,55,7.71,379.1,64.81,5,3.35,3.64,6.2,22.55
2026-01-15 11:00:00,76,544.86,58,8.7,527.28,103.86,7,5.35,4.72,5.25,17.58
2026-01-15 12:00:00,83,610.6,68,8.39,643.99,103.75,7,5.34,4.84,5.89,-33.39
2026-01-15 13:00:00,76,589.98,70,8.19,597.83,88.45,7,4.98,6.01,6.67,-7.85
2026-01-15 14:00:00,82,657.94,71,8.63,637.11,101.9,7,6.38,5.7,6.46,20.83
2026-01-15 15:00:00,42,344.78,38,9.24,337.01,60.92,5,2.2,3.37,5.66,7.77
2026-01-15 16:00:00,35,187.35,31,6.47,186.23,36.61,3,3.7,3.9,5.12,1.12
2026-01-15 17:00:00,40,323.1,31,10.92,353.56,71.51,5,3.99,3.96,4.52,-30.46
2026-01-15 18:00:00,15,101.03,11,9.29,92.11,28.04,2,2.69,3.97,3.6,8.92
2026-01-15 19:00:00,18,120.76,13,9.53,123.15,29.7,2,3.91,4.16,4.07,-2.39
2026-01-15 20:00:00,11,61.13,9,6.45,61.35,29.7,2,2.68,3.72,2.06,-0.22
2026-01-15 21:00:00,8,38.71,6,6.52,36.91,25.09,2,3.18,3.46,1.54,1.8
2026-01-15 22:00:00,11,79.44,10,7.78,81.89,25.22,2,2.12,5.87,3.15,-2.45
2026-01-15 23:00:00,7,49.71,6,8.46,49.36,25.59,2,2.18,4.02,1.94,0.35
2026-01-16 00:00:00,5,35.47,4,9.06,36.48,25.49,2,3.03,5.33,1.39,-1.01
2026-01-16 01:00:00,11,93.95,8,10.99,85.47,25.64,2,3.73,5.36,3.66,8.48
2026-01-16 02:00:00,13,60.39,10,6.26,57.43,29.47,2,3.97,3.99,2.05,2.96
2026-01-16 03:00:00,13,109.19,10,10.23,116.15,29.34,2,3.45,4.21,3.72,-6.96
2026-01-16 04:00:00,11,72.83,10,6.83,66.42,25.86,2,3.78,4.75,2.82,6.41
2026-01-16 05:00:00,8,67.92,7,10.31,64.26,29.24,2,2.38,4.35,2.32,3.66
2026-01-16 06:00:00,15,135.11,14,10.39,130.38,25.14,2,2.13,5.09,5.37,4.73
2026-01-16 07:00:00,58,473.8,52,8.97,472.15,61.42,5,3.0,5.99,7.71,1.65
2026-01-16 08:00:00,61,693.03,54,11.96,666.76,67.97,5,5.77,3.7,10.2,26.27
2026-01-16 09:00:00,62,502.43,53,8.94,542.28,60.42,5,3.88,5.47,8.32,-39.85
2026-01-16 10:00:00,59,532.84,51,9.87,521.64,61.93,5,3.47,4.0,8.6,11.2
2026-01-16 11:00:00,80,822.83,76,10.8,803.58,100.05,7,3.71,7.23,8.22,19.25
2026-01-16 12:00:00,82,759.21,67,11.61,834.14,95.26,7,5.28,6.93,7.97,-74.93
2026-01-16 13:00:00,60,798.73,59,12.73,785.48,60.16,5,2.93,5.65,13.28,13.25
2026-01-16 14:00:00,78,526.34,62,9.1,546.66,98.75,7,4.32,7.08,5.33,-20.32
2026-01-16 15:00:00,38,273.74,35,8.12,248.06,44.69,3,3.82,5.22,6.13,25.68
2026-01-16 16:00:00,35,267.34,27,10.4,243.56,41.48,3,2.94,4.99,6.45,23.78
2026-01-16 17:00:00,43,284.49,37,7.15,293.74,63.03,5,3.97,4.35,4.51,-9.25
2026-01-16 18:00:00,10,54.03,8,6.27,54.18,27.19,2,2.79,3.56,1.99,-0.15
2026-01-16 19:00:00,12,64.0,10,6.64,62.0,28.9,2,3.96,4.25,2.21,2.0
2026-01-16 20:00:00,6,47.54,5,9.46,47.65,24.83,2,2.06,4.04,1.91,-0.11
2026-01-16 21:00:00,7,31.91,5,6.59,30.36,27.26,2,3.42,3.76,1.17,1.55
2026-01-16 22:00:00,7,48.19,5,9.44,51.85,29.3,2,2.03,3.38,1.64,-3.66
2026-01-16 23:00:00,8,52.67,6,9.42,50.02,24.39,2,2.94,5.31,2.16,2.65
2026-01-17 00:00:00,33,330.16,30,10.78,335.0,54.39,4,3.83,5.58,6.07,-4.84
2026-01-17 01:00:00,27,151.33,21,7.47,136.97,55.55,4,3.77,5.49,2.72,14.36
2026-01-17 02:00:00,30,270.22,25,10.56,283.47,50.34,4,2.12,3.55,5.37,-13.25
2026-01-17 03:00:00,30,233.54,28,8.44,224.32,51.12,4,2.97,5.13,4.57,9.22
2026-01-17 04:00:00,26,234.48,20,10.97,251.63,57.21,4,2.43,3.61,4.1,-17.15
2026-01-17 05:00:00,27,206.51,24,8.22,213.34,50.9,4,3.13,5.37,4.06,-6.83
2026-01-17 06:00:00,38,294.17,29,9.9,297.83,52.98,4,2.25,5.4,5.55,-3.66
2026-01-17 07:00:00,77,640.52,73,8.97,608.83,104.26,8,6.92,5.4,6.14,31.69
2026-01-17 08:00:00,85,837.56,67,12.36,879.57,99.23,8,6.56,5.19,8.44,-42.01
2026-01-17 09:00:00,81,709.65,67,10.79,745.86,118.82,8,3.72,5.78,5.97,-36.21
2026-01-17 10:00:00,81,488.25,61,8.01,484.37,114.8,8,6.92,6.36,4.25,3.88
2026-01-17 11:00:00,103,714.41,92,8.12,716.02,100.05,8,4.67,6.87,7.14,-1.61
2026-01-17 12:00:00,99,1167.77,87,12.66,1129.76,111.36,8,5.19,6.78,10.49,38.01
2026-01-17 13:00:00,66,509.38,58,8.61,507.05,82.44,6,5.04,5.91,6.18,2.33
2026-01-17 14:00:00,96,1057.76,93,11.56,1095.89,98.26,8,4.45,6.31,10.76,-38.13
2026-01-17 15:00:00,43,240.56,38,6.73,238.67,79.55,6,3.56,4.36,3.02,1.89
2026-01-17 16:00:00,62,560.47,59,10.1,518.1,80.23,6,4.36,5.83,6.99,42.37
2026-01-17 17:00:00,60,347.5,48,6.87,333.24,76.03,6,2.54,4.07,4.57,14.26
2026-01-17 18:00:00,37,228.28,29,7.92,235.29,52.26,4,3.02,3.96,4.37,-7.01
2026-01-17 19:00:00,31,263.75,27,9.3,240.97,57.98,4,3.13,3.56,4.55,22.78
2026-01-17 20:00:00,23,146.48,22,6.95,151.96,54.7,4,2.39,3.57,2.68,-5.48
2026-01-17 21:00:00,20,123.44,19,6.68,121.14,54.12,4,2.05,3.88,2.28,2.3
2026-01-17 22:00:00,29,185.02,21,9.33,185.56,59.73,4,3.41,4.96,3.1,-0.54
2026-01-17 23:00:00,32,195.05,26,7.35,193.33,51.54,4,3.47,3.71,3.78,1.72
2026-01-18 00:00:00,28,160.21,24,6.89,163.82,53.25,4,3.49,5.94,3.01,-3.61
2026-01-18 01:00:00,22,132.84,19,6.82,134.76,52.28,4,3.09,3.23,2.54,-1.92
2026-01-18 02:00:00,27,189.11,24,7.67,189.58,48.81,4,3.77,3.44,3.87,-0.47
2026-01-18 03:00:00,28,198.88,21,9.95,201.69,52.52,4,2.38,3.03,3.79,-2.81
2026-01-18 04:00:00,27,232.58,21,10.83,254.4,54.46,4,2.92,3.68,4.27,-21.82
2026-01-18 05:00:00,15,101.79,11,9.42,102.3,36.07,3,2.51,3.73,2.82,-0.51
2026-01-18 06:00:00,41,221.81,38,6.34,230.94,72.15,6,3.39,5.67,3.07,-9.13
2026-01-18 07:00:00,86,620.92,71,9.15,629.84,101.95,8,3.98,6.61,6.09,-8.92
2026-01-18 08:00:00,53,442.94,41,11.42,427.6,74.39,6,3.61,4.47,5.95,15.34
2026-01-18 09:00:00,79,581.9,74,7.57,540.63,109.04,8,5.35,6.51,5.34,41.27
2026-01-18 10:00:00,78,601.32,61,9.28,622.23,115.67,8,4.01,4.99,5.2,-20.91
2026-01-18 11:00:00,75,684.39,57,12.92,703.47,114.98,8,4.71,6.73,5.95,-19.08
2026-01-18 12:00:00,103,1011.65,90,11.4,966.71,115.0,8,6.38,5.44,8.8,44.94
2026-01-18 13:00:00,106,711.5,81,8.9,760.06,100.93,8,4.03,5.06,7.05,-48.56
2026-01-18 14:00:00,68,842.19,62,12.66,867.92,77.01,6,3.87,4.29,10.94,-25.73
2026-01-18 15:00:00,65,562.65,57,10.72,602.46,79.79,6,5.83,4.97,7.05,-39.81
2026-01-18 16:00:00,60,415.26,45,9.01,442.16,78.82,6,2.47,4.69,5.27,-26.9
2026-01-18 17:00:00,62,556.97,60,9.32,598.64,79.17,6,4.54,5.97,7.04,-41.67
2026-01-18 18:00:00,37,312.06,31,9.84,311.26,56.09,4,2.43,4.95,5.56,0.8
2026-01-18 19:00:00,33,280.3,32,8.76,290.33,50.67,4,3.55,5.24,5.53,-10.03
2026-01-18 20:00:00,29,191.36,25,8.2,184.84,50.15,4,2.07,3.97,3.82,6.52
2026-01-18 21:00:00,30,200.45,29,6.83,188.09,55.24,4,2.11,3.58,3.63,12.36
2026-01-18 22:00:00,25,227.22,20,10.88,208.08,56.81,4,2.05,3.27,4.0,19.14
2026-01-18 23:00:00,26,195.45,24,8.68,192.15,54.48,4,2.32,5.74,3.59,3.3
2026-01-19 00:00:00,7,64.67,6,10.66,70.5,27.87,2,3.53,4.86,2.32,-5.83
2026-01-19 01:00:00,12,53.36,9,6.22,57.69,26.6,2,3.72,3.73,2.01,-4.33
2026-01-19 02:00:00,12,87.35,10,9.39,94.63,24.25,2,2.02,3.06,3.6,-7.28
2026-01-19 03:00:00,9,57.57,7,7.97,59.88,26.13,2,2.94,4.42,2.2,-2.31
2026-01-19 04:00:00,5,36.94,4,9.89,33.87,26.84,2,2.59,4.33,1.38,3.07
2026-01-19 05:00:00,7,57.12,6,9.8,55.76,28.63,2,2.1,4.07,2.0,1.36
2026-01-19 06:00:00,13,88.25,11,7.76,82.64,24.43,2,2.27,4.87,3.61,5.61
2026-01-19 07:00:00,61,543.83,56,9.49,516.81,62.45,5,5.11,3.24,8.71,27.02
2026-01-19 08:00:00,66,759.68,65,10.9,833.94,63.24,5,5.67,5.68,12.01,-74.26
2026-01-19 09:00:00,64,380.36,51,7.55,413.39,69.97,5,3.25,4.29,5.44,-33.03
2026-01-19 10:00:00,56,480.89,48,10.22,513.4,71.49,5,2.67,3.11,6.73,-32.51
2026-01-19 11:00:00,84,807.98,70,12.36,764.3,94.52,7,4.84,6.88,8.55,43.68
2026-01-19 12:00:00,82,777.65,77,9.76,788.62,92.79,7,3.65,7.0,8.38,-10.97
2026-01-19 13:00:00,77,801.11,67,12.0,866.46,104.66,7,4.84,6.1,7.65,-65.35
2026-01-19 14:00:00,77,580.35,66,8.79,555.77,94.25,7,5.07,5.71,6.16,24.58
2026-01-19 15:00:00,37,381.52,34,10.72,382.51,37.67,3,2.72,5.73,10.13,-0.99
2026-01-19 16:00:00,45,246.09,37,7.21,240.92,61.68,5,3.92,3.15,3.99,5.17
2026-01-19 17:00:00,47,321.62,45,7.54,295.3,62.29,5,3.72,5.0,5.16,26.32
2026-01-19 18:00:00,21,161.77,15,10.9,155.46,44.98,3,3.56,5.71,3.6,6.31
2026-01-19 19:00:00,22,167.85,19,9.28,175.31,43.45,3,3.77,4.08,3.86,-7.46
2026-01-19 20:00:00,7,54.19,6,9.14,59.06,28.4,2,2.51,5.81,1.91,-4.87
2026-01-19 21:00:00,5,31.38,4,7.97,28.33,26.21,2,2.05,3.28,1.2,3.05
2026-01-19 22:00:00,12,98.83,10,9.65,95.34,27.95,2,2.56,4.36,3.54,3.49
2026-01-19 23:00:00,6,38.64,5,8.08,41.81,27.66,2,2.16,5.35,1.4,-3.17
2026-01-20 00:00:00,7,57.65,6,10.04,59.77,29.71,2,2.56,5.24,1.94,-2.12
2026-01-20 01:00:00,8,62.4,7,9.18,63.41,29.37,2,2.19,3.45,2.12,-1.01
2026-01-20 02:00:00,5,26.79,3,8.72,26.5,24.87,2,2.34,3.44,1.08,0.29
2026-01-20 03:00:00,5,24.54,3,8.02,24.84,27.4,2,2.37,3.34,0.9,-0.3
2026-01-20 04:00:00,13,97.78,10,9.86,104.29,29.6,2,3.49,4.69,3.3,-6.51
2026-01-20 05:00:00,6,33.91,4,8.64,32.26,24.45,2,3.74,4.22,1.39,1.65
2026-01-20 06:00:00,15,106.97,14,7.46,97.63,28.08,2,3.89,5.14,3.81,9.34
2026-01-20 07:00:00,67,687.74,66,11.19,628.47,61.75,5,5.93,5.76,11.14,59.27
2026-01-20 08:00:00,66,413.47,49,9.06,394.43,63.77,5,6.03,4.5,6.48,19.04
2026-01-20 09:00:00,62,632.41,56,11.37,595.97,72.6,5,4.78,4.21,8.71,36.44
2026-01-20 10:00:00,57,427.64,48,9.31,397.07,74.5,5,2.58,3.48,5.74,30.57
2026-01-20 11:00:00,79,689.78,77,8.9,621.78,95.56,7,5.21,7.57,7.22,68.0
2026-01-20 12:00:00,78,611.9,63,10.21,666.03,94.76,7,4.87,6.43,6.46,-54.13
2026-01-20 13:00:00,100,980.1,84,11.33,996.31,91.86,7,5.31,7.21,10.67,-16.21
2026-01-20 14:00:00,83,691.79,68,9.79,653.01,88.94,7,6.68,7.02,7.78,38.78
2026-01-20 15:00:00,47,277.6,44,6.68,299.13,73.62,5,3.65,4.57,3.77,-21.53
2026-01-20 16:00:00,44,268.4,37,7.64,249.86,67.2,5,2.41,5.41,3.99,18.54
2026-01-20 17:00:00,39,302.49,29,10.11,307.88,42.74,3,3.68,3.08,7.08,-5.39
2026-01-20 18:00:00,10,88.97,9,9.96,94.24,27.3,2,2.61,3.25,3.26,-5.27
2026-01-20 19:00:00,15,119.5,12,9.28,130.36,29.67,2,2.23,4.22,4.03,-10.86
2026-01-20 20:00:00,5,33.6,4,8.98,33.19,27.75,2,2.31,3.2,1.21,0.41
2026-01-20 21:00:00,5,46.19,4,10.95,43.47,26.08,2,2.41,5.64,1.77,2.72
2026-01-20 22:00:00,10,54.62,9,6.09,52.55,25.04,2,3.04,4.01,2.18,2.07
2026-01-20 23:00:00,9,67.28,7,9.9,68.69,26.49,2,2.7,3.03,2.54,-1.41
2026-01-21 00:00:00,10,53.08,7,7.38,48.03,26.91,2,2.39,5.68,1.97,5.05
2026-01-21 01:00:00,11,86.99,10,8.59,88.35,28.46,2,2.4,3.71,3.06,-1.36
2026-01-21 02:00:00,10,71.54,9,8.47,74.64,29.09,2,2.13,4.42,2.46,-3.1
2026-01-21 03:00:00,7,51.47,6,8.88,48.57,29.87,2,3.18,5.45,1.72,2.9
2026-01-21 04:00:00,5,36.38,4,8.57,33.86,25.84,2,3.92,4.22,1.41,2.52
2026-01-21 05:00:00,5,42.24,4,10.12,38.58,26.37,2,2.71,5.26,1.6,3.66
2026-01-21 06:00:00,18,169.05,17,9.91,180.46,26.52,2,2.78,3.13,6.37,-11.41
2026-01-21 07:00:00,56,660.1,55,11.57,702.87,68.54,5,3.9,4.34,9.63,-42.77
2026-01-21 08:00:00,45,472.96,43,10.83,439.52,74.13,5,3.68,5.69,6.38,33.44
2026-01-21 09:00:00,57,400.48,51,8.29,416.78,72.13,5,2.5,4.22,5.55,-16.3
2026-01-21 10:00:00,57,550.03,53,9.94,523.48,68.57,5,3.37,4.49,8.02,26.55
2026-01-21 11:00:00,78,708.64,72,10.65,723.24,96.03,7,4.35,5.42,7.38,-14.6
2026-01-21 12:00:00,78,512.26,62,8.64,539.94,85.01,7,4.22,6.65,6.03,-27.68
2026-01-21 13:00:00,84,647.34,77,8.67,586.35,102.96,7,4.68,6.89,6.29,60.99
2026-01-21 14:00:00,83,900.71,78,11.67,916.6,104.24,7,5.57,5.57,8.64,-15.89
2026-01-21 15:00:00,39,287.33,36,7.76,284.12,38.03,3,2.79,4.86,7.56,3.21
2026-01-21 16:00:00,44,220.21,38,6.02,219.03,60.35,5,2.22,5.94,3.65,1.18
2026-01-21 17:00:00,44,428.16,40,10.75,429.71,73.36,5,2.49,5.75,5.84,-1.55
2026-01-21 18:00:00,8,60.84,6,10.73,55.85,25.86,2,3.65,4.25,2.35,4.99
2026-01-21 19:00:00,13,94.01,12,7.32,99.17,25.58,2,2.79,3.15,3.68,-5.16
2026-01-21 20:00:00,6,47.34,5,8.88,44.99,28.95,2,3.0,3.96,1.64,2.35
2026-01-21 21:00:00,5,39.35,4,10.67,38.48,25.63,2,4.0,3.37,1.54,0.87
2026-01-21 22:00:00,5,23.61,4,6.02,21.86,27.67,2,3.17,3.68,0.85,1.75
2026-01-21 23:00:00,12,104.72,11,9.0,103.8,27.36,2,2.65,4.15,3.83,0.92
2026-01-22 00:00:00,14,79.05,13,6.46,86.33,27.96,2,2.17,5.97,2.83,-7.28
2026-01-22 01:00:00,12,66.65,11,6.19,65.8,28.24,2,2.91,3.48,2.36,0.85
2026-01-22 02:00:00,5,44.22,4,10.77,44.96,25.38,2,3.01,4.31,1.74,-0.74
2026-01-22 03:00:00,6,43.18,5,8.78,44.12,28.29,2,2.39,5.3,1.53,-0.94
2026-01-22 04:00:00,5,43.3,4,10.81,44.23,25.85,2,3.62,5.17,1.68,-0.93
2026-01-22 05:00:00,6,35.94,5,6.98,36.08,29.1,2,3.42,4.11,1.24,-0.14
2026-01-22 06:00:00,19,190.49,17,10.87,196.22,28.88,2,3.74,5.39,6.6,-5.73
2026-01-22 07:00:00,64,465.06,52,9.37,441.28,63.18,5,4.34,5.36,7.36,23.78
2026-01-22 08:00:00,66,565.21,58,10.5,510.92,60.42,5,4.87,5.16,9.35,54.29
2026-01-22 09:00:00,55,435.71,52,8.78,458.01,71.54,5,2.57,3.52,6.09,-22.3
2026-01-22 10:00:00,58,489.48,49,9.35,502.91,60.9,5,3.24,4.8,8.04,-13.43
2026-01-22 11:00:00,86,821.08,66,12.57,815.91,95.84,7,5.04,5.06,8.57,5.17
2026-01-22 12:00:00,75,919.99,71,12.62,839.82,84.36,7,4.01,6.5,10.91,80.17
2026-01-22 13:00:00,75,531.48,61,9.4,581.66,92.38,7,5.27,7.17,5.75,-50.18
2026-01-22 14:00:00,86,692.98,74,9.43,701.05,97.29,7,3.39,6.47,7.12,-8.07
2026-01-22 15:00:00,40,262.96,38,7.44,245.67,62.02,5,3.52,3.97,4.24,17.29
2026-01-22 16:00:00,33,203.23,30,6.42,206.96,39.41,3,2.35,4.04,5.16,-3.73
2026-01-22 17:00:00,36,322.24,33,9.14,338.01,39.52,3,2.61,5.52,8.15,-15.77
2026-01-22 18:00:00,12,78.63,11,7.06,81.2,25.41,2,2.32,5.86,3.09,-2.57
2026-01-22 19:00:00,12,65.58,10,6.25,68.56,28.56,2,2.68,5.09,2.3,-2.98
2026-01-22 20:00:00,5,31.82,4,8.35,33.9,26.96,2,3.36,4.02,1.18,-2.08
2026-01-22 21:00:00,8,54.15,6,8.73,50.14,24.09,2,3.87,3.54,2.25,4.01
2026-01-22 22:00:00,6,49.87,5,9.39,52.54,24.12,2,3.57,4.14,2.07,-2.67
2026-01-22 23:00:00,11,77.54,8,9.22,72.09,28.78,2,3.9,5.19,2.69,5.45
2026-01-23 00:00:00,5,35.62,4,8.41,36.71,29.01,2,2.24,5.92,1.23,-1.09
2026-01-23 01:00:00,5,34.8,4,8.49,31.34,27.78,2,2.47,3.46,1.25,3.46
2026-01-23 02:00:00,5,34.9,3,10.85,36.81,29.67,2,3.29,5.74,1.18,-1.91
2026-01-23 03:00:00,10,69.33,7,9.55,73.68,28.73,2,2.03,5.0,2.41,-4.35
2026-01-23 04:00:00,6,48.13,5,10.2,43.65,24.78,2,2.5,4.68,1.94,4.48
2026-01-23 05:00:00,10,70.05,8,8.54,69.87,25.08,2,3.83,5.72,2.79,0.18
2026-01-23 06:00:00,19,113.16,16,7.36,121.17,27.56,2,3.03,5.52,4.11,-8.01
2026-01-23 07:00:00,66,445.36,52,8.62,460.24,65.18,5,6.86,5.19,6.83,-14.88
2026-01-23 08:00:00,64,726.39,62,12.44,780.22,69.45,5,4.17,4.08,10.46,-53.83
2026-01-23 09:00:00,62,657.92,60,10.8,634.4,73.01,5,4.23,3.41,9.01,23.52
2026-01-23 10:00:00,58,443.09,45,9.94,439.4,62.71,5,3.31,3.95,7.07,3.69
2026-01-23 11:00:00,79,685.05,65,10.28,661.89,90.41,7,4.08,4.86,7.58,23.16
2026-01-23 12:00:00,75,572.01,68,8.03,597.22,88.58,7,4.72,7.21,6.46,-25.21
2026-01-23 13:00:00,83,864.99,81,11.22,855.23,94.59,7,4.83,5.35,9.14,9.76
2026-01-23 14:00:00,56,424.14,48,8.59,421.38,65.48,5,2.51,4.67,6.48,2.76
2026-01-23 15:00:00,43,199.58,33,6.2,184.2,62.21,5,2.33,4.59,3.21,15.38
2026-01-23 16:00:00,39,349.65,36,9.39,370.55,41.49,3,2.88,3.04,8.43,-20.9
2026-01-23 17:00:00,38,285.65,35,8.36,292.24,36.95,3,3.03,4.13,7.73,-6.59
2026-01-23 18:00:00,18,106.97,14,7.8,100.52,29.57,2,3.08,4.91,3.62,6.45
2026-01-23 19:00:00,17,162.59,16,10.43,172.75,29.28,2,3.78,5.92,5.55,-10.16
2026-01-23 20:00:00,5,39.0,4,9.85,38.4,25.45,2,3.12,3.33,1.53,0.6
2026-01-23 21:00:00,5,29.93,4,7.81,30.4,26.54,2,3.93,5.41,1.13,-0.47
2026-01-23 22:00:00,5,25.85,4,6.56,24.09,26.79,2,3.54,4.7,0.96,1.76
2026-01-23 23:00:00,5,44.38,4,10.33,46.69,28.14,2,2.22,5.19,1.58,-2.31
2026-01-24 00:00:00,34,314.31,33,9.56,292.4,49.08,4,2.46,5.43,6.4,21.91
2026-01-24 01:00:00,27,164.54,20,7.62,177.5,59.42,4,3.45,3.91,2.77,-12.96
2026-01-24 02:00:00,29,199.89,22,8.49,204.3,56.44,4,3.82,4.79,3.54,-4.41
2026-01-24 03:00:00,34,186.27,28,6.85,168.25,58.79,4,3.81,3.54,3.17,18.02
2026-01-24 04:00:00,28,157.22,23,7.15,150.69,56.17,4,3.93,5.98,2.8,6.53
2026-01-24 05:00:00,31,228.6,25,9.36,206.11,52.01,4,2.89,3.11,4.4,22.49
2026-01-24 06:00:00,44,329.17,37,8.38,333.84,76.01,6,3.76,5.53,4.33,-4.67
2026-01-24 07:00:00,81,595.23,64,9.03,546.95,110.02,8,5.07,5.58,5.41,48.28
2026-01-24 08:00:00,80,763.5,76,10.01,829.07,99.1,8,4.15,5.17,7.7,-65.57
2026-01-24 09:00:00,79,765.55,68,10.77,760.96,119.31,8,5.52,6.04,6.42,4.59
2026-01-24 10:00:00,86,659.31,78,8.82,632.6,119.01,8,6.32,6.09,5.54,26.71
2026-01-24 11:00:00,101,959.29,84,11.43,964.13,115.81,8,4.46,4.93,8.28,-4.84
2026-01-24 12:00:00,99,793.49,89,8.33,805.44,100.35,8,5.04,6.0,7.91,-11.95
2026-01-24 13:00:00,100,848.5,86,10.44,766.17,108.69,8,5.55,5.75,7.81,82.33
2026-01-24 14:00:00,107,1152.58,104,11.88,1209.63,99.18,8,5.33,5.37,11.62,-57.05
2026-01-24 15:00:00,65,356.01,49,6.76,378.35,88.31,6,3.84,5.17,4.03,-22.34
2026-01-24 16:00:00,49,438.37,46,10.27,481.89,76.44,6,2.11,5.62,5.73,-43.52
2026-01-24 17:00:00,61,441.85,47,9.11,457.07,77.28,6,6.29,5.28,5.72,-15.22
2026-01-24 18:00:00,25,152.55,22,6.61,163.46,52.16,4,2.4,3.05,2.92,-10.91
2026-01-24 19:00:00,33,258.65,32,8.75,258.77,53.85,4,2.77,4.5,4.8,-0.12
2026-01-24 20:00:00,32,185.26,25,7.74,190.14,52.65,4,3.16,3.94,3.52,-4.88
2026-01-24 21:00:00,32,209.83,27,7.3,197.44,51.31,4,4.0,5.17,4.09,12.39
2026-01-24 22:00:00,26,192.66,20,9.26,192.91,52.53,4,3.09,4.74,3.67,-0.25
2026-01-24 23:00:00,32,340.48,31,10.97,357.97,52.14,4,2.37,5.39,6.53,-17.49
2026-01-25 00:00:00,22,141.36,16,9.17,138.7,54.26,4,2.16,5.65,2.61,2.66
2026-01-25 01:00:00,23,129.06,18,7.6,125.81,49.22,4,3.0,3.31,2.62,3.25
2026-01-25 02:00:00,31,253.85,27,9.33,233.46,59.23,4,2.13,5.73,4.29,20.39
2026-01-25 03:00:00,32,277.88,25,10.63,263.14,59.37,4,2.26,5.5,4.68,14.74
2026-01-25 04:00:00,25,155.49,23,7.27,166.25,51.53,4,3.32,4.11,3.02,-10.76
2026-01-25 05:00:00,24,232.65,22,10.88,212.93,52.43,4,2.49,5.98,4.44,19.72
2026-01-25 06:00:00,38,248.48,35,6.83,263.59,58.65,4,3.31,3.98,4.24,-15.11
2026-01-25 07:00:00,87,670.35,79,8.84,668.0,102.49,8,5.24,5.1,6.54,2.35
2026-01-25 08:00:00,85,767.47,66,12.02,769.15,113.86,8,5.91,6.39,6.74,-1.68
2026-01-25 09:00:00,78,774.04,73,10.53,748.99,99.73,8,5.2,6.54,7.76,25.05
2026-01-25 10:00:00,79,841.28,76,10.47,848.09,111.14,8,4.22,6.69,7.57,-6.81
2026-01-25 11:00:00,101,948.18,100,10.19,975.76,113.3,8,5.54,6.3,8.37,-27.58
2026-01-25 12:00:00,99,967.52,83,11.11,1031.43,100.0,8,5.05,6.17,9.68,-63.91
2026-01-25 13:00:00,105,947.97,104,9.18,979.35,99.31,8,4.26,6.31,9.55,-31.38
2026-01-25 14:00:00,102,1159.56,89,12.18,1253.75,102.55,8,4.54,5.84,11.31,-94.19
2026-01-25 15:00:00,66,635.75,61,10.81,671.61,88.89,6,3.96,3.56,7.15,-35.86
2026-01-25 16:00:00,46,253.77,40,6.64,260.04,83.11,6,3.46,4.8,3.05,-6.27
2026-01-25 17:00:00,65,345.01,48,7.8,310.57,84.12,6,5.11,5.97,4.1,34.44
2026-01-25 18:00:00,40,333.95,31,10.17,338.74,84.93,6,2.61,4.7,3.93,-4.79
2026-01-25 19:00:00,36,191.82,30,6.49,197.58,51.26,4,2.57,3.03,3.74,-5.76
2026-01-25 20:00:00,31,191.1,27,7.52,178.98,55.71,4,2.89,5.11,3.43,12.12
2026-01-25 21:00:00,22,191.25,20,8.92,193.83,56.25,4,3.82,5.08,3.4,-2.58
2026-01-25 22:00:00,27,135.41,20,6.54,142.7,55.52,4,2.51,5.02,2.44,-7.29
2026-01-25 23:00:00,21,220.21,20,10.9,225.27,59.99,4,2.44,5.86,3.67,-5.06
2026-01-26 00:00:00,5,41.37,4,9.84,40.69,26.15,2,2.41,3.89,1.58,0.68
2026-01-26 01:00:00,5,30.82,3,10.22,33.01,24.57,2,3.81,3.1,1.25,-2.19
2026-01-26 02:00:00,10,69.17,7,9.37,72.16,25.14,2,2.34,4.74,2.75,-2.99
2026-01-26 03:00:00,5,26.06,4,6.94,25.71,26.15,2,3.6,3.74,1.0,0.35
2026-01-26 04:00:00,7,64.01,6,10.26,58.58,28.38,2,2.38,3.37,2.26,5.43
2026-01-26 05:00:00,10,91.74,9,9.93,97.49,29.72,2,3.77,4.33,3.09,-5.75
2026-01-26 06:00:00,10,67.49,9,7.87,66.41,26.16,2,2.29,4.6,2.58,1.08
2026-01-26 07:00:00,61,623.82,56,11.75,636.88,64.63,5,5.76,5.68,9.65,-13.06
2026-01-26 08:00:00,58,528.22,57,8.98,578.93,73.11,5,3.96,4.99,7.23,-50.71
2026-01-26 09:00:00,55,359.79,48,7.62,369.8,62.49,5,2.98,5.23,5.76,-10.01
2026-01-26 10:00:00,62,667.64,61,10.25,713.97,73.81,5,3.17,4.19,9.05,-46.33
2026-01-26 11:00:00,81,932.51,79,12.36,965.96,104.4,7,3.85,6.17,8.93,-33.45
2026-01-26 12:00:00,86,847.9,72,11.4,810.94,98.58,7,5.4,5.9,8.6,36.96
2026-01-26 13:00:00,84,740.82,66,11.13,696.01,104.53,7,5.03,7.49,7.09,44.81
2026-01-26 14:00:00,78,971.51,76,12.16,986.5,98.86,7,4.43,4.94,9.83,-14.99
2026-01-26 15:00:00,25,148.61,23,6.63,151.72,38.32,3,2.1,5.17,3.88,-3.11
2026-01-26 16:00:00,35,317.09,30,10.54,308.46,39.5,3,3.51,4.36,8.03,8.63
2026-01-26 17:00:00,44,282.24,36,8.02,280.35,73.37,5,2.12,5.96,3.85,1.89
2026-01-26 18:00:00,18,108.64,16,7.18,108.52,26.25,2,3.59,3.15,4.14,0.12
2026-01-26 19:00:00,10,87.9,8,10.23,88.14,26.75,2,2.48,4.36,3.29,-0.24
2026-01-26 20:00:00,5,27.43,4,7.44,28.37,27.11,2,2.62,5.21,1.01,-0.94
2026-01-26 21:00:00,10,55.63,9,6.26,52.39,27.65,2,2.5,5.78,2.01,3.24
2026-01-26 22:00:00,5,29.89,3,10.54,28.74,27.39,2,3.75,3.77,1.09,1.15
2026-01-26 23:00:00,5,37.61,4,9.89,35.52,29.13,2,2.65,5.9,1.29,2.09
2026-01-27 00:00:00,14,101.39,13,7.99,105.71,24.33,2,3.39,3.55,4.17,-4.32
2026-01-27 01:00:00,5,40.04,4,10.83,36.61,25.92,2,2.66,4.08,1.54,3.43
2026-01-27 02:00:00,5,22.38,3,7.35,21.33,24.88,2,2.79,5.13,0.9,1.05
2026-01-27 03:00:00,7,35.14,5,6.71,36.65,28.85,2,3.62,5.66,1.22,-1.51
2026-01-27 04:00:00,8,80.87,7,10.8,85.23,27.05,2,3.09,4.77,2.99,-4.36
2026-01-27 05:00:00,9,82.78,8,9.97,86.28,24.79,2,2.13,5.41,3.34,-3.5
2026-01-27 06:00:00,12,65.24,9,7.76,69.87,24.24,2,3.72,4.95,2.69,-4.63
2026-01-27 07:00:00,66,570.78,52,10.95,525.6,65.81,5,4.94,3.2,8.67,45.18
2026-01-27 08:00:00,85,636.88,66,9.85,602.52,88.16,7,6.29,6.76,7.22,34.36
2026-01-27 09:00:00,60,496.68,45,11.6,510.48,60.54,5,3.5,3.94,8.2,-13.8
2026-01-27 10:00:00,65,320.43,52,6.19,335.34,65.07,5,4.83,3.15,4.92,-14.91
2026-01-27 11:00:00,77,792.3,75,9.89,837.67,87.75,7,5.63,7.44,9.03,-45.37
2026-01-27 12:00:00,78,674.83,64,10.06,690.03,99.25,7,4.46,5.86,6.8,-15.2
2026-01-27 13:00:00,81,782.36,72,10.47,711.75,84.33,7,4.81,7.12,9.28,70.61
2026-01-27 14:00:00,81,722.65,70,10.87,790.5,90.95,7,4.16,6.36,7.95,-67.85
2026-01-27 15:00:00,41,299.94,38,7.64,297.07,62.35,5,2.11,4.79,4.81,2.87
2026-01-27 16:00:00,44,414.88,43,9.39,424.22,72.98,5,2.05,3.14,5.68,-9.34
2026-01-27 17:00:00,46,318.98,36,8.97,344.14,60.14,5,3.54,5.89,5.3,-25.16
2026-01-27 18:00:00,12,97.29,10,10.45,107.01,24.52,2,2.61,3.46,3.97,-9.72
2026-01-27 19:00:00,21,153.21,17,9.17,155.94,38.64,3,3.95,3.14,3.97,-2.73
2026-01-27 20:00:00,5,30.74,3,9.81,30.38,29.44,2,2.18,3.46,1.04,0.36
2026-01-27 21:00:00,10,47.05,7,6.37,50.85,24.22,2,3.84,5.73,1.94,-3.8
2026-01-27 22:00:00,12,80.62,10,8.33,77.27,26.48,2,3.78,3.82,3.04,3.35
2026-01-27 23:00:00,11,82.11,10,8.38,81.9,28.38,2,3.9,3.4,2.89,0.21
2026-01-28 00:00:00,5,32.86,4,8.58,36.06,26.45,2,3.31,4.18,1.24,-3.2
2026-01-28 01:00:00,9,57.91,7,8.69,55.21,27.32,2,2.14,3.76,2.12,2.7
2026-01-28 02:00:00,5,37.69,4,8.73,34.8,25.7,2,2.37,4.14,1.47,2.89
2026-01-28 03:00:00,14,100.07,13,8.2,100.9,29.08,2,2.93,4.1,3.44,-0.83
2026-01-28 04:00:00,7,42.54,6,7.44,43.25,26.48,2,2.98,5.85,1.61,-0.71
2026-01-28 05:00:00,7,51.52,6,8.25,56.49,29.22,2,2.16,4.79,1.76,-4.97
2026-01-28 06:00:00,14,96.17,13,7.06,94.66,29.42,2,3.23,5.55,3.27,1.51
2026-01-28 07:00:00,55,595.27,51,10.89,611.94,64.27,5,2.08,4.42,9.26,-16.67
2026-01-28 08:00:00,65,511.04,50,10.17,512.14,71.81,5,5.09,4.44,7.12,-1.1
2026-01-28 09:00:00,65,411.11,53,7.83,406.47,73.95,5,4.69,5.72,5.56,4.64
2026-01-28 10:00:00,55,437.09,48,9.32,394.41,60.15,5,2.95,3.68,7.27,42.68
2026-01-28 11:00:00,87,796.98,70,11.93,823.71,88.22,7,6.1,6.79,9.03,-26.73
2026-01-28 12:00:00,86,676.49,64,10.11,722.71,95.35,7,4.54,5.17,7.09,-46.22
2026-01-28 13:00:00,75,762.42,66,11.98,770.89,94.99,7,5.7,5.76,8.03,-8.47
2026-01-28 14:00:00,78,526.33,62,8.29,510.32,87.51,7,4.15,6.2,6.01,16.01
2026-01-28 15:00:00,43,266.77,38,7.54,260.71,68.48,5,3.23,5.6,3.9,6.06
2026-01-28 16:00:00,46,283.93,41,6.88,306.38,70.12,5,2.96,5.78,4.05,-22.45
2026-01-28 17:00:00,41,300.33,35,7.96,278.59,63.17,5,2.78,3.9,4.75,21.74
2026-01-28 18:00:00,10,60.76,8,7.28,66.08,28.75,2,2.78,4.91,2.11,-5.32
2026-01-28 19:00:00,20,153.21,15,10.22,161.61,36.03,3,3.22,4.72,4.25,-8.4
2026-01-28 20:00:00,5,33.01,4,7.75,31.72,24.79,2,3.9,5.28,1.33,1.29
2026-01-28 21:00:00,8,57.17,6,9.25,56.13,29.69,2,3.75,5.41,1.93,1.04
2026-01-28 22:00:00,5,26.51,4,6.91,24.21,27.45,2,2.2,4.94,0.97,2.3
2026-01-28 23:00:00,7,50.24,6,7.98,48.96,24.42,2,3.95,5.9,2.06,1.28
2026-01-29 00:00:00,12,89.05,9,9.5,93.41,29.95,2,3.86,4.46,2.97,-4.36
2026-01-29 01:00:00,8,48.73,6,7.84,46.47,27.98,2,3.02,5.47,1.74,2.26
2026-01-29 02:00:00,7,60.6,6,10.78,66.59,27.24,2,2.83,5.61,2.22,-5.99
2026-01-29 03:00:00,5,24.93,4,6.62,22.49,24.41,2,2.82,3.42,1.02,2.44
2026-01-29 04:00:00,5,31.4,4,8.03,34.09,26.72,2,2.98,5.9,1.18,-2.69
2026-01-29 05:00:00,10,78.12,9,8.98,81.21,24.98,2,2.67,4.78,3.13,-3.09
2026-01-29 06:00:00,22,131.74,17,7.75,137.24,41.97,3,3.31,3.31,3.14,-5.5
2026-01-29 07:00:00,74,655.27,65,10.81,689.57,100.85,7,4.22,5.59,6.5,-34.3
2026-01-29 08:00:00,56,503.57,50,10.39,528.58,74.77,5,2.49,4.69,6.73,-25.01
2026-01-29 09:00:00,60,402.73,50,8.28,433.36,67.04,5,2.42,3.87,6.01,-30.63
2026-01-29 10:00:00,65,380.7,62,6.64,370.9,68.44,5,4.31,3.44,5.56,9.8
2026-01-29 11:00:00,81,850.71,76,10.73,775.17,88.19,7,4.15,7.43,9.65,75.54
2026-01-29 12:00:00,78,623.68,69,9.42,576.79,86.19,7,3.54,5.78,7.24,46.89
2026-01-29 13:00:00,87,748.21,69,10.66,748.68,98.94,7,5.71,7.36,7.56,-0.47
2026-01-29 14:00:00,86,610.49,65,9.89,649.62,98.09,7,3.75,6.53,6.22,-39.13
2026-01-29 15:00:00,37,235.01,33,6.89,218.89,37.2,3,3.03,4.84,6.32,16.12
2026-01-29 16:00:00,39,226.2,31,7.08,209.59,41.9,3,3.7,3.72,5.4,16.61
2026-01-29 17:00:00,35,268.21,27,10.18,247.21,42.7,3,3.95,4.19,6.28,21.0
2026-01-29 18:00:00,11,83.99,9,9.81,78.8,25.94,2,3.28,5.97,3.24,5.19
2026-01-29 19:00:00,20,169.03,19,9.38,177.69,37.04,3,2.91,5.17,4.56,-8.66
2026-01-29 20:00:00,6,30.07,5,6.04,31.91,24.88,2,3.34,3.53,1.21,-1.84
2026-01-29 21:00:00,10,78.3,8,10.05,84.94,26.38,2,3.7,5.47,2.97,-6.64
2026-01-29 22:00:00,5,32.51,4,8.03,34.06,29.07,2,3.2,5.37,1.12,-1.55
2026-01-29 23:00:00,5,24.23,3,7.61,22.67,25.04,2,2.73,5.18,0.97,1.56
2026-01-30 00:00:00,5,35.67,4,9.26,36.93,28.34,2,2.94,4.46,1.26,-1.26
2026-01-30 01:00:00,5,29.37,4,7.49,30.92,27.92,2,2.72,5.42,1.05,-1.55
2026-01-30 02:00:00,13,59.15,10,6.17,59.36,28.87,2,3.78,3.06,2.05,-0.21
2026-01-30 03:00:00,7,31.81,5,6.9,30.19,28.53,2,3.05,5.46,1.11,1.62
2026-01-30 04:00:00,6,32.46,5,6.26,29.71,24.79,2,2.27,4.98,1.31,2.75
2026-01-30 05:00:00,5,26.79,4,6.98,28.49,28.31,2,3.22,4.22,0.95,-1.7
2026-01-30 06:00:00,13,81.18,12,6.7,79.08,25.64,2,2.7,4.68,3.17,2.1
2026-01-30 07:00:00,59,375.16,47,7.98,405.79,61.09,5,3.05,3.54,6.14,-30.63
2026-01-30 08:00:00,58,525.55,45,10.87,576.1,74.15,5,3.7,3.12,7.09,-50.55
2026-01-30 09:00:00,66,721.92,58,12.18,709.57,72.78,5,4.2,5.01,9.92,12.35
2026-01-30 10:00:00,64,562.83,56,9.53,552.4,65.88,5,5.17,3.11,8.54,10.43
2026-01-30 11:00:00,54,509.15,44,12.29,462.47,69.14,5,2.37,5.47,7.36,46.68
2026-01-30 12:00:00,82,805.97,68,12.11,885.11,97.32,7,4.89,4.12,8.28,-79.14
2026-01-30 13:00:00,78,659.0,63,10.73,676.91,89.37,7,5.5,5.61,7.37,-17.91
2026-01-30 14:00:00,81,663.72,74,8.69,636.09,89.38,7,5.31,5.28,7.43,27.63
2026-01-30 15:00:00,42,303.56,34,9.32,290.46,65.99,5,3.56,3.07,4.6,13.1
2026-01-30 16:00:00,46,377.88,40,9.73,401.4,61.52,5,3.52,4.44,6.14,-23.52
2026-01-30 17:00:00,38,232.36,34,6.96,239.17,39.31,3,3.64,3.68,5.91,-6.81
2026-01-30 18:00:00,19,102.67,16,6.22,100.64,28.02,2,3.99,5.22,3.66,2.03
2026-01-30 19:00:00,21,201.01,19,10.52,193.85,42.87,3,3.44,4.21,4.69,7.16
2026-01-30 20:00:00,5,39.23,4,9.14,42.72,27.72,2,3.46,3.78,1.42,-3.49
2026-01-30 21:00:00,5,38.24,4,9.21,41.49,25.66,2,3.04,3.01,1.49,-3.25
2026-01-30 22:00:00,8,78.88,7,10.68,73.85,25.51,2,3.68,4.01,3.09,5.03
2026-01-30 23:00:00,5,28.38,4,7.3,30.35,27.41,2,2.77,3.46,1.04,-1.97
2026-01-31 00:00:00,22,117.61,18,6.81,109.96,50.11,4,3.84,4.09,2.35,7.65
2026-01-31 01:00:00,28,199.36,27,7.46,195.08,49.88,4,3.86,3.1,4.0,4.28
2026-01-31 02:00:00,24,161.02,19,8.3,175.09,57.25,4,2.64,4.12,2.81,-14.07
2026-01-31 03:00:00,26,196.51,23,9.27,210.9,54.57,4,2.39,5.23,3.6,-14.39
2026-01-31 04:00:00,26,117.47,20,6.23,119.17,59.39,4,3.97,5.25,1.98,-1.7
2026-01-31 05:00:00,30,176.63,24,7.95,159.28,58.23,4,3.15,5.92,3.03,17.35
2026-01-31 06:00:00,42,266.63,36,7.29,289.96,76.1,6,3.38,4.87,3.5,-23.33
2026-01-31 07:00:00,77,615.05,58,10.39,565.25,113.42,8,4.92,7.52,5.42,49.8
2026-01-31 08:00:00,79,708.07,59,11.21,742.92,106.7,8,4.8,4.77,6.64,-34.85
2026-01-31 09:00:00,77,871.89,68,12.2,823.68,106.62,8,5.57,6.34,8.18,48.21
2026-01-31 10:00:00,80,544.72,68,8.24,514.1,98.91,8,5.13,6.61,5.51,30.62
2026-01-31 11:00:00,99,660.44,74,8.35,606.16,118.27,8,5.18,4.9,5.58,54.28
2026-01-31 12:00:00,101,1014.38,95,10.4,961.21,99.94,8,4.36,5.25,10.15,53.17
2026-01-31 13:00:00,103,853.93,94,9.43,774.53,111.08,8,5.52,6.85,7.69,79.4
2026-01-31 14:00:00,107,956.77,94,11.03,959.85,118.77,8,6.22,4.85,8.06,-3.08
2026-01-31 15:00:00,67,551.22,57,9.35,591.44,72.26,6,4.43,4.68,7.63,-40.22
2026-01-31 16:00:00,60,510.32,46,10.52,514.28,87.64,6,2.9,4.98,5.82,-3.96
2026-01-31 17:00:00,60,530.52,52,9.51,532.79,83.15,6,2.03,5.22,6.38,-2.27
2026-01-31 18:00:00,37,303.81,32,9.41,325.78,51.65,4,3.42,5.94,5.88,-21.97
2026-01-31 19:00:00,32,304.85,31,10.65,301.11,50.1,4,3.41,3.47,6.08,3.74
2026-01-31 20:00:00,26,215.17,24,8.31,225.05,50.49,4,2.66,4.11,4.26,-9.88
2026-01-31 21:00:00,25,209.31,21,10.2,201.33,48.75,4,2.08,4.5,4.29,7.98
2026-01-31 22:00:00,24,189.45,18,9.96,172.3,52.33,4,3.0,3.26,3.62,17.15
2026-01-31 23:00:00,22,164.15,20,8.63,158.15,58.96,4,2.23,5.6,2.78,6.0
2026-02-01 00:00:00,30,231.79,22,10.24,209.83,52.32,4,3.05,5.69,4.43,21.96
2026-02-01 01:00:00,32,320.5,31,10.35,322.23,51.77,4,2.23,5.34,6.19,-1.73
2026-02-01 02:00:00,31,185.86,25,7.16,184.84,55.62,4,3.42,4.3,3.34,1.02
2026-02-01 03:00:00,24,191.64,19,10.18,192.89,58.31,4,3.35,3.43,3.29,-1.25
2026-02-01 04:00:00,28,248.37,25,10.29,233.64,48.54,4,3.22,5.87,5.12,14.73
2026-02-01 05:00:00,31,169.62,24,7.46,186.23,56.19,4,3.99,3.7,3.02,-16.61
2026-02-01 06:00:00,40,231.42,36,6.69,239.13,84.87,6,2.39,4.12,2.73,-7.71
2026-02-01 07:00:00,78,600.52,62,8.98,613.77,102.61,8,5.29,6.97,5.85,-13.25
2026-02-01 08:00:00,87,1030.19,86,11.83,1042.84,119.25,8,4.61,5.41,8.64,-12.65
2026-02-01 09:00:00,54,405.22,52,7.73,437.35,88.83,6,3.56,3.09,4.56,-32.13
2026-02-01 10:00:00,82,550.2,62,8.26,591.1,100.34,8,3.96,6.63,5.48,-40.9
2026-02-01 11:00:00,102,766.21,80,9.27,751.42,99.66,8,4.68,4.49,7.69,14.79
2026-02-01 12:00:00,105,903.59,83,11.48,972.73,102.52,8,5.5,5.87,8.81,-69.14
2026-02-01 13:00:00,68,570.07,67,8.24,513.67,81.61,6,4.37,3.65,6.99,56.4
2026-02-01 14:00:00,95,796.75,73,11.43,857.62,117.43,8,3.8,5.12,6.78,-60.87
2026-02-01 15:00:00,59,434.91,55,7.46,439.21,80.56,6,3.84,4.73,5.4,-4.3
2026-02-01 16:00:00,57,502.04,56,8.59,497.86,76.08,6,2.23,5.74,6.6,4.18
2026-02-01 17:00:00,42,387.86,35,10.57,408.18,80.02,6,3.55,3.54,4.85,-20.32
2026-02-01 18:00:00,30,258.92,26,9.68,238.36,48.48,4,3.24,5.99,5.34,20.56
2026-02-01 19:00:00,42,294.96,36,8.23,313.51,84.74,6,3.78,4.52,3.48,-18.55
2026-02-01 20:00:00,27,133.68,21,6.77,139.62,59.15,4,2.43,3.85,2.26,-5.94
2026-02-01 21:00:00,24,156.05,23,6.45,155.1,51.43,4,3.76,5.14,3.03,0.95
2026-02-01 22:00:00,30,167.88,26,6.87,172.17,49.73,4,3.05,4.16,3.38,-4.29
2026-02-01 23:00:00,20,176.77,18,9.6,174.83,59.26,4,3.11,5.39,2.98,1.94
2026-02-02 00:00:00,6,49.98,5,10.52,51.14,25.05,2,3.12,3.16,2.0,-1.16
2026-02-02 01:00:00,13,57.47,9,6.27,58.64,29.61,2,2.22,4.74,1.94,-1.17
2026-02-02 02:00:00,6,52.33,5,10.69,57.01,26.89,2,3.66,4.77,1.95,-4.68
2026-02-02 03:00:00,8,54.17,6,9.17,50.73,28.85,2,3.78,5.79,1.88,3.44
2026-02-02 04:00:00,5,35.67,4,8.4,38.91,24.41,2,2.04,4.4,1.46,-3.24
2026-02-02 05:00:00,12,105.21,11,8.98,103.28,29.36,2,3.97,3.97,3.58,1.93
2026-02-02 06:00:00,22,193.54,18,10.85,184.97,42.76,3,2.25,4.0,4.53,8.57
2026-02-02 07:00:00,56,383.0,42,8.47,402.65,64.71,5,3.44,4.65,5.92,-19.65
2026-02-02 08:00:00,62,727.11,58,12.32,737.18,66.33,5,4.52,5.58,10.96,-10.07
2026-02-02 09:00:00,62,733.07,58,12.41,711.62,65.02,5,3.46,3.32,11.27,21.45
2026-02-02 10:00:00,65,440.43,61,7.42,431.1,63.7,5,5.96,3.25,6.91,9.33
2026-02-02 11:00:00,86,663.52,66,9.57,609.48,94.09,7,4.72,5.39,7.05,54.04
2026-02-02 12:00:00,84,1072.88,82,12.7,1014.02,86.46,7,4.74,7.39,12.41,58.86
2026-02-02 13:00:00,55,472.92,46,9.91,457.22,63.17,5,3.1,5.53,7.49,15.7
2026-02-02 14:00:00,84,729.24,78,10.08,706.1,100.44,7,5.35,5.54,7.26,23.14
2026-02-02 15:00:00,43,309.98,35,9.35,294.2,63.91,5,2.34,5.63,4.85,15.78
2026-02-02 16:00:00,46,255.38,40,6.86,257.43,60.74,5,2.01,3.14,4.2,-2.05
2026-02-02 17:00:00,37,270.24,36,7.15,293.55,41.71,3,3.55,4.76,6.48,-23.31
2026-02-02 18:00:00,17,101.0,16,6.47,106.1,29.25,2,2.27,4.93,3.45,-5.1
2026-02-02 19:00:00,14,101.89,10,10.79,106.68,26.5,2,3.07,3.27,3.84,-4.79
2026-02-02 20:00:00,10,98.93,9,10.7,104.1,28.4,2,3.08,5.07,3.48,-5.17
2026-02-02 21:00:00,11,113.71,10,10.73,121.66,26.44,2,2.5,4.82,4.3,-7.95
2026-02-02 22:00:00,5,27.48,4,7.06,25.29,25.81,2,2.79,5.05,1.06,2.19
2026-02-02 23:00:00,6,38.47,4,9.31,36.08,24.01,2,2.54,5.78,1.6,2.39
2026-02-03 00:00:00,5,22.9,3,7.75,21.63,29.95,2,3.25,3.45,0.76,1.27
2026-02-03 01:00:00,10,81.67,8,9.63,89.28,28.0,2,2.6,4.06,2.92,-7.61
2026-02-03 02:00:00,5,32.03,4,8.23,31.27,26.73,2,3.26,3.76,1.2,0.76
2026-02-03 03:00:00,10,56.36,8,6.73,57.08,27.65,2,3.24,5.91,2.04,-0.72
2026-02-03 04:00:00,9,81.49,8,10.0,79.24,27.28,2,2.26,4.41,2.99,2.25
2026-02-03 05:00:00,9,91.63,8,10.66,99.4,26.88,2,2.28,5.26,3.41,-7.77
2026-02-03 06:00:00,11,90.12,9,9.39,94.43,24.56,2,3.21,5.8,3.67,-4.31
2026-02-03 07:00:00,84,719.94,74,9.75,716.78,93.83,7,5.38,6.79,7.67,3.16
2026-02-03 08:00:00,60,549.87,52,9.8,586.24,60.37,5,3.41,5.99,9.11,-36.37
2026-02-03 09:00:00,67,624.48,54,11.66,584.07,60.75,5,5.0,4.25,10.28,40.41
2026-02-03 10:00:00,57,378.31,50,7.83,366.72,70.56,5,3.01,3.8,5.36,11.59
2026-02-03 11:00:00,84,757.71,63,11.15,735.36,96.21,7,3.82,6.51,7.88,22.35
2026-02-03 12:00:00,76,730.73,67,11.68,689.74,95.26,7,5.64,4.35,7.67,40.99
2026-02-03 13:00:00,83,738.09,81,9.51,734.35,91.49,7,4.01,7.41,8.07,3.74
2026-02-03 14:00:00,78,1054.46,76,12.93,957.36,98.76,7,5.31,4.37,10.68,97.1
2026-02-03 15:00:00,46,286.24,35,8.87,271.52,63.48,5,2.82,4.43,4.51,14.72
2026-02-03 16:00:00,47,282.58,42,7.26,288.92,60.07,5,3.12,5.77,4.7,-6.34
2026-02-03 17:00:00,43,342.01,39,8.7,343.15,68.56,5,3.84,3.19,4.99,-1.14
2026-02-03 18:00:00,16,115.4,12,9.99,111.16,25.36,2,3.91,5.68,4.55,4.24
2026-02-03 19:00:00,17,93.22,15,6.67,84.48,24.25,2,2.65,4.73,3.84,8.74
2026-02-03 20:00:00,10,92.19,9,10.41,92.28,25.85,2,3.84,4.22,3.57,-0.09
2026-02-03 21:00:00,5,37.88,4,9.56,40.11,29.95,2,3.22,4.12,1.26,-2.23
2026-02-03 22:00:00,12,97.81,10,10.49,91.98,24.3,2,2.46,3.89,4.03,5.83
2026-02-03 23:00:00,11,69.75,9,7.45,63.65,28.53,2,2.34,4.07,2.44,6.1
2026-02-04 00:00:00,5,25.76,4,6.22,24.27,26.39,2,2.13,3.59,0.98,1.49
2026-02-04 01:00:00,8,55.87,6,9.73,57.44,27.84,2,2.5,5.22,2.01,-1.57
2026-02-04 02:00:00,5,26.06,4,6.09,25.31,29.81,2,3.88,5.28,0.87,0.75
2026-02-04 03:00:00,7,57.82,6,9.32,62.47,25.78,2,3.52,4.15,2.24,-4.65
2026-02-04 04:00:00,5,33.55,4,9.07,31.1,25.33,2,2.04,4.05,1.32,2.45
2026-02-04 05:00:00,12,101.51,10,9.75,102.94,25.21,2,2.41,3.77,4.03,-1.43
2026-02-04 06:00:00,21,120.71,16,7.98,125.23,41.93,3,2.31,5.22,2.88,-4.52
2026-02-04 07:00:00,60,605.19,58,11.3,589.75,73.46,5,3.47,4.48,8.24,15.44
2026-02-04 08:00:00,66,756.45,63,11.85,739.4,64.21,5,5.37,5.96,11.78,17.05
2026-02-04 09:00:00,57,455.27,45,9.66,477.83,65.43,5,2.33,4.62,6.96,-22.56
2026-02-04 10:00:00,65,564.29,55,10.73,607.81,68.99,5,3.19,3.57,8.18,-43.52
2026-02-04 11:00:00,82,703.93,77,9.77,681.66,98.87,7,3.33,5.87,7.12,22.27
2026-02-04 12:00:00,75,762.96,72,11.02,836.97,89.32,7,4.85,6.69,8.54,-74.01
2026-02-04 13:00:00,77,625.22,69,9.01,650.36,90.02,7,3.98,7.38,6.95,-25.14
2026-02-04 14:00:00,87,831.43,73,10.76,904.82,97.07,7,6.37,7.64,8.57,-73.39
2026-02-04 15:00:00,37,331.12,34,10.4,327.08,44.45,3,3.26,3.15,7.45,4.04
2026-02-04 16:00:00,42,358.46,33,10.19,349.49,73.48,5,2.13,3.01,4.88,8.97
2026-02-04 17:00:00,39,241.41,33,7.7,235.49,43.03,3,2.77,3.47,5.61,5.92
2026-02-04 18:00:00,10,84.19,9,8.89,86.96,24.56,2,3.87,3.04,3.43,-2.77
2026-02-04 19:00:00,21,137.9,19,7.44,134.37,44.79,3,3.34,4.69,3.08,3.53
2026-02-04 20:00:00,5,24.6,4,6.54,24.73,29.81,2,2.5,4.53,0.83,-0.13
2026-02-04 21:00:00,5,24.49,3,8.5,26.63,25.93,2,3.99,5.81,0.94,-2.14
2026-02-04 22:00:00,5,26.84,4,7.08,27.67,28.49,2,3.9,3.19,0.94,-0.83
2026-02-04 23:00:00,5,37.24,4,9.88,34.55,25.73,2,2.38,5.34,1.45,2.69
2026-02-05 00:00:00,5,24.75,4,6.61,24.53,25.41,2,3.04,5.8,0.97,0.22
2026-02-05 01:00:00,10,79.28,9,9.34,73.45,27.17,2,3.17,4.44,2.92,5.83
2026-02-05 02:00:00,13,108.75,11,9.87,114.05,24.22,2,2.78,5.02,4.49,-5.3
2026-02-05 03:00:00,5,31.28,4,8.07,28.72,28.5,2,2.08,5.82,1.1,2.56
2026-02-05 04:00:00,13,77.47,11,7.04,84.96,27.51,2,2.05,3.15,2.82,-7.49
2026-02-05 05:00:00,14,121.75,12,10.43,123.95,29.45,2,2.28,3.99,4.13,-2.2
2026-02-05 06:00:00,13,112.97,12,9.36,121.26,25.84,2,3.39,4.79,4.37,-8.29
2026-02-05 07:00:00,55,479.05,48,9.52,518.48,68.64,5,2.46,4.42,6.98,-39.43
2026-02-05 08:00:00,66,516.99,60,8.77,487.04,62.19,5,4.82,4.63,8.31,29.95
2026-02-05 09:00:00,61,455.04,52,8.82,483.18,61.58,5,5.39,5.68,7.39,-28.14
2026-02-05 10:00:00,57,507.65,46,10.91,507.47,69.68,5,3.81,5.95,7.29,0.18
2026-02-05 11:00:00,78,707.57,59,12.11,654.76,101.04,7,5.53,6.27,7.0,52.81
2026-02-05 12:00:00,82,606.97,65,9.32,557.96,86.31,7,6.04,4.84,7.03,49.01
2026-02-05 13:00:00,83,770.27,67,11.97,740.27,94.46,7,5.08,5.02,8.15,30.0
2026-02-05 14:00:00,87,803.77,69,11.31,751.98,97.76,7,6.42,6.43,8.22,51.79
2026-02-05 15:00:00,38,288.72,34,8.06,271.57,43.92,3,3.85,3.94,6.57,17.15
2026-02-05 16:00:00,35,187.47,29,6.62,201.63,40.06,3,2.6,5.75,4.68,-14.16
2026-02-05 17:00:00,40,248.86,37,6.33,242.03,65.59,5,2.07,4.92,3.79,6.83
2026-02-05 18:00:00,11,97.87,10,9.36,92.66,24.8,2,3.15,4.14,3.95,5.21
2026-02-05 19:00:00,21,227.41,20,10.65,219.06,39.64,3,3.7,3.13,5.74,8.35
2026-02-05 20:00:00,5,40.6,4,10.3,42.01,28.6,2,3.38,5.34,1.42,-1.41
2026-02-05 21:00:00,5,33.85,4,9.17,32.91,28.94,2,2.78,5.39,1.17,0.94
2026-02-05 22:00:00,5,34.13,4,7.96,34.8,24.65,2,2.97,3.4,1.38,-0.67
2026-02-05 23:00:00,6,46.75,5,9.83,44.48,25.08,2,3.74,5.82,1.86,2.27
2026-02-06 00:00:00,7,48.16,6,7.84,44.0,24.01,2,3.94,4.36,2.01,4.16
2026-02-06 01:00:00,5,39.78,4,9.23,36.37,28.07,2,2.77,5.03,1.42,3.41
2026-02-06 02:00:00,10,74.89,8,9.19,76.64,27.72,2,3.31,4.12,2.7,-1.75
2026-02-06 03:00:00,7,54.79,6,9.45,52.59,24.29,2,3.36,5.12,2.26,2.2
2026-02-06 04:00:00,8,74.79,7,10.59,73.1,24.75,2,3.24,4.59,3.02,1.69
2026-02-06 05:00:00,5,31.07,4,7.65,28.48,29.57,2,2.31,3.18,1.05,2.59
2026-02-06 06:00:00,22,157.24,21,7.63,160.01,38.61,3,2.48,4.1,4.07,-2.77
2026-02-06 07:00:00,66,476.88,60,8.02,495.56,63.73,5,5.8,4.11,7.48,-18.68
2026-02-06 08:00:00,41,419.01,38,11.29,455.71,65.66,5,3.79,4.26,6.38,-36.7
2026-02-06 09:00:00,60,652.63,56,12.33,630.07,74.86,5,3.32,4.34,8.72,22.56
2026-02-06 10:00:00,76,531.76,73,7.17,525.98,101.34,7,5.45,6.51,5.25,5.78
2026-02-06 11:00:00,75,605.82,71,8.88,576.5,91.65,7,4.87,5.08,6.61,29.32
2026-02-06 12:00:00,62,693.47,59,11.79,725.77,70.04,5,4.45,5.35,9.9,-32.3
2026-02-06 13:00:00,84,942.03,73,12.59,866.39,91.6,7,4.86,5.07,10.28,75.64
2026-02-06 14:00:00,77,998.84,75,12.45,970.34,99.43,7,6.21,6.24,10.05,28.5
2026-02-06 15:00:00,38,319.36,31,10.02,342.14,39.89,3,3.47,5.49,8.01,-22.78
2026-02-06 16:00:00,36,268.09,33,7.8,293.57,39.18,3,2.87,3.83,6.84,-25.48
2026-02-06 17:00:00,36,254.66,32,7.98,265.2,40.82,3,3.17,5.51,6.24,-10.54
2026-02-06 18:00:00,16,134.54,13,10.21,146.98,24.69,2,3.47,5.5,5.45,-12.44
2026-02-06 19:00:00,17,129.97,14,9.98,134.58,28.12,2,2.23,3.71,4.62,-4.61
2026-02-06 20:00:00,12,59.78,10,6.26,63.31,27.28,2,3.49,3.76,2.19,-3.53
2026-02-06 21:00:00,5,38.31,4,9.06,41.9,28.66,2,3.08,5.19,1.34,-3.59
2026-02-06 22:00:00,5,41.81,4,10.06,40.9,27.26,2,3.6,4.47,1.53,0.91
2026-02-06 23:00:00,11,55.61,9,6.5,60.61,28.93,2,3.49,5.74,1.92,-5.0
2026-02-07 00:00:00,31,176.63,27,7.07,191.57,49.42,4,2.55,4.9,3.57,-14.94
2026-02-07 01:00:00,20,141.77,15,8.89,132.67,53.79,4,2.87,5.31,2.64,9.1
2026-02-07 02:00:00,34,232.66,26,9.67,227.76,49.0,4,3.7,5.62,4.75,4.9
2026-02-07 03:00:00,25,180.65,19,9.6,164.43,57.75,4,2.68,5.63,3.13,16.22
2026-02-07 04:00:00,24,178.61,18,10.62,178.93,51.93,4,2.06,4.53,3.44,-0.32
2026-02-07 05:00:00,34,180.41,32,6.05,185.16,59.93,4,2.92,4.88,3.01,-4.75
2026-02-07 06:00:00,23,158.06,18,8.55,156.36,56.28,4,2.55,3.52,2.81,1.7
2026-02-07 07:00:00,83,833.77,70,11.4,823.69,110.79,8,5.47,5.38,7.53,10.08
2026-02-07 08:00:00,75,663.7,68,10.59,705.74,101.75,8,3.96,5.56,6.52,-42.04
2026-02-07 09:00:00,79,685.05,60,12.05,699.64,96.38,8,3.75,5.44,7.11,-14.59
2026-02-07 10:00:00,83,629.69,63,9.76,678.44,102.67,8,4.84,5.78,6.13,-48.75
2026-02-07 11:00:00,99,865.98,86,9.75,818.88,112.19,8,6.06,7.14,7.72,47.1
2026-02-07 12:00:00,99,731.48,78,9.37,799.95,100.18,8,5.08,5.01,7.3,-68.47
2026-02-07 13:00:00,106,802.57,87,9.2,857.0,108.61,8,4.78,7.03,7.39,-54.43
2026-02-07 14:00:00,105,773.14,85,8.96,743.08,101.19,8,4.04,7.5,7.64,30.06
2026-02-07 15:00:00,64,354.4,51,6.5,357.62,73.8,6,5.54,5.4,4.8,-3.22
2026-02-07 16:00:00,61,457.88,48,9.02,414.45,77.86,6,4.8,5.53,5.88,43.43
2026-02-07 17:00:00,59,446.95,58,7.42,455.72,82.22,6,2.2,4.77,5.44,-8.77
2026-02-07 18:00:00,31,262.22,24,10.75,248.24,49.01,4,3.47,3.93,5.35,13.98
2026-02-07 19:00:00,31,258.86,25,9.86,243.09,52.03,4,3.37,5.98,4.98,15.77
2026-02-07 20:00:00,21,184.16,19,9.29,185.19,58.99,4,3.12,5.25,3.12,-1.03
2026-02-07 21:00:00,28,172.37,23,7.84,157.79,49.58,4,3.11,5.28,3.48,14.58
2026-02-07 22:00:00,22,174.64,18,9.66,172.67,58.32,4,2.22,4.71,2.99,1.97
2026-02-07 23:00:00,24,155.77,19,8.01,141.46,59.22,4,2.71,5.27,2.63,14.31
2026-02-08 00:00:00,33,358.43,32,10.71,356.4,51.01,4,2.1,3.9,7.03,2.03
2026-02-08 01:00:00,30,248.14,29,8.66,225.5,57.85,4,3.04,4.76,4.29,22.64
2026-02-08 02:00:00,30,284.78,27,10.33,312.7,59.14,4,3.64,3.02,4.82,-27.92
2026-02-08 03:00:00,30,276.98,29,10.0,265.41,52.87,4,3.23,5.97,5.24,11.57
2026-02-08 04:00:00,23,133.24,20,6.68,123.84,48.79,4,3.74,4.49,2.73,9.4
2026-02-08 05:00:00,28,188.9,27,6.76,186.12,53.39,4,2.68,4.94,3.54,2.78
2026-02-08 06:00:00,37,252.3,36,6.74,245.41,57.37,4,3.45,3.72,4.4,6.89
2026-02-08 07:00:00,77,649.36,58,11.87,630.54,106.84,8,5.16,5.68,6.08,18.82
2026-02-08 08:00:00,87,595.44,70,8.03,595.03,99.13,8,3.79,4.41,6.01,0.41
2026-02-08 09:00:00,81,793.84,62,12.35,715.68,97.7,8,6.05,6.74,8.13,78.16
2026-02-08 10:00:00,76,495.34,74,6.81,487.93,100.44,8,4.83,5.73,4.93,7.41
2026-02-08 11:00:00,105,1228.45,100,12.93,1328.89,99.52,8,3.35,6.57,12.34,-100.44
2026-02-08 12:00:00,72,632.46,66,9.34,654.85,113.58,8,5.94,6.75,5.57,-22.39
2026-02-08 13:00:00,98,725.84,81,8.43,707.66,113.45,8,5.31,7.61,6.4,18.18
2026-02-08 14:00:00,105,729.85,89,8.72,719.81,113.01,8,5.51,5.57,6.46,10.04
2026-02-08 15:00:00,65,426.24,59,7.64,468.85,86.79,6,5.4,4.39,4.91,-42.61
2026-02-08 16:00:00,61,478.34,46,10.19,482.15,77.39,6,4.74,4.97,6.18,-3.81
2026-02-08 17:00:00,61,344.72,57,6.03,353.55,78.39,6,4.72,4.78,4.4,-8.83
2026-02-08 18:00:00,40,305.81,35,9.35,301.6,83.57,6,2.36,4.79,3.66,4.21
2026-02-08 19:00:00,31,193.9,23,8.48,212.8,51.68,4,3.15,4.26,3.75,-18.9
2026-02-08 20:00:00,27,209.94,20,9.88,200.59,58.02,4,2.2,4.83,3.62,9.35
2026-02-08 21:00:00,32,273.97,30,9.92,271.28,51.14,4,3.88,3.19,5.36,2.69
2026-02-08 22:00:00,24,138.65,20,7.52,136.29,58.48,4,2.1,4.41,2.37,2.36
2026-02-08 23:00:00,23,211.86,21,9.98,190.92,48.68,4,2.63,3.03,4.35,20.94
2026-02-09 00:00:00,6,46.47,5,9.33,49.91,25.68,2,2.54,4.07,1.81,-3.44
2026-02-09 01:00:00,7,48.46,5,9.92,52.81,29.0,2,2.26,3.96,1.67,-4.35
2026-02-09 02:00:00,14,82.43,13,6.61,82.97,26.53,2,3.25,4.81,3.11,-0.54
2026-02-09 03:00:00,5,40.44,4,10.22,42.79,28.69,2,3.35,3.25,1.41,-2.35
2026-02-09 04:00:00,10,67.58,8,8.9,70.13,25.55,2,2.06,3.87,2.65,-2.55
2026-02-09 05:00:00,12,93.62,11,8.51,87.06,24.39,2,2.08,4.16,3.84,6.56
2026-02-09 06:00:00,10,79.68,7,10.87,76.75,28.28,2,2.46,5.37,2.82,2.93
2026-02-09 07:00:00,60,543.68,55,9.21,507.67,61.96,5,2.23,4.4,8.77,36.01
2026-02-09 08:00:00,58,438.48,47,9.24,454.9,60.08,5,3.48,4.42,7.3,-16.42
2026-02-09 09:00:00,67,585.11,65,8.45,543.01,64.99,5,5.66,3.44,9.0,42.1
2026-02-09 10:00:00,58,421.05,43,9.86,457.55,69.74,5,3.75,3.49,6.04,-36.5
2026-02-09 11:00:00,86,726.34,76,9.08,795.8,98.61,7,5.51,6.49,7.37,-69.46
2026-02-09 12:00:00,84,688.19,81,8.05,667.26,87.87,7,3.59,5.17,7.83,20.93
2026-02-09 13:00:00,77,680.3,74,9.57,697.66,94.56,7,6.25,6.34,7.19,-17.36
2026-02-09 14:00:00,81,577.58,64,9.66,581.47,100.2,7,4.18,5.95,5.76,-3.89
2026-02-09 15:00:00,43,382.71,39,9.34,397.81,68.14,5,3.94,5.17,5.62,-15.1
2026-02-09 16:00:00,39,189.99,29,6.31,172.67,41.04,3,3.03,3.64,4.63,17.32
2026-02-09 17:00:00,37,235.06,34,7.37,238.95,36.88,3,2.86,5.48,6.37,-3.89
2026-02-09 18:00:00,18,127.88,17,7.5,124.37,25.1,2,3.25,3.14,5.09,3.51
2026-02-09 19:00:00,14,79.82,11,7.06,76.78,28.14,2,3.76,3.8,2.84,3.04
2026-02-09 20:00:00,5,27.13,4,6.86,25.64,24.55,2,3.22,5.96,1.11,1.49
2026-02-09 21:00:00,6,46.08,5,8.91,46.06,24.24,2,3.51,3.94,1.9,0.02
2026-02-09 22:00:00,5,43.6,4,10.4,46.66,24.85,2,2.75,5.02,1.75,-3.06
2026-02-09 23:00:00,6,54.46,5,10.9,51.84,26.5,2,2.13,5.53,2.06,2.62
2026-02-10 00:00:00,7,37.56,6,6.37,36.26,26.87,2,3.74,4.91,1.4,1.3
2026-02-10 01:00:00,8,50.67,6,8.76,53.69,26.11,2,3.85,5.35,1.94,-3.02
2026-02-10 02:00:00,12,94.53,10,10.13,89.16,26.81,2,3.61,4.15,3.53,5.37
2026-02-10 03:00:00,5,20.09,3,6.94,20.26,25.12,2,3.63,4.32,0.8,-0.17
2026-02-10 04:00:00,5,35.68,4,9.55,34.36,29.56,2,3.49,4.34,1.21,1.32
2026-02-10 05:00:00,5,31.02,3,10.69,33.13,27.56,2,3.48,5.9,1.13,-2.11
2026-02-10 06:00:00,19,108.26,15,7.12,108.12,25.27,2,3.29,4.32,4.28,0.14
2026-02-10 07:00:00,66,756.59,63,12.2,768.36,64.8,5,6.52,5.52,11.68,-11.77
2026-02-10 08:00:00,57,626.27,53,11.7,594.7,65.06,5,2.66,4.55,9.63,31.57
2026-02-10 09:00:00,62,693.92,60,11.33,701.98,64.33,5,6.58,5.82,10.79,-8.06
2026-02-10 10:00:00,64,397.74,62,6.81,399.77,64.27,5,4.65,4.56,6.19,-2.03
2026-02-10 11:00:00,83,763.45,63,12.07,723.34,85.54,7,3.92,4.53,8.93,40.11
2026-02-10 12:00:00,75,607.7,61,10.39,628.07,98.9,7,5.26,5.26,6.14,-20.37
2026-02-10 13:00:00,86,911.99,82,12.04,968.37,104.29,7,5.33,5.78,8.74,-56.38
2026-02-10 14:00:00,82,865.66,76,11.58,875.87,91.95,7,4.58,7.13,9.41,-10.21
2026-02-10 15:00:00,43,259.12,41,6.5,272.87,66.59,5,2.49,3.67,3.89,-13.75
2026-02-10 16:00:00,43,459.85,42,10.16,487.36,73.43,5,2.07,4.2,6.26,-27.51
2026-02-10 17:00:00,36,337.53,31,10.79,311.83,39.01,3,2.29,3.92,8.65,25.7
2026-02-10 18:00:00,19,126.54,16,7.59,118.82,29.73,2,2.36,3.57,4.26,7.72
2026-02-10 19:00:00,18,93.27,14,6.55,101.12,28.46,2,3.96,3.18,3.28,-7.85
2026-02-10 20:00:00,5,32.76,4,8.68,30.47,24.18,2,2.74,5.5,1.35,2.29
2026-02-10 21:00:00,8,67.46,7,8.94,66.23,29.4,2,2.03,3.11,2.29,1.23
2026-02-10 22:00:00,7,34.86,5,7.17,31.86,28.14,2,3.35,4.5,1.24,3.0
2026-02-10 23:00:00,5,27.96,3,9.28,28.82,25.01,2,2.76,3.77,1.12,-0.86
2026-02-11 00:00:00,6,31.55,5,6.17,34.28,29.11,2,2.75,3.21,1.08,-2.73
2026-02-11 01:00:00,12,114.3,11,10.06,122.56,29.19,2,3.79,3.44,3.92,-8.26
2026-02-11 02:00:00,6,26.9,4,7.04,25.59,29.79,2,3.27,5.05,0.9,1.31
2026-02-11 03:00:00,5,41.02,4,10.51,43.79,29.49,2,3.69,5.42,1.39,-2.77
2026-02-11 04:00:00,5,30.28,4,7.37,31.6,25.84,2,2.99,5.11,1.17,-1.32
2026-02-11 05:00:00,5,32.93,4,8.54,33.82,26.3,2,2.97,5.0,1.25,-0.89
2026-02-11 06:00:00,16,84.95,13,6.97,88.93,24.24,2,3.93,3.69,3.5,-3.98
2026-02-11 07:00:00,56,442.29,52,8.36,442.37,67.34,5,3.65,3.09,6.57,-0.08
2026-02-11 08:00:00,65,479.6,51,10.14,521.42,70.2,5,4.18,4.62,6.83,-41.82
2026-02-11 09:00:00,59,444.94,52,8.99,459.27,61.87,5,3.42,5.53,7.19,-14.33
2026-02-11 10:00:00,43,197.3,32,6.48,207.43,63.52,5,3.03,4.46,3.11,-10.13
2026-02-11 11:00:00,85,947.47,84,11.09,940.17,101.57,7,4.33,7.43,9.33,7.3
2026-02-11 12:00:00,75,615.09,56,11.33,618.53,99.66,7,6.08,7.63,6.17,-3.44
2026-02-11 13:00:00,83,691.6,69,9.55,630.22,99.05,7,3.47,4.72,6.98,61.38
2026-02-11 14:00:00,87,678.39,82,8.03,706.29,89.37,7,4.5,6.58,7.59,-27.9
2026-02-11 15:00:00,36,216.54,27,8.17,221.15,40.41,3,2.81,5.73,5.36,-4.61
2026-02-11 16:00:00,33,262.54,25,10.37,259.71,40.45,3,3.75,4.75,6.49,2.83
2026-02-11 17:00:00,38,341.21,35,9.03,336.81,44.38,3,3.11,3.89,7.69,4.4
2026-02-11 18:00:00,20,118.78,17,7.03,120.91,41.01,3,3.33,4.19,2.9,-2.13
2026-02-11 19:00:00,12,58.41,9,6.59,55.47,26.19,2,3.45,5.56,2.23,2.94
2026-02-11 20:00:00,5,27.15,4,6.94,25.8,27.18,2,3.87,5.32,1.0,1.35
2026-02-11 21:00:00,5,32.39,4,8.31,33.99,29.81,2,2.64,4.84,1.09,-1.6
2026-02-11 22:00:00,5,40.98,4,9.49,42.75,24.11,2,3.62,5.29,1.7,-1.77
2026-02-11 23:00:00,6,49.25,5,10.08,54.18,26.7,2,3.68,3.39,1.84,-4.93
2026-02-12 00:00:00,14,108.04,11,9.52,107.89,26.79,2,3.23,3.15,4.03,0.15
2026-02-12 01:00:00,10,55.87,7,8.49,53.53,24.23,2,2.09,5.02,2.31,2.34
2026-02-12 02:00:00,12,92.94,9,9.66,90.85,29.24,2,3.46,4.2,3.18,2.09
2026-02-12 03:00:00,5,34.28,4,8.89,31.56,28.85,2,3.34,5.08,1.19,2.72
2026-02-12 04:00:00,7,56.42,6,9.02,54.96,26.1,2,2.14,3.87,2.16,1.46
2026-02-12 05:00:00,14,96.35,11,9.12,87.52,26.1,2,2.71,3.79,3.69,8.83
2026-02-12 06:00:00,16,87.22,13,6.42,93.09,25.45,2,3.95,4.97,3.43,-5.87
2026-02-12 07:00:00,58,579.44,50,11.35,547.3,66.86,5,3.42,5.29,8.67,32.14
2026-02-12 08:00:00,55,520.15,47,10.38,567.25,64.44,5,2.35,4.46,8.07,-47.1
2026-02-12 09:00:00,67,406.27,52,8.43,373.0,70.37,5,5.18,3.95,5.77,33.27
2026-02-12 10:00:00,59,567.32,57,10.39,531.97,72.39,5,3.44,4.68,7.84,35.35
2026-02-12 11:00:00,85,778.59,66,12.19,710.35,104.89,7,5.79,7.0,7.42,68.24
2026-02-12 12:00:00,86,654.83,74,8.94,677.76,98.01,7,4.82,6.22,6.68,-22.93
2026-02-12 13:00:00,52,581.43,51,11.35,617.59,60.78,5,3.18,5.32,9.57,-36.16
2026-02-12 14:00:00,79,491.75,60,8.07,533.55,84.8,7,6.13,7.33,5.8,-41.8
2026-02-12 15:00:00,39,318.87,37,8.21,293.27,38.82,3,3.08,4.84,8.21,25.6
2026-02-12 16:00:00,38,374.92,34,10.29,382.01,37.76,3,3.16,3.98,9.93,-7.09
2026-02-12 17:00:00,46,434.33,41,10.26,426.92,64.49,5,3.82,4.61,6.73,7.41
2026-02-12 18:00:00,11,69.29,8,8.13,70.37,25.34,2,3.7,5.05,2.73,-1.08
2026-02-12 19:00:00,20,138.81,16,8.86,148.31,39.66,3,3.07,4.78,3.5,-9.5
2026-02-12 20:00:00,5,24.06,4,6.0,22.46,24.82,2,3.94,5.39,0.97,1.6
2026-02-12 21:00:00,5,34.16,3,10.78,34.84,24.94,2,2.35,5.27,1.37,-0.68
2026-02-12 22:00:00,5,41.75,4,10.87,45.43,27.18,2,2.52,4.42,1.54,-3.68
2026-02-12 23:00:00,11,67.86,9,8.1,63.04,27.21,2,2.95,4.88,2.49,4.82
2026-02-13 00:00:00,6,55.48,5,10.93,55.19,27.97,2,2.51,5.22,1.98,0.29
2026-02-13 01:00:00,13,91.12,10,8.77,83.29,27.95,2,3.29,5.27,3.26,7.83
2026-02-13 02:00:00,5,41.37,4,9.64,39.76,27.33,2,2.52,5.26,1.51,1.61
2026-02-13 03:00:00,12,81.55,10,7.55,89.33,24.02,2,2.6,5.29,3.4,-7.78
2026-02-13 04:00:00,9,46.72,7,6.34,48.23,29.58,2,3.19,3.36,1.58,-1.51
2026-02-13 05:00:00,7,60.62,6,9.55,61.93,25.81,2,3.21,4.33,2.35,-1.31
2026-02-13 06:00:00,16,101.08,14,7.09,105.98,27.3,2,3.29,4.02,3.7,-4.9
2026-02-13 07:00:00,61,427.35,50,8.55,428.43,64.61,5,4.49,4.93,6.61,-1.08
2026-02-13 08:00:00,60,379.59,45,8.86,381.85,65.02,5,2.67,4.04,5.84,-2.26
2026-02-13 09:00:00,60,389.8,46,8.27,362.79,64.86,5,3.95,4.1,6.01,27.01
2026-02-13 10:00:00,59,454.3,48,9.52,436.28,68.18,5,2.92,3.91,6.66,18.02
2026-02-13 11:00:00,85,702.42,69,9.55,731.57,95.43,7,6.4,5.71,7.36,-29.15
2026-02-13 12:00:00,52,539.73,49,10.6,529.34,62.28,5,2.78,5.39,8.67,10.39
2026-02-13 13:00:00,75,785.82,71,11.87,713.7,88.41,7,4.62,5.06,8.89,72.12
2026-02-13 14:00:00,85,634.0,66,9.48,599.12,103.33,7,4.46,6.8,6.14,34.88
2026-02-13 15:00:00,46,394.12,40,9.33,429.46,66.89,5,3.04,3.55,5.89,-35.34
2026-02-13 16:00:00,41,442.46,38,10.98,420.06,69.46,5,3.62,4.16,6.37,22.4
2026-02-13 17:00:00,41,283.36,31,8.91,272.9,73.75,5,3.47,4.46,3.84,10.46
2026-02-13 18:00:00,16,149.59,15,9.59,160.54,24.42,2,2.11,4.14,6.13,-10.95
2026-02-13 19:00:00,16,130.33,13,10.04,118.16,28.53,2,3.5,4.53,4.57,12.17
2026-02-13 20:00:00,10,73.34,9,8.45,75.45,28.18,2,3.5,4.73,2.6,-2.11
2026-02-13 21:00:00,5,36.77,4,8.72,35.98,29.45,2,2.14,4.14,1.25,0.79
2026-02-13 22:00:00,9,54.35,8,6.74,53.71,28.42,2,2.84,3.3,1.91,0.64
2026-02-13 23:00:00,12,108.97,11,9.66,111.26,28.04,2,2.97,4.74,3.89,-2.29
2026-02-14 00:00:00,23,178.24,18,10.1,189.35,52.55,4,3.3,3.18,3.39,-11.11
2026-02-14 01:00:00,16,110.3,12,8.64,112.91,43.14,3,3.37,4.71,2.56,-2.61
2026-02-14 02:00:00,23,187.46,18,10.08,198.22,48.15,4,2.91,5.91,3.89,-10.76
2026-02-14 03:00:00,31,239.81,30,8.29,226.13,56.98,4,2.84,3.05,4.21,13.68
2026-02-14 04:00:00,24,192.93,23,8.52,195.6,52.82,4,3.3,3.33,3.65,-2.67
2026-02-14 05:00:00,30,200.94,28,6.74,219.42,54.69,4,3.69,5.92,3.67,-18.48
2026-02-14 06:00:00,34,290.55,33,8.28,306.09,49.38,4,2.93,3.18,5.88,-15.54
2026-02-14 07:00:00,79,715.07,65,11.52,670.75,103.87,8,4.44,5.77,6.88,44.32
2026-02-14 08:00:00,80,706.91,78,9.48,688.48,108.19,8,4.18,5.52,6.53,18.43
2026-02-14 09:00:00,80,625.04,65,9.84,618.13,119.81,8,5.17,5.12,5.22,6.91
2026-02-14 10:00:00,83,648.04,63,10.21,618.39,113.32,8,5.66,7.02,5.72,29.65
2026-02-14 11:00:00,103,960.83,78,12.39,1033.01,103.01,8,5.14,7.13,9.33,-72.18
2026-02-14 12:00:00,71,568.9,66,9.36,515.67,109.46,8,4.19,4.41,5.2,53.23
2026-02-14 13:00:00,101,982.17,90,11.82,980.64,104.02,8,3.96,7.16,9.44,1.53
2026-02-14 14:00:00,107,1022.42,100,9.5,951.48,112.81,8,5.43,5.76,9.06,70.94
2026-02-14 15:00:00,61,426.91,48,9.19,421.64,75.13,6,5.87,5.16,5.68,5.27
2026-02-14 16:00:00,66,581.91,55,9.81,570.75,85.99,6,5.67,4.18,6.77,11.16
2026-02-14 17:00:00,56,395.01,53,6.97,403.75,75.69,6,3.19,5.35,5.22,-8.74
2026-02-14 18:00:00,37,368.47,35,10.24,402.28,58.24,4,2.51,3.62,6.33,-33.81
2026-02-14 19:00:00,40,405.15,36,10.88,420.83,86.11,6,2.8,5.03,4.71,-15.68
2026-02-14 20:00:00,29,219.7,22,10.69,229.01,54.88,4,3.81,4.53,4.0,-9.31
2026-02-14 21:00:00,26,158.03,24,6.24,172.7,54.85,4,3.83,3.55,2.88,-14.67
2026-02-14 22:00:00,27,194.25,26,7.27,193.61,49.74,4,2.67,3.6,3.91,0.64
2026-02-14 23:00:00,29,199.5,22,9.46,210.41,58.57,4,2.33,3.95,3.41,-10.91
2026-02-15 00:00:00,22,163.51,20,8.36,167.09,53.88,4,3.35,5.31,3.03,-3.58
2026-02-15 01:00:00,25,159.9,18,8.53,163.68,55.53,4,2.68,5.47,2.88,-3.78
2026-02-15 02:00:00,30,191.64,23,7.88,175.65,49.68,4,2.44,5.76,3.86,15.99
2026-02-15 03:00:00,27,205.96,24,8.17,201.48,55.28,4,3.22,5.49,3.73,4.48
2026-02-15 04:00:00,30,180.2,28,6.47,179.53,49.26,4,3.66,4.1,3.66,0.67
2026-02-15 05:00:00,28,200.47,22,9.43,180.61,56.54,4,3.5,3.86,3.55,19.86
2026-02-15 06:00:00,36,215.73,31,7.15,229.77,51.36,4,2.76,4.58,4.2,-14.04
2026-02-15 07:00:00,78,660.6,59,11.03,611.07,113.67,8,4.54,4.73,5.81,49.53
2026-02-15 08:00:00,76,509.78,66,7.85,530.36,118.58,8,5.3,4.43,4.3,-20.58
2026-02-15 09:00:00,108,883.04,104,8.85,945.91,100.08,8,4.98,6.21,8.82,-62.87
2026-02-15 10:00:00,79,635.35,70,8.42,571.97,96.29,8,3.69,5.55,6.6,63.38
2026-02-15 11:00:00,99,809.87,81,10.0,749.87,113.01,8,3.83,5.3,7.17,60.0
2026-02-15 12:00:00,106,1252.61,97,12.86,1189.38,96.36,8,4.43,5.33,13.0,63.23
2026-02-15 13:00:00,104,885.3,89,9.24,951.18,108.15,8,3.3,4.66,8.19,-65.88
2026-02-15 14:00:00,126,1089.0,124,8.24,1117.46,104.9,8,4.8,6.16,10.38,-28.46
2026-02-15 15:00:00,61,428.31,52,8.87,433.79,86.63,6,5.1,3.23,4.94,-5.48
2026-02-15 16:00:00,67,449.92,62,7.42,436.64,74.86,6,5.48,4.87,6.01,13.28
2026-02-15 17:00:00,67,520.05,58,8.75,494.6,81.3,6,6.14,6.0,6.4,25.45
2026-02-15 18:00:00,22,168.0,18,9.75,175.47,48.89,4,2.09,3.26,3.44,-7.47
2026-02-15 19:00:00,32,176.96,27,6.51,193.14,54.35,4,2.49,3.82,3.26,-16.18
2026-02-15 20:00:00,23,203.94,18,10.58,199.4,59.43,4,2.36,3.2,3.43,4.54
2026-02-15 21:00:00,25,169.87,22,8.0,172.0,50.51,4,3.93,4.87,3.36,-2.13
2026-02-15 22:00:00,30,218.99,26,8.7,200.76,51.76,4,3.4,5.35,4.23,18.23
2026-02-15 23:00:00,20,122.61,17,7.0,113.44,52.83,4,2.08,5.6,2.32,9.17
2026-02-16 00:00:00,13,101.89,10,9.62,94.9,28.25,2,2.45,4.94,3.61,6.99
2026-02-16 01:00:00,14,75.18,12,6.48,77.56,24.57,2,2.57,3.32,3.06,-2.38
2026-02-16 02:00:00,9,43.44,6,7.61,44.66,24.19,2,2.06,3.93,1.8,-1.22
2026-02-16 03:00:00,5,27.13,3,8.55,29.37,28.32,2,2.14,3.65,0.96,-2.24
2026-02-16 04:00:00,7,43.33,6,7.1,46.52,25.82,2,3.43,5.32,1.68,-3.19
2026-02-16 05:00:00,5,25.21,3,7.91,26.25,28.15,2,3.54,3.47,0.9,-1.04
2026-02-16 06:00:00,21,191.13,17,10.93,210.12,44.41,3,2.38,3.74,4.3,-18.99
2026-02-16 07:00:00,55,485.59,51,9.32,522.34,65.32,5,3.24,5.08,7.43,-36.75
2026-02-16 08:00:00,61,706.87,58,12.33,662.36,64.36,5,5.04,3.11,10.98,44.51
2026-02-16 09:00:00,49,433.2,40,10.74,418.34,61.94,5,2.63,3.11,6.99,14.86
2026-02-16 10:00:00,66,433.09,62,7.24,427.77,62.76,5,6.59,5.63,6.9,5.32
2026-02-16 11:00:00,111,1141.05,102,11.79,1093.58,101.16,7,4.98,6.41,11.28,47.47
2026-02-16 12:00:00,76,496.54,62,8.25,447.54,101.54,7,5.67,7.34,4.89,49.0
2026-02-16 13:00:00,76,618.81,74,8.21,645.09,92.98,7,3.6,7.41,6.66,-26.28
2026-02-16 14:00:00,79,724.04,70,10.83,793.31,102.05,7,3.87,5.99,7.09,-69.27
2026-02-16 15:00:00,39,382.89,38,9.73,408.82,39.48,3,2.7,4.34,9.7,-25.93
2026-02-16 16:00:00,35,335.83,32,9.81,362.27,42.22,3,3.41,5.48,7.95,-26.44
2026-02-16 17:00:00,46,402.3,40,10.19,434.84,69.41,5,3.63,5.47,5.8,-32.54
2026-02-16 18:00:00,10,50.77,7,7.58,47.26,28.46,2,3.48,5.32,1.78,3.51
2026-02-16 19:00:00,17,106.63,15,6.62,102.36,24.69,2,2.41,5.36,4.32,4.27
2026-02-16 20:00:00,12,67.02,10,6.6,67.26,28.28,2,3.38,3.6,2.37,-0.24
2026-02-16 21:00:00,9,68.96,7,10.31,70.76,27.45,2,3.36,5.31,2.51,-1.8
2026-02-16 22:00:00,9,56.45,6,9.19,57.72,25.34,2,3.72,4.25,2.23,-1.27
2026-02-16 23:00:00,5,30.32,3,10.83,32.74,26.98,2,3.12,4.25,1.12,-2.42
2026-02-17 00:00:00,6,43.92,5,8.33,44.9,24.24,2,2.4,4.73,1.81,-0.98
2026-02-17 01:00:00,5,34.67,4,8.12,32.35,26.22,2,3.18,5.57,1.32,2.32
2026-02-17 02:00:00,6,36.3,5,7.63,35.78,26.97,2,2.12,4.42,1.35,0.52
2026-02-17 03:00:00,5,24.99,3,8.99,23.69,29.24,2,3.48,4.17,0.85,1.3
2026-02-17 04:00:00,10,72.42,9,8.41,77.62,24.23,2,3.48,5.34,2.99,-5.2
2026-02-17 05:00:00,8,76.16,7,10.86,74.44,27.59,2,2.2,5.65,2.76,1.72
2026-02-17 06:00:00,16,130.63,15,9.32,124.57,28.63,2,2.87,4.88,4.56,6.06
2026-02-17 07:00:00,60,385.45,47,7.82,393.23,69.86,5,3.22,4.19,5.52,-7.78
2026-02-17 08:00:00,74,617.37,66,9.52,670.28,85.34,7,4.57,4.98,7.23,-52.91
2026-02-17 09:00:00,63,508.66,49,10.48,530.5,66.23,5,5.39,3.66,7.68,-21.84
2026-02-17 10:00:00,64,551.86,61,8.73,512.0,63.63,5,4.26,4.35,8.67,39.86
2026-02-17 11:00:00,87,745.11,66,11.39,758.71,84.96,7,5.2,5.44,8.77,-13.6
2026-02-17 12:00:00,79,758.01,64,12.08,823.78,93.86,7,4.05,4.48,8.08,-65.77
2026-02-17 13:00:00,78,708.16,66,11.23,640.62,87.49,7,5.93,6.36,8.09,67.54
2026-02-17 14:00:00,85,988.97,84,12.77,959.77,87.1,7,3.68,6.02,11.35,29.2
2026-02-17 15:00:00,36,225.55,30,7.21,237.76,42.78,3,3.8,3.29,5.27,-12.21
2026-02-17 16:00:00,42,305.59,39,7.38,308.57,60.21,5,3.94,4.48,5.08,-2.98
2026-02-17 17:00:00,55,383.46,48,8.42,374.51,63.83,5,3.6,4.26,6.01,8.95
2026-02-17 18:00:00,18,139.9,15,9.45,137.92,29.82,2,3.82,3.23,4.69,1.98
2026-02-17 19:00:00,17,159.31,15,9.99,149.38,28.21,2,3.12,5.86,5.65,9.93
2026-02-17 20:00:00,5,27.82,4,7.36,27.17,26.22,2,3.81,3.56,1.06,0.65
2026-02-17 21:00:00,5,27.27,4,6.4,24.57,26.95,2,3.83,3.15,1.01,2.7
2026-02-17 22:00:00,5,30.76,4,7.73,33.29,26.67,2,2.79,4.02,1.15,-2.53
2026-02-17 23:00:00,10,77.81,9,8.61,77.15,27.81,2,3.54,3.46,2.8,0.66
2026-02-18 00:00:00,10,54.29,7,8.33,55.17,28.52,2,2.41,5.14,1.9,-0.88
2026-02-18 01:00:00,5,31.8,3,10.65,29.55,27.75,2,2.88,5.61,1.15,2.25
2026-02-18 02:00:00,5,40.55,4,10.58,43.62,24.94,2,3.68,3.7,1.63,-3.07
2026-02-18 03:00:00,12,76.12,9,9.11,80.47,28.84,2,2.41,4.84,2.64,-4.35
2026-02-18 04:00:00,13,111.51,10,10.52,122.21,25.01,2,3.09,5.95,4.46,-10.7
2026-02-18 05:00:00,5,38.06,4,9.91,41.19,29.87,2,2.82,5.75,1.27,-3.13
2026-02-18 06:00:00,16,117.36,14,8.39,127.6,27.63,2,2.26,5.69,4.25,-10.24
2026-02-18 07:00:00,67,562.92,63,9.38,520.37,63.57,5,4.44,5.93,8.86,42.55
2026-02-18 08:00:00,75,660.94,72,9.88,608.01,100.7,7,3.83,7.12,6.56,52.93
2026-02-18 09:00:00,64,573.25,57,9.79,589.4,73.29,5,5.16,3.57,7.82,-16.15
2026-02-18 10:00:00,63,509.06,48,10.06,527.98,63.95,5,5.22,4.45,7.96,-18.92
2026-02-18 11:00:00,87,895.96,67,12.5,971.18,96.85,7,5.32,5.25,9.25,-75.22
2026-02-18 12:00:00,76,632.69,61,11.03,609.43,86.85,7,6.11,7.7,7.28,23.26
2026-02-18 13:00:00,86,648.78,83,8.39,665.15,99.16,7,3.19,5.17,6.54,-16.37
2026-02-18 14:00:00,76,550.37,68,8.59,529.26,90.71,7,4.96,5.42,6.07,21.11
2026-02-18 15:00:00,45,324.87,38,8.47,299.21,60.17,5,2.73,3.51,5.4,25.66
2026-02-18 16:00:00,44,248.38,37,6.68,233.94,74.7,5,3.17,5.4,3.33,14.44
2026-02-18 17:00:00,45,319.87,40,8.25,310.57,69.18,5,2.71,4.72,4.62,9.3
2026-02-18 18:00:00,21,162.6,16,10.95,166.64,40.94,3,3.06,4.94,3.97,-4.04
2026-02-18 19:00:00,11,60.84,10,6.31,59.4,26.47,2,2.8,5.06,2.3,1.44
2026-02-18 20:00:00,5,37.69,4,9.37,38.93,27.77,2,2.97,4.14,1.36,-1.24
2026-02-18 21:00:00,12,71.08,11,6.35,74.35,29.35,2,3.68,5.15,2.42,-3.27
2026-02-18 22:00:00,5,39.11,4,9.12,38.54,27.45,2,3.85,3.73,1.42,0.57
2026-02-18 23:00:00,10,70.43,9,8.48,76.6,24.05,2,3.16,5.81,2.93,-6.17
2026-02-19 00:00:00,10,68.08,8,9.11,64.65,25.83,2,3.03,3.94,2.64,3.43
2026-02-19 01:00:00,5,23.71,4,6.44,21.94,28.78,2,3.93,4.17,0.82,1.77
2026-02-19 02:00:00,5,25.26,3,8.01,26.12,28.89,2,3.52,4.8,0.87,-0.86
2026-02-19 03:00:00,5,42.42,4,10.15,45.51,25.45,2,2.97,3.62,1.67,-3.09
2026-02-19 04:00:00,10,46.69,8,6.07,49.95,28.76,2,2.04,4.93,1.62,-3.26
2026-02-19 05:00:00,10,83.46,9,8.94,88.58,29.97,2,2.81,3.11,2.78,-5.12
2026-02-19 06:00:00,22,145.0,21,6.41,147.7,44.04,3,2.89,4.99,3.29,-2.7
2026-02-19 07:00:00,59,508.0,44,11.24,467.48,68.38,5,3.69,3.1,7.43,40.52
2026-02-19 08:00:00,66,575.96,65,8.88,533.0,63.12,5,6.26,3.84,9.12,42.96
2026-02-19 09:00:00,62,622.11,59,10.04,579.84,69.86,5,4.36,5.79,8.91,42.27
2026-02-19 10:00:00,62,514.8,47,10.82,529.17,73.12,5,5.38,4.11,7.04,-14.37
2026-02-19 11:00:00,79,700.23,67,10.29,688.15,103.26,7,4.0,6.56,6.78,12.08
2026-02-19 12:00:00,83,682.86,68,9.53,637.58,84.09,7,4.97,6.01,8.12,45.28
2026-02-19 13:00:00,81,733.0,68,10.37,784.56,104.55,7,5.71,7.53,7.01,-51.56
2026-02-19 14:00:00,84,945.19,77,12.28,871.99,103.5,7,4.79,6.55,9.13,73.2
2026-02-19 15:00:00,39,367.85,38,9.52,341.65,39.76,3,2.06,5.88,9.25,26.2
2026-02-19 16:00:00,34,264.39,28,10.18,268.78,39.37,3,3.95,3.76,6.72,-4.39
2026-02-19 17:00:00,42,238.66,35,7.26,220.63,68.29,5,2.17,5.79,3.49,18.03
2026-02-19 18:00:00,11,68.23,10,7.04,67.31,26.05,2,3.66,4.72,2.62,0.92
2026-02-19 19:00:00,21,127.15,18,7.34,129.04,40.49,3,3.55,5.88,3.14,-1.89
2026-02-19 20:00:00,11,97.19,10,10.33,90.13,25.34,2,3.97,5.3,3.84,7.06
2026-02-19 21:00:00,9,70.26,7,10.84,69.61,27.45,2,3.65,4.63,2.56,0.65
2026-02-19 22:00:00,5,35.19,4,8.78,33.72,25.46,2,2.87,5.3,1.38,1.47
2026-02-19 23:00:00,5,29.72,3,10.4,31.28,25.69,2,2.48,3.06,1.16,-1.56
2026-02-20 00:00:00,10,81.79,8,10.86,79.36,28.7,2,3.68,3.23,2.85,2.43
2026-02-20 01:00:00,10,54.0,9,6.4,49.41,27.43,2,2.4,5.62,1.97,4.59
2026-02-20 02:00:00,7,48.91,6,8.59,51.8,25.44,2,2.37,5.19,1.92,-2.89
2026-02-20 03:00:00,12,97.79,10,9.09,96.93,26.53,2,3.17,5.85,3.69,0.86
2026-02-20 04:00:00,5,28.03,4,7.3,29.09,29.51,2,3.01,5.52,0.95,-1.06
2026-02-20 05:00:00,12,76.63,11,7.41,83.85,25.41,2,3.89,5.85,3.02,-7.22
2026-02-20 06:00:00,15,138.42,13,9.97,140.75,28.0,2,2.89,5.87,4.94,-2.33
2026-02-20 07:00:00,66,457.53,51,8.55,429.2,73.01,5,5.79,5.3,6.27,28.33
2026-02-20 08:00:00,56,390.72,43,9.51,426.69,66.4,5,2.7,4.45,5.88,-35.97
2026-02-20 09:00:00,67,683.86,64,10.8,630.17,61.69,5,4.17,4.72,11.09,53.69
2026-02-20 10:00:00,66,380.72,58,6.27,390.2,74.68,5,6.27,5.24,5.1,-9.48
2026-02-20 11:00:00,84,852.71,66,12.48,936.55,99.52,7,6.2,5.44,8.57,-83.84
2026-02-20 12:00:00,76,683.69,70,9.52,621.76,85.98,7,5.34,5.71,7.95,61.93
2026-02-20 13:00:00,77,804.37,74,10.54,768.7,95.9,7,3.99,5.6,8.39,35.67
2026-02-20 14:00:00,83,791.27,68,11.08,810.41,102.31,7,5.07,6.75,7.73,-19.14
2026-02-20 15:00:00,37,317.2,34,8.66,318.1,42.46,3,2.71,5.42,7.47,-0.9
2026-02-20 16:00:00,45,262.56,41,6.62,258.87,65.49,5,2.5,4.12,4.01,3.69
2026-02-20 17:00:00,37,187.4,29,6.1,175.05,43.78,3,3.39,5.65,4.28,12.35
2026-02-20 18:00:00,22,119.41,19,6.42,118.7,39.61,3,2.68,5.44,3.01,0.71
2026-02-20 19:00:00,7,51.34,6,8.56,55.48,28.83,2,3.55,5.45,1.78,-4.14
2026-02-20 20:00:00,5,28.51,4,7.6,30.4,27.47,2,3.53,5.38,1.04,-1.89
2026-02-20 21:00:00,11,93.54,10,9.84,91.38,28.16,2,3.05,4.89,3.32,2.16
2026-02-20 22:00:00,11,51.22,8,6.08,52.35,25.88,2,3.77,5.08,1.98,-1.13
2026-02-20 23:00:00,5,28.76,4,7.23,28.24,29.43,2,2.75,4.15,0.98,0.52
2026-02-21 00:00:00,31,186.73,25,7.25,177.99,50.18,4,2.97,4.28,3.72,8.74
2026-02-21 01:00:00,23,200.9,21,9.29,191.36,48.69,4,2.9,3.63,4.13,9.54
2026-02-21 02:00:00,33,230.09,26,8.91,217.02,59.05,4,3.08,4.56,3.9,13.07
2026-02-21 03:00:00,31,211.5,30,6.94,220.13,58.15,4,3.4,3.51,3.64,-8.63
2026-02-21 04:00:00,28,246.84,23,10.9,233.92,49.04,4,3.93,5.88,5.03,12.92
2026-02-21 05:00:00,30,236.61,28,8.49,248.6,51.28,4,2.77,5.39,4.61,-11.99
2026-02-21 06:00:00,37,277.37,32,8.65,280.26,55.48,4,2.89,5.28,5.0,-2.89
2026-02-21 07:00:00,79,516.03,71,7.59,487.99,110.53,8,6.39,6.21,4.67,28.04
2026-02-21 08:00:00,81,567.34,74,8.26,570.83,118.49,8,5.52,6.86,4.79,-3.49
2026-02-21 09:00:00,81,764.71,73,11.22,701.42,115.01,8,5.5,7.07,6.65,63.29
2026-02-21 10:00:00,79,638.01,66,9.87,625.52,104.9,8,5.58,4.23,6.08,12.49
2026-02-21 11:00:00,100,946.04,97,9.99,966.51,109.44,8,4.5,6.07,8.64,-20.47
2026-02-21 12:00:00,104,1037.72,97,11.12,1054.7,100.02,8,4.88,6.55,10.38,-16.98
2026-02-21 13:00:00,99,603.14,75,8.67,625.6,114.44,8,4.43,7.65,5.27,-22.46
2026-02-21 14:00:00,104,955.08,102,9.56,977.62,107.54,8,6.58,4.69,8.88,-22.54
2026-02-21 15:00:00,55,351.1,53,6.56,360.15,80.96,6,3.93,5.49,4.34,-9.05
2026-02-21 16:00:00,62,480.78,58,8.44,451.54,81.51,6,5.62,5.72,5.9,29.24
2026-02-21 17:00:00,59,422.77,55,8.33,418.69,76.16,6,3.08,3.4,5.55,4.08
2026-02-21 18:00:00,39,341.71,34,9.4,318.5,56.65,4,2.45,5.19,6.03,23.21
2026-02-21 19:00:00,31,220.47,30,7.68,207.42,49.56,4,3.87,5.75,4.45,13.05
2026-02-21 20:00:00,30,143.66,23,6.69,153.54,52.88,4,3.85,5.04,2.72,-9.88
2026-02-21 21:00:00,21,148.34,20,7.1,157.07,52.41,4,2.16,3.35,2.83,-8.73
2026-02-21 22:00:00,28,208.79,26,8.35,224.78,58.68,4,2.42,3.24,3.56,-15.99
2026-02-21 23:00:00,32,263.55,31,8.19,251.02,49.52,4,2.25,5.66,5.32,12.53
2026-02-22 00:00:00,33,279.87,29,9.06,299.81,50.73,4,2.56,3.2,5.52,-19.94
2026-02-22 01:00:00,30,192.61,26,7.14,196.66,48.5,4,2.21,4.68,3.97,-4.05
2026-02-22 02:00:00,24,169.34,23,6.84,157.03,49.86,4,2.85,5.21,3.4,12.31
2026-02-22 03:00:00,30,259.96,26,9.84,236.84,54.47,4,2.72,3.44,4.77,23.12
2026-02-22 04:00:00,31,244.2,26,9.86,249.75,52.52,4,2.07,5.56,4.65,-5.55
2026-02-22 05:00:00,30,230.18,23,10.67,225.59,52.14,4,2.15,3.2,4.41,4.59
2026-02-22 06:00:00,49,372.27,37,9.96,369.43,86.14,6,2.74,3.56,4.32,2.84
2026-02-22 07:00:00,80,680.46,61,11.32,642.16,97.02,8,6.09,6.51,7.01,38.3
2026-02-22 08:00:00,83,760.61,70,10.2,687.73,98.75,8,6.13,4.47,7.7,72.88
2026-02-22 09:00:00,83,772.1,81,9.54,761.72,106.77,8,5.38,7.45,7.23,10.38
2026-02-22 10:00:00,77,443.4,57,7.74,435.89,115.87,8,4.54,5.8,3.83,7.51
2026-02-22 11:00:00,99,880.59,88,9.31,815.74,105.78,8,5.78,4.28,8.32,64.85
2026-02-22 12:00:00,102,658.99,78,8.37,698.29,96.32,8,4.56,5.87,6.84,-39.3
2026-02-22 13:00:00,105,855.76,91,9.16,829.23,106.49,8,4.75,7.66,8.04,26.53
2026-02-22 14:00:00,98,749.5,75,10.12,695.71,110.36,8,5.77,7.2,6.79,53.79
2026-02-22 15:00:00,57,495.46,46,10.17,450.68,77.5,6,2.8,5.89,6.39,44.78
2026-02-22 16:00:00,57,498.5,51,9.78,526.5,72.07,6,2.15,4.86,6.92,-28.0
2026-02-22 17:00:00,63,345.55,51,6.72,320.43,75.46,6,5.23,5.0,4.58,25.12
2026-02-22 18:00:00,20,150.06,16,9.07,148.84,58.72,4,2.28,4.51,2.56,1.22
2026-02-22 19:00:00,22,216.88,20,10.61,211.6,54.52,4,2.1,4.75,3.98,5.28
2026-02-22 20:00:00,34,344.6,31,10.7,311.4,58.59,4,3.79,3.39,5.88,33.2
2026-02-22 21:00:00,26,205.13,25,8.0,200.52,54.48,4,2.9,4.36,3.77,4.61
2026-02-22 22:00:00,29,201.78,28,6.69,183.35,57.03,4,2.16,5.54,3.54,18.43
2026-02-22 23:00:00,23,149.76,20,7.64,153.51,51.47,4,3.13,5.57,2.91,-3.75
2026-02-23 00:00:00,5,30.99,4,8.18,33.43,24.44,2,3.58,5.1,1.27,-2.44
2026-02-23 01:00:00,5,32.03,4,7.7,30.82,27.67,2,2.93,5.01,1.16,1.21
2026-02-23 02:00:00,5,33.27,4,8.01,31.9,27.1,2,3.54,4.95,1.23,1.37
2026-02-23 03:00:00,13,123.2,12,9.72,123.98,25.34,2,3.05,4.64,4.86,-0.78
2026-02-23 04:00:00,10,72.92,9,8.16,67.51,24.17,2,3.1,4.83,3.02,5.41
2026-02-23 05:00:00,5,39.45,4,10.33,37.04,27.96,2,2.27,4.64,1.41,2.41
2026-02-23 06:00:00,22,149.33,19,7.96,144.03,39.83,3,3.31,3.42,3.75,5.3
2026-02-23 07:00:00,63,447.57,55,7.7,492.3,73.25,5,5.38,5.49,6.11,-44.73
2026-02-23 08:00:00,59,557.44,55,10.01,525.73,67.94,5,3.29,3.86,8.2,31.71
2026-02-23 09:00:00,55,539.43,49,11.9,570.87,60.75,5,2.18,4.48,8.88,-31.44
2026-02-23 10:00:00,56,363.46,50,7.16,351.31,72.79,5,3.62,4.48,4.99,12.15
2026-02-23 11:00:00,85,778.65,81,9.66,798.36,99.63,7,5.62,6.62,7.82,-19.71
2026-02-23 12:00:00,83,812.46,80,10.65,835.18,103.95,7,5.93,7.02,7.82,-22.72
2026-02-23 13:00:00,80,780.72,79,10.58,785.33,97.05,7,5.08,5.71,8.04,-4.61
2026-02-23 14:00:00,85,1017.34,82,12.36,1028.52,100.64,7,4.9,5.79,10.11,-11.18
2026-02-23 15:00:00,39,272.84,31,9.36,280.13,37.79,3,3.31,3.03,7.22,-7.29
2026-02-23 16:00:00,34,266.69,29,9.18,261.01,38.16,3,2.32,4.86,6.99,5.68
2026-02-23 17:00:00,35,246.52,28,8.79,236.58,41.55,3,2.21,5.4,5.93,9.94
2026-02-23 18:00:00,18,140.62,17,7.7,132.69,27.99,2,3.6,3.02,5.02,7.93
2026-02-23 19:00:00,12,110.46,10,10.85,101.52,27.9,2,3.14,4.82,3.96,8.94
2026-02-23 20:00:00,5,28.08,4,6.92,28.24,24.6,2,3.83,3.23,1.14,-0.16
2026-02-23 21:00:00,9,70.89,7,10.74,64.75,27.5,2,2.16,4.0,2.58,6.14
2026-02-23 22:00:00,5,19.08,3,6.52,17.74,29.18,2,2.2,3.14,0.65,1.34
2026-02-23 23:00:00,9,65.98,8,8.09,68.93,25.22,2,3.78,4.89,2.62,-2.95
2026-02-24 00:00:00,12,68.18,11,6.47,72.18,27.6,2,3.28,5.2,2.47,-4.0
2026-02-24 01:00:00,7,55.38,6,9.8,55.15,28.82,2,2.84,5.9,1.92,0.23
2026-02-24 02:00:00,12,118.27,11,10.45,108.33,26.31,2,2.13,4.92,4.5,9.94
2026-02-24 03:00:00,5,26.34,4,6.23,24.69,26.64,2,2.59,4.45,0.99,1.65
2026-02-24 04:00:00,14,93.95,11,8.12,99.28,26.63,2,3.23,5.83,3.53,-5.33
2026-02-24 05:00:00,10,46.48,7,6.7,45.17,29.65,2,2.4,4.71,1.57,1.31
2026-02-24 06:00:00,21,138.03,17,8.05,148.35,36.15,3,2.48,5.4,3.82,-10.32
2026-02-24 07:00:00,58,392.4,51,7.93,382.81,67.63,5,2.37,3.36,5.8,9.59
2026-02-24 08:00:00,58,596.6,48,12.1,635.32,63.63,5,2.25,4.87,9.38,-38.72
2026-02-24 09:00:00,56,466.72,49,10.01,461.9,68.6,5,2.88,4.25,6.8,4.82
2026-02-24 10:00:00,62,511.23,49,9.71,465.71,60.49,5,3.95,3.35,8.45,45.52
2026-02-24 11:00:00,80,594.16,70,9.14,627.05,87.33,7,5.0,6.1,6.8,-32.89
2026-02-24 12:00:00,83,712.42,72,9.76,718.65,86.05,7,5.92,6.8,8.28,-6.23
2026-02-24 13:00:00,85,955.64,77,11.75,883.61,98.45,7,4.5,5.02,9.71,72.03
2026-02-24 14:00:00,79,618.41,62,9.32,646.41,97.64,7,5.96,6.55,6.33,-28.0
2026-02-24 15:00:00,45,286.7,37,7.3,307.49,61.66,5,3.28,4.9,4.65,-20.79
2026-02-24 16:00:00,45,357.32,35,9.9,360.12,67.64,5,2.73,3.55,5.28,-2.8
2026-02-24 17:00:00,38,235.66,35,6.29,229.33,43.25,3,3.19,3.07,5.45,6.33
2026-02-24 18:00:00,12,72.48,10,7.42,78.56,28.85,2,3.93,4.85,2.51,-6.08
2026-02-24 19:00:00,14,77.2,11,7.16,76.98,27.72,2,3.37,3.14,2.78,0.22
2026-02-24 20:00:00,5,41.61,4,10.35,45.1,24.39,2,3.24,5.5,1.71,-3.49
2026-02-24 21:00:00,5,29.7,3,9.99,30.5,28.22,2,2.46,5.23,1.05,-0.8
2026-02-24 22:00:00,8,49.61,7,7.01,47.65,26.41,2,3.53,5.2,1.88,1.96
2026-02-24 23:00:00,5,27.83,4,6.73,30.32,28.2,2,3.5,4.96,0.99,-2.49
2026-02-25 00:00:00,8,64.61,6,10.02,62.0,24.09,2,3.93,5.63,2.68,2.61
2026-02-25 01:00:00,8,44.04,6,7.5,40.26,24.53,2,2.28,3.17,1.8,3.78
2026-02-25 02:00:00,13,76.6,9,8.98,72.46,28.21,2,2.02,3.86,2.72,4.14
2026-02-25 03:00:00,7,57.01,6,9.42,60.43,25.77,2,2.6,5.07,2.21,-3.42
2026-02-25 04:00:00,8,56.67,7,7.92,54.92,25.11,2,3.53,4.63,2.26,1.75
2026-02-25 05:00:00,13,108.13,10,10.97,104.82,25.54,2,2.17,3.18,4.23,3.31
2026-02-25 06:00:00,10,59.26,7,8.72,64.53,27.8,2,3.47,3.22,2.13,-5.27
2026-02-25 07:00:00,64,514.41,58,9.57,541.73,62.7,5,4.07,3.61,8.2,-27.32
2026-02-25 08:00:00,61,582.92,53,11.67,587.42,74.72,5,4.62,3.2,7.8,-4.5
2026-02-25 09:00:00,80,729.65,73,10.23,797.68,87.99,7,4.85,5.07,8.29,-68.03
2026-02-25 10:00:00,60,598.76,59,10.88,625.85,72.51,5,3.39,3.02,8.26,-27.09
2026-02-25 11:00:00,85,579.83,65,9.61,537.89,95.18,7,5.59,6.12,6.09,41.94
2026-02-25 12:00:00,81,789.93,62,11.98,759.56,87.25,7,5.96,6.88,9.05,30.37
2026-02-25 13:00:00,82,661.11,65,10.85,718.85,103.66,7,4.82,6.9,6.38,-57.74
2026-02-25 14:00:00,78,824.87,73,11.84,823.3,84.59,7,4.39,6.67,9.75,1.57
2026-02-25 15:00:00,45,361.19,35,9.71,346.91,66.2,5,2.05,5.56,5.46,14.28
2026-02-25 16:00:00,38,377.82,35,10.52,384.15,38.33,3,2.22,3.06,9.86,-6.33
2026-02-25 17:00:00,44,299.14,41,7.41,281.3,66.98,5,3.07,4.01,4.47,17.84
2026-02-25 18:00:00,12,90.97,11,8.57,87.36,27.46,2,3.54,5.35,3.31,3.61
2026-02-25 19:00:00,6,47.09,5,8.89,46.18,29.36,2,3.84,4.15,1.6,0.91
2026-02-25 20:00:00,9,67.43,8,8.48,68.16,28.0,2,2.44,3.57,2.41,-0.73
2026-02-25 21:00:00,5,33.56,4,8.28,30.32,24.52,2,3.13,3.17,1.37,3.24
2026-02-25 22:00:00,12,117.22,11,10.65,109.59,24.98,2,3.46,4.93,4.69,7.63
2026-02-25 23:00:00,5,23.73,4,6.0,25.16,27.14,2,3.75,4.42,0.87,-1.43
2026-02-26 00:00:00,8,54.63,7,8.41,53.17,24.26,2,3.69,4.79,2.25,1.46
2026-02-26 01:00:00,8,53.63,7,7.21,50.84,26.95,2,3.76,5.89,1.99,2.79
2026-02-26 02:00:00,5,40.86,4,10.68,44.86,27.2,2,3.86,5.78,1.5,-4.0
2026-02-26 03:00:00,12,76.24,9,8.31,71.27,25.52,2,2.5,4.94,2.99,4.97
2026-02-26 04:00:00,12,52.31,9,6.28,53.34,27.45,2,2.89,3.39,1.91,-1.03
2026-02-26 05:00:00,5,26.12,4,6.65,23.67,24.29,2,3.54,5.57,1.08,2.45
2026-02-26 06:00:00,14,106.01,13,8.04,98.35,25.78,2,3.69,5.49,4.11,7.66
2026-02-26 07:00:00,66,446.13,50,8.81,419.72,74.55,5,5.85,5.09,5.98,26.41
2026-02-26 08:00:00,58,647.77,57,11.24,630.94,70.27,5,3.06,3.29,9.22,16.83
2026-02-26 09:00:00,59,478.99,53,9.06,481.24,65.89,5,3.0,5.4,7.27,-2.25
2026-02-26 10:00:00,66,352.79,61,6.1,335.88,73.6,5,4.6,5.07,4.79,16.91
2026-02-26 11:00:00,77,784.38,67,11.67,723.84,93.37,7,6.38,7.01,8.4,60.54
2026-02-26 12:00:00,76,691.75,65,10.28,628.99,90.01,7,5.91,4.7,7.69,62.76
2026-02-26 13:00:00,76,734.85,72,9.91,765.91,87.48,7,4.56,5.93,8.4,-31.06
2026-02-26 14:00:00,107,837.48,100,8.81,810.1,91.6,7,5.92,6.58,9.14,27.38
2026-02-26 15:00:00,39,275.44,34,7.7,259.01,38.97,3,2.16,5.74,7.07,16.43
2026-02-26 16:00:00,43,248.39,33,7.09,223.82,64.56,5,2.83,4.97,3.85,24.57
2026-02-26 17:00:00,47,273.5,41,6.68,289.14,68.54,5,2.89,3.82,3.99,-15.64
2026-02-26 18:00:00,17,124.52,14,9.47,117.85,27.12,2,2.14,3.95,4.59,6.67
2026-02-26 19:00:00,22,198.09,19,10.72,190.1,42.29,3,2.67,5.87,4.68,7.99
2026-02-26 20:00:00,11,67.71,9,7.41,73.5,24.4,2,2.74,4.15,2.78,-5.79
2026-02-26 21:00:00,7,41.56,6,6.83,45.52,29.54,2,2.11,3.18,1.41,-3.96
2026-02-26 22:00:00,9,62.22,8,7.58,63.88,29.7,2,3.09,3.45,2.09,-1.66
2026-02-26 23:00:00,9,36.1,6,6.4,38.63,26.71,2,3.46,4.19,1.35,-2.53
2026-02-27 00:00:00,5,37.3,4,9.44,39.36,29.57,2,2.21,3.07,1.26,-2.06
2026-02-27 01:00:00,13,68.49,10,6.46,68.83,26.27,2,3.17,3.02,2.61,-0.34
2026-02-27 02:00:00,10,77.34,8,9.01,79.46,25.34,2,2.67,5.2,3.05,-2.12
2026-02-27 03:00:00,5,37.09,4,9.06,37.21,24.78,2,3.13,3.88,1.5,-0.12
2026-02-27 04:00:00,10,68.97,7,9.86,72.75,27.76,2,2.64,5.45,2.48,-3.78
2026-02-27 05:00:00,5,19.75,3,6.16,18.53,24.83,2,2.34,3.16,0.8,1.22
2026-02-27 06:00:00,14,86.55,13,6.32,81.92,27.5,2,3.85,5.96,3.15,4.63
2026-02-27 07:00:00,61,546.92,51,9.96,511.74,60.07,5,3.34,3.59,9.1,35.18
2026-02-27 08:00:00,67,615.43,54,10.59,577.1,64.65,5,5.09,5.24,9.52,38.33
2026-02-27 09:00:00,61,591.35,58,9.9,568.13,65.15,5,5.3,3.05,9.08,23.22
2026-02-27 10:00:00,49,353.03,41,8.01,370.7,65.7,5,2.41,5.1,5.37,-17.67
2026-02-27 11:00:00,82,1016.46,80,12.86,989.71,96.75,7,3.78,7.32,10.51,26.75
2026-02-27 12:00:00,83,714.62,77,9.52,728.42,92.42,7,4.88,6.67,7.73,-13.8
2026-02-27 13:00:00,75,585.86,57,10.65,625.61,93.44,7,3.8,4.82,6.27,-39.75
2026-02-27 14:00:00,87,1041.4,84,12.16,976.74,102.12,7,5.75,6.84,10.2,64.66
2026-02-27 15:00:00,46,406.72,44,8.59,385.33,71.52,5,3.54,3.99,5.69,21.39
2026-02-27 16:00:00,37,290.45,33,9.48,262.76,43.88,3,3.39,3.15,6.62,27.69
2026-02-27 17:00:00,36,345.9,35,9.72,319.52,44.79,3,2.43,5.59,7.72,26.38
2026-02-27 18:00:00,19,117.42,14,8.64,121.12,24.74,2,2.36,3.4,4.75,-3.7
2026-02-27 19:00:00,22,158.61,19,8.17,156.51,44.61,3,3.07,3.54,3.56,2.1
2026-02-27 20:00:00,6,46.45,5,9.01,44.86,28.16,2,2.93,4.84,1.65,1.59
2026-02-27 21:00:00,5,29.87,4,7.15,30.27,26.21,2,3.42,5.98,1.14,-0.4
2026-02-27 22:00:00,5,34.18,4,8.81,32.61,25.94,2,2.58,3.39,1.32,1.57
2026-02-27 23:00:00,8,51.84,7,7.05,53.86,27.38,2,2.24,3.93,1.89,-2.02
2026-02-28 00:00:00,27,225.55,22,10.47,210.51,51.63,4,3.91,5.48,4.37,15.04
2026-02-28 01:00:00,22,191.16,19,10.45,204.88,52.86,4,3.36,5.4,3.62,-13.72
2026-02-28 02:00:00,30,229.14,25,8.51,217.95,52.34,4,3.35,5.74,4.38,11.19
2026-02-28 03:00:00,27,227.82,22,10.11,215.16,59.94,4,2.29,3.37,3.8,12.66
2026-02-28 04:00:00,30,226.68,28,7.52,215.58,59.8,4,3.46,4.3,3.79,11.1
2026-02-28 05:00:00,31,189.53,29,6.43,178.97,51.99,4,2.52,5.78,3.65,10.56
2026-02-28 06:00:00,40,277.69,30,8.98,250.84,89.49,6,2.83,4.86,3.1,26.85
2026-02-28 07:00:00,78,722.76,72,9.64,675.8,113.69,8,4.67,4.93,6.36,46.96
2026-02-28 08:00:00,82,779.33,74,10.22,855.13,100.82,8,5.8,4.57,7.73,-75.8
2026-02-28 09:00:00,80,546.3,64,8.78,581.5,105.24,8,5.26,4.63,5.19,-35.2
2026-02-28 10:00:00,79,519.78,68,7.32,504.32,115.05,8,5.3,6.22,4.52,15.46
2026-02-28 11:00:00,103,922.13,95,10.4,931.71,97.26,8,4.01,5.31,9.48,-9.58
2026-02-28 12:00:00,96,842.6,74,10.94,918.96,99.26,8,5.34,5.43,8.49,-76.36
2026-02-28 13:00:00,100,1124.3,84,13.0,1228.85,102.05,8,4.38,5.97,11.02,-104.55
2026-02-28 14:00:00,107,754.22,88,8.42,688.52,110.96,8,4.98,5.99,6.8,65.7
2026-02-28 15:00:00,64,390.87,48,8.15,365.39,84.39,6,6.05,5.86,4.63,25.48
2026-02-28 16:00:00,58,335.06,47,6.8,365.18,86.22,6,2.16,3.7,3.89,-30.12
2026-02-28 17:00:00,83,608.69,72,8.26,584.62,97.69,8,3.5,6.35,6.23,24.07
2026-02-28 18:00:00,38,312.14,37,8.94,313.2,50.71,4,3.08,5.28,6.16,-1.06
2026-02-28 19:00:00,39,292.5,32,9.76,309.78,53.29,4,2.84,4.46,5.49,-17.28
2026-02-28 20:00:00,30,281.48,26,10.15,263.99,50.96,4,3.99,4.56,5.52,17.49
2026-02-28 21:00:00,22,176.23,21,7.88,177.79,51.2,4,2.31,3.51,3.44,-1.56
2026-02-28 22:00:00,23,148.3,19,7.63,135.38,53.29,4,2.06,3.24,2.78,12.92
2026-02-28 23:00:00,26,205.42,25,8.19,184.95,48.65,4,3.81,4.86,4.22,20.47
2026-03-01 00:00:00,32,216.4,29,7.49,232.35,55.02,4,2.52,4.4,3.93,-15.95
2026-03-01 01:00:00,25,205.72,24,9.3,212.36,48.39,4,2.51,5.93,4.25,-6.64
2026-03-01 02:00:00,32,259.51,28,8.99,247.39,55.48,4,2.42,4.42,4.68,12.12
2026-03-01 03:00:00,22,171.04,17,10.36,187.61,48.76,4,3.78,4.33,3.51,-16.57
2026-03-01 04:00:00,28,252.39,26,9.26,246.73,53.76,4,3.36,5.78,4.69,5.66
2026-03-01 05:00:00,26,144.63,22,6.61,144.68,51.06,4,3.73,5.91,2.83,-0.05
2026-03-01 06:00:00,31,257.51,23,10.47,267.3,53.77,4,2.36,3.69,4.79,-9.79
2026-03-01 07:00:00,85,719.74,79,9.11,768.14,101.6,8,3.73,7.07,7.08,-48.4
2026-03-01 08:00:00,83,640.18,76,8.88,629.41,103.45,8,6.34,6.59,6.19,10.77
2026-03-01 09:00:00,79,630.24,73,8.4,621.3,118.68,8,6.32,7.02,5.31,8.94
2026-03-01 10:00:00,84,689.39,72,10.22,654.09,99.62,8,4.44,4.43,6.92,35.3
2026-03-01 11:00:00,102,1165.77,98,12.13,1101.48,107.96,8,5.81,5.74,10.8,64.29
2026-03-01 12:00:00,99,904.81,82,10.62,858.04,98.99,8,6.34,4.99,9.14,46.77
2026-03-01 13:00:00,98,921.16,76,12.11,865.13,115.37,8,4.41,7.27,7.98,56.03
2026-03-01 14:00:00,103,1257.77,102,12.94,1231.99,109.35,8,5.29,6.07,11.5,25.78
2026-03-01 15:00:00,55,322.18,50,6.99,291.06,77.67,6,3.75,5.83,4.15,31.12
2026-03-01 16:00:00,56,427.82,45,9.81,396.1,77.9,6,3.71,4.34,5.49,31.72
2026-03-01 17:00:00,48,358.13,42,9.23,365.17,89.29,6,2.95,4.14,4.01,-7.04
2026-03-01 18:00:00,36,287.55,27,10.15,309.48,52.7,4,3.1,5.26,5.46,-21.93
2026-03-01 19:00:00,35,304.5,32,9.56,306.01,48.68,4,2.32,3.56,6.26,-1.51
2026-03-01 20:00:00,27,227.75,21,10.51,241.85,49.06,4,3.31,3.78,4.64,-14.1
2026-03-01 21:00:00,22,110.24,16,7.07,110.05,49.49,4,2.22,3.85,2.23,0.19
2026-03-01 22:00:00,35,279.58,34,8.78,256.56,48.96,4,2.29,3.48,5.71,23.02
2026-03-01 23:00:00,22,189.81,18,10.63,201.38,53.86,4,2.79,5.28,3.52,-11.57
2026-03-02 00:00:00,7,57.64,6,9.23,56.42,25.33,2,3.9,4.65,2.28,1.22
2026-03-02 01:00:00,8,59.87,6,9.8,59.64,29.89,2,3.44,4.37,2.0,0.23
2026-03-02 02:00:00,14,117.8,13,9.47,114.29,26.26,2,2.95,3.78,4.49,3.51
2026-03-02 03:00:00,5,29.96,4,8.14,29.16,29.04,2,3.04,4.09,1.03,0.8
2026-03-02 04:00:00,14,99.88,10,9.44,91.01,29.54,2,3.24,5.91,3.38,8.87
2026-03-02 05:00:00,14,103.67,13,8.66,108.73,25.11,2,3.23,5.52,4.13,-5.06
2026-03-02 06:00:00,21,174.62,19,9.31,190.97,42.68,3,2.22,3.56,4.09,-16.35
2026-03-02 07:00:00,55,455.87,43,11.42,414.48,64.49,5,2.84,4.72,7.07,41.39
2026-03-02 08:00:00,64,473.28,56,8.49,505.48,69.56,5,5.92,3.06,6.8,-32.2
2026-03-02 09:00:00,58,363.75,46,8.3,363.26,61.77,5,2.38,4.56,5.89,0.49
2026-03-02 10:00:00,65,551.21,54,9.91,544.12,63.28,5,3.23,4.45,8.71,7.09
2026-03-02 11:00:00,78,597.59,71,8.77,644.91,88.21,7,6.25,4.09,6.77,-47.32
2026-03-02 12:00:00,76,578.69,66,8.53,596.71,91.35,7,4.7,6.93,6.33,-18.02
2026-03-02 13:00:00,75,587.6,64,9.87,540.1,85.47,7,5.13,6.53,6.87,47.5
2026-03-02 14:00:00,77,862.22,68,12.41,780.96,88.17,7,3.36,6.16,9.78,81.26
2026-03-02 15:00:00,47,319.96,37,8.98,317.8,70.11,5,3.08,3.3,4.56,2.16
2026-03-02 16:00:00,44,425.91,43,10.03,434.59,74.53,5,3.08,3.41,5.71,-8.68
2026-03-02 17:00:00,41,280.21,40,6.58,298.17,73.26,5,3.63,3.89,3.82,-17.96
2026-03-02 18:00:00,19,127.53,15,8.31,124.43,29.9,2,2.06,5.21,4.27,3.1
2026-03-02 19:00:00,22,123.24,17,6.82,121.17,41.2,3,2.11,5.98,2.99,2.07
2026-03-02 20:00:00,5,26.61,3,9.1,24.06,29.71,2,2.23,4.31,0.9,2.55
2026-03-02 21:00:00,12,108.83,11,9.87,111.59,24.62,2,2.46,4.54,4.42,-2.76
2026-03-02 22:00:00,6,23.46,4,6.15,22.87,28.18,2,3.18,4.58,0.83,0.59
2026-03-02 23:00:00,9,76.56,8,9.57,83.0,25.52,2,3.64,3.7,3.0,-6.44
2026-03-03 00:00:00,5,31.48,4,7.38,32.17,27.8,2,3.32,5.38,1.13,-0.69
2026-03-03 01:00:00,8,41.66,6,6.93,38.5,28.79,2,2.43,3.06,1.45,3.16
2026-03-03 02:00:00,5,34.66,4,8.33,37.81,25.66,2,3.81,4.57,1.35,-3.15
2026-03-03 03:00:00,9,73.31,8,9.68,67.55,27.9,2,3.21,4.76,2.63,5.76
2026-03-03 04:00:00,11,96.71,10,9.99,90.85,29.43,2,3.03,3.47,3.29,5.86
2026-03-03 05:00:00,6,35.13,4,8.15,35.99,24.6,2,3.68,4.06,1.43,-0.86
2026-03-03 06:00:00,11,79.42,10,7.91,80.87,27.96,2,2.19,3.02,2.84,-1.45
2026-03-03 07:00:00,37,197.52,27,7.77,215.64,37.87,3,3.64,5.8,5.22,-18.12
2026-03-03 08:00:00,58,501.67,45,10.9,492.46,65.73,5,2.97,5.99,7.63,9.21
2026-03-03 09:00:00,61,550.84,56,10.15,585.97,60.24,5,3.98,4.27,9.14,-35.13
2026-03-03 10:00:00,65,393.86,49,7.61,415.54,72.89,5,4.82,5.85,5.4,-21.68
2026-03-03 11:00:00,76,598.89,60,9.56,630.8,90.86,7,5.8,6.59,6.59,-31.91
2026-03-03 12:00:00,82,866.44,79,11.49,899.82,91.64,7,5.88,5.73,9.45,-33.38
2026-03-03 13:00:00,82,695.35,74,8.8,669.06,101.85,7,6.81,5.44,6.83,26.29
2026-03-03 14:00:00,75,687.01,68,10.96,630.87,87.28,7,3.3,5.56,7.87,56.14
2026-03-03 15:00:00,46,276.91,41,6.95,281.93,66.36,5,3.52,4.4,4.17,-5.02
2026-03-03 16:00:00,40,328.43,34,10.15,327.18,63.09,5,2.44,5.82,5.21,1.25
2026-03-03 17:00:00,37,199.16,29,6.84,214.36,38.69,3,3.33,5.09,5.15,-15.2
2026-03-03 18:00:00,11,69.79,9,8.3,64.3,24.58,2,3.86,5.88,2.84,5.49
2026-03-03 19:00:00,20,107.6,18,6.21,116.4,40.7,3,2.65,4.56,2.64,-8.8
2026-03-03 20:00:00,9,46.65,8,6.15,45.35,29.48,2,3.31,3.71,1.58,1.3
2026-03-03 21:00:00,5,29.01,4,7.67,29.91,28.8,2,2.54,4.83,1.01,-0.9
2026-03-03 22:00:00,8,48.01,7,6.44,49.23,28.76,2,2.8,5.51,1.67,-1.22
2026-03-03 23:00:00,7,42.93,5,8.31,46.82,28.6,2,3.16,3.15,1.5,-3.89
2026-03-04 00:00:00,5,37.55,4,9.66,37.13,26.14,2,3.44,3.41,1.44,0.42
2026-03-04 01:00:00,14,112.78,13,8.81,101.76,26.61,2,3.97,4.17,4.24,11.02
2026-03-04 02:00:00,9,57.06,8,6.81,55.89,28.51,2,2.68,4.29,2.0,1.17
2026-03-04 03:00:00,5,38.17,4,9.33,34.5,28.9,2,2.43,4.85,1.32,3.67
2026-03-04 04:00:00,10,83.11,9,9.67,89.22,26.18,2,3.28,4.89,3.17,-6.11
2026-03-04 05:00:00,10,81.28,9,9.31,86.92,27.9,2,2.1,3.61,2.91,-5.64
2026-03-04 06:00:00,16,111.88,12,10.1,110.4,26.92,2,2.54,5.91,4.16,1.48
2026-03-04 07:00:00,55,562.39,47,11.56,589.17,66.86,5,2.86,3.98,8.41,-26.78
2026-03-04 08:00:00,58,379.86,49,8.12,349.96,61.51,5,2.19,4.23,6.18,29.9
2026-03-04 09:00:00,59,664.24,56,12.44,632.07,65.52,5,3.1,5.77,10.14,32.17
2026-03-04 10:00:00,62,522.53,52,9.62,473.0,69.05,5,6.01,4.11,7.57,49.53
2026-03-04 11:00:00,84,992.67,77,12.62,983.64,102.86,7,4.84,5.67,9.65,9.03
2026-03-04 12:00:00,86,999.94,85,12.37,1048.39,95.47,7,5.74,4.14,10.47,-48.45
2026-03-04 13:00:00,86,999.88,78,12.98,1060.25,86.12,7,5.57,5.67,11.61,-60.37
2026-03-04 14:00:00,86,663.06,64,9.66,673.08,99.22,7,5.39,6.38,6.68,-10.02
2026-03-04 15:00:00,48,463.18,43,10.31,464.4,68.39,5,3.96,3.7,6.77,-1.22
2026-03-04 16:00:00,40,250.42,39,6.54,232.71,68.65,5,2.16,3.81,3.65,17.71
2026-03-04 17:00:00,36,261.69,27,9.79,249.09,41.48,3,3.94,5.85,6.31,12.6
2026-03-04 18:00:00,7,36.12,5,7.69,35.75,29.06,2,2.94,3.16,1.24,0.37
2026-03-04 19:00:00,19,179.22,17,10.91,172.71,28.21,2,2.04,5.22,6.35,6.51
2026-03-04 20:00:00,5,35.38,4,9.01,32.94,24.43,2,2.6,3.03,1.45,2.44
2026-03-04 21:00:00,5,23.41,3,8.15,22.55,29.92,2,3.84,3.47,0.78,0.86
2026-03-04 22:00:00,5,47.43,4,10.99,50.71,27.16,2,3.2,3.71,1.75,-3.28
2026-03-04 23:00:00,11,68.33,10,6.42,67.06,25.14,2,3.43,4.53,2.72,1.27
2026-03-05 00:00:00,10,65.05,7,8.66,68.63,28.7,2,2.23,5.78,2.27,-3.58
2026-03-05 01:00:00,9,61.23,7,8.17,65.18,25.63,2,3.83,4.79,2.39,-3.95
2026-03-05 02:00:00,5,44.56,4,10.97,44.31,25.67,2,2.49,5.51,1.74,0.25
2026-03-05 03:00:00,5,27.53,4,6.37,26.58,24.63,2,3.11,5.31,1.12,0.95
2026-03-05 04:00:00,5,31.5,4,8.08,31.42,29.38,2,2.43,3.46,1.07,0.08
2026-03-05 05:00:00,5,26.21,4,6.84,25.19,28.51,2,2.17,5.94,0.92,1.02
2026-03-05 06:00:00,12,97.22,10,10.18,99.75,29.14,2,3.66,5.16,3.34,-2.53
2026-03-05 07:00:00,56,371.48,51,7.59,343.27,60.9,5,2.46,3.67,6.1,28.21
2026-03-05 08:00:00,65,570.96,49,11.02,623.45,65.86,5,5.17,4.57,8.67,-52.49
2026-03-05 09:00:00,58,595.21,48,11.57,553.73,69.1,5,3.41,3.75,8.61,41.48
2026-03-05 10:00:00,65,454.54,51,8.42,440.07,70.03,5,4.05,3.58,6.49,14.47
2026-03-05 11:00:00,86,938.19,67,12.97,868.95,84.92,7,4.26,4.76,11.05,69.24
2026-03-05 12:00:00,84,919.64,76,11.27,1009.44,95.79,7,5.7,5.58,9.6,-89.8
2026-03-05 13:00:00,79,741.96,61,12.38,793.02,87.44,7,4.05,7.08,8.49,-51.06
2026-03-05 14:00:00,104,735.22,85,8.51,756.86,93.76,7,4.76,5.09,7.84,-21.64
2026-03-05 15:00:00,40,331.39,35,8.94,337.13,61.01,5,2.93,3.83,5.43,-5.74
2026-03-05 16:00:00,50,349.63,42,8.23,351.86,62.68,5,2.75,5.38,5.58,-2.23
2026-03-05 17:00:00,38,288.9,30,10.44,271.12,44.28,3,3.4,4.9,6.52,17.78
2026-03-05 18:00:00,22,181.69,19,8.89,198.6,44.53,3,3.63,4.85,4.08,-16.91
2026-03-05 19:00:00,10,69.23,9,7.9,69.11,27.96,2,2.76,4.64,2.48,0.12
2026-03-05 20:00:00,5,36.17,4,8.81,34.95,24.53,2,2.07,5.47,1.47,1.22
2026-03-05 21:00:00,10,71.53,9,8.1,65.14,24.35,2,2.98,3.55,2.94,6.39
2026-03-05 22:00:00,6,44.71,5,9.33,46.75,29.72,2,2.42,5.44,1.5,-2.04
2026-03-05 23:00:00,5,23.3,4,6.13,22.56,26.16,2,2.72,5.76,0.89,0.74
2026-03-06 00:00:00,13,67.7,10,6.58,62.85,29.93,2,3.27,3.44,2.26,4.85
2026-03-06 01:00:00,5,37.34,4,8.74,40.58,25.5,2,3.5,5.23,1.46,-3.24
2026-03-06 02:00:00,5,34.24,4,8.58,32.42,26.42,2,2.82,3.29,1.3,1.82
2026-03-06 03:00:00,5,39.7,4,9.57,40.6,26.16,2,3.1,4.62,1.52,-0.9
2026-03-06 04:00:00,5,24.0,4,6.41,23.24,26.02,2,3.32,3.24,0.92,0.76
2026-03-06 05:00:00,13,85.89,10,8.91,79.8,25.57,2,2.01,4.64,3.36,6.09
2026-03-06 06:00:00,13,87.98,9,9.68,85.76,28.56,2,3.32,5.77,3.08,2.22
2026-03-06 07:00:00,66,610.07,56,10.16,650.13,64.57,5,5.82,5.11,9.45,-40.06
2026-03-06 08:00:00,61,444.78,53,7.88,434.43,73.15,5,6.19,5.3,6.08,10.35
2026-03-06 09:00:00,67,534.02,50,11.2,521.19,69.59,5,4.41,4.18,7.67,12.83
2026-03-06 10:00:00,55,402.55,53,7.82,373.2,61.24,5,3.33,4.67,6.57,29.35
2026-03-06 11:00:00,75,623.73,73,9.28,593.16,90.71,7,3.78,7.37,6.88,30.57
2026-03-06 12:00:00,87,666.33,76,8.26,697.38,92.91,7,5.97,6.62,7.17,-31.05
2026-03-06 13:00:00,80,797.88,61,12.16,798.23,104.73,7,5.06,5.42,7.62,-0.35
2026-03-06 14:00:00,76,762.95,67,11.48,803.54,98.51,7,5.13,5.15,7.74,-40.59
2026-03-06 15:00:00,38,240.28,36,7.06,218.5,39.19,3,2.57,4.43,6.13,21.78
2026-03-06 16:00:00,36,307.27,32,9.81,313.91,44.79,3,2.63,4.61,6.86,-6.64
2026-03-06 17:00:00,28,216.35,26,8.78,197.2,40.89,3,2.7,5.37,5.29,19.15
2026-03-06 18:00:00,19,130.28,16,7.55,118.72,27.12,2,3.34,3.31,4.8,11.56
2026-03-06 19:00:00,11,60.18,9,6.25,56.43,24.56,2,2.5,3.27,2.45,3.75
2026-03-06 20:00:00,10,53.87,9,6.13,58.45,29.09,2,3.86,3.87,1.85,-4.58
2026-03-06 21:00:00,7,46.02,6,8.27,48.89,24.39,2,2.27,4.27,1.89,-2.87
2026-03-06 22:00:00,12,95.31,11,8.95,99.83,27.62,2,3.06,5.88,3.45,-4.52
2026-03-06 23:00:00,5,20.63,3,6.86,21.08,29.62,2,2.09,4.18,0.7,-0.45
2026-03-07 00:00:00,27,244.17,24,9.71,234.08,57.91,4,2.15,4.94,4.22,10.09
2026-03-07 01:00:00,33,146.93,26,6.1,154.16,52.3,4,3.64,5.26,2.81,-7.23
2026-03-07 02:00:00,26,205.15,21,9.5,222.32,52.38,4,2.42,5.92,3.92,-17.17
2026-03-07 03:00:00,28,267.62,27,9.67,247.08,50.25,4,3.06,4.38,5.33,20.54
2026-03-07 04:00:00,34,307.5,33,8.64,325.91,49.3,4,3.09,5.67,6.24,-18.41
2026-03-07 05:00:00,23,128.88,20,6.29,116.67,51.95,4,2.26,5.38,2.48,12.21
2026-03-07 06:00:00,41,335.69,36,8.64,338.18,78.48,6,2.8,5.5,4.28,-2.49
2026-03-07 07:00:00,81,1003.23,80,11.67,1086.43,110.65,8,5.35,5.55,9.07,-83.2
2026-03-07 08:00:00,76,698.06,74,9.4,757.43,107.9,8,3.79,4.75,6.47,-59.37
2026-03-07 09:00:00,78,941.65,75,11.95,882.49,119.57,8,6.3,5.12,7.88,59.16
2026-03-07 10:00:00,87,570.7,76,7.92,569.06,108.94,8,5.74,7.16,5.24,1.64
2026-03-07 11:00:00,103,1040.73,80,12.26,1144.73,119.16,8,5.27,5.15,8.73,-104.0
2026-03-07 12:00:00,99,1220.59,95,12.78,1234.68,109.15,8,5.69,5.18,11.18,-14.09
2026-03-07 13:00:00,95,699.05,89,8.15,671.46,100.76,8,5.83,4.74,6.94,27.59
2026-03-07 14:00:00,102,878.91,101,8.1,808.22,97.02,8,4.7,6.19,9.06,70.69
2026-03-07 15:00:00,57,254.07,44,6.2,229.53,83.52,6,3.9,3.14,3.04,24.54
2026-03-07 16:00:00,65,419.72,53,8.02,437.45,78.46,6,5.8,3.91,5.35,-17.73
2026-03-07 17:00:00,66,585.35,62,9.71,621.61,82.12,6,5.0,3.88,7.13,-36.26
2026-03-07 18:00:00,31,311.07,27,10.82,321.27,56.04,4,2.31,5.23,5.55,-10.2
2026-03-07 19:00:00,39,214.4,30,7.0,196.56,53.21,4,3.56,5.48,4.03,17.84
2026-03-07 20:00:00,21,174.27,19,8.97,187.42,53.17,4,2.81,3.22,3.28,-13.15
2026-03-07 21:00:00,24,142.01,20,6.61,152.59,53.16,4,3.84,5.89,2.67,-10.58
2026-03-07 22:00:00,28,188.91,26,6.85,172.41,52.91,4,3.65,4.52,3.57,16.5
2026-03-07 23:00:00,20,187.5,19,10.25,192.79,53.25,4,2.26,4.33,3.52,-5.29
2026-03-08 00:00:00,26,187.85,20,8.99,172.66,56.93,4,2.79,3.0,3.3,15.19
2026-03-08 01:00:00,23,143.63,17,9.05,142.39,51.11,4,3.82,3.08,2.81,1.24
2026-03-08 02:00:00,26,164.58,23,7.77,177.98,50.78,4,2.87,4.43,3.24,-13.4
2026-03-08 03:00:00,22,149.33,20,7.54,136.6,57.4,4,2.91,5.71,2.6,12.73
2026-03-08 04:00:00,31,194.97,24,7.58,189.11,58.6,4,3.33,3.3,3.33,5.86
2026-03-08 05:00:00,32,198.86,25,7.8,188.94,59.27,4,3.1,4.25,3.36,9.92
2026-03-08 06:00:00,31,233.87,25,9.09,245.93,55.64,4,2.32,5.9,4.2,-12.06
2026-03-08 07:00:00,79,747.3,61,12.46,698.04,106.99,8,4.39,6.59,6.98,49.26
2026-03-08 08:00:00,80,744.71,69,11.26,817.03,119.87,8,4.51,6.71,6.21,-72.32
2026-03-08 09:00:00,85,570.03,64,8.94,542.35,101.4,8,3.96,5.89,5.62,27.68
2026-03-08 10:00:00,77,481.81,66,7.9,477.33,116.99,8,5.63,4.61,4.12,4.48
2026-03-08 11:00:00,97,903.03,77,11.27,830.26,114.05,8,4.87,6.5,7.92,72.77
2026-03-08 12:00:00,107,653.13,87,8.1,639.84,116.59,8,4.48,5.55,5.6,13.29
2026-03-08 13:00:00,77,638.2,74,9.28,652.68,102.18,8,4.95,7.1,6.25,-14.48
2026-03-08 14:00:00,96,619.96,72,8.12,580.24,99.76,8,5.14,5.81,6.21,39.72
2026-03-08 15:00:00,62,466.49,48,9.66,492.02,88.83,6,6.62,4.13,5.25,-25.53
2026-03-08 16:00:00,63,527.76,62,8.1,512.59,82.03,6,4.43,5.53,6.43,15.17
2026-03-08 17:00:00,77,607.91,66,9.36,622.09,117.05,8,5.37,5.18,5.19,-14.18
2026-03-08 18:00:00,31,192.45,25,7.91,197.88,57.27,4,2.87,4.78,3.36,-5.43
2026-03-08 19:00:00,30,193.9,24,8.5,191.74,54.95,4,2.57,4.45,3.53,2.16
2026-03-08 20:00:00,20,156.22,18,8.22,160.44,49.27,4,3.93,4.37,3.17,-4.22
2026-03-08 21:00:00,29,192.48,26,7.14,183.14,48.99,4,2.6,4.13,3.93,9.34
2026-03-08 22:00:00,21,200.1,20,10.76,190.97,58.19,4,3.2,3.53,3.44,9.13
2026-03-08 23:00:00,30,227.95,22,10.1,213.78,55.7,4,2.33,3.88,4.09,14.17
2026-03-09 00:00:00,5,40.88,4,10.86,43.95,30.0,2,3.39,4.89,1.36,-3.07
2026-03-09 01:00:00,5,30.15,4,7.9,27.97,27.32,2,3.47,5.71,1.1,2.18
2026-03-09 02:00:00,5,37.92,4,8.82,36.98,27.33,2,2.08,4.0,1.39,0.94
2026-03-09 03:00:00,5,39.41,4,9.35,39.36,25.67,2,2.73,5.33,1.54,0.05
2026-03-09 04:00:00,5,42.27,4,10.43,40.04,29.02,2,3.77,5.86,1.46,2.23
2026-03-09 05:00:00,9,65.67,7,8.79,68.85,28.59,2,2.87,4.29,2.3,-3.18
2026-03-09 06:00:00,10,48.71,8,6.56,49.04,24.36,2,2.48,5.09,2.0,-0.33
2026-03-09 07:00:00,57,604.32,50,11.5,564.38,73.77,5,3.09,4.37,8.19,39.94
2026-03-09 08:00:00,62,464.87,56,8.8,435.43,69.0,5,4.66,5.9,6.74,29.44
2026-03-09 09:00:00,60,486.23,58,8.88,441.21,64.69,5,3.9,5.55,7.52,45.02
2026-03-09 10:00:00,65,383.05,52,7.33,371.48,61.82,5,3.12,4.23,6.2,11.57
2026-03-09 11:00:00,87,763.55,71,10.06,768.57,99.63,7,6.33,4.81,7.66,-5.02
2026-03-09 12:00:00,80,976.99,70,12.96,946.3,87.94,7,4.7,6.58,11.11,30.69
2026-03-09 13:00:00,87,727.58,70,9.99,782.37,94.86,7,4.47,5.53,7.67,-54.79
2026-03-09 14:00:00,87,753.03,65,10.73,702.42,90.8,7,4.08,6.84,8.29,50.61
2026-03-09 15:00:00,42,302.89,34,8.29,327.57,66.63,5,3.43,3.2,4.55,-24.68
2026-03-09 16:00:00,45,339.48,34,9.56,361.95,74.18,5,3.54,5.46,4.58,-22.47
2026-03-09 17:00:00,37,380.71,34,10.85,380.49,44.64,3,2.92,3.32,8.53,0.22
2026-03-09 18:00:00,21,176.8,17,10.68,194.18,39.09,3,2.93,4.59,4.52,-17.38
2026-03-09 19:00:00,12,107.86,11,10.17,112.86,29.86,2,3.81,4.46,3.61,-5.0
2026-03-09 20:00:00,5,32.45,4,8.32,29.77,24.77,2,2.25,4.15,1.31,2.68
2026-03-09 21:00:00,8,52.13,7,7.52,50.9,28.35,2,2.45,4.53,1.84,1.23
2026-03-09 22:00:00,5,34.11,4,8.2,37.33,24.75,2,2.55,5.94,1.38,-3.22
2026-03-09 23:00:00,5,41.72,4,10.31,42.46,27.48,2,3.14,5.94,1.52,-0.74
2026-03-10 00:00:00,9,67.46,7,9.67,69.2,25.43,2,2.59,3.08,2.65,-1.74
2026-03-10 01:00:00,5,29.95,3,10.76,30.86,25.07,2,3.94,4.5,1.19,-0.91
2026-03-10 02:00:00,5,26.81,4,6.25,27.38,24.43,2,2.53,5.08,1.1,-0.57
2026-03-10 03:00:00,13,113.1,12,8.94,102.62,29.62,2,2.57,3.22,3.82,10.48
2026-03-10 04:00:00,5,24.76,4,6.02,23.8,24.01,2,3.19,5.21,1.03,0.96
2026-03-10 05:00:00,10,73.74,9,7.96,70.14,24.49,2,2.38,3.74,3.01,3.6
2026-03-10 06:00:00,10,62.83,8,8.06,63.66,29.3,2,2.87,5.8,2.14,-0.83
2026-03-10 07:00:00,65,649.03,62,10.19,588.03,71.01,5,5.35,5.38,9.14,61.0
2026-03-10 08:00:00,65,497.64,64,8.44,533.34,62.34,5,4.84,3.7,7.98,-35.7
2026-03-10 09:00:00,57,548.39,55,10.15,505.0,71.07,5,3.39,3.88,7.72,43.39
2026-03-10 10:00:00,64,349.63,48,7.52,352.81,71.76,5,4.83,3.56,4.87,-3.18
2026-03-10 11:00:00,77,534.11,64,8.07,569.85,97.07,7,4.86,7.31,5.5,-35.74
2026-03-10 12:00:00,75,569.37,65,8.64,589.86,92.05,7,5.39,5.19,6.19,-20.49
2026-03-10 13:00:00,78,720.19,67,10.61,663.43,96.88,7,4.51,7.16,7.43,56.76
2026-03-10 14:00:00,80,736.69,67,11.46,796.83,93.5,7,5.26,5.98,7.88,-60.14
2026-03-10 15:00:00,38,322.97,34,8.97,325.45,37.31,3,2.13,4.15,8.66,-2.48
2026-03-10 16:00:00,53,345.19,52,6.64,374.56,62.27,5,2.39,4.19,5.54,-29.37
2026-03-10 17:00:00,36,256.26,29,9.57,266.19,39.7,3,2.42,5.44,6.45,-9.93
2026-03-10 18:00:00,21,152.2,18,8.87,156.54,42.53,3,3.97,4.81,3.58,-4.34
2026-03-10 19:00:00,19,175.91,18,9.12,175.67,26.62,2,3.7,5.86,6.61,0.24
2026-03-10 20:00:00,6,35.16,5,7.56,35.64,26.5,2,3.25,5.23,1.33,-0.48
2026-03-10 21:00:00,5,41.93,4,10.89,40.61,24.46,2,2.56,3.28,1.71,1.32
2026-03-10 22:00:00,5,39.29,4,10.29,39.19,28.25,2,2.84,3.37,1.39,0.1
2026-03-10 23:00:00,7,45.48,5,9.35,49.87,29.61,2,2.79,5.85,1.54,-4.39
2026-03-11 00:00:00,11,56.01,9,6.15,59.39,28.01,2,3.56,4.13,2.0,-3.38
2026-03-11 01:00:00,5,33.04,4,8.86,32.24,27.93,2,3.81,5.72,1.18,0.8
2026-03-11 02:00:00,10,58.53,7,8.95,55.5,25.62,2,3.05,5.74,2.28,3.03
2026-03-11 03:00:00,8,49.21,7,7.22,45.27,26.73,2,2.09,3.57,1.84,3.94
2026-03-11 04:00:00,10,84.77,9,8.86,91.33,29.25,2,3.53,5.99,2.9,-6.56
2026-03-11 05:00:00,10,60.21,7,8.48,56.97,24.28,2,3.71,3.18,2.48,3.24
2026-03-11 06:00:00,11,77.87,8,9.96,83.88,25.19,2,3.68,5.24,3.09,-6.01
2026-03-11 07:00:00,63,641.79,55,11.57,678.48,71.46,5,5.46,3.58,8.98,-36.69
2026-03-11 08:00:00,67,670.77,66,9.61,726.48,64.1,5,4.62,3.83,10.46,-55.71
2026-03-11 09:00:00,66,626.99,57,11.45,672.24,71.38,5,4.44,4.26,8.78,-45.25
2026-03-11 10:00:00,61,470.41,46,9.66,458.7,69.0,5,4.06,4.58,6.82,11.71
2026-03-11 11:00:00,77,840.13,65,12.16,876.39,93.11,7,5.52,6.45,9.02,-36.26
2026-03-11 12:00:00,78,589.01,58,10.29,603.94,97.32,7,3.76,6.68,6.05,-14.93
2026-03-11 13:00:00,86,791.33,70,12.14,731.61,101.52,7,4.82,6.7,7.79,59.72
2026-03-11 14:00:00,86,764.06,72,10.04,710.86,92.72,7,5.74,7.02,8.24,53.2
2026-03-11 15:00:00,38,258.08,30,8.45,247.01,40.73,3,3.69,4.51,6.34,11.07
2026-03-11 16:00:00,35,242.19,26,9.41,233.2,38.49,3,2.53,5.47,6.29,8.99
2026-03-11 17:00:00,44,372.64,39,8.86,396.86,63.62,5,3.69,5.86,5.86,-24.22
2026-03-11 18:00:00,17,84.46,14,6.32,89.64,29.66,2,3.57,4.59,2.85,-5.18
2026-03-11 19:00:00,18,141.61,17,8.17,155.13,26.44,2,2.07,4.18,5.36,-13.52
2026-03-11 20:00:00,11,54.32,8,6.91,56.21,26.86,2,2.17,3.87,2.02,-1.89
2026-03-11 21:00:00,7,45.92,5,9.41,47.03,25.83,2,2.2,4.29,1.78,-1.11
2026-03-11 22:00:00,5,42.68,4,10.14,38.75,29.16,2,3.92,4.32,1.46,3.93
2026-03-11 23:00:00,10,85.41,9,9.4,87.81,26.19,2,3.57,4.58,3.26,-2.4
2026-03-12 00:00:00,8,73.23,7,10.67,76.38,29.24,2,2.47,5.0,2.5,-3.15
2026-03-12 01:00:00,9,57.15,8,6.74,54.99,25.79,2,2.59,3.07,2.22,2.16
2026-03-12 02:00:00,13,111.06,11,10.73,108.8,24.99,2,3.75,5.87,4.44,2.26
2026-03-12 03:00:00,6,45.75,5,8.84,46.93,27.21,2,3.34,3.96,1.68,-1.18
2026-03-12 04:00:00,10,87.26,9,10.26,93.63,27.37,2,2.27,5.11,3.19,-6.37
2026-03-12 05:00:00,7,63.78,6,10.64,69.81,29.02,2,2.58,3.08,2.2,-6.03
2026-03-12 06:00:00,20,178.26,16,10.45,185.4,41.48,3,2.16,5.92,4.3,-7.14
2026-03-12 07:00:00,63,480.82,57,7.96,483.38,74.81,5,5.23,3.19,6.43,-2.56
2026-03-12 08:00:00,56,535.83,47,12.2,485.51,72.56,5,2.84,5.19,7.38,50.32
2026-03-12 09:00:00,60,474.07,54,9.4,438.1,72.73,5,2.78,5.4,6.52,35.97
2026-03-12 10:00:00,57,342.61,45,7.87,313.43,63.61,5,3.14,3.29,5.39,29.18
2026-03-12 11:00:00,76,660.12,59,12.08,699.49,100.0,7,5.52,4.8,6.6,-39.37
2026-03-12 12:00:00,104,885.64,94,9.34,908.56,95.59,7,4.59,5.73,9.26,-22.92
2026-03-12 13:00:00,86,907.64,67,12.87,994.18,100.58,7,4.04,6.75,9.02,-86.54
2026-03-12 14:00:00,81,717.58,68,11.15,694.32,84.42,7,5.34,5.79,8.5,23.26
2026-03-12 15:00:00,46,309.11,36,9.23,280.92,74.17,5,2.18,5.09,4.17,28.19
2026-03-12 16:00:00,42,325.95,35,9.84,325.15,72.17,5,3.38,3.11,4.52,0.8
2026-03-12 17:00:00,37,219.69,32,6.54,212.04,38.74,3,3.06,4.49,5.67,7.65
2026-03-12 18:00:00,12,97.51,11,8.61,103.68,27.65,2,3.73,5.9,3.53,-6.17
2026-03-12 19:00:00,16,108.85,14,8.25,109.93,24.68,2,2.55,5.96,4.41,-1.08
2026-03-12 20:00:00,8,71.3,7,9.57,66.23,29.48,2,2.8,4.53,2.42,5.07
2026-03-12 21:00:00,5,36.19,4,9.51,38.22,28.11,2,2.6,4.56,1.29,-2.03
2026-03-12 22:00:00,13,106.99,12,9.63,106.1,27.23,2,2.93,4.29,3.93,0.89
2026-03-12 23:00:00,6,38.61,4,9.03,42.36,26.53,2,3.51,4.56,1.46,-3.75
2026-03-13 00:00:00,14,126.61,12,9.79,131.38,26.32,2,3.77,5.5,4.81,-4.77
2026-03-13 01:00:00,12,62.95,10,6.02,65.84,25.98,2,3.0,3.28,2.42,-2.89
2026-03-13 02:00:00,8,64.47,7,8.97,59.1,24.34,2,3.03,5.97,2.65,5.37
2026-03-13 03:00:00,12,64.4,10,6.66,58.92,25.52,2,3.69,4.34,2.52,5.48
2026-03-13 04:00:00,5,30.41,4,8.22,29.88,25.91,2,2.28,4.33,1.17,0.53
2026-03-13 05:00:00,7,34.0,5,6.42,32.89,25.17,2,2.37,4.98,1.35,1.11
2026-03-13 06:00:00,18,157.27,14,10.71,164.44,24.27,2,2.84,4.67,6.48,-7.17
2026-03-13 07:00:00,56,357.07,48,7.73,328.39,68.78,5,3.49,5.38,5.19,28.68
2026-03-13 08:00:00,60,360.8,46,8.38,351.84,68.19,5,2.13,4.2,5.29,8.96
2026-03-13 09:00:00,58,408.14,48,8.62,373.29,60.03,5,2.07,3.66,6.8,34.85
2026-03-13 10:00:00,67,388.01,64,6.27,349.31,68.91,5,6.35,3.34,5.63,38.7
2026-03-13 11:00:00,56,451.77,48,10.07,491.07,60.87,5,3.74,3.73,7.42,-39.3
2026-03-13 12:00:00,80,617.64,63,9.96,636.18,97.34,7,3.74,6.61,6.35,-18.54
2026-03-13 13:00:00,82,964.84,81,11.88,982.93,86.81,7,5.83,7.1,11.11,-18.09
2026-03-13 14:00:00,80,713.65,68,9.89,668.59,93.27,7,4.33,7.03,7.65,45.06
2026-03-13 15:00:00,41,409.58,40,9.75,417.87,64.84,5,2.35,4.77,6.32,-8.29
2026-03-13 16:00:00,36,285.12,29,10.58,273.76,43.43,3,2.61,3.92,6.57,11.36
2026-03-13 17:00:00,40,227.53,33,7.06,248.32,66.02,5,3.33,3.35,3.45,-20.79
2026-03-13 18:00:00,12,77.57,10,8.04,82.05,25.88,2,3.37,3.94,3.0,-4.48
2026-03-13 19:00:00,24,202.98,19,10.68,212.64,41.68,3,2.48,4.97,4.87,-9.66
2026-03-13 20:00:00,5,40.43,4,9.4,40.43,24.55,2,2.57,4.97,1.65,0.0
2026-03-13 21:00:00,5,44.03,4,10.93,42.27,24.5,2,3.17,5.64,1.8,1.76
2026-03-13 22:00:00,8,44.72,7,6.15,49.08,26.9,2,2.81,5.99,1.66,-4.36
2026-03-13 23:00:00,6,38.33,4,9.94,34.57,28.48,2,3.33,4.24,1.35,3.76
2026-03-14 00:00:00,34,213.33,28,7.5,215.92,52.18,4,2.98,4.61,4.09,-2.59
2026-03-14 01:00:00,24,255.04,22,10.98,265.94,52.13,4,3.51,3.22,4.89,-10.9
2026-03-14 02:00:00,13,71.41,12,6.17,73.31,40.8,3,2.33,5.67,1.75,-1.9
2026-03-14 03:00:00,25,170.15,20,9.18,166.07,51.48,4,2.34,5.06,3.31,4.08
2026-03-14 04:00:00,28,176.83,25,7.68,163.23,59.55,4,2.1,3.39,2.97,13.6
2026-03-14 05:00:00,34,208.13,26,8.27,199.69,48.19,4,3.27,3.07,4.32,8.44
2026-03-14 06:00:00,35,275.05,26,9.99,274.14,55.2,4,3.66,4.62,4.98,0.91
2026-03-14 07:00:00,79,867.97,74,11.27,919.4,114.15,8,5.81,6.55,7.6,-51.43
2026-03-14 08:00:00,77,574.12,75,8.28,597.09,115.31,8,4.69,5.18,4.98,-22.97
2026-03-14 09:00:00,86,593.83,75,8.53,561.79,102.38,8,5.12,6.1,5.8,32.04
2026-03-14 10:00:00,77,781.98,75,10.28,806.1,97.56,8,4.27,6.07,8.02,-24.12
2026-03-14 11:00:00,96,823.84,82,10.57,894.72,97.36,8,4.61,6.49,8.46,-70.88
2026-03-14 12:00:00,75,810.19,72,11.81,774.97,96.13,8,5.89,5.24,8.43,35.22
2026-03-14 13:00:00,102,1064.34,81,12.31,1080.4,119.76,8,5.58,6.13,8.89,-16.06
2026-03-14 14:00:00,105,951.72,84,11.63,886.41,112.81,8,4.86,5.33,8.44,65.31
2026-03-14 15:00:00,56,522.81,55,9.64,494.95,73.24,6,2.18,3.8,7.14,27.86
2026-03-14 16:00:00,55,408.17,44,9.84,438.25,76.36,6,2.6,4.78,5.35,-30.08
2026-03-14 17:00:00,55,426.81,50,8.24,424.21,72.72,6,2.58,4.83,5.87,2.6
2026-03-14 18:00:00,38,244.3,31,7.32,236.07,51.54,4,3.65,5.37,4.74,8.23
2026-03-14 19:00:00,37,304.7,32,10.14,300.7,51.02,4,3.56,3.9,5.97,4.0
2026-03-14 20:00:00,32,294.99,29,9.87,291.66,52.72,4,3.87,4.63,5.6,3.33
2026-03-14 21:00:00,24,123.01,19,6.59,132.9,48.62,4,3.35,4.32,2.53,-9.89
2026-03-14 22:00:00,28,170.64,27,6.78,158.01,52.43,4,2.11,5.29,3.25,12.63
2026-03-14 23:00:00,29,193.29,25,7.44,212.34,59.99,4,3.64,5.61,3.22,-19.05
2026-03-15 00:00:00,29,208.41,26,7.67,229.12,48.75,4,3.04,5.69,4.28,-20.71
2026-03-15 01:00:00,25,170.09,19,8.78,159.86,53.13,4,3.6,3.73,3.2,10.23
2026-03-15 02:00:00,29,196.47,25,7.79,209.4,48.55,4,2.93,3.15,4.05,-12.93
2026-03-15 03:00:00,34,279.01,28,9.32,278.81,54.18,4,2.09,4.29,5.15,0.2
2026-03-15 04:00:00,34,197.88,27,7.74,208.36,57.86,4,2.8,5.84,3.42,-10.48
2026-03-15 05:00:00,33,192.03,25,7.71,190.6,54.01,4,2.16,5.06,3.56,1.43
2026-03-15 06:00:00,38,274.98,35,7.33,275.66,56.7,4,3.6,3.53,4.85,-0.68
2026-03-15 07:00:00,84,676.69,68,9.39,614.84,116.28,8,5.17,5.77,5.82,61.85
2026-03-15 08:00:00,53,510.79,50,9.72,476.35,78.02,6,2.36,3.05,6.55,34.44
2026-03-15 09:00:00,75,582.93,70,8.91,562.8,112.04,8,4.54,5.44,5.2,20.13
2026-03-15 10:00:00,84,790.92,78,10.08,727.39,98.31,8,3.63,6.17,8.05,63.53
2026-03-15 11:00:00,106,1209.19,96,12.7,1323.86,105.25,8,5.51,5.68,11.49,-114.67
2026-03-15 12:00:00,99,775.07,79,10.39,802.51,102.61,8,4.71,5.65,7.55,-27.44
2026-03-15 13:00:00,104,643.19,78,8.0,625.91,105.72,8,5.71,6.24,6.08,17.28
2026-03-15 14:00:00,107,1314.82,100,12.83,1266.1,106.73,8,3.61,6.72,12.32,48.72
2026-03-15 15:00:00,61,591.1,60,9.42,612.9,74.53,6,5.59,3.72,7.93,-21.8
2026-03-15 16:00:00,56,377.25,52,7.6,343.33,72.12,6,3.71,4.98,5.23,33.92
2026-03-15 17:00:00,56,388.05,43,9.42,380.44,73.15,6,2.47,3.15,5.3,7.61
2026-03-15 18:00:00,36,285.24,30,9.47,300.67,53.55,4,3.99,5.48,5.33,-15.43
2026-03-15 19:00:00,34,274.54,26,10.64,289.05,56.54,4,2.32,5.76,4.86,-14.51
2026-03-15 20:00:00,23,171.94,20,8.09,186.38,59.33,4,2.67,5.78,2.9,-14.44
2026-03-15 21:00:00,29,135.68,22,6.46,145.6,52.99,4,2.16,4.83,2.56,-9.92
2026-03-15 22:00:00,31,256.68,30,8.96,233.93,58.55,4,3.49,5.05,4.38,22.75
2026-03-15 23:00:00,25,207.87,20,9.66,191.76,49.83,4,3.74,3.4,4.17,16.11
2026-03-16 00:00:00,8,59.96,6,10.21,61.04,27.43,2,3.83,3.23,2.19,-1.08
2026-03-16 01:00:00,13,85.34,12,7.69,77.33,28.55,2,2.17,3.99,2.99,8.01
2026-03-16 02:00:00,14,83.47,11,7.84,77.98,27.3,2,2.08,5.79,3.06,5.49
2026-03-16 03:00:00,5,24.68,4,6.15,23.61,28.4,2,2.57,3.55,0.87,1.07
2026-03-16 04:00:00,12,59.88,10,6.15,58.64,27.02,2,3.65,4.22,2.22,1.24
2026-03-16 05:00:00,15,76.42,12,6.38,78.21,26.02,2,2.28,4.84,2.94,-1.79
2026-03-16 06:00:00,19,126.97,17,7.0,139.6,27.1,2,2.29,5.07,4.69,-12.63
2026-03-16 07:00:00,57,482.07,50,10.05,490.23,60.24,5,3.11,5.53,8.0,-8.16
2026-03-16 08:00:00,65,598.18,52,10.71,640.27,66.02,5,4.39,5.76,9.06,-42.09
2026-03-16 09:00:00,58,420.89,45,9.63,437.64,67.28,5,3.92,4.26,6.26,-16.75
2026-03-16 10:00:00,61,489.32,56,8.96,494.05,65.25,5,4.07,4.73,7.5,-4.73
2026-03-16 11:00:00,83,715.38,64,10.81,651.57,84.38,7,4.75,6.32,8.48,63.81
2026-03-16 12:00:00,87,605.59,68,8.37,656.48,85.52,7,5.98,6.65,7.08,-50.89
2026-03-16 13:00:00,81,574.73,72,8.26,551.14,95.52,7,5.95,5.72,6.02,23.59
2026-03-16 14:00:00,77,536.06,64,8.1,498.22,104.2,7,4.2,4.77,5.14,37.84
2026-03-16 15:00:00,37,260.64,29,8.6,242.85,44.03,3,3.57,3.81,5.92,17.79
2026-03-16 16:00:00,36,254.5,30,7.96,240.34,41.55,3,3.21,5.46,6.13,14.16
2026-03-16 17:00:00,47,300.17,42,7.6,324.6,61.75,5,2.99,4.7,4.86,-24.43
2026-03-16 18:00:00,11,66.02,9,7.25,65.29,27.81,2,3.68,3.76,2.37,0.73
2026-03-16 19:00:00,20,172.18,17,10.39,180.22,42.11,3,3.78,5.6,4.09,-8.04
2026-03-16 20:00:00,7,39.46,6,6.19,37.05,28.49,2,2.02,5.6,1.39,2.41
2026-03-16 21:00:00,5,24.54,3,7.95,22.71,24.42,2,2.17,5.09,1.0,1.83
2026-03-16 22:00:00,10,69.08,9,8.26,69.86,26.35,2,3.03,4.37,2.62,-0.78
2026-03-16 23:00:00,9,57.19,6,9.83,56.47,29.24,2,3.79,4.35,1.96,0.72
2026-03-17 00:00:00,10,60.35,9,6.41,61.34,24.25,2,2.88,5.69,2.49,-0.99
2026-03-17 01:00:00,10,47.37,7,7.0,49.88,27.3,2,3.06,4.83,1.74,-2.51
2026-03-17 02:00:00,13,111.35,12,9.81,110.5,26.39,2,3.9,3.83,4.22,0.85
2026-03-17 03:00:00,8,77.41,7,10.5,79.95,25.51,2,3.96,4.18,3.03,-2.54
2026-03-17 04:00:00,11,84.03,9,8.71,83.15,27.5,2,3.7,4.12,3.06,0.88
2026-03-17 05:00:00,13,69.37,11,6.42,63.03,26.25,2,3.51,3.29,2.64,6.34
2026-03-17 06:00:00,13,63.58,10,6.39,62.05,24.62,2,3.53,3.93,2.58,1.53
2026-03-17 07:00:00,63,670.83,55,12.39,606.44,67.46,5,5.62,4.49,9.94,64.39
2026-03-17 08:00:00,66,684.26,57,12.29,623.84,65.31,5,4.84,4.61,10.48,60.42
2026-03-17 09:00:00,59,398.05,51,7.75,384.12,74.48,5,3.24,4.52,5.34,13.93
2026-03-17 10:00:00,59,486.62,56,9.42,527.75,64.19,5,3.43,5.63,7.58,-41.13
2026-03-17 11:00:00,51,470.15,48,10.45,427.23,64.62,5,3.21,3.6,7.28,42.92
2026-03-17 12:00:00,79,677.71,66,10.09,675.34,87.4,7,5.42,4.83,7.75,2.37
2026-03-17 13:00:00,82,589.15,69,8.63,602.98,103.39,7,4.64,6.9,5.7,-13.83
2026-03-17 14:00:00,77,641.64,63,10.03,693.02,88.47,7,4.17,7.86,7.25,-51.38
2026-03-17 15:00:00,45,295.09,39,8.04,267.44,72.23,5,3.93,3.41,4.09,27.65
2026-03-17 16:00:00,45,370.06,39,10.22,391.72,60.77,5,2.44,4.19,6.09,-21.66
2026-03-17 17:00:00,42,351.72,35,9.79,331.98,70.89,5,3.2,4.0,4.96,19.74
2026-03-17 18:00:00,15,138.74,12,10.84,134.83,29.44,2,3.31,4.37,4.71,3.91
2026-03-17 19:00:00,14,117.82,13,9.1,114.63,24.7,2,3.13,4.24,4.77,3.19
2026-03-17 20:00:00,6,32.27,5,6.47,33.86,27.5,2,2.13,3.36,1.17,-1.59
2026-03-17 21:00:00,5,36.29,4,9.69,37.89,29.19,2,3.84,3.29,1.24,-1.6
2026-03-17 22:00:00,9,63.51,8,8.52,69.49,27.16,2,2.95,4.22,2.34,-5.98
2026-03-17 23:00:00,5,33.59,4,8.97,33.17,25.68,2,3.69,5.52,1.31,0.42
2026-03-18 00:00:00,10,78.52,8,9.19,86.26,29.71,2,3.49,5.29,2.64,-7.74
2026-03-18 01:00:00,6,49.37,5,10.55,51.18,25.4,2,2.74,5.84,1.94,-1.81
2026-03-18 02:00:00,5,35.53,4,8.7,32.57,28.08,2,3.59,3.76,1.27,2.96
2026-03-18 03:00:00,11,76.2,8,9.87,77.59,24.21,2,3.19,5.6,3.15,-1.39
2026-03-18 04:00:00,7,34.9,5,7.05,36.2,27.13,2,2.91,4.72,1.29,-1.3
2026-03-18 05:00:00,9,76.01,7,10.1,75.35,24.4,2,3.38,4.46,3.12,0.66
2026-03-18 06:00:00,14,83.57,11,7.21,86.4,29.55,2,3.25,3.63,2.83,-2.83
2026-03-18 07:00:00,63,524.11,49,10.1,537.04,70.06,5,5.43,4.92,7.48,-12.93
2026-03-18 08:00:00,63,662.54,55,12.43,679.33,60.1,5,5.21,3.25,11.02,-16.79
2026-03-18 09:00:00,66,743.4,63,12.04,810.05,73.98,5,6.25,5.07,10.05,-66.65
2026-03-18 10:00:00,64,434.33,60,6.99,420.3,63.5,5,4.16,4.99,6.84,14.03
2026-03-18 11:00:00,85,1041.69,81,12.52,1059.45,91.37,7,5.96,6.2,11.4,-17.76
2026-03-18 12:00:00,56,478.9,42,11.46,477.29,64.21,5,3.91,4.13,7.46,1.61
2026-03-18 13:00:00,77,748.69,71,10.17,761.19,98.39,7,5.08,6.9,7.61,-12.5
2026-03-18 14:00:00,87,775.83,79,10.43,832.35,85.57,7,5.12,7.42,9.07,-56.52
2026-03-18 15:00:00,41,373.58,34,10.35,385.75,67.22,5,2.25,3.86,5.56,-12.17
2026-03-18 16:00:00,42,261.18,38,6.43,260.65,66.1,5,3.19,3.09,3.95,0.53
2026-03-18 17:00:00,45,309.66,35,8.31,312.82,73.77,5,3.55,4.03,4.2,-3.16
2026-03-18 18:00:00,15,79.73,12,6.99,77.56,26.32,2,2.31,4.21,3.03,2.17
2026-03-18 19:00:00,19,120.6,14,8.11,128.38,25.59,2,3.09,3.44,4.71,-7.78
2026-03-18 20:00:00,5,34.27,4,8.93,33.43,26.51,2,2.63,5.22,1.29,0.84
2026-03-18 21:00:00,5,28.01,3,10.01,30.46,26.37,2,2.8,5.22,1.06,-2.45
2026-03-18 22:00:00,11,69.43,8,8.9,72.49,24.85,2,3.09,4.93,2.79,-3.06
2026-03-18 23:00:00,10,77.88,8,9.63,70.59,29.2,2,3.74,4.94,2.67,7.29
2026-03-19 00:00:00,10,77.73,8,9.81,70.69,24.06,2,2.24,3.18,3.23,7.04
2026-03-19 01:00:00,5,31.26,4,7.65,28.16,27.21,2,2.11,3.94,1.15,3.1
2026-03-19 02:00:00,14,97.96,10,9.86,99.43,28.61,2,2.86,5.28,3.42,-1.47
2026-03-19 03:00:00,11,88.01,9,10.22,91.37,27.22,2,3.4,3.15,3.23,-3.36
2026-03-19 04:00:00,5,23.01,3,8.27,23.36,28.4,2,2.58,5.23,0.81,-0.35
2026-03-19 05:00:00,12,63.28,9,7.6,67.78,28.0,2,3.81,5.62,2.26,-4.5
2026-03-19 06:00:00,18,160.5,15,10.27,151.6,29.82,2,3.1,4.48,5.38,8.9
2026-03-19 07:00:00,42,418.07,33,12.14,410.8,62.18,5,3.64,4.33,6.72,7.27
2026-03-19 08:00:00,37,277.89,31,9.34,282.68,40.23,3,3.66,5.55,6.91,-4.79
2026-03-19 09:00:00,66,671.72,51,12.48,631.49,61.52,5,4.86,3.55,10.92,40.23
2026-03-19 10:00:00,63,368.06,49,6.98,387.38,71.61,5,5.12,4.79,5.14,-19.32
2026-03-19 11:00:00,84,715.63,73,9.46,683.95,89.35,7,4.74,7.11,8.01,31.68
2026-03-19 12:00:00,83,900.23,66,12.64,976.6,88.98,7,3.98,7.83,10.12,-76.37
2026-03-19 13:00:00,78,562.96,61,8.97,578.36,93.43,7,3.96,6.26,6.03,-15.4
2026-03-19 14:00:00,87,801.96,66,11.91,771.25,90.74,7,4.16,6.99,8.84,30.71
2026-03-19 15:00:00,41,307.9,39,7.46,297.43,67.12,5,3.29,5.49,4.59,10.47
2026-03-19 16:00:00,42,363.55,37,10.44,372.11,70.32,5,2.26,5.01,5.17,-8.56
2026-03-19 17:00:00,36,250.33,28,9.33,262.36,39.56,3,3.03,3.12,6.33,-12.03
2026-03-19 18:00:00,12,63.75,9,7.61,60.38,25.92,2,2.34,4.31,2.46,3.37
2026-03-19 19:00:00,20,117.05,16,7.85,107.48,41.23,3,3.34,5.61,2.84,9.57
2026-03-19 20:00:00,9,52.2,8,7.07,51.87,25.16,2,2.14,5.85,2.07,0.33
2026-03-19 21:00:00,7,50.31,5,9.86,49.18,29.71,2,2.92,4.11,1.69,1.13
2026-03-19 22:00:00,7,59.4,6,9.43,59.04,24.47,2,2.38,5.04,2.43,0.36
2026-03-19 23:00:00,5,39.41,4,9.12,38.88,24.84,2,3.81,4.45,1.59,0.53
2026-03-20 00:00:00,12,90.63,10,8.88,98.9,27.97,2,3.93,3.67,3.24,-8.27
2026-03-20 01:00:00,12,73.82,11,6.22,76.01,26.6,2,2.4,5.4,2.78,-2.19
2026-03-20 02:00:00,5,38.48,4,9.42,35.33,26.3,2,2.81,5.41,1.46,3.15
2026-03-20 03:00:00,5,46.22,4,10.83,47.95,29.67,2,3.64,3.09,1.56,-1.73
2026-03-20 04:00:00,5,35.85,4,9.21,38.77,25.63,2,2.1,3.12,1.4,-2.92
2026-03-20 05:00:00,5,33.33,4,8.49,31.78,28.16,2,2.9,5.02,1.18,1.55
2026-03-20 06:00:00,13,60.6,10,6.54,59.07,28.98,2,3.78,3.13,2.09,1.53
2026-03-20 07:00:00,61,460.77,46,10.44,456.55,73.11,5,3.59,3.96,6.3,4.22
2026-03-20 08:00:00,60,513.04,51,10.93,489.46,60.68,5,2.22,3.28,8.45,23.58
2026-03-20 09:00:00,65,505.66,59,8.68,485.06,62.77,5,6.05,4.41,8.06,20.6
2026-03-20 10:00:00,61,333.32,45,7.92,339.86,73.35,5,4.81,3.5,4.54,-6.54
2026-03-20 11:00:00,51,514.11,40,11.96,527.27,68.29,5,3.81,3.83,7.53,-13.16
2026-03-20 12:00:00,52,352.72,42,8.66,359.45,61.11,5,3.94,5.45,5.77,-6.73
2026-03-20 13:00:00,84,729.86,76,9.06,670.32,95.58,7,3.44,6.34,7.64,59.54
2026-03-20 14:00:00,80,733.17,74,9.76,789.01,91.96,7,4.92,6.15,7.97,-55.84
2026-03-20 15:00:00,41,322.5,34,9.51,314.16,63.82,5,3.22,4.38,5.05,8.34
2026-03-20 16:00:00,39,188.63,29,6.95,174.4,38.81,3,2.63,5.98,4.86,14.23
2026-03-20 17:00:00,42,442.33,41,10.39,447.39,74.49,5,2.91,4.73,5.94,-5.06
2026-03-20 18:00:00,15,79.61,13,6.42,86.71,25.25,2,3.94,5.65,3.15,-7.1
2026-03-20 19:00:00,13,67.49,10,6.94,69.31,24.08,2,3.83,5.75,2.8,-1.82
2026-03-20 20:00:00,12,51.9,9,6.2,47.09,28.85,2,2.42,5.85,1.8,4.81
2026-03-20 21:00:00,12,98.01,11,8.47,94.26,28.19,2,2.51,4.32,3.48,3.75
2026-03-20 22:00:00,10,83.68,9,9.82,91.92,25.73,2,3.01,5.08,3.25,-8.24
2026-03-20 23:00:00,9,56.98,8,7.35,55.71,24.09,2,2.54,3.5,2.37,1.27
2026-03-21 00:00:00,26,156.5,24,6.85,160.87,48.54,4,3.09,5.46,3.22,-4.37
2026-03-21 01:00:00,30,309.92,27,10.67,292.3,54.41,4,3.96,4.95,5.7,17.62
2026-03-21 02:00:00,23,172.56,22,8.12,173.63,58.86,4,3.5,4.89,2.93,-1.07
2026-03-21 03:00:00,33,276.31,32,8.19,263.6,55.93,4,3.03,5.45,4.94,12.71
2026-03-21 04:00:00,23,160.53,19,8.31,173.62,54.06,4,3.26,5.29,2.97,-13.09
2026-03-21 05:00:00,27,195.3,26,7.57,198.91,59.7,4,2.53,4.52,3.27,-3.61
2026-03-21 06:00:00,36,256.52,32,8.18,253.9,55.23,4,2.13,5.99,4.64,2.62
2026-03-21 07:00:00,87,618.14,82,7.65,611.56,96.2,8,4.61,5.38,6.43,6.58
2026-03-21 08:00:00,87,630.48,72,9.09,640.23,102.11,8,4.98,5.69,6.17,-9.75
2026-03-21 09:00:00,76,869.08,75,11.58,910.25,108.43,8,4.05,6.79,8.02,-41.17
2026-03-21 10:00:00,87,654.72,71,9.3,589.35,115.55,8,5.28,7.07,5.67,65.37
2026-03-21 11:00:00,107,807.34,105,8.31,746.71,114.07,8,5.89,6.0,7.08,60.63
2026-03-21 12:00:00,100,1305.72,96,12.64,1405.34,100.61,8,5.04,6.27,12.98,-99.62
2026-03-21 13:00:00,99,801.83,81,10.24,775.76,99.35,8,4.26,6.59,8.07,26.07
2026-03-21 14:00:00,103,925.05,81,11.37,842.75,108.09,8,5.33,6.87,8.56,82.3
2026-03-21 15:00:00,61,459.07,51,8.75,425.57,77.43,6,5.31,4.54,5.93,33.5
2026-03-21 16:00:00,56,373.58,46,8.13,341.06,81.9,6,2.1,4.64,4.56,32.52
2026-03-21 17:00:00,64,477.01,57,8.28,450.52,79.58,6,6.47,3.82,5.99,26.49
2026-03-21 18:00:00,42,444.06,41,10.2,419.62,75.74,6,3.15,3.4,5.86,24.44
2026-03-21 19:00:00,41,277.54,36,8.33,297.38,74.04,6,3.01,3.73,3.75,-19.84
2026-03-21 20:00:00,24,155.01,23,7.05,167.52,56.47,4,3.4,5.09,2.74,-12.51
2026-03-21 21:00:00,27,192.89,26,7.24,196.12,54.52,4,2.35,3.01,3.54,-3.23
2026-03-21 22:00:00,28,205.57,25,8.37,189.58,50.34,4,2.57,3.96,4.08,15.99
2026-03-21 23:00:00,26,165.55,19,8.79,173.71,49.33,4,3.38,5.69,3.36,-8.16
2026-03-22 00:00:00,28,214.85,23,9.45,195.85,56.27,4,2.39,3.61,3.82,19.0
2026-03-22 01:00:00,22,184.78,21,9.06,171.85,53.45,4,3.47,5.5,3.46,12.93
2026-03-22 02:00:00,34,312.99,28,10.92,295.23,48.31,4,2.64,3.04,6.48,17.76
2026-03-22 03:00:00,29,187.68,26,7.05,179.28,57.67,4,2.93,5.23,3.25,8.4
2026-03-22 04:00:00,31,225.13,24,9.42,214.65,52.67,4,2.69,3.2,4.27,10.48
2026-03-22 05:00:00,33,239.35,31,8.34,229.79,49.18,4,3.32,4.79,4.87,9.56
2026-03-22 06:00:00,31,233.7,27,8.09,246.45,55.31,4,2.7,5.1,4.23,-12.75
2026-03-22 07:00:00,85,789.1,79,10.27,750.19,105.56,8,6.11,4.47,7.48,38.91
2026-03-22 08:00:00,84,865.49,78,11.34,889.19,114.83,8,3.38,6.88,7.54,-23.7
2026-03-22 09:00:00,76,624.6,58,10.67,658.68,109.13,8,5.82,5.34,5.72,-34.08
2026-03-22 10:00:00,85,530.43,65,7.82,538.26,111.98,8,3.89,4.94,4.74,-7.83
2026-03-22 11:00:00,97,942.11,88,10.66,852.75,119.36,8,4.68,4.51,7.89,89.36
2026-03-22 12:00:00,99,911.82,91,10.14,830.39,97.23,8,5.44,6.24,9.38,81.43
2026-03-22 13:00:00,96,765.57,88,8.42,710.58,101.05,8,5.71,7.13,7.58,54.99
2026-03-22 14:00:00,105,922.77,91,9.81,918.41,103.54,8,6.74,4.95,8.91,4.36
2026-03-22 15:00:00,62,365.97,54,6.43,345.72,79.55,6,5.75,5.08,4.6,20.25
2026-03-22 16:00:00,65,392.4,49,7.47,429.23,72.96,6,4.26,4.48,5.38,-36.83
2026-03-22 17:00:00,58,557.54,49,10.79,574.06,83.86,6,2.03,5.39,6.65,-16.52
2026-03-22 18:00:00,38,231.78,36,6.91,230.66,57.81,4,2.19,4.67,4.01,1.12
2026-03-22 19:00:00,38,231.64,34,6.72,237.45,55.22,4,2.51,4.41,4.19,-5.81
2026-03-22 20:00:00,25,175.65,19,9.35,173.7,59.7,4,3.24,4.15,2.94,1.95
2026-03-22 21:00:00,23,197.32,19,10.46,197.22,50.23,4,3.99,4.32,3.93,0.1
2026-03-22 22:00:00,25,167.23,23,7.9,171.23,58.5,4,3.44,4.77,2.86,-4.0
2026-03-22 23:00:00,26,227.51,24,9.62,240.79,54.54,4,3.6,4.97,4.17,-13.28
2026-03-23 00:00:00,5,32.32,4,8.67,29.32,27.12,2,3.91,4.79,1.19,3.0
2026-03-23 01:00:00,12,95.69,11,8.39,87.76,25.02,2,2.13,5.83,3.82,7.93
2026-03-23 02:00:00,12,103.09,10,10.16,100.71,28.39,2,3.21,3.56,3.63,2.38
2026-03-23 03:00:00,16,99.53,15,6.79,106.86,29.19,2,2.69,3.8,3.41,-7.33
2026-03-23 04:00:00,13,84.12,10,8.59,82.31,28.1,2,3.54,5.02,2.99,1.81
2026-03-23 05:00:00,7,56.92,6,10.07,52.82,28.87,2,2.58,5.62,1.97,4.1
2026-03-23 06:00:00,10,60.34,9,6.87,57.05,24.56,2,3.1,3.59,2.46,3.29
2026-03-23 07:00:00,62,548.46,60,9.75,540.21,62.76,5,4.36,5.9,8.74,8.25
2026-03-23 08:00:00,64,618.71,61,10.74,674.29,63.63,5,5.54,3.65,9.72,-55.58
2026-03-23 09:00:00,61,589.21,56,9.86,627.2,68.74,5,5.11,5.93,8.57,-37.99
2026-03-23 10:00:00,63,443.18,50,8.22,459.15,67.96,5,5.05,4.59,6.52,-15.97
2026-03-23 11:00:00,77,600.57,76,8.05,656.95,95.42,7,4.99,6.57,6.29,-56.38
2026-03-23 12:00:00,76,668.52,58,11.48,636.64,87.92,7,4.6,6.0,7.6,31.88
2026-03-23 13:00:00,85,955.99,81,12.0,1048.05,98.55,7,5.37,5.0,9.7,-92.06
2026-03-23 14:00:00,84,893.91,75,12.19,899.03,91.41,7,4.72,5.61,9.78,-5.12
2026-03-23 15:00:00,42,281.18,31,8.82,306.42,69.23,5,3.33,5.84,4.06,-25.24
2026-03-23 16:00:00,57,411.78,47,8.17,442.08,64.65,5,3.67,4.74,6.37,-30.3
2026-03-23 17:00:00,36,257.2,31,8.53,241.68,37.72,3,2.48,3.79,6.82,15.52
2026-03-23 18:00:00,21,195.01,19,9.99,195.05,36.27,3,3.79,4.72,5.38,-0.04
2026-03-23 19:00:00,18,94.62,14,7.24,95.38,29.39,2,3.81,5.1,3.22,-0.76
2026-03-23 20:00:00,11,57.35,8,7.33,60.89,25.27,2,3.52,3.91,2.27,-3.54
2026-03-23 21:00:00,10,58.07,8,6.74,55.91,26.5,2,2.59,5.28,2.19,2.16
2026-03-23 22:00:00,5,40.72,4,9.77,36.89,29.1,2,2.44,5.14,1.4,3.83
2026-03-23 23:00:00,9,55.49,8,7.18,50.35,27.34,2,2.1,5.57,2.03,5.14
2026-03-24 00:00:00,5,39.57,4,10.73,36.6,27.76,2,2.69,3.13,1.43,2.97
2026-03-24 01:00:00,11,71.38,8,9.65,76.88,25.25,2,2.28,4.07,2.83,-5.5
2026-03-24 02:00:00,12,66.35,11,6.35,68.35,26.3,2,2.45,4.85,2.52,-2.0
2026-03-24 03:00:00,11,81.91,9,8.44,88.12,28.5,2,2.83,4.2,2.87,-6.21
2026-03-24 04:00:00,9,56.29,8,7.06,57.61,29.8,2,2.4,4.52,1.89,-1.32
2026-03-24 05:00:00,7,37.86,5,8.15,39.0,28.63,2,3.29,3.9,1.32,-1.14
2026-03-24 06:00:00,16,96.32,15,6.08,86.87,26.37,2,2.58,5.5,3.65,9.45
2026-03-24 07:00:00,63,466.73,59,8.11,443.98,61.83,5,6.2,3.46,7.55,22.75
2026-03-24 08:00:00,63,407.76,49,8.19,409.13,70.06,5,5.44,5.75,5.82,-1.37
2026-03-24 09:00:00,59,453.19,47,10.04,459.92,72.74,5,2.39,4.58,6.23,-6.73
2026-03-24 10:00:00,61,473.97,56,8.87,430.79,72.55,5,5.05,4.72,6.53,43.18
2026-03-24 11:00:00,83,952.79,80,11.19,968.42,98.34,7,5.8,7.09,9.69,-15.63
2026-03-24 12:00:00,62,552.67,53,11.05,573.59,67.31,5,4.34,3.9,8.21,-20.92
2026-03-24 13:00:00,75,625.65,58,10.8,577.18,99.96,7,4.69,5.77,6.26,48.47
2026-03-24 14:00:00,76,715.17,74,9.79,648.51,101.53,7,5.04,4.49,7.04,66.66
2026-03-24 15:00:00,37,352.32,36,9.1,360.87,37.69,3,2.99,4.09,9.35,-8.55
2026-03-24 16:00:00,40,365.78,33,10.82,348.43,71.11,5,2.54,3.41,5.14,17.35
2026-03-24 17:00:00,41,188.91,31,6.07,199.59,65.95,5,2.98,5.76,2.86,-10.68
2026-03-24 18:00:00,6,38.17,5,8.05,34.37,24.0,2,3.22,4.85,1.59,3.8
2026-03-24 19:00:00,17,104.55,14,7.73,102.18,28.91,2,3.01,5.21,3.62,2.37
2026-03-24 20:00:00,10,52.86,8,7.17,52.48,28.29,2,2.7,4.8,1.87,0.38
2026-03-24 21:00:00,8,37.38,6,6.34,35.4,25.95,2,2.49,4.02,1.44,1.98
2026-03-24 22:00:00,5,34.11,4,9.19,35.03,28.59,2,3.96,5.48,1.19,-0.92
2026-03-24 23:00:00,9,77.67,8,9.74,71.14,26.31,2,3.91,4.27,2.95,6.53
2026-03-25 00:00:00,5,25.59,4,6.51,27.24,24.36,2,2.29,3.82,1.05,-1.65
2026-03-25 01:00:00,5,34.17,4,9.18,33.93,24.71,2,2.34,3.4,1.38,0.24
2026-03-25 02:00:00,12,71.42,9,8.58,74.43,25.28,2,3.86,5.13,2.83,-3.01
2026-03-25 03:00:00,6,48.8,5,9.89,45.07,25.54,2,3.91,3.64,1.91,3.73
2026-03-25 04:00:00,5,27.28,4,6.76,24.89,27.57,2,3.57,5.07,0.99,2.39
2026-03-25 05:00:00,9,86.01,8,10.01,86.33,26.83,2,2.62,3.84,3.21,-0.32
2026-03-25 06:00:00,14,110.08,12,9.82,106.81,24.73,2,3.36,3.47,4.45,3.27
2026-03-25 07:00:00,65,497.71,58,8.25,542.15,63.84,5,3.96,3.6,7.8,-44.44
2026-03-25 08:00:00,63,714.89,60,12.42,686.98,60.35,5,5.63,5.13,11.85,27.91
2026-03-25 09:00:00,58,530.73,45,11.3,530.38,71.84,5,2.82,4.58,7.39,0.35
2026-03-25 10:00:00,57,388.52,45,8.78,386.35,68.2,5,3.0,3.93,5.7,2.17
2026-03-25 11:00:00,82,730.9,66,11.09,719.54,88.39,7,3.86,6.33,8.27,11.36
2026-03-25 12:00:00,87,716.75,74,9.76,654.88,99.71,7,4.2,6.65,7.19,61.87
2026-03-25 13:00:00,81,1050.87,79,12.68,1068.14,88.81,7,5.24,7.07,11.83,-17.27
2026-03-25 14:00:00,78,600.71,64,8.7,650.88,85.47,7,4.46,6.33,7.03,-50.17
2026-03-25 15:00:00,35,225.97,33,6.44,212.69,40.12,3,2.34,5.55,5.63,13.28
2026-03-25 16:00:00,39,230.6,37,6.73,233.25,42.4,3,2.05,5.85,5.44,-2.65
2026-03-25 17:00:00,47,265.77,42,6.75,256.21,70.46,5,3.7,5.68,3.77,9.56
2026-03-25 18:00:00,13,59.83,10,6.31,64.81,26.76,2,3.94,3.06,2.24,-4.98
2026-03-25 19:00:00,13,89.85,12,7.85,83.43,27.6,2,2.73,3.8,3.26,6.42
2026-03-25 20:00:00,5,35.93,4,8.4,35.12,24.82,2,2.94,3.63,1.45,0.81
2026-03-25 21:00:00,5,32.69,4,7.94,35.17,27.45,2,2.28,5.29,1.19,-2.48
2026-03-25 22:00:00,10,52.77,7,7.3,57.4,28.67,2,2.11,6.0,1.84,-4.63
2026-03-25 23:00:00,11,48.78,8,6.1,50.66,27.84,2,2.93,4.25,1.75,-1.88
2026-03-26 00:00:00,11,79.32,8,9.33,72.25,25.09,2,2.89,4.89,3.16,7.07
2026-03-26 01:00:00,5,35.09,4,8.61,35.07,25.84,2,3.86,4.14,1.36,0.02
2026-03-26 02:00:00,5,24.57,4,6.57,22.56,27.29,2,2.19,4.33,0.9,2.01
2026-03-26 03:00:00,6,51.12,5,9.81,48.71,28.47,2,3.29,5.42,1.8,2.41
2026-03-26 04:00:00,6,40.02,5,7.9,42.58,24.99,2,3.84,3.05,1.6,-2.56
2026-03-26 05:00:00,5,37.13,4,8.85,38.86,26.36,2,2.41,4.65,1.41,-1.73
2026-03-26 06:00:00,19,155.18,16,10.03,161.45,30.0,2,2.19,5.89,5.17,-6.27
2026-03-26 07:00:00,57,507.03,44,11.3,537.04,65.33,5,2.93,4.3,7.76,-30.01
2026-03-26 08:00:00,58,674.45,56,12.46,609.48,66.09,5,3.33,3.43,10.21,64.97
2026-03-26 09:00:00,56,499.53,46,11.55,545.67,72.48,5,3.75,5.68,6.89,-46.14
2026-03-26 10:00:00,55,474.5,45,10.99,476.2,70.57,5,3.16,4.74,6.72,-1.7
2026-03-26 11:00:00,86,900.3,78,11.21,937.89,103.04,7,5.19,6.21,8.74,-37.59
2026-03-26 12:00:00,54,569.75,46,11.92,561.84,72.14,5,3.54,5.99,7.9,7.91
2026-03-26 13:00:00,85,680.66,63,11.34,745.17,85.1,7,4.82,5.46,8.0,-64.51
2026-03-26 14:00:00,85,960.22,77,11.89,1037.51,104.5,7,5.59,7.13,9.19,-77.29
2026-03-26 15:00:00,43,289.11,36,7.55,277.65,74.0,5,3.17,4.13,3.91,11.46
2026-03-26 16:00:00,36,301.44,34,8.79,293.02,37.16,3,2.7,3.73,8.11,8.42
2026-03-26 17:00:00,35,215.05,27,8.11,234.09,41.04,3,3.76,4.51,5.24,-19.04
2026-03-26 18:00:00,18,109.97,16,7.33,105.06,28.94,2,3.56,4.45,3.8,4.91
2026-03-26 19:00:00,20,95.17,15,6.85,100.31,39.45,3,2.37,5.15,2.41,-5.14
2026-03-26 20:00:00,5,33.16,4,8.81,32.78,28.19,2,2.28,4.21,1.18,0.38
2026-03-26 21:00:00,5,26.4,4,6.37,25.21,24.66,2,3.4,4.58,1.07,1.19
2026-03-26 22:00:00,11,72.05,10,6.99,73.95,28.88,2,2.38,4.69,2.49,-1.9
2026-03-26 23:00:00,5,42.18,4,10.05,41.7,25.79,2,4.0,3.94,1.64,0.48
2026-03-27 00:00:00,5,32.47,4,8.4,31.15,27.9,2,2.86,3.51,1.16,1.32
2026-03-27 01:00:00,5,33.23,4,8.28,33.49,25.56,2,3.32,5.56,1.3,-0.26
2026-03-27 02:00:00,5,34.4,4,8.56,33.7,28.21,2,3.69,4.17,1.22,0.7
2026-03-27 03:00:00,10,81.17,8,10.23,89.02,24.35,2,3.78,4.51,3.33,-7.85
2026-03-27 04:00:00,7,49.44,6,8.62,53.75,27.01,2,3.37,4.68,1.83,-4.31
2026-03-27 05:00:00,7,36.49,6,6.48,38.29,24.29,2,3.34,4.33,1.5,-1.8
2026-03-27 06:00:00,22,138.17,17,7.68,142.99,39.69,3,3.57,3.71,3.48,-4.82
2026-03-27 07:00:00,76,802.01,70,12.34,812.67,104.18,7,4.94,6.58,7.7,-10.66
2026-03-27 08:00:00,61,568.23,50,12.14,562.41,62.63,5,3.55,4.8,9.07,5.82
2026-03-27 09:00:00,64,493.29,52,9.12,477.78,62.19,5,5.22,3.28,7.93,15.51
2026-03-27 10:00:00,59,487.75,58,8.66,513.19,61.57,5,3.99,4.52,7.92,-25.44
2026-03-27 11:00:00,80,680.23,64,10.86,686.2,90.4,7,3.83,7.24,7.52,-5.97
2026-03-27 12:00:00,79,811.83,67,11.23,755.06,96.86,7,4.73,4.85,8.38,56.77
2026-03-27 13:00:00,75,769.94,63,11.37,699.01,94.38,7,3.31,6.15,8.16,70.93
2026-03-27 14:00:00,76,628.42,65,10.38,686.03,102.25,7,5.96,6.92,6.15,-57.61
2026-03-27 15:00:00,38,273.47,28,10.55,259.56,36.41,3,3.58,5.96,7.51,13.91
2026-03-27 16:00:00,47,342.17,36,10.02,333.47,61.49,5,3.91,4.22,5.56,8.7
2026-03-27 17:00:00,39,321.7,32,9.83,318.44,39.64,3,3.54,5.83,8.12,3.26
2026-03-27 18:00:00,19,119.46,15,7.5,125.15,24.17,2,2.76,5.53,4.94,-5.69
2026-03-27 19:00:00,19,104.64,18,6.1,107.66,24.15,2,3.08,5.61,4.33,-3.02
2026-03-27 20:00:00,10,86.18,8,10.98,89.41,26.15,2,2.9,3.86,3.3,-3.23
2026-03-27 21:00:00,11,107.41,10,10.7,102.28,24.51,2,3.43,5.08,4.38,5.13
2026-03-27 22:00:00,5,28.64,4,7.35,26.55,29.23,2,3.75,3.54,0.98,2.09
2026-03-27 23:00:00,10,49.78,8,6.03,53.24,24.54,2,3.68,3.9,2.03,-3.46
2026-03-28 00:00:00,22,136.11,16,8.03,139.28,59.07,4,3.45,4.27,2.3,-3.17
2026-03-28 01:00:00,25,138.01,21,6.98,127.89,57.68,4,3.85,5.64,2.39,10.12
2026-03-28 02:00:00,25,175.65,20,8.5,164.89,53.95,4,3.9,3.98,3.26,10.76
2026-03-28 03:00:00,29,203.66,24,8.68,183.48,57.37,4,3.28,5.12,3.55,20.18
2026-03-28 04:00:00,33,208.66,29,7.0,193.52,59.3,4,3.45,3.47,3.52,15.14
2026-03-28 05:00:00,22,161.92,19,8.53,177.99,50.23,4,3.47,5.27,3.22,-16.07
2026-03-28 06:00:00,32,242.98,26,8.87,236.97,55.29,4,2.05,4.62,4.39,6.01
2026-03-28 07:00:00,87,921.7,78,11.59,912.69,112.21,8,4.34,6.1,8.21,9.01
2026-03-28 08:00:00,78,670.62,77,8.36,606.37,107.37,8,6.65,5.45,6.25,64.25
2026-03-28 09:00:00,81,749.29,61,12.17,722.83,102.55,8,5.43,7.12,7.31,26.46
2026-03-28 10:00:00,107,634.8,92,6.44,684.3,104.2,8,5.96,5.71,6.09,-49.5
2026-03-28 11:00:00,103,941.77,91,10.24,972.06,116.78,8,5.94,6.51,8.06,-30.29
2026-03-28 12:00:00,103,790.53,80,10.45,840.59,116.19,8,4.77,4.95,6.8,-50.06
2026-03-28 13:00:00,103,769.22,77,9.77,713.01,98.36,8,4.56,7.25,7.82,56.21
2026-03-28 14:00:00,105,1002.62,103,9.25,1013.77,105.04,8,5.06,6.45,9.55,-11.15
2026-03-28 15:00:00,65,567.79,60,9.4,575.35,82.87,6,6.25,3.32,6.85,-7.56
2026-03-28 16:00:00,58,516.9,50,10.04,555.59,79.69,6,3.94,4.59,6.49,-38.69
2026-03-28 17:00:00,67,489.38,59,8.99,528.99,88.51,6,6.05,5.25,5.53,-39.61
2026-03-28 18:00:00,33,266.09,27,10.47,280.38,56.3,4,2.99,3.41,4.73,-14.29
2026-03-28 19:00:00,39,274.47,35,8.03,291.43,56.67,4,2.81,5.47,4.84,-16.96
2026-03-28 20:00:00,27,220.14,23,9.17,223.86,55.08,4,2.88,3.24,4.0,-3.72
2026-03-28 21:00:00,27,146.94,20,7.87,158.21,55.69,4,3.75,3.71,2.64,-11.27
2026-03-28 22:00:00,25,197.17,22,9.57,204.29,56.97,4,2.25,5.96,3.46,-7.12
2026-03-28 23:00:00,29,180.39,24,6.99,187.25,51.27,4,2.65,5.19,3.52,-6.86
2026-03-29 00:00:00,26,161.76,21,7.9,171.44,55.13,4,2.8,3.42,2.93,-9.68
2026-03-29 01:00:00,23,185.12,22,8.12,197.74,52.54,4,3.72,4.4,3.52,-12.62
2026-03-29 02:00:00,24,186.54,22,8.95,169.34,49.92,4,2.84,3.13,3.74,17.2
2026-03-29 03:00:00,34,302.48,30,10.49,292.19,48.31,4,3.12,5.91,6.26,10.29
2026-03-29 04:00:00,34,293.32,31,9.51,266.77,51.49,4,2.32,5.22,5.7,26.55
2026-03-29 05:00:00,22,121.14,17,6.65,115.18,59.45,4,3.3,4.64,2.04,5.96
2026-03-29 06:00:00,33,290.67,29,9.74,297.4,59.42,4,2.61,3.74,4.89,-6.73
2026-03-29 07:00:00,85,699.19,78,8.77,751.75,105.58,8,5.02,7.08,6.62,-52.56
2026-03-29 08:00:00,61,476.04,49,10.16,439.17,74.82,6,3.72,5.94,6.36,36.87
2026-03-29 09:00:00,76,822.29,75,10.58,854.48,113.59,8,4.62,4.7,7.24,-32.19
2026-03-29 10:00:00,85,605.11,76,8.44,661.12,106.78,8,5.82,6.39,5.67,-56.01
2026-03-29 11:00:00,98,970.53,87,11.96,1010.43,110.75,8,4.36,4.88,8.76,-39.9
2026-03-29 12:00:00,99,936.98,78,11.76,847.96,101.36,8,3.94,6.97,9.24,89.02
2026-03-29 13:00:00,95,916.33,79,12.08,990.39,103.96,8,5.02,4.43,8.81,-74.06
2026-03-29 14:00:00,107,1034.53,80,12.17,1024.21,117.91,8,5.6,6.79,8.77,10.32
2026-03-29 15:00:00,66,543.6,57,8.93,570.53,83.68,6,4.08,5.3,6.5,-26.93
2026-03-29 16:00:00,65,661.01,63,9.9,691.96,84.7,6,4.98,5.23,7.8,-30.95
2026-03-29 17:00:00,80,636.86,72,8.75,599.78,106.52,8,6.08,7.56,5.98,37.08
2026-03-29 18:00:00,32,194.35,28,6.9,197.57,58.87,4,2.32,5.86,3.3,-3.22
2026-03-29 19:00:00,37,369.06,33,10.36,402.42,49.9,4,2.72,4.29,7.4,-33.36
2026-03-29 20:00:00,17,102.24,13,8.21,96.77,40.01,3,3.91,5.42,2.56,5.47
2026-03-29 21:00:00,26,254.57,25,9.43,252.53,59.24,4,2.76,4.32,4.3,2.04
2026-03-29 22:00:00,22,167.76,18,9.94,152.89,58.99,4,2.84,4.26,2.84,14.87
2026-03-29 23:00:00,26,130.22,19,7.17,128.65,57.1,4,3.97,4.1,2.28,1.57
2026-03-30 00:00:00,11,82.18,10,8.23,83.3,25.92,2,3.19,4.69,3.17,-1.12
2026-03-30 01:00:00,14,93.89,12,7.4,87.38,24.94,2,3.58,5.68,3.76,6.51
2026-03-30 02:00:00,11,66.26,8,8.12,64.57,29.06,2,3.32,4.57,2.28,1.69
2026-03-30 03:00:00,6,43.35,5,8.51,47.3,24.69,2,2.71,5.85,1.76,-3.95
2026-03-30 04:00:00,5,21.44,3,6.98,23.16,28.99,2,3.78,3.8,0.74,-1.72
2026-03-30 05:00:00,5,33.33,4,7.95,32.71,28.39,2,3.4,3.44,1.17,0.62
2026-03-30 06:00:00,11,60.36,10,6.09,57.05,28.17,2,2.7,5.92,2.14,3.31
2026-03-30 07:00:00,61,613.12,59,10.3,642.34,63.36,5,5.43,4.94,9.68,-29.22
2026-03-30 08:00:00,64,418.33,48,9.43,454.43,69.44,5,5.82,5.62,6.02,-36.1
2026-03-30 09:00:00,57,532.22,55,10.35,539.21,61.39,5,2.19,4.23,8.67,-6.99
2026-03-30 10:00:00,63,484.55,54,8.47,523.66,74.27,5,4.67,3.52,6.52,-39.11
2026-03-30 11:00:00,83,636.29,63,9.94,667.96,84.11,7,4.65,6.24,7.56,-31.67
2026-03-30 12:00:00,87,698.27,79,8.24,635.08,100.21,7,6.9,7.04,6.97,63.19
2026-03-30 13:00:00,76,636.86,63,10.24,607.59,92.27,7,4.65,4.81,6.9,29.27
2026-03-30 14:00:00,84,833.72,71,11.51,868.32,87.93,7,3.9,4.48,9.48,-34.6
2026-03-30 15:00:00,41,191.36,33,6.23,188.4,63.95,5,2.73,5.6,2.99,2.96
2026-03-30 16:00:00,57,324.39,47,6.81,317.41,69.54,5,2.97,5.56,4.66,6.98
2026-03-30 17:00:00,37,260.34,28,9.39,270.19,40.23,3,2.01,5.02,6.47,-9.85
2026-03-30 18:00:00,18,135.54,15,9.18,138.06,25.63,2,2.45,3.64,5.29,-2.52
2026-03-30 19:00:00,16,94.76,14,6.39,102.78,29.56,2,3.09,5.44,3.21,-8.02
2026-03-30 20:00:00,5,44.63,4,10.79,40.7,24.76,2,2.66,4.21,1.8,3.93
2026-03-30 21:00:00,5,39.6,4,9.26,37.89,26.56,2,3.45,3.52,1.49,1.71
2026-03-30 22:00:00,5,35.43,4,8.67,38.45,24.38,2,3.22,3.63,1.45,-3.02
2026-03-30 23:00:00,5,31.11,4,8.31,34.03,28.83,2,2.15,5.13,1.08,-2.92
2026-03-31 00:00:00,5,43.23,4,10.23,47.41,27.54,2,2.36,4.57,1.57,-4.18
2026-03-31 01:00:00,5,32.63,4,7.73,30.32,25.2,2,2.86,3.43,1.29,2.31
2026-03-31 02:00:00,5,32.69,4,8.38,29.55,27.97,2,2.66,3.04,1.17,3.14
2026-03-31 03:00:00,12,73.44,9,8.74,69.3,29.09,2,3.46,3.97,2.52,4.14
2026-03-31 04:00:00,12,108.81,10,10.42,103.22,26.0,2,3.54,3.45,4.19,5.59
2026-03-31 05:00:00,7,43.13,6,7.52,43.76,26.86,2,3.17,5.24,1.61,-0.63
2026-03-31 06:00:00,22,154.8,17,8.9,163.12,38.36,3,2.68,4.5,4.04,-8.32
2026-03-31 07:00:00,64,380.66,53,7.71,388.85,64.98,5,5.01,3.44,5.86,-8.19
2026-03-31 08:00:00,56,454.94,50,9.08,450.52,66.1,5,3.02,4.76,6.88,4.42
2026-03-31 09:00:00,55,578.38,51,12.01,542.88,69.76,5,3.67,4.56,8.29,35.5
2026-03-31 10:00:00,63,331.61,53,6.04,357.14,67.71,5,4.86,5.71,4.9,-25.53
2026-03-31 11:00:00,85,761.22,77,10.54,782.24,84.56,7,3.19,6.48,9.0,-21.02
2026-03-31 12:00:00,80,1030.57,78,12.37,1028.41,89.85,7,6.79,4.82,11.47,2.16
2026-03-31 13:00:00,86,697.73,68,10.07,747.89,90.37,7,5.12,5.63,7.72,-50.16
2026-03-31 14:00:00,79,868.57,68,12.42,811.49,94.64,7,6.94,5.94,9.18,57.08
2026-03-31 15:00:00,36,306.44,29,10.23,276.02,43.24,3,2.01,5.61,7.09,30.42
2026-03-31 16:00:00,42,257.68,40,6.29,281.05,62.05,5,3.46,4.95,4.15,-23.37
2026-03-31 17:00:00,47,430.22,45,9.1,407.31,70.15,5,2.42,3.23,6.13,22.91
2026-03-31 18:00:00,17,117.41,14,7.9,113.18,29.98,2,3.04,4.43,3.92,4.23
2026-03-31 19:00:00,21,108.36,16,7.07,97.88,42.93,3,3.85,3.15,2.52,10.48
2026-03-31 20:00:00,5,41.26,4,10.49,38.1,27.81,2,3.48,4.79,1.48,3.16
2026-03-31 21:00:00,6,43.55,5,8.37,43.63,26.85,2,2.15,4.42,1.62,-0.08
2026-03-31 22:00:00,5,33.03,4,7.69,35.98,26.42,2,3.13,4.61,1.25,-2.95
2026-03-31 23:00:00,5,31.12,4,7.62,29.11,27.63,2,3.35,3.54,1.13,2.01
