window_start,channel,sku,units,orders
2026-01-01 06:00:00,counter,breakfast_wrap,1,1
2026-01-01 06:00:00,counter,hash_brown,1,1
2026-01-01 06:00:00,delivery,breakfast_wrap,2,2
2026-01-01 06:00:00,delivery,hash_brown,2,2
2026-01-01 06:00:00,drive_thru,breakfast_wrap,2,1
2026-01-01 06:30:00,delivery,breakfast_wrap,1,1
2026-01-01 06:30:00,drive_thru,breakfast_wrap,1,1
2026-01-01 06:45:00,counter,breakfast_wrap,1,1
2026-01-01 06:45:00,counter,hash_brown,1,1
2026-01-01 06:45:00,drive_thru,breakfast_wrap,1,1
2026-01-01 06:45:00,drive_thru,hash_brown,2,2
2026-01-01 07:00:00,counter,hash_brown,4,3
2026-01-01 07:00:00,drive_thru,breakfast_wrap,2,2
2026-01-01 07:00:00,drive_thru,hash_brown,1,1
2026-01-01 07:15:00,counter,breakfast_wrap,2,2
2026-01-01 07:15:00,counter,hash_brown,5,4
2026-01-01 07:15:00,drive_thru,hash_brown,1,1
2026-01-01 07:30:00,delivery,breakfast_wrap,1,1
2026-01-01 07:30:00,delivery,hash_brown,1,1
2026-01-01 07:30:00,drive_thru,hash_brown,1,1
2026-01-01 07:45:00,counter,hash_brown,1,1
2026-01-01 07:45:00,delivery,breakfast_wrap,1,1
2026-01-01 07:45:00,delivery,hash_brown,1,1
2026-01-01 07:45:00,drive_thru,breakfast_wrap,2,1
2026-01-01 07:45:00,drive_thru,hash_brown,1,1
2026-01-01 08:00:00,counter,breakfast_wrap,1,1
2026-01-01 08:00:00,delivery,breakfast_wrap,1,1
2026-01-01 08:00:00,delivery,hash_brown,1,1
2026-01-01 08:00:00,drive_thru,breakfast_wrap,3,2
2026-01-01 08:00:00,drive_thru,hash_brown,1,1
2026-01-01 08:15:00,counter,breakfast_wrap,1,1
2026-01-01 08:15:00,counter,hash_brown,2,2
2026-01-01 08:15:00,delivery,hash_brown,1,1
2026-01-01 08:15:00,drive_thru,hash_brown,1,1
2026-01-01 08:30:00,drive_thru,breakfast_wrap,4,3
2026-01-01 08:30:00,drive_thru,hash_brown,2,2
2026-01-01 08:45:00,counter,breakfast_wrap,1,1
2026-01-01 08:45:00,counter,hash_brown,1,1
2026-01-01 08:45:00,delivery,breakfast_wrap,2,1
2026-01-01 08:45:00,delivery,hash_brown,1,1
2026-01-01 08:45:00,drive_thru,breakfast_wrap,5,4
2026-01-01 08:45:00,drive_thru,hash_brown,2,2
2026-01-01 09:00:00,delivery,breakfast_wrap,2,1
2026-01-01 09:00:00,drive_thru,breakfast_wrap,1,1
2026-01-01 09:00:00,drive_thru,hash_brown,1,1
2026-01-01 09:15:00,counter,hash_brown,2,2
2026-01-01 09:15:00,delivery,breakfast_wrap,2,1
2026-01-01 09:15:00,delivery,hash_brown,1,1
2026-01-01 09:30:00,delivery,breakfast_wrap,1,1
2026-01-01 09:30:00,drive_thru,breakfast_wrap,4,3
2026-01-01 09:30:00,drive_thru,hash_brown,1,1
2026-01-01 09:45:00,counter,breakfast_wrap,3,1
2026-01-01 09:45:00,delivery,breakfast_wrap,1,1
2026-01-01 09:45:00,delivery,hash_brown,2,1
2026-01-01 09:45:00,drive_thru,breakfast_wrap,1,1
2026-01-01 10:00:00,delivery,hash_brown,1,1
2026-01-01 10:15:00,counter,hash_brown,1,1
2026-01-01 10:15:00,delivery,breakfast_wrap,2,1
2026-01-01 10:15:00,delivery,hash_brown,2,1
2026-01-01 10:15:00,drive_thru,breakfast_wrap,1,1
2026-01-01 10:15:00,drive_thru,hash_brown,3,2
2026-01-01 10:30:00,counter,breakfast_wrap,1,1
2026-01-01 10:30:00,drive_thru,breakfast_wrap,1,1
2026-01-01 10:45:00,counter,breakfast_wrap,3,1
2026-01-01 10:45:00,counter,hash_brown,1,1
2026-01-01 11:00:00,counter,chicken_tenders,1,1
2026-01-01 11:00:00,counter,fries,1,1
2026-01-01 11:00:00,delivery,breakfast_wrap,1,1
2026-01-01 11:00:00,delivery,chicken_tenders,1,1
2026-01-01 11:00:00,delivery,fries,1,1
2026-01-01 11:00:00,delivery,hash_brown,1,1
2026-01-01 11:00:00,drive_thru,chicken_tenders,1,1
2026-01-01 11:15:00,counter,fries,1,1
2026-01-01 11:30:00,counter,chicken_tenders,1,1
2026-01-01 11:30:00,counter,fries,1,1
2026-01-01 11:45:00,drive_thru,chicken_tenders,2,2
2026-01-01 11:45:00,drive_thru,fries,1,1
2026-01-01 12:00:00,counter,chicken_tenders,4,4
2026-01-01 12:00:00,counter,fries,2,2
2026-01-01 12:00:00,delivery,fries,3,1
2026-01-01 12:00:00,drive_thru,chicken_tenders,3,2
2026-01-01 12:00:00,drive_thru,fries,1,1
2026-01-01 12:15:00,counter,chicken_tenders,3,3
2026-01-01 12:15:00,delivery,fries,1,1
2026-01-01 12:15:00,drive_thru,chicken_tenders,4,2
2026-01-01 12:15:00,drive_thru,fries,3,2
2026-01-01 12:30:00,counter,chicken_tenders,3,2
2026-01-01 12:30:00,drive_thru,chicken_tenders,1,1
2026-01-01 12:30:00,drive_thru,fries,2,2
2026-01-01 12:45:00,counter,chicken_tenders,3,1
2026-01-01 12:45:00,counter,fries,1,1
2026-01-01 12:45:00,delivery,chicken_tenders,2,2
2026-01-01 12:45:00,delivery,fries,1,1
2026-01-01 13:00:00,counter,chicken_tenders,2,2
2026-01-01 13:00:00,counter,fries,2,1
2026-01-01 13:00:00,delivery,chicken_tenders,4,3
2026-01-01 13:00:00,delivery,fries,3,2
2026-01-01 13:00:00,drive_thru,fries,2,1
2026-01-01 13:15:00,counter,chicken_tenders,3,2
2026-01-01 13:15:00,counter,fries,1,1
2026-01-01 13:15:00,delivery,chicken_tenders,5,4
2026-01-01 13:15:00,delivery,fries,1,1
2026-01-01 13:15:00,drive_thru,chicken_tenders,2,2
2026-01-01 13:15:00,drive_thru,fries,1,1
2026-01-01 13:30:00,delivery,chicken_tenders,1,1
2026-01-01 13:45:00,counter,chicken_tenders,4,3
2026-01-01 13:45:00,counter,fries,2,2
2026-01-01 13:45:00,delivery,chicken_tenders,1,1
2026-01-01 13:45:00,drive_thru,chicken_tenders,1,1
2026-01-01 14:00:00,counter,chicken_tenders,1,1
2026-01-01 14:00:00,drive_thru,chicken_tenders,2,1
2026-01-01 14:00:00,drive_thru,fries,1,1
2026-01-01 14:30:00,drive_thru,fries,2,1
2026-01-01 14:45:00,drive_thru,chicken_tenders,1,1
2026-01-01 15:15:00,counter,chicken_tenders,1,1
2026-01-01 15:15:00,counter,fries,1,1
2026-01-01 15:15:00,delivery,chicken_tenders,3,2
2026-01-01 15:30:00,counter,fries,1,1
2026-01-01 15:30:00,delivery,fries,2,2
2026-01-01 15:45:00,delivery,chicken_tenders,1,1
2026-01-01 16:00:00,counter,chicken_tenders,1,1
2026-01-01 16:00:00,delivery,chicken_tenders,1,1
2026-01-01 16:00:00,delivery,fries,2,1
2026-01-01 16:15:00,counter,chicken_tenders,5,3
2026-01-01 16:15:00,delivery,chicken_tenders,1,1
2026-01-01 16:15:00,delivery,fries,1,1
2026-01-01 16:30:00,counter,chicken_tenders,1,1
2026-01-01 17:00:00,counter,chicken_tenders,2,1
2026-01-01 17:00:00,counter,fries,2,1
2026-01-01 17:00:00,delivery,fries,2,1
2026-01-01 17:00:00,drive_thru,chicken_tenders,1,1
2026-01-01 17:00:00,drive_thru,fries,1,1
2026-01-01 17:15:00,counter,chicken_tenders,3,2
2026-01-01 17:15:00,counter,fries,1,1
2026-01-01 17:15:00,delivery,chicken_tenders,1,1
2026-01-01 17:15:00,delivery,fries,2,2
2026-01-01 17:15:00,drive_thru,chicken_tenders,2,1
2026-01-01 17:15:00,drive_thru,fries,2,2
2026-01-01 17:30:00,counter,chicken_tenders,2,1
2026-01-01 17:30:00,drive_thru,chicken_tenders,2,1
2026-01-01 17:30:00,drive_thru,fries,1,1
2026-01-01 17:45:00,counter,chicken_tenders,1,1
2026-01-01 17:45:00,drive_thru,fries,5,2
2026-01-01 18:00:00,counter,fries,2,1
2026-01-01 18:00:00,delivery,chicken_tenders,1,1
2026-01-01 18:00:00,drive_thru,fries,1,1
2026-01-01 18:15:00,counter,chicken_tenders,2,2
2026-01-01 18:15:00,delivery,chicken_tenders,1,1
2026-01-01 18:15:00,delivery,fries,5,5
2026-01-01 18:15:00,drive_thru,fries,1,1
2026-01-01 18:30:00,counter,fries,2,1
2026-01-01 18:30:00,delivery,chicken_tenders,3,2
2026-01-01 18:45:00,counter,chicken_tenders,1,1
2026-01-01 18:45:00,counter,fries,1,1
2026-01-01 18:45:00,delivery,chicken_tenders,1,1
2026-01-01 18:45:00,delivery,fries,2,2
2026-01-01 18:45:00,drive_thru,chicken_tenders,1,1
2026-01-01 19:00:00,counter,fries,1,1
2026-01-01 19:00:00,delivery,chicken_tenders,3,2
2026-01-01 19:00:00,drive_thru,chicken_tenders,2,1
2026-01-01 19:00:00,drive_thru,fries,2,1
2026-01-01 19:15:00,drive_thru,chicken_tenders,1,1
2026-01-01 19:15:00,drive_thru,fries,2,1
2026-01-01 19:30:00,counter,chicken_tenders,1,1
2026-01-01 19:30:00,counter,fries,1,1
2026-01-01 19:30:00,delivery,chicken_tenders,1,1
2026-01-01 19:45:00,counter,chicken_tenders,2,2
2026-01-01 19:45:00,counter,fries,2,2
2026-01-01 19:45:00,drive_thru,chicken_tenders,1,1
2026-01-01 19:45:00,drive_thru,fries,3,2
2026-01-01 20:00:00,drive_thru,chicken_tenders,2,2
2026-01-01 20:00:00,drive_thru,fries,2,2
2026-01-01 20:15:00,counter,chicken_tenders,3,2
2026-01-01 20:15:00,counter,fries,4,2
2026-01-01 20:30:00,counter,fries,1,1
2026-01-01 20:30:00,delivery,chicken_tenders,1,1
2026-01-01 20:45:00,counter,fries,3,1
2026-01-01 21:15:00,delivery,chicken_tenders,1,1
2026-01-01 21:15:00,delivery,fries,1,1
2026-01-01 21:45:00,counter,chicken_tenders,1,1
2026-01-01 21:45:00,counter,fries,1,1
2026-01-01 21:45:00,delivery,fries,2,1
2026-01-01 21:45:00,drive_thru,chicken_tenders,2,1
2026-01-01 21:45:00,drive_thru,fries,2,2
2026-01-02 06:00:00,counter,hash_brown,1,1
2026-01-02 06:00:00,drive_thru,hash_brown,1,1
2026-01-02 06:15:00,drive_thru,breakfast_wrap,1,1
2026-01-02 06:15:00,drive_thru,hash_brown,2,1
2026-01-02 06:30:00,counter,breakfast_wrap,2,1
2026-01-02 06:30:00,drive_thru,hash_brown,1,1
2026-01-02 06:45:00,counter,hash_brown,3,1
2026-01-02 06:45:00,delivery,breakfast_wrap,3,2
2026-01-02 06:45:00,delivery,hash_brown,1,1
2026-01-02 07:00:00,counter,breakfast_wrap,3,3
2026-01-02 07:00:00,counter,hash_brown,1,1
2026-01-02 07:00:00,delivery,breakfast_wrap,1,1
2026-01-02 07:00:00,drive_thru,hash_brown,1,1
2026-01-02 07:15:00,counter,breakfast_wrap,6,3
2026-01-02 07:15:00,counter,hash_brown,2,1
2026-01-02 07:15:00,delivery,hash_brown,1,1
2026-01-02 07:30:00,counter,breakfast_wrap,4,2
2026-01-02 07:45:00,counter,breakfast_wrap,2,2
2026-01-02 07:45:00,counter,hash_brown,5,3
2026-01-02 07:45:00,delivery,breakfast_wrap,1,1
2026-01-02 07:45:00,delivery,hash_brown,1,1
2026-01-02 07:45:00,drive_thru,breakfast_wrap,1,1
2026-01-02 08:00:00,counter,breakfast_wrap,1,1
2026-01-02 08:00:00,delivery,hash_brown,4,3
2026-01-02 08:00:00,drive_thru,breakfast_wrap,1,1
2026-01-02 08:00:00,drive_thru,hash_brown,3,2
2026-01-02 08:15:00,counter,breakfast_wrap,1,1
2026-01-02 08:15:00,counter,hash_brown,1,1
2026-01-02 08:15:00,delivery,breakfast_wrap,2,1
2026-01-02 08:15:00,drive_thru,breakfast_wrap,1,1
2026-01-02 08:15:00,drive_thru,hash_brown,1,1
2026-01-02 08:30:00,counter,hash_brown,2,2
2026-01-02 08:30:00,delivery,hash_brown,1,1
2026-01-02 08:30:00,drive_thru,hash_brown,5,4
2026-01-02 08:45:00,counter,breakfast_wrap,4,4
2026-01-02 08:45:00,counter,hash_brown,3,3
2026-01-02 08:45:00,delivery,breakfast_wrap,2,1
2026-01-02 08:45:00,delivery,hash_brown,1,1
2026-01-02 08:45:00,drive_thru,breakfast_wrap,2,1
2026-01-02 08:45:00,drive_thru,hash_brown,6,4
2026-01-02 09:00:00,counter,breakfast_wrap,1,1
2026-01-02 09:00:00,counter,hash_brown,1,1
2026-01-02 09:00:00,delivery,breakfast_wrap,1,1
2026-01-02 09:00:00,drive_thru,hash_brown,5,2
2026-01-02 09:15:00,counter,breakfast_wrap,3,2
2026-01-02 09:15:00,counter,hash_brown,3,3
2026-01-02 09:15:00,delivery,breakfast_wrap,2,1
2026-01-02 09:15:00,delivery,hash_brown,2,2
2026-01-02 09:30:00,counter,breakfast_wrap,2,1
2026-01-02 09:30:00,counter,hash_brown,2,1
2026-01-02 09:30:00,delivery,breakfast_wrap,2,1
2026-01-02 09:30:00,drive_thru,breakfast_wrap,2,2
2026-01-02 09:30:00,drive_thru,hash_brown,3,2
2026-01-02 09:45:00,counter,breakfast_wrap,5,3
2026-01-02 09:45:00,counter,hash_brown,4,3
2026-01-02 09:45:00,delivery,breakfast_wrap,1,1
2026-01-02 09:45:00,drive_thru,breakfast_wrap,1,1
2026-01-02 09:45:00,drive_thru,hash_brown,2,2
2026-01-02 10:00:00,delivery,breakfast_wrap,1,1
2026-01-02 10:15:00,counter,breakfast_wrap,1,1
2026-01-02 10:15:00,counter,hash_brown,2,1
2026-01-02 11:00:00,counter,chicken_tenders,2,1
2026-01-02 11:00:00,delivery,chicken_tenders,2,1
2026-01-02 11:00:00,delivery,fries,1,1
2026-01-02 11:00:00,drive_thru,chicken_tenders,1,1
2026-01-02 11:00:00,drive_thru,fries,1,1
2026-01-02 11:15:00,counter,chicken_tenders,1,1
2026-01-02 11:15:00,counter,fries,2,2
2026-01-02 11:30:00,counter,chicken_tenders,1,1
2026-01-02 11:30:00,counter,fries,1,1
2026-01-02 11:30:00,drive_thru,chicken_tenders,1,1
2026-01-02 11:30:00,drive_thru,fries,3,2
2026-01-02 12:00:00,counter,chicken_tenders,3,2
2026-01-02 12:00:00,counter,fries,2,2
2026-01-02 12:00:00,drive_thru,chicken_tenders,1,1
2026-01-02 12:00:00,drive_thru,fries,3,2
2026-01-02 12:15:00,counter,chicken_tenders,2,2
2026-01-02 12:15:00,counter,fries,8,7
2026-01-02 12:15:00,drive_thru,chicken_tenders,4,3
2026-01-02 12:15:00,drive_thru,fries,1,1
2026-01-02 12:30:00,counter,fries,2,2
2026-01-02 12:30:00,delivery,chicken_tenders,1,1
2026-01-02 12:30:00,delivery,fries,1,1
2026-01-02 12:45:00,counter,fries,2,1
2026-01-02 12:45:00,delivery,fries,3,2
2026-01-02 12:45:00,drive_thru,fries,7,4
2026-01-02 13:00:00,counter,chicken_tenders,3,3
2026-01-02 13:00:00,counter,fries,2,2
2026-01-02 13:00:00,drive_thru,chicken_tenders,3,3
2026-01-02 13:00:00,drive_thru,fries,2,1
2026-01-02 13:15:00,counter,fries,5,2
2026-01-02 13:15:00,delivery,fries,1,1
2026-01-02 13:15:00,drive_thru,chicken_tenders,1,1
2026-01-02 13:30:00,counter,fries,1,1
2026-01-02 13:30:00,delivery,chicken_tenders,2,2
2026-01-02 13:30:00,delivery,fries,1,1
2026-01-02 13:30:00,drive_thru,chicken_tenders,4,2
2026-01-02 13:30:00,drive_thru,fries,1,1
2026-01-02 13:45:00,counter,chicken_tenders,3,2
2026-01-02 13:45:00,counter,fries,2,2
2026-01-02 13:45:00,drive_thru,chicken_tenders,5,3
2026-01-02 14:00:00,counter,fries,1,1
2026-01-02 14:15:00,counter,chicken_tenders,1,1
2026-01-02 14:30:00,counter,chicken_tenders,1,1
2026-01-02 14:30:00,delivery,chicken_tenders,2,2
2026-01-02 14:30:00,delivery,fries,5,3
2026-01-02 15:00:00,counter,chicken_tenders,1,1
2026-01-02 15:15:00,counter,fries,1,1
2026-01-02 15:15:00,drive_thru,chicken_tenders,1,1
2026-01-02 15:30:00,counter,fries,1,1
2026-01-02 15:30:00,delivery,chicken_tenders,2,1
2026-01-02 15:30:00,drive_thru,chicken_tenders,4,3
2026-01-02 15:45:00,delivery,chicken_tenders,1,1
2026-01-02 16:00:00,counter,chicken_tenders,2,1
2026-01-02 16:00:00,delivery,chicken_tenders,2,1
2026-01-02 16:00:00,drive_thru,chicken_tenders,1,1
2026-01-02 16:15:00,counter,chicken_tenders,1,1
2026-01-02 16:15:00,drive_thru,fries,3,2
2026-01-02 16:30:00,delivery,chicken_tenders,2,1
2026-01-02 16:30:00,drive_thru,chicken_tenders,3,1
2026-01-02 16:45:00,counter,chicken_tenders,2,1
2026-01-02 16:45:00,counter,fries,1,1
2026-01-02 16:45:00,drive_thru,chicken_tenders,1,1
2026-01-02 17:00:00,drive_thru,chicken_tenders,1,1
2026-01-02 17:00:00,drive_thru,fries,1,1
2026-01-02 17:15:00,counter,chicken_tenders,2,2
2026-01-02 17:15:00,counter,fries,1,1
2026-01-02 17:15:00,delivery,chicken_tenders,1,1
2026-01-02 17:15:00,delivery,fries,2,2
2026-01-02 17:15:00,drive_thru,fries,1,1
2026-01-02 17:30:00,counter,chicken_tenders,3,2
2026-01-02 17:30:00,counter,fries,2,1
2026-01-02 17:45:00,counter,chicken_tenders,1,1
2026-01-02 17:45:00,counter,fries,1,1
2026-01-02 17:45:00,delivery,chicken_tenders,1,1
2026-01-02 17:45:00,drive_thru,fries,2,1
2026-01-02 18:00:00,counter,chicken_tenders,1,1
2026-01-02 18:00:00,delivery,chicken_tenders,1,1
2026-01-02 18:00:00,delivery,fries,1,1
2026-01-02 18:15:00,counter,chicken_tenders,1,1
2026-01-02 18:15:00,counter,fries,2,2
2026-01-02 18:15:00,drive_thru,chicken_tenders,2,1
2026-01-02 18:30:00,counter,fries,1,1
2026-01-02 18:30:00,drive_thru,chicken_tenders,2,2
2026-01-02 18:30:00,drive_thru,fries,2,2
2026-01-02 18:45:00,counter,chicken_tenders,2,1
2026-01-02 18:45:00,counter,fries,1,1
2026-01-02 18:45:00,drive_thru,chicken_tenders,1,1
2026-01-02 18:45:00,drive_thru,fries,3,2
2026-01-02 19:00:00,counter,chicken_tenders,2,1
2026-01-02 19:00:00,delivery,chicken_tenders,1,1
2026-01-02 19:00:00,delivery,fries,1,1
2026-01-02 19:00:00,drive_thru,chicken_tenders,1,1
2026-01-02 19:00:00,drive_thru,fries,2,1
2026-01-02 19:15:00,counter,chicken_tenders,1,1
2026-01-02 19:15:00,delivery,fries,1,1
2026-01-02 19:15:00,drive_thru,chicken_tenders,1,1
2026-01-02 19:15:00,drive_thru,fries,1,1
2026-01-02 19:30:00,counter,fries,2,1
2026-01-02 19:30:00,delivery,chicken_tenders,2,1
2026-01-02 19:30:00,drive_thru,fries,2,2
2026-01-02 19:45:00,counter,chicken_tenders,2,2
2026-01-02 19:45:00,counter,fries,1,1
2026-01-02 19:45:00,drive_thru,fries,1,1
2026-01-02 20:00:00,counter,chicken_tenders,1,1
2026-01-02 20:00:00,counter,fries,1,1
2026-01-02 20:15:00,delivery,chicken_tenders,1,1
2026-01-02 20:15:00,delivery,fries,1,1
2026-01-02 20:30:00,counter,chicken_tenders,1,1
2026-01-02 20:30:00,delivery,chicken_tenders,1,1
2026-01-02 20:45:00,counter,fries,1,1
2026-01-02 20:45:00,drive_thru,chicken_tenders,2,2
2026-01-02 20:45:00,drive_thru,fries,2,2
2026-01-02 21:00:00,counter,fries,2,1
2026-01-02 21:00:00,delivery,chicken_tenders,2,2
2026-01-02 21:00:00,delivery,fries,1,1
2026-01-02 21:00:00,drive_thru,chicken_tenders,1,1
2026-01-02 21:15:00,delivery,chicken_tenders,2,1
2026-01-02 21:15:00,drive_thru,chicken_tenders,1,1
2026-01-02 21:30:00,counter,fries,1,1
2026-01-02 21:30:00,delivery,chicken_tenders,2,1
2026-01-02 21:30:00,delivery,fries,1,1
2026-01-02 21:30:00,drive_thru,fries,1,1
2026-01-02 21:45:00,counter,chicken_tenders,2,1
2026-01-03 06:00:00,delivery,breakfast_wrap,1,1
2026-01-03 06:00:00,drive_thru,breakfast_wrap,2,1
2026-01-03 06:00:00,drive_thru,hash_brown,4,2
2026-01-03 06:15:00,counter,hash_brown,2,2
2026-01-03 06:15:00,delivery,hash_brown,1,1
2026-01-03 06:15:00,drive_thru,breakfast_wrap,1,1
2026-01-03 06:30:00,counter,breakfast_wrap,1,1
2026-01-03 06:30:00,delivery,hash_brown,4,2
2026-01-03 06:45:00,counter,breakfast_wrap,3,2
2026-01-03 06:45:00,delivery,breakfast_wrap,2,1
2026-01-03 06:45:00,delivery,hash_brown,1,1
2026-01-03 06:45:00,drive_thru,hash_brown,3,2
2026-01-03 07:00:00,counter,breakfast_wrap,2,2
2026-01-03 07:00:00,delivery,breakfast_wrap,1,1
2026-01-03 07:00:00,delivery,hash_brown,2,1
2026-01-03 07:00:00,drive_thru,hash_brown,1,1
2026-01-03 07:15:00,counter,breakfast_wrap,3,2
2026-01-03 07:15:00,counter,hash_brown,4,3
2026-01-03 07:15:00,delivery,hash_brown,1,1
2026-01-03 07:15:00,drive_thru,breakfast_wrap,4,3
2026-01-03 07:15:00,drive_thru,hash_brown,1,1
2026-01-03 07:30:00,counter,breakfast_wrap,2,2
2026-01-03 07:30:00,delivery,breakfast_wrap,1,1
2026-01-03 07:30:00,delivery,hash_brown,2,1
2026-01-03 07:45:00,counter,breakfast_wrap,2,2
2026-01-03 07:45:00,counter,hash_brown,2,2
2026-01-03 07:45:00,drive_thru,breakfast_wrap,3,3
2026-01-03 07:45:00,drive_thru,hash_brown,4,3
2026-01-03 08:00:00,counter,hash_brown,2,2
2026-01-03 08:15:00,counter,breakfast_wrap,1,1
2026-01-03 08:15:00,delivery,breakfast_wrap,1,1
2026-01-03 08:15:00,drive_thru,breakfast_wrap,2,1
2026-01-03 08:30:00,counter,hash_brown,1,1
2026-01-03 08:30:00,delivery,breakfast_wrap,2,2
2026-01-03 08:30:00,drive_thru,breakfast_wrap,2,2
2026-01-03 08:30:00,drive_thru,hash_brown,1,1
2026-01-03 08:45:00,counter,breakfast_wrap,3,2
2026-01-03 08:45:00,counter,hash_brown,2,1
2026-01-03 08:45:00,delivery,hash_brown,2,1
2026-01-03 09:00:00,counter,breakfast_wrap,2,2
2026-01-03 09:00:00,delivery,breakfast_wrap,2,1
2026-01-03 09:00:00,delivery,hash_brown,1,1
2026-01-03 09:00:00,drive_thru,breakfast_wrap,1,1
2026-01-03 09:00:00,drive_thru,hash_brown,1,1
2026-01-03 09:15:00,counter,breakfast_wrap,1,1
2026-01-03 09:15:00,counter,hash_brown,1,1
2026-01-03 09:15:00,drive_thru,breakfast_wrap,3,2
2026-01-03 09:30:00,counter,hash_brown,1,1
2026-01-03 09:30:00,drive_thru,breakfast_wrap,2,1
2026-01-03 09:30:00,drive_thru,hash_brown,2,2
2026-01-03 09:45:00,counter,breakfast_wrap,2,1
2026-01-03 09:45:00,counter,hash_brown,1,1
2026-01-03 09:45:00,delivery,breakfast_wrap,1,1
2026-01-03 09:45:00,drive_thru,breakfast_wrap,2,1
2026-01-03 09:45:00,drive_thru,hash_brown,2,2
2026-01-03 10:00:00,drive_thru,hash_brown,2,1
2026-01-03 10:15:00,counter,hash_brown,3,1
2026-01-03 10:15:00,drive_thru,breakfast_wrap,3,1
2026-01-03 10:30:00,counter,hash_brown,2,2
2026-01-03 10:45:00,counter,breakfast_wrap,2,2
2026-01-03 10:45:00,counter,hash_brown,3,2
2026-01-03 10:45:00,delivery,hash_brown,2,1
2026-01-03 10:45:00,drive_thru,hash_brown,1,1
2026-01-03 11:00:00,counter,chicken_tenders,1,1
2026-01-03 11:00:00,delivery,chicken_tenders,1,1
2026-01-03 11:00:00,delivery,fries,1,1
2026-01-03 11:15:00,counter,chicken_tenders,1,1
2026-01-03 11:15:00,counter,fries,1,1
2026-01-03 11:15:00,delivery,chicken_tenders,1,1
2026-01-03 11:30:00,counter,fries,2,1
2026-01-03 11:30:00,drive_thru,fries,1,1
2026-01-03 11:45:00,counter,fries,2,1
2026-01-03 11:45:00,drive_thru,chicken_tenders,1,1
2026-01-03 11:45:00,drive_thru,fries,1,1
2026-01-03 12:00:00,counter,chicken_tenders,4,2
2026-01-03 12:00:00,drive_thru,chicken_tenders,1,1
2026-01-03 12:00:00,drive_thru,fries,1,1
2026-01-03 12:15:00,counter,chicken_tenders,7,5
2026-01-03 12:15:00,delivery,fries,1,1
2026-01-03 12:15:00,drive_thru,chicken_tenders,1,1
2026-01-03 12:15:00,drive_thru,fries,2,2
2026-01-03 12:30:00,counter,chicken_tenders,3,3
2026-01-03 12:30:00,delivery,chicken_tenders,2,2
2026-01-03 12:30:00,drive_thru,chicken_tenders,2,2
2026-01-03 12:30:00,drive_thru,fries,1,1
2026-01-03 12:45:00,counter,chicken_tenders,6,4
2026-01-03 12:45:00,counter,fries,1,1
2026-01-03 12:45:00,delivery,fries,1,1
2026-01-03 12:45:00,drive_thru,chicken_tenders,5,4
2026-01-03 12:45:00,drive_thru,fries,2,2
2026-01-03 13:00:00,counter,fries,1,1
2026-01-03 13:00:00,drive_thru,chicken_tenders,1,1
2026-01-03 13:00:00,drive_thru,fries,4,3
2026-01-03 13:15:00,counter,chicken_tenders,1,1
2026-01-03 13:15:00,counter,fries,1,1
2026-01-03 13:15:00,delivery,chicken_tenders,5,2
2026-01-03 13:15:00,drive_thru,fries,1,1
2026-01-03 13:30:00,counter,chicken_tenders,7,6
2026-01-03 13:30:00,counter,fries,1,1
2026-01-03 13:30:00,delivery,chicken_tenders,1,1
2026-01-03 13:30:00,drive_thru,chicken_tenders,1,1
2026-01-03 13:30:00,drive_thru,fries,2,2
2026-01-03 13:45:00,counter,fries,4,1
2026-01-03 13:45:00,delivery,fries,3,1
2026-01-03 14:15:00,delivery,chicken_tenders,1,1
2026-01-03 14:15:00,drive_thru,chicken_tenders,3,2
2026-01-03 14:30:00,drive_thru,chicken_tenders,2,2
2026-01-03 14:30:00,drive_thru,fries,5,4
2026-01-03 14:45:00,counter,chicken_tenders,1,1
2026-01-03 14:45:00,counter,fries,1,1
2026-01-03 14:45:00,delivery,fries,1,1
2026-01-03 14:45:00,drive_thru,chicken_tenders,4,2
2026-01-03 14:45:00,drive_thru,fries,2,2
2026-01-03 15:00:00,counter,chicken_tenders,1,1
2026-01-03 15:00:00,counter,fries,2,1
2026-01-03 15:00:00,delivery,chicken_tenders,1,1
2026-01-03 15:15:00,counter,chicken_tenders,1,1
2026-01-03 15:15:00,counter,fries,2,2
2026-01-03 15:15:00,delivery,chicken_tenders,2,1
2026-01-03 15:15:00,drive_thru,chicken_tenders,2,1
2026-01-03 15:15:00,drive_thru,fries,1,1
2026-01-03 15:30:00,counter,chicken_tenders,2,1
2026-01-03 15:30:00,counter,fries,2,2
2026-01-03 15:30:00,delivery,fries,2,1
2026-01-03 15:30:00,drive_thru,chicken_tenders,1,1
2026-01-03 15:45:00,delivery,fries,1,1
2026-01-03 15:45:00,drive_thru,chicken_tenders,1,1
2026-01-03 15:45:00,drive_thru,fries,3,2
2026-01-03 16:00:00,counter,chicken_tenders,3,2
2026-01-03 16:00:00,counter,fries,2,1
2026-01-03 16:00:00,delivery,chicken_tenders,1,1
2026-01-03 16:15:00,counter,chicken_tenders,3,1
2026-01-03 16:30:00,counter,fries,2,2
2026-01-03 16:30:00,delivery,fries,1,1
2026-01-03 16:45:00,counter,fries,1,1
2026-01-03 17:00:00,counter,chicken_tenders,3,2
2026-01-03 17:00:00,drive_thru,chicken_tenders,1,1
2026-01-03 17:00:00,drive_thru,fries,1,1
2026-01-03 17:15:00,counter,chicken_tenders,5,3
2026-01-03 17:15:00,counter,fries,1,1
2026-01-03 17:15:00,delivery,chicken_tenders,1,1
2026-01-03 17:15:00,delivery,fries,1,1
2026-01-03 17:15:00,drive_thru,chicken_tenders,4,3
2026-01-03 17:15:00,drive_thru,fries,6,3
2026-01-03 17:30:00,counter,chicken_tenders,3,3
2026-01-03 17:30:00,counter,fries,5,4
2026-01-03 17:30:00,delivery,chicken_tenders,1,1
2026-01-03 17:30:00,drive_thru,chicken_tenders,2,2
2026-01-03 17:30:00,drive_thru,fries,2,2
2026-01-03 17:45:00,counter,chicken_tenders,1,1
2026-01-03 17:45:00,delivery,chicken_tenders,2,1
2026-01-03 17:45:00,drive_thru,chicken_tenders,4,4
2026-01-03 17:45:00,drive_thru,fries,2,2
2026-01-03 18:00:00,counter,chicken_tenders,2,1
2026-01-03 18:00:00,counter,fries,1,1
2026-01-03 18:00:00,delivery,chicken_tenders,1,1
2026-01-03 18:00:00,delivery,fries,2,1
2026-01-03 18:00:00,drive_thru,fries,4,2
2026-01-03 18:15:00,delivery,chicken_tenders,1,1
2026-01-03 18:15:00,drive_thru,chicken_tenders,2,2
2026-01-03 18:15:00,drive_thru,fries,3,2
2026-01-03 18:30:00,counter,chicken_tenders,2,2
2026-01-03 18:30:00,delivery,chicken_tenders,3,2
2026-01-03 18:30:00,delivery,fries,1,1
2026-01-03 18:30:00,drive_thru,chicken_tenders,2,1
2026-01-03 18:30:00,drive_thru,fries,2,2
2026-01-03 18:45:00,counter,chicken_tenders,1,1
2026-01-03 18:45:00,counter,fries,1,1
2026-01-03 18:45:00,delivery,chicken_tenders,1,1
2026-01-03 18:45:00,drive_thru,chicken_tenders,2,2
2026-01-03 18:45:00,drive_thru,fries,1,1
2026-01-03 19:00:00,counter,chicken_tenders,3,3
2026-01-03 19:00:00,delivery,chicken_tenders,1,1
2026-01-03 19:00:00,drive_thru,chicken_tenders,1,1
2026-01-03 19:00:00,drive_thru,fries,1,1
2026-01-03 19:15:00,counter,fries,3,1
2026-01-03 19:15:00,drive_thru,chicken_tenders,2,2
2026-01-03 19:15:00,drive_thru,fries,1,1
2026-01-03 19:30:00,counter,chicken_tenders,2,2
2026-01-03 19:30:00,counter,fries,4,2
2026-01-03 19:30:00,delivery,fries,1,1
2026-01-03 19:30:00,drive_thru,fries,1,1
2026-01-03 19:45:00,counter,chicken_tenders,3,2
2026-01-03 19:45:00,counter,fries,1,1
2026-01-03 19:45:00,delivery,chicken_tenders,1,1
2026-01-03 19:45:00,delivery,fries,1,1
2026-01-03 19:45:00,drive_thru,chicken_tenders,5,2
2026-01-03 19:45:00,drive_thru,fries,2,2
2026-01-03 20:00:00,counter,chicken_tenders,1,1
2026-01-03 20:00:00,counter,fries,3,2
2026-01-03 20:15:00,counter,chicken_tenders,3,2
2026-01-03 20:15:00,counter,fries,1,1
2026-01-03 20:15:00,delivery,chicken_tenders,1,1
2026-01-03 20:15:00,delivery,fries,2,1
2026-01-03 20:15:00,drive_thru,chicken_tenders,1,1
2026-01-03 20:45:00,counter,chicken_tenders,1,1
2026-01-03 20:45:00,counter,fries,1,1
2026-01-03 20:45:00,delivery,chicken_tenders,4,2
2026-01-03 20:45:00,delivery,fries,1,1
2026-01-03 20:45:00,drive_thru,chicken_tenders,1,1
2026-01-03 20:45:00,drive_thru,fries,1,1
2026-01-03 21:15:00,delivery,chicken_tenders,1,1
2026-01-03 21:15:00,drive_thru,fries,2,1
2026-01-03 21:30:00,drive_thru,chicken_tenders,1,1
2026-01-03 21:30:00,drive_thru,fries,1,1
2026-01-03 21:45:00,counter,fries,2,1
2026-01-04 06:00:00,counter,breakfast_wrap,1,1
2026-01-04 06:00:00,counter,hash_brown,3,2
2026-01-04 06:15:00,counter,breakfast_wrap,4,2
2026-01-04 06:15:00,counter,hash_brown,2,2
2026-01-04 06:15:00,delivery,hash_brown,1,1
2026-01-04 06:15:00,drive_thru,hash_brown,1,1
2026-01-04 06:30:00,counter,breakfast_wrap,3,2
2026-01-04 06:30:00,counter,hash_brown,1,1
2026-01-04 06:30:00,drive_thru,breakfast_wrap,3,3
2026-01-04 06:30:00,drive_thru,hash_brown,2,1
2026-01-04 06:45:00,counter,hash_brown,2,1
2026-01-04 06:45:00,drive_thru,breakfast_wrap,1,1
2026-01-04 07:00:00,drive_thru,breakfast_wrap,1,1
2026-01-04 07:15:00,counter,breakfast_wrap,3,2
2026-01-04 07:15:00,counter,hash_brown,3,2
2026-01-04 07:15:00,delivery,breakfast_wrap,2,1
2026-01-04 07:15:00,drive_thru,breakfast_wrap,1,1
2026-01-04 07:15:00,drive_thru,hash_brown,2,2
2026-01-04 07:30:00,counter,breakfast_wrap,2,2
2026-01-04 07:30:00,counter,hash_brown,4,3
2026-01-04 07:30:00,delivery,breakfast_wrap,2,2
2026-01-04 07:30:00,delivery,hash_brown,1,1
2026-01-04 07:30:00,drive_thru,hash_brown,1,1
2026-01-04 07:45:00,counter,breakfast_wrap,3,2
2026-01-04 07:45:00,delivery,hash_brown,1,1
2026-01-04 07:45:00,drive_thru,breakfast_wrap,2,2
2026-01-04 07:45:00,drive_thru,hash_brown,3,2
2026-01-04 08:00:00,counter,breakfast_wrap,2,2
2026-01-04 08:00:00,counter,hash_brown,3,2
2026-01-04 08:00:00,drive_thru,hash_brown,5,3
2026-01-04 08:15:00,counter,breakfast_wrap,3,2
2026-01-04 08:15:00,counter,hash_brown,1,1
2026-01-04 08:15:00,delivery,breakfast_wrap,1,1
2026-01-04 08:15:00,delivery,hash_brown,1,1
2026-01-04 08:15:00,drive_thru,hash_brown,1,1
2026-01-04 08:30:00,counter,breakfast_wrap,2,2
2026-01-04 08:30:00,counter,hash_brown,2,2
2026-01-04 08:30:00,delivery,breakfast_wrap,1,1
2026-01-04 08:30:00,delivery,hash_brown,1,1
2026-01-04 08:30:00,drive_thru,breakfast_wrap,1,1
2026-01-04 08:45:00,counter,breakfast_wrap,2,2
2026-01-04 08:45:00,counter,hash_brown,2,2
2026-01-04 08:45:00,delivery,hash_brown,4,3
2026-01-04 08:45:00,drive_thru,breakfast_wrap,1,1
2026-01-04 08:45:00,drive_thru,hash_brown,4,2
2026-01-04 09:00:00,counter,hash_brown,1,1
2026-01-04 09:00:00,delivery,breakfast_wrap,1,1
2026-01-04 09:00:00,delivery,hash_brown,2,2
2026-01-04 09:00:00,drive_thru,breakfast_wrap,1,1
2026-01-04 09:00:00,drive_thru,hash_brown,3,1
2026-01-04 09:15:00,counter,hash_brown,4,4
2026-01-04 09:15:00,delivery,breakfast_wrap,1,1
2026-01-04 09:15:00,drive_thru,breakfast_wrap,1,1
2026-01-04 09:15:00,drive_thru,hash_brown,2,1
2026-01-04 09:30:00,counter,breakfast_wrap,2,1
2026-01-04 09:30:00,counter,hash_brown,1,1
2026-01-04 09:30:00,delivery,breakfast_wrap,1,1
2026-01-04 09:30:00,delivery,hash_brown,2,2
2026-01-04 09:45:00,counter,breakfast_wrap,2,1
2026-01-04 09:45:00,counter,hash_brown,3,3
2026-01-04 09:45:00,delivery,breakfast_wrap,1,1
2026-01-04 09:45:00,delivery,hash_brown,1,1
2026-01-04 09:45:00,drive_thru,hash_brown,2,1
2026-01-04 10:00:00,counter,breakfast_wrap,1,1
2026-01-04 10:00:00,counter,hash_brown,2,2
2026-01-04 10:00:00,drive_thru,hash_brown,1,1
2026-01-04 10:15:00,drive_thru,breakfast_wrap,1,1
2026-01-04 10:30:00,counter,breakfast_wrap,1,1
2026-01-04 10:30:00,drive_thru,hash_brown,2,1
2026-01-04 10:45:00,counter,breakfast_wrap,1,1
2026-01-04 11:00:00,counter,chicken_tenders,1,1
2026-01-04 11:00:00,counter,fries,2,1
2026-01-04 11:15:00,counter,chicken_tenders,1,1
2026-01-04 11:15:00,counter,fries,1,1
2026-01-04 11:15:00,delivery,fries,2,1
2026-01-04 11:15:00,drive_thru,chicken_tenders,1,1
2026-01-04 11:15:00,drive_thru,fries,1,1
2026-01-04 11:30:00,counter,chicken_tenders,2,1
2026-01-04 11:30:00,counter,fries,1,1
2026-01-04 11:30:00,drive_thru,chicken_tenders,4,3
2026-01-04 11:30:00,drive_thru,fries,4,3
2026-01-04 11:45:00,counter,chicken_tenders,2,2
2026-01-04 11:45:00,counter,fries,1,1
2026-01-04 11:45:00,drive_thru,fries,1,1
2026-01-04 12:00:00,counter,chicken_tenders,1,1
2026-01-04 12:00:00,drive_thru,chicken_tenders,5,3
2026-01-04 12:00:00,drive_thru,fries,2,2
2026-01-04 12:15:00,counter,chicken_tenders,2,1
2026-01-04 12:15:00,counter,fries,1,1
2026-01-04 12:15:00,delivery,chicken_tenders,2,2
2026-01-04 12:15:00,delivery,fries,1,1
2026-01-04 12:15:00,drive_thru,chicken_tenders,3,2
2026-01-04 12:15:00,drive_thru,fries,5,3
2026-01-04 12:30:00,counter,chicken_tenders,3,3
2026-01-04 12:30:00,counter,fries,2,2
2026-01-04 12:30:00,delivery,chicken_tenders,1,1
2026-01-04 12:30:00,drive_thru,chicken_tenders,1,1
2026-01-04 12:30:00,drive_thru,fries,3,2
2026-01-04 12:45:00,counter,chicken_tenders,2,2
2026-01-04 12:45:00,counter,fries,2,1
2026-01-04 12:45:00,delivery,fries,2,1
2026-01-04 12:45:00,drive_thru,chicken_tenders,2,2
2026-01-04 12:45:00,drive_thru,fries,3,3
2026-01-04 13:00:00,counter,chicken_tenders,5,5
2026-01-04 13:00:00,counter,fries,2,1
2026-01-04 13:00:00,delivery,chicken_tenders,1,1
2026-01-04 13:00:00,delivery,fries,2,2
2026-01-04 13:00:00,drive_thru,chicken_tenders,1,1
2026-01-04 13:00:00,drive_thru,fries,1,1
2026-01-04 13:15:00,counter,chicken_tenders,1,1
2026-01-04 13:15:00,counter,fries,2,1
2026-01-04 13:15:00,delivery,chicken_tenders,1,1
2026-01-04 13:15:00,drive_thru,chicken_tenders,5,3
2026-01-04 13:15:00,drive_thru,fries,1,1
2026-01-04 13:30:00,counter,chicken_tenders,2,2
2026-01-04 13:30:00,counter,fries,6,2
2026-01-04 13:30:00,delivery,chicken_tenders,3,2
2026-01-04 13:30:00,delivery,fries,2,2
2026-01-04 13:30:00,drive_thru,chicken_tenders,2,1
2026-01-04 13:30:00,drive_thru,fries,2,2
2026-01-04 13:45:00,counter,chicken_tenders,3,2
2026-01-04 13:45:00,counter,fries,3,2
2026-01-04 13:45:00,drive_thru,chicken_tenders,3,2
2026-01-04 13:45:00,drive_thru,fries,3,3
2026-01-04 14:30:00,counter,chicken_tenders,2,2
2026-01-04 14:30:00,counter,fries,1,1
2026-01-04 14:30:00,drive_thru,fries,1,1
2026-01-04 14:45:00,counter,chicken_tenders,3,2
2026-01-04 14:45:00,counter,fries,1,1
2026-01-04 14:45:00,drive_thru,chicken_tenders,1,1
2026-01-04 15:00:00,counter,fries,1,1
2026-01-04 15:00:00,drive_thru,chicken_tenders,1,1
2026-01-04 15:00:00,drive_thru,fries,1,1
2026-01-04 15:15:00,counter,fries,2,2
2026-01-04 15:15:00,delivery,chicken_tenders,2,1
2026-01-04 15:15:00,delivery,fries,2,2
2026-01-04 15:15:00,drive_thru,chicken_tenders,1,1
2026-01-04 15:30:00,counter,chicken_tenders,1,1
2026-01-04 15:30:00,drive_thru,chicken_tenders,1,1
2026-01-04 15:30:00,drive_thru,fries,1,1
2026-01-04 15:45:00,counter,fries,1,1
2026-01-04 16:00:00,counter,chicken_tenders,2,1
2026-01-04 16:00:00,delivery,chicken_tenders,1,1
2026-01-04 16:00:00,drive_thru,chicken_tenders,2,1
2026-01-04 16:00:00,drive_thru,fries,1,1
2026-01-04 16:15:00,drive_thru,fries,2,2
2026-01-04 16:30:00,counter,chicken_tenders,1,1
2026-01-04 16:30:00,counter,fries,1,1
2026-01-04 16:30:00,drive_thru,fries,2,2
2026-01-04 16:45:00,counter,chicken_tenders,1,1
2026-01-04 16:45:00,counter,fries,1,1
2026-01-04 16:45:00,delivery,chicken_tenders,2,1
2026-01-04 16:45:00,drive_thru,chicken_tenders,2,2
2026-01-04 16:45:00,drive_thru,fries,2,1
2026-01-04 17:00:00,counter,chicken_tenders,6,3
2026-01-04 17:00:00,counter,fries,2,1
2026-01-04 17:15:00,counter,chicken_tenders,1,1
2026-01-04 17:15:00,counter,fries,1,1
2026-01-04 17:15:00,delivery,fries,1,1
2026-01-04 17:15:00,drive_thru,chicken_tenders,2,2
2026-01-04 17:15:00,drive_thru,fries,2,2
2026-01-04 17:30:00,delivery,fries,1,1
2026-01-04 17:30:00,drive_thru,chicken_tenders,5,3
2026-01-04 17:45:00,counter,chicken_tenders,5,3
2026-01-04 17:45:00,counter,fries,1,1
2026-01-04 17:45:00,drive_thru,chicken_tenders,1,1
2026-01-04 17:45:00,drive_thru,fries,3,2
2026-01-04 18:00:00,counter,chicken_tenders,2,1
2026-01-04 18:00:00,delivery,chicken_tenders,2,2
2026-01-04 18:00:00,delivery,fries,1,1
2026-01-04 18:00:00,drive_thru,chicken_tenders,1,1
2026-01-04 18:00:00,drive_thru,fries,1,1
2026-01-04 18:15:00,counter,chicken_tenders,1,1
2026-01-04 18:15:00,counter,fries,3,2
2026-01-04 18:15:00,delivery,chicken_tenders,2,1
2026-01-04 18:15:00,drive_thru,fries,2,1
2026-01-04 18:30:00,counter,chicken_tenders,1,1
2026-01-04 18:30:00,delivery,chicken_tenders,1,1
2026-01-04 18:30:00,delivery,fries,1,1
2026-01-04 18:30:00,drive_thru,chicken_tenders,4,3
2026-01-04 18:30:00,drive_thru,fries,4,3
2026-01-04 18:45:00,counter,chicken_tenders,3,2
2026-01-04 18:45:00,counter,fries,3,3
2026-01-04 18:45:00,drive_thru,chicken_tenders,1,1
2026-01-04 19:00:00,counter,chicken_tenders,1,1
2026-01-04 19:00:00,delivery,fries,1,1
2026-01-04 19:00:00,drive_thru,chicken_tenders,5,2
2026-01-04 19:00:00,drive_thru,fries,1,1
2026-01-04 19:15:00,counter,chicken_tenders,3,1
2026-01-04 19:15:00,drive_thru,chicken_tenders,1,1
2026-01-04 19:15:00,drive_thru,fries,1,1
2026-01-04 19:30:00,counter,chicken_tenders,3,1
2026-01-04 19:30:00,counter,fries,2,1
2026-01-04 19:30:00,delivery,chicken_tenders,2,2
2026-01-04 19:30:00,delivery,fries,1,1
2026-01-04 19:30:00,drive_thru,chicken_tenders,2,1
2026-01-04 19:30:00,drive_thru,fries,3,1
2026-01-04 19:45:00,counter,chicken_tenders,2,1
2026-01-04 19:45:00,counter,fries,1,1
2026-01-04 19:45:00,delivery,fries,2,1
2026-01-04 19:45:00,drive_thru,chicken_tenders,4,3
2026-01-04 19:45:00,drive_thru,fries,1,1
2026-01-04 20:00:00,counter,fries,1,1
2026-01-04 20:00:00,delivery,chicken_tenders,4,2
2026-01-04 20:00:00,delivery,fries,2,1
2026-01-04 20:00:00,drive_thru,chicken_tenders,5,3
2026-01-04 20:00:00,drive_thru,fries,2,2
2026-01-04 20:15:00,drive_thru,chicken_tenders,1,1
2026-01-04 20:15:00,drive_thru,fries,3,2
2026-01-04 20:30:00,counter,chicken_tenders,1,1
2026-01-04 20:30:00,delivery,chicken_tenders,1,1
2026-01-04 20:30:00,delivery,fries,1,1
2026-01-04 20:45:00,counter,chicken_tenders,1,1
2026-01-04 20:45:00,counter,fries,2,2
2026-01-04 21:00:00,counter,chicken_tenders,3,2
2026-01-04 21:00:00,counter,fries,4,3
2026-01-04 21:15:00,counter,fries,1,1
2026-01-04 21:30:00,delivery,chicken_tenders,1,1
2026-01-04 21:30:00,delivery,fries,1,1
2026-01-04 21:30:00,drive_thru,chicken_tenders,2,2
2026-01-04 21:30:00,drive_thru,fries,2,2
2026-01-04 21:45:00,delivery,chicken_tenders,1,1
2026-01-04 22:00:00,delivery,chicken_tenders,1,1
2026-01-05 06:00:00,drive_thru,breakfast_wrap,1,1
2026-01-05 06:00:00,drive_thru,hash_brown,1,1
2026-01-05 06:15:00,counter,hash_brown,1,1
2026-01-05 06:15:00,delivery,hash_brown,1,1
2026-01-05 06:15:00,drive_thru,breakfast_wrap,1,1
2026-01-05 06:15:00,drive_thru,hash_brown,1,1
2026-01-05 06:30:00,counter,breakfast_wrap,1,1
2026-01-05 06:30:00,counter,hash_brown,2,1
2026-01-05 06:45:00,counter,breakfast_wrap,2,2
2026-01-05 06:45:00,counter,hash_brown,1,1
2026-01-05 06:45:00,drive_thru,hash_brown,1,1
2026-01-05 07:00:00,counter,breakfast_wrap,3,2
2026-01-05 07:00:00,counter,hash_brown,7,4
2026-01-05 07:00:00,delivery,breakfast_wrap,1,1
2026-01-05 07:00:00,drive_thru,breakfast_wrap,2,2
2026-01-05 07:00:00,drive_thru,hash_brown,2,1
2026-01-05 07:15:00,counter,hash_brown,2,1
2026-01-05 07:15:00,delivery,hash_brown,2,1
2026-01-05 07:15:00,drive_thru,hash_brown,3,2
2026-01-05 07:30:00,counter,breakfast_wrap,1,1
2026-01-05 07:30:00,counter,hash_brown,1,1
2026-01-05 07:30:00,delivery,hash_brown,1,1
2026-01-05 07:30:00,drive_thru,breakfast_wrap,1,1
2026-01-05 07:45:00,counter,breakfast_wrap,3,2
2026-01-05 07:45:00,counter,hash_brown,3,2
2026-01-05 07:45:00,delivery,hash_brown,1,1
2026-01-05 07:45:00,drive_thru,hash_brown,2,2
2026-01-05 08:00:00,counter,hash_brown,1,1
2026-01-05 08:15:00,drive_thru,breakfast_wrap,1,1
2026-01-05 08:15:00,drive_thru,hash_brown,1,1
2026-01-05 08:30:00,counter,hash_brown,2,2
2026-01-05 08:30:00,drive_thru,breakfast_wrap,2,1
2026-01-05 08:45:00,delivery,breakfast_wrap,1,1
2026-01-05 09:00:00,counter,breakfast_wrap,4,3
2026-01-05 09:00:00,counter,hash_brown,5,5
2026-01-05 09:00:00,delivery,breakfast_wrap,1,1
2026-01-05 09:00:00,drive_thru,breakfast_wrap,2,1
2026-01-05 09:00:00,drive_thru,hash_brown,3,2
2026-01-05 09:15:00,drive_thru,hash_brown,5,4
2026-01-05 09:30:00,delivery,hash_brown,3,2
2026-01-05 09:30:00,drive_thru,breakfast_wrap,1,1
2026-01-05 09:45:00,counter,breakfast_wrap,3,3
2026-01-05 09:45:00,counter,hash_brown,3,3
2026-01-05 09:45:00,drive_thru,breakfast_wrap,2,1
2026-01-05 09:45:00,drive_thru,hash_brown,3,2
2026-01-05 10:00:00,counter,breakfast_wrap,2,2
2026-01-05 10:00:00,delivery,breakfast_wrap,2,1
2026-01-05 10:00:00,delivery,hash_brown,1,1
2026-01-05 10:00:00,drive_thru,breakfast_wrap,1,1
2026-01-05 10:00:00,drive_thru,hash_brown,1,1
2026-01-05 10:15:00,counter,breakfast_wrap,1,1
2026-01-05 10:30:00,counter,breakfast_wrap,1,1
2026-01-05 10:30:00,delivery,hash_brown,1,1
2026-01-05 10:30:00,drive_thru,breakfast_wrap,3,1
2026-01-05 10:45:00,counter,hash_brown,2,1
2026-01-05 10:45:00,drive_thru,breakfast_wrap,1,1
2026-01-05 10:45:00,drive_thru,hash_brown,3,1
2026-01-05 11:00:00,delivery,chicken_tenders,1,1
2026-01-05 11:15:00,delivery,chicken_tenders,1,1
2026-01-05 11:15:00,delivery,fries,2,2
2026-01-05 11:15:00,drive_thru,fries,1,1
2026-01-05 11:45:00,drive_thru,chicken_tenders,3,2
2026-01-05 12:00:00,counter,chicken_tenders,2,2
2026-01-05 12:00:00,counter,fries,2,1
2026-01-05 12:15:00,counter,chicken_tenders,1,1
2026-01-05 12:15:00,counter,fries,1,1
2026-01-05 12:15:00,delivery,fries,2,2
2026-01-05 12:15:00,drive_thru,chicken_tenders,1,1
2026-01-05 12:15:00,drive_thru,fries,1,1
2026-01-05 12:30:00,counter,chicken_tenders,2,1
2026-01-05 12:30:00,counter,fries,2,1
2026-01-05 12:30:00,delivery,fries,3,2
2026-01-05 12:30:00,drive_thru,chicken_tenders,4,2
2026-01-05 12:30:00,drive_thru,fries,4,4
2026-01-05 12:45:00,counter,fries,2,1
2026-01-05 12:45:00,delivery,chicken_tenders,3,2
2026-01-05 12:45:00,drive_thru,chicken_tenders,2,2
2026-01-05 12:45:00,drive_thru,fries,1,1
2026-01-05 13:00:00,counter,chicken_tenders,1,1
2026-01-05 13:00:00,counter,fries,2,2
2026-01-05 13:00:00,delivery,chicken_tenders,1,1
2026-01-05 13:00:00,drive_thru,chicken_tenders,3,1
2026-01-05 13:15:00,counter,chicken_tenders,1,1
2026-01-05 13:15:00,counter,fries,3,2
2026-01-05 13:15:00,delivery,chicken_tenders,2,1
2026-01-05 13:15:00,drive_thru,chicken_tenders,2,2
2026-01-05 13:15:00,drive_thru,fries,1,1
2026-01-05 13:30:00,counter,chicken_tenders,6,4
2026-01-05 13:30:00,counter,fries,5,3
2026-01-05 13:30:00,drive_thru,fries,3,1
2026-01-05 13:45:00,counter,fries,2,2
2026-01-05 13:45:00,delivery,chicken_tenders,1,1
2026-01-05 13:45:00,delivery,fries,2,2
2026-01-05 13:45:00,drive_thru,chicken_tenders,2,1
2026-01-05 13:45:00,drive_thru,fries,3,2
2026-01-05 14:00:00,counter,fries,2,1
2026-01-05 14:00:00,delivery,fries,1,1
2026-01-05 14:00:00,drive_thru,chicken_tenders,2,1
2026-01-05 14:15:00,counter,chicken_tenders,2,1
2026-01-05 14:15:00,counter,fries,2,1
2026-01-05 14:30:00,drive_thru,fries,1,1
2026-01-05 14:45:00,drive_thru,chicken_tenders,1,1
2026-01-05 15:00:00,counter,chicken_tenders,1,1
2026-01-05 15:00:00,counter,fries,1,1
2026-01-05 15:15:00,counter,chicken_tenders,4,3
2026-01-05 15:15:00,delivery,fries,1,1
2026-01-05 15:15:00,drive_thru,chicken_tenders,1,1
2026-01-05 16:15:00,counter,chicken_tenders,3,1
2026-01-05 16:15:00,delivery,fries,1,1
2026-01-05 16:15:00,drive_thru,chicken_tenders,1,1
2026-01-05 16:15:00,drive_thru,fries,1,1
2026-01-05 16:30:00,counter,chicken_tenders,2,1
2026-01-05 16:30:00,counter,fries,2,1
2026-01-05 16:30:00,drive_thru,fries,1,1
2026-01-05 17:00:00,counter,chicken_tenders,1,1
2026-01-05 17:00:00,counter,fries,2,2
2026-01-05 17:00:00,delivery,chicken_tenders,1,1
2026-01-05 17:00:00,drive_thru,chicken_tenders,2,2
2026-01-05 17:00:00,drive_thru,fries,1,1
2026-01-05 17:15:00,counter,fries,4,2
2026-01-05 17:15:00,delivery,chicken_tenders,1,1
2026-01-05 17:30:00,counter,chicken_tenders,4,3
2026-01-05 17:30:00,counter,fries,3,2
2026-01-05 17:30:00,delivery,chicken_tenders,1,1
2026-01-05 17:30:00,drive_thru,chicken_tenders,1,1
2026-01-05 17:30:00,drive_thru,fries,1,1
2026-01-05 17:45:00,counter,chicken_tenders,1,1
2026-01-05 17:45:00,counter,fries,3,1
2026-01-05 18:00:00,counter,fries,1,1
2026-01-05 18:00:00,drive_thru,chicken_tenders,2,1
2026-01-05 18:15:00,counter,chicken_tenders,2,1
2026-01-05 18:15:00,delivery,chicken_tenders,1,1
2026-01-05 18:15:00,drive_thru,chicken_tenders,5,4
2026-01-05 18:15:00,drive_thru,fries,5,4
2026-01-05 18:30:00,counter,chicken_tenders,1,1
2026-01-05 18:30:00,counter,fries,2,1
2026-01-05 18:30:00,delivery,fries,2,2
2026-01-05 18:30:00,drive_thru,chicken_tenders,2,1
2026-01-05 18:30:00,drive_thru,fries,2,2
2026-01-05 18:45:00,counter,chicken_tenders,1,1
2026-01-05 18:45:00,drive_thru,fries,2,1
2026-01-05 19:00:00,counter,chicken_tenders,2,1
2026-01-05 19:00:00,delivery,fries,3,1
2026-01-05 19:00:00,drive_thru,fries,2,2
2026-01-05 19:15:00,counter,chicken_tenders,4,3
2026-01-05 19:15:00,counter,fries,2,1
2026-01-05 19:15:00,delivery,chicken_tenders,2,2
2026-01-05 19:15:00,delivery,fries,1,1
2026-01-05 19:30:00,counter,chicken_tenders,1,1
2026-01-05 19:30:00,drive_thru,chicken_tenders,3,2
2026-01-05 19:45:00,counter,chicken_tenders,2,2
2026-01-05 19:45:00,counter,fries,3,3
2026-01-05 19:45:00,drive_thru,chicken_tenders,1,1
2026-01-05 19:45:00,drive_thru,fries,1,1
2026-01-05 20:00:00,counter,fries,1,1
2026-01-05 20:15:00,delivery,fries,1,1
2026-01-05 20:30:00,delivery,chicken_tenders,3,1
2026-01-05 20:30:00,delivery,fries,1,1
2026-01-05 20:45:00,delivery,fries,1,1
2026-01-05 21:00:00,drive_thru,chicken_tenders,1,1
2026-01-05 21:15:00,drive_thru,chicken_tenders,3,1
2026-01-05 21:30:00,drive_thru,fries,3,2
2026-01-05 21:45:00,counter,fries,1,1
2026-01-05 21:45:00,delivery,chicken_tenders,1,1
2026-01-05 21:45:00,delivery,fries,2,2
2026-01-05 21:45:00,drive_thru,fries,1,1
2026-01-06 06:00:00,counter,hash_brown,1,1
2026-01-06 06:00:00,drive_thru,breakfast_wrap,1,1
2026-01-06 06:15:00,counter,breakfast_wrap,1,1
2026-01-06 06:15:00,counter,hash_brown,2,2
2026-01-06 06:15:00,drive_thru,breakfast_wrap,1,1
2026-01-06 06:30:00,counter,breakfast_wrap,1,1
2026-01-06 06:30:00,counter,hash_brown,2,2
2026-01-06 06:30:00,drive_thru,breakfast_wrap,2,2
2026-01-06 06:45:00,delivery,hash_brown,3,1
2026-01-06 06:45:00,drive_thru,breakfast_wrap,3,2
2026-01-06 06:45:00,drive_thru,hash_brown,1,1
2026-01-06 07:00:00,counter,hash_brown,1,1
2026-01-06 07:00:00,drive_thru,breakfast_wrap,2,2
2026-01-06 07:15:00,counter,breakfast_wrap,2,2
2026-01-06 07:15:00,counter,hash_brown,4,2
2026-01-06 07:15:00,delivery,breakfast_wrap,1,1
2026-01-06 07:15:00,delivery,hash_brown,4,3
2026-01-06 07:15:00,drive_thru,hash_brown,1,1
2026-01-06 07:30:00,counter,breakfast_wrap,1,1
2026-01-06 07:30:00,counter,hash_brown,2,1
2026-01-06 07:30:00,delivery,breakfast_wrap,1,1
2026-01-06 07:30:00,delivery,hash_brown,1,1
2026-01-06 07:30:00,drive_thru,breakfast_wrap,2,1
2026-01-06 07:45:00,counter,hash_brown,1,1
2026-01-06 07:45:00,delivery,hash_brown,1,1
2026-01-06 07:45:00,drive_thru,hash_brown,1,1
2026-01-06 08:00:00,counter,breakfast_wrap,1,1
2026-01-06 08:00:00,counter,hash_brown,2,1
2026-01-06 08:00:00,delivery,breakfast_wrap,1,1
2026-01-06 08:00:00,delivery,hash_brown,1,1
2026-01-06 08:00:00,drive_thru,breakfast_wrap,2,1
2026-01-06 08:00:00,drive_thru,hash_brown,1,1
2026-01-06 08:15:00,counter,breakfast_wrap,3,1
2026-01-06 08:30:00,counter,breakfast_wrap,5,4
2026-01-06 08:30:00,counter,hash_brown,3,2
2026-01-06 08:30:00,drive_thru,breakfast_wrap,2,2
2026-01-06 08:30:00,drive_thru,hash_brown,1,1
2026-01-06 08:45:00,counter,hash_brown,2,1
2026-01-06 09:00:00,counter,breakfast_wrap,1,1
2026-01-06 09:00:00,counter,hash_brown,1,1
2026-01-06 09:00:00,delivery,breakfast_wrap,1,1
2026-01-06 09:00:00,drive_thru,breakfast_wrap,1,1
2026-01-06 09:15:00,counter,breakfast_wrap,1,1
2026-01-06 09:15:00,counter,hash_brown,2,1
2026-01-06 09:15:00,drive_thru,breakfast_wrap,1,1
2026-01-06 09:30:00,counter,breakfast_wrap,1,1
2026-01-06 09:30:00,counter,hash_brown,4,2
2026-01-06 09:30:00,delivery,hash_brown,1,1
2026-01-06 09:30:00,drive_thru,breakfast_wrap,2,2
2026-01-06 09:30:00,drive_thru,hash_brown,2,2
2026-01-06 09:45:00,counter,breakfast_wrap,3,3
2026-01-06 09:45:00,counter,hash_brown,4,3
2026-01-06 09:45:00,delivery,breakfast_wrap,1,1
2026-01-06 09:45:00,delivery,hash_brown,1,1
2026-01-06 10:00:00,counter,breakfast_wrap,1,1
2026-01-06 10:00:00,counter,hash_brown,2,1
2026-01-06 10:00:00,delivery,breakfast_wrap,1,1
2026-01-06 10:00:00,delivery,hash_brown,1,1
2026-01-06 10:00:00,drive_thru,breakfast_wrap,1,1
2026-01-06 10:00:00,drive_thru,hash_brown,1,1
2026-01-06 10:15:00,counter,breakfast_wrap,1,1
2026-01-06 10:15:00,counter,hash_brown,2,2
2026-01-06 10:30:00,counter,breakfast_wrap,2,1
2026-01-06 10:30:00,drive_thru,breakfast_wrap,2,1
2026-01-06 10:45:00,delivery,breakfast_wrap,3,3
2026-01-06 10:45:00,delivery,hash_brown,3,2
2026-01-06 11:00:00,counter,chicken_tenders,2,1
2026-01-06 11:00:00,delivery,chicken_tenders,1,1
2026-01-06 11:00:00,delivery,fries,2,1
2026-01-06 11:00:00,drive_thru,fries,1,1
2026-01-06 11:15:00,counter,chicken_tenders,1,1
2026-01-06 11:15:00,delivery,chicken_tenders,1,1
2026-01-06 11:30:00,delivery,chicken_tenders,2,2
2026-01-06 11:30:00,drive_thru,fries,2,1
2026-01-06 11:45:00,counter,chicken_tenders,2,1
2026-01-06 11:45:00,counter,fries,2,1
2026-01-06 11:45:00,delivery,chicken_tenders,2,1
2026-01-06 12:00:00,counter,chicken_tenders,2,2
2026-01-06 12:00:00,delivery,chicken_tenders,1,1
2026-01-06 12:00:00,drive_thru,chicken_tenders,1,1
2026-01-06 12:00:00,drive_thru,fries,2,2
2026-01-06 12:15:00,counter,chicken_tenders,1,1
2026-01-06 12:15:00,counter,fries,2,1
2026-01-06 12:30:00,counter,chicken_tenders,2,2
2026-01-06 12:30:00,counter,fries,1,1
2026-01-06 12:30:00,delivery,chicken_tenders,1,1
2026-01-06 12:30:00,delivery,fries,3,2
2026-01-06 12:30:00,drive_thru,chicken_tenders,2,2
2026-01-06 12:30:00,drive_thru,fries,3,2
2026-01-06 12:45:00,delivery,fries,1,1
2026-01-06 12:45:00,drive_thru,fries,1,1
2026-01-06 13:00:00,counter,chicken_tenders,1,1
2026-01-06 13:00:00,counter,fries,3,3
2026-01-06 13:00:00,delivery,fries,2,1
2026-01-06 13:00:00,drive_thru,fries,3,3
2026-01-06 13:15:00,counter,chicken_tenders,6,6
2026-01-06 13:15:00,counter,fries,2,2
2026-01-06 13:15:00,drive_thru,chicken_tenders,1,1
2026-01-06 13:15:00,drive_thru,fries,1,1
2026-01-06 13:30:00,counter,fries,1,1
2026-01-06 13:30:00,delivery,chicken_tenders,1,1
2026-01-06 13:30:00,drive_thru,fries,1,1
2026-01-06 13:45:00,counter,chicken_tenders,3,2
2026-01-06 13:45:00,delivery,chicken_tenders,1,1
2026-01-06 13:45:00,drive_thru,fries,3,2
2026-01-06 14:00:00,counter,chicken_tenders,2,1
2026-01-06 14:00:00,delivery,chicken_tenders,2,1
2026-01-06 14:15:00,drive_thru,chicken_tenders,1,1
2026-01-06 14:15:00,drive_thru,fries,1,1
2026-01-06 14:30:00,delivery,chicken_tenders,1,1
2026-01-06 14:45:00,counter,chicken_tenders,2,2
2026-01-06 15:00:00,drive_thru,fries,1,1
2026-01-06 15:15:00,delivery,chicken_tenders,1,1
2026-01-06 15:30:00,delivery,fries,2,1
2026-01-06 15:45:00,counter,fries,1,1
2026-01-06 16:00:00,counter,chicken_tenders,1,1
2026-01-06 16:00:00,counter,fries,3,1
2026-01-06 16:00:00,drive_thru,fries,2,1
2026-01-06 16:15:00,counter,chicken_tenders,3,2
2026-01-06 16:15:00,counter,fries,1,1
2026-01-06 16:15:00,drive_thru,fries,2,1
2026-01-06 16:30:00,counter,chicken_tenders,3,2
2026-01-06 16:30:00,counter,fries,3,2
2026-01-06 16:30:00,delivery,chicken_tenders,1,1
2026-01-06 16:30:00,delivery,fries,1,1
2026-01-06 16:45:00,counter,fries,1,1
2026-01-06 17:00:00,counter,chicken_tenders,4,2
2026-01-06 17:00:00,counter,fries,1,1
2026-01-06 17:00:00,delivery,fries,5,4
2026-01-06 17:00:00,drive_thru,chicken_tenders,2,2
2026-01-06 17:00:00,drive_thru,fries,1,1
2026-01-06 17:15:00,counter,chicken_tenders,4,3
2026-01-06 17:15:00,counter,fries,2,2
2026-01-06 17:15:00,delivery,chicken_tenders,3,3
2026-01-06 17:15:00,delivery,fries,2,1
2026-01-06 17:15:00,drive_thru,fries,2,1
2026-01-06 17:30:00,counter,chicken_tenders,1,1
2026-01-06 17:30:00,drive_thru,fries,1,1
2026-01-06 17:45:00,counter,chicken_tenders,2,2
2026-01-06 17:45:00,counter,fries,2,1
2026-01-06 17:45:00,drive_thru,chicken_tenders,1,1
2026-01-06 17:45:00,drive_thru,fries,2,2
2026-01-06 18:00:00,counter,chicken_tenders,3,3
2026-01-06 18:00:00,counter,fries,1,1
2026-01-06 18:00:00,delivery,fries,3,1
2026-01-06 18:00:00,drive_thru,fries,2,2
2026-01-06 18:15:00,counter,chicken_tenders,2,1
2026-01-06 18:15:00,delivery,fries,1,1
2026-01-06 18:15:00,drive_thru,chicken_tenders,3,1
2026-01-06 18:15:00,drive_thru,fries,2,1
2026-01-06 18:30:00,counter,chicken_tenders,2,2
2026-01-06 18:30:00,counter,fries,2,2
2026-01-06 18:30:00,delivery,chicken_tenders,1,1
2026-01-06 18:45:00,counter,chicken_tenders,2,1
2026-01-06 18:45:00,counter,fries,1,1
2026-01-06 18:45:00,delivery,fries,3,2
2026-01-06 18:45:00,drive_thru,chicken_tenders,1,1
2026-01-06 18:45:00,drive_thru,fries,1,1
2026-01-06 19:00:00,counter,chicken_tenders,1,1
2026-01-06 19:00:00,counter,fries,1,1
2026-01-06 19:00:00,delivery,fries,1,1
2026-01-06 19:15:00,counter,fries,1,1
2026-01-06 19:15:00,drive_thru,chicken_tenders,2,1
2026-01-06 19:15:00,drive_thru,fries,3,2
2026-01-06 19:30:00,delivery,chicken_tenders,1,1
2026-01-06 19:30:00,delivery,fries,1,1
2026-01-06 19:45:00,drive_thru,chicken_tenders,3,2
2026-01-06 20:00:00,counter,chicken_tenders,4,2
2026-01-06 20:00:00,counter,fries,1,1
2026-01-06 20:00:00,drive_thru,chicken_tenders,1,1
2026-01-06 20:00:00,drive_thru,fries,2,1
2026-01-06 20:15:00,drive_thru,chicken_tenders,1,1
2026-01-06 20:30:00,counter,fries,1,1
2026-01-06 20:45:00,counter,chicken_tenders,1,1
2026-01-06 20:45:00,counter,fries,1,1
2026-01-06 20:45:00,drive_thru,fries,2,2
2026-01-06 21:15:00,counter,fries,1,1
2026-01-06 21:15:00,delivery,chicken_tenders,1,1
2026-01-06 21:15:00,delivery,fries,1,1
2026-01-06 21:15:00,drive_thru,chicken_tenders,2,1
2026-01-06 21:15:00,drive_thru,fries,3,2
2026-01-06 21:30:00,counter,chicken_tenders,1,1
2026-01-06 21:30:00,delivery,chicken_tenders,1,1
2026-01-06 21:30:00,drive_thru,chicken_tenders,3,1
2026-01-06 21:45:00,counter,chicken_tenders,2,1
2026-01-07 06:15:00,counter,hash_brown,2,1
2026-01-07 06:15:00,delivery,breakfast_wrap,2,1
2026-01-07 06:30:00,counter,hash_brown,3,2
2026-01-07 06:30:00,delivery,hash_brown,1,1
2026-01-07 06:30:00,drive_thru,hash_brown,2,2
2026-01-07 06:45:00,delivery,breakfast_wrap,2,1
2026-01-07 07:00:00,counter,breakfast_wrap,4,2
2026-01-07 07:00:00,delivery,breakfast_wrap,2,1
2026-01-07 07:00:00,delivery,hash_brown,2,2
2026-01-07 07:00:00,drive_thru,hash_brown,1,1
2026-01-07 07:15:00,counter,breakfast_wrap,1,1
2026-01-07 07:15:00,counter,hash_brown,1,1
2026-01-07 07:15:00,delivery,breakfast_wrap,1,1
2026-01-07 07:15:00,drive_thru,breakfast_wrap,3,2
2026-01-07 07:15:00,drive_thru,hash_brown,1,1
2026-01-07 07:30:00,counter,breakfast_wrap,1,1
2026-01-07 07:30:00,delivery,breakfast_wrap,1,1
2026-01-07 07:30:00,delivery,hash_brown,1,1
2026-01-07 07:30:00,drive_thru,breakfast_wrap,2,2
2026-01-07 07:30:00,drive_thru,hash_brown,3,2
2026-01-07 07:45:00,counter,breakfast_wrap,3,2
2026-01-07 07:45:00,counter,hash_brown,1,1
2026-01-07 07:45:00,drive_thru,breakfast_wrap,1,1
2026-01-07 08:00:00,delivery,hash_brown,1,1
2026-01-07 08:00:00,drive_thru,breakfast_wrap,1,1
2026-01-07 08:15:00,delivery,hash_brown,3,2
2026-01-07 08:15:00,drive_thru,hash_brown,1,1
2026-01-07 08:30:00,counter,hash_brown,2,1
2026-01-07 08:30:00,drive_thru,hash_brown,1,1
2026-01-07 08:45:00,counter,breakfast_wrap,4,4
2026-01-07 08:45:00,counter,hash_brown,3,2
2026-01-07 08:45:00,drive_thru,hash_brown,3,2
2026-01-07 09:00:00,counter,breakfast_wrap,1,1
2026-01-07 09:00:00,counter,hash_brown,3,3
2026-01-07 09:00:00,delivery,breakfast_wrap,1,1
2026-01-07 09:15:00,counter,hash_brown,1,1
2026-01-07 09:30:00,counter,hash_brown,1,1
2026-01-07 09:45:00,counter,breakfast_wrap,1,1
2026-01-07 09:45:00,delivery,breakfast_wrap,2,2
2026-01-07 09:45:00,delivery,hash_brown,2,1
2026-01-07 09:45:00,drive_thru,breakfast_wrap,3,3
2026-01-07 10:00:00,drive_thru,hash_brown,1,1
2026-01-07 10:15:00,delivery,breakfast_wrap,2,2
2026-01-07 10:15:00,delivery,hash_brown,1,1
2026-01-07 10:30:00,counter,hash_brown,2,1
2026-01-07 10:30:00,drive_thru,breakfast_wrap,1,1
2026-01-07 10:45:00,counter,breakfast_wrap,2,2
2026-01-07 10:45:00,counter,hash_brown,1,1
2026-01-07 10:45:00,delivery,breakfast_wrap,3,2
2026-01-07 10:45:00,delivery,hash_brown,1,1
2026-01-07 11:00:00,counter,fries,1,1
2026-01-07 11:00:00,drive_thru,chicken_tenders,4,3
2026-01-07 11:00:00,drive_thru,fries,4,3
2026-01-07 11:15:00,delivery,chicken_tenders,1,1
2026-01-07 11:15:00,delivery,fries,1,1
2026-01-07 11:15:00,drive_thru,chicken_tenders,1,1
2026-01-07 11:30:00,counter,chicken_tenders,3,2
2026-01-07 11:30:00,drive_thru,chicken_tenders,2,1
2026-01-07 11:45:00,counter,chicken_tenders,2,2
2026-01-07 11:45:00,counter,fries,1,1
2026-01-07 11:45:00,drive_thru,chicken_tenders,2,1
2026-01-07 12:00:00,counter,chicken_tenders,3,3
2026-01-07 12:00:00,counter,fries,3,2
2026-01-07 12:15:00,counter,chicken_tenders,4,3
2026-01-07 12:15:00,counter,fries,1,1
2026-01-07 12:15:00,delivery,chicken_tenders,1,1
2026-01-07 12:30:00,counter,chicken_tenders,3,2
2026-01-07 12:30:00,drive_thru,chicken_tenders,1,1
2026-01-07 12:30:00,drive_thru,fries,1,1
2026-01-07 12:45:00,counter,chicken_tenders,3,2
2026-01-07 12:45:00,counter,fries,2,1
2026-01-07 12:45:00,drive_thru,chicken_tenders,1,1
2026-01-07 12:45:00,drive_thru,fries,2,2
2026-01-07 13:00:00,delivery,chicken_tenders,2,2
2026-01-07 13:00:00,drive_thru,fries,1,1
2026-01-07 13:15:00,counter,chicken_tenders,6,4
2026-01-07 13:15:00,counter,fries,4,4
2026-01-07 13:15:00,delivery,chicken_tenders,3,2
2026-01-07 13:15:00,delivery,fries,3,1
2026-01-07 13:15:00,drive_thru,fries,1,1
2026-01-07 13:30:00,counter,chicken_tenders,1,1
2026-01-07 13:30:00,counter,fries,1,1
2026-01-07 13:30:00,delivery,chicken_tenders,2,1
2026-01-07 13:30:00,drive_thru,chicken_tenders,1,1
2026-01-07 13:30:00,drive_thru,fries,1,1
2026-01-07 13:45:00,counter,chicken_tenders,4,3
2026-01-07 13:45:00,counter,fries,1,1
2026-01-07 13:45:00,delivery,chicken_tenders,2,2
2026-01-07 13:45:00,delivery,fries,4,1
2026-01-07 13:45:00,drive_thru,chicken_tenders,1,1
2026-01-07 13:45:00,drive_thru,fries,2,2
2026-01-07 14:00:00,counter,chicken_tenders,2,2
2026-01-07 14:00:00,counter,fries,1,1
2026-01-07 14:00:00,delivery,chicken_tenders,1,1
2026-01-07 14:15:00,drive_thru,chicken_tenders,2,1
2026-01-07 14:30:00,drive_thru,chicken_tenders,2,2
2026-01-07 14:30:00,drive_thru,fries,4,3
2026-01-07 14:45:00,counter,chicken_tenders,2,1
2026-01-07 15:00:00,drive_thru,chicken_tenders,4,2
2026-01-07 15:00:00,drive_thru,fries,1,1
2026-01-07 15:15:00,delivery,chicken_tenders,1,1
2026-01-07 15:30:00,counter,chicken_tenders,3,3
2026-01-07 15:30:00,drive_thru,chicken_tenders,1,1
2026-01-07 15:30:00,drive_thru,fries,3,2
2026-01-07 15:45:00,counter,fries,2,1
2026-01-07 15:45:00,drive_thru,chicken_tenders,2,1
2026-01-07 16:00:00,counter,fries,2,1
2026-01-07 16:00:00,drive_thru,chicken_tenders,1,1
2026-01-07 16:00:00,drive_thru,fries,1,1
2026-01-07 16:15:00,delivery,chicken_tenders,1,1
2026-01-07 16:30:00,counter,chicken_tenders,1,1
2026-01-07 16:30:00,counter,fries,4,3
2026-01-07 16:45:00,counter,chicken_tenders,2,1
2026-01-07 16:45:00,drive_thru,chicken_tenders,2,1
2026-01-07 16:45:00,drive_thru,fries,1,1
2026-01-07 17:00:00,counter,chicken_tenders,1,1
2026-01-07 17:00:00,counter,fries,3,2
2026-01-07 17:00:00,drive_thru,chicken_tenders,3,3
2026-01-07 17:15:00,counter,chicken_tenders,2,2
2026-01-07 17:15:00,delivery,chicken_tenders,1,1
2026-01-07 17:15:00,delivery,fries,2,1
2026-01-07 17:15:00,drive_thru,chicken_tenders,1,1
2026-01-07 17:15:00,drive_thru,fries,6,3
2026-01-07 17:30:00,counter,fries,1,1
2026-01-07 17:30:00,delivery,chicken_tenders,1,1
2026-01-07 17:30:00,delivery,fries,1,1
2026-01-07 17:30:00,drive_thru,chicken_tenders,6,3
2026-01-07 17:30:00,drive_thru,fries,2,2
2026-01-07 17:45:00,counter,chicken_tenders,4,2
2026-01-07 17:45:00,counter,fries,3,3
2026-01-07 17:45:00,delivery,fries,1,1
2026-01-07 18:00:00,counter,chicken_tenders,3,2
2026-01-07 18:00:00,counter,fries,2,1
2026-01-07 18:00:00,delivery,chicken_tenders,2,1
2026-01-07 18:00:00,delivery,fries,1,1
2026-01-07 18:00:00,drive_thru,chicken_tenders,2,2
2026-01-07 18:00:00,drive_thru,fries,5,2
2026-01-07 18:15:00,counter,chicken_tenders,4,2
2026-01-07 18:15:00,counter,fries,2,2
2026-01-07 18:15:00,delivery,chicken_tenders,2,2
2026-01-07 18:15:00,delivery,fries,1,1
2026-01-07 18:15:00,drive_thru,chicken_tenders,1,1
2026-01-07 18:15:00,drive_thru,fries,1,1
2026-01-07 18:30:00,counter,fries,1,1
2026-01-07 18:30:00,delivery,chicken_tenders,2,1
2026-01-07 18:30:00,drive_thru,chicken_tenders,1,1
2026-01-07 18:45:00,counter,chicken_tenders,2,1
2026-01-07 18:45:00,drive_thru,fries,1,1
2026-01-07 19:00:00,delivery,fries,4,2
2026-01-07 19:00:00,drive_thru,chicken_tenders,1,1
2026-01-07 19:00:00,drive_thru,fries,5,4
2026-01-07 19:15:00,counter,chicken_tenders,3,3
2026-01-07 19:15:00,counter,fries,1,1
2026-01-07 19:15:00,drive_thru,fries,1,1
2026-01-07 19:30:00,counter,chicken_tenders,3,3
2026-01-07 19:30:00,counter,fries,3,3
2026-01-07 19:30:00,delivery,chicken_tenders,3,2
2026-01-07 19:30:00,delivery,fries,1,1
2026-01-07 19:30:00,drive_thru,chicken_tenders,1,1
2026-01-07 19:45:00,counter,chicken_tenders,1,1
2026-01-07 19:45:00,counter,fries,2,1
2026-01-07 19:45:00,delivery,chicken_tenders,3,2
2026-01-07 19:45:00,drive_thru,chicken_tenders,2,2
2026-01-07 19:45:00,drive_thru,fries,4,2
2026-01-07 20:00:00,counter,fries,1,1
2026-01-07 20:00:00,drive_thru,fries,1,1
2026-01-07 20:15:00,counter,fries,1,1
2026-01-07 20:15:00,drive_thru,fries,1,1
2026-01-07 20:30:00,counter,chicken_tenders,1,1
2026-01-07 20:30:00,counter,fries,1,1
2026-01-07 20:45:00,counter,fries,2,2
2026-01-07 21:00:00,counter,chicken_tenders,1,1
2026-01-07 21:15:00,counter,fries,1,1
2026-01-07 21:15:00,delivery,chicken_tenders,1,1
2026-01-07 21:15:00,delivery,fries,1,1
2026-01-07 21:30:00,counter,chicken_tenders,2,1
2026-01-07 21:30:00,counter,fries,1,1
2026-01-07 21:30:00,drive_thru,chicken_tenders,2,2
2026-01-07 21:30:00,drive_thru,fries,1,1
2026-01-07 21:45:00,delivery,chicken_tenders,1,1
2026-01-08 06:00:00,counter,hash_brown,1,1
2026-01-08 06:00:00,drive_thru,breakfast_wrap,1,1
2026-01-08 06:15:00,counter,breakfast_wrap,1,1
2026-01-08 06:30:00,counter,breakfast_wrap,1,1
2026-01-08 06:30:00,counter,hash_brown,1,1
2026-01-08 06:45:00,counter,breakfast_wrap,2,2
2026-01-08 07:00:00,counter,breakfast_wrap,4,3
2026-01-08 07:00:00,delivery,breakfast_wrap,2,2
2026-01-08 07:00:00,delivery,hash_brown,2,2
2026-01-08 07:00:00,drive_thru,breakfast_wrap,3,2
2026-01-08 07:00:00,drive_thru,hash_brown,3,2
2026-01-08 07:15:00,counter,breakfast_wrap,1,1
2026-01-08 07:15:00,counter,hash_brown,1,1
2026-01-08 07:15:00,delivery,hash_brown,1,1
2026-01-08 07:15:00,drive_thru,breakfast_wrap,2,2
2026-01-08 07:15:00,drive_thru,hash_brown,3,2
2026-01-08 07:30:00,counter,breakfast_wrap,2,1
2026-01-08 07:30:00,counter,hash_brown,1,1
2026-01-08 07:30:00,delivery,breakfast_wrap,1,1
2026-01-08 07:30:00,delivery,hash_brown,1,1
2026-01-08 07:45:00,counter,hash_brown,2,1
2026-01-08 07:45:00,delivery,breakfast_wrap,1,1
2026-01-08 07:45:00,drive_thru,breakfast_wrap,2,2
2026-01-08 07:45:00,drive_thru,hash_brown,1,1
2026-01-08 08:00:00,counter,breakfast_wrap,3,2
2026-01-08 08:00:00,counter,hash_brown,1,1
2026-01-08 08:00:00,delivery,breakfast_wrap,2,2
2026-01-08 08:15:00,counter,breakfast_wrap,1,1
2026-01-08 08:15:00,counter,hash_brown,2,1
2026-01-08 08:15:00,delivery,hash_brown,1,1
2026-01-08 08:15:00,drive_thru,breakfast_wrap,1,1
2026-01-08 08:15:00,drive_thru,hash_brown,3,2
2026-01-08 08:30:00,counter,breakfast_wrap,1,1
2026-01-08 08:30:00,counter,hash_brown,7,3
2026-01-08 08:30:00,delivery,breakfast_wrap,3,3
2026-01-08 08:30:00,delivery,hash_brown,4,3
2026-01-08 08:30:00,drive_thru,breakfast_wrap,1,1
2026-01-08 08:30:00,drive_thru,hash_brown,1,1
2026-01-08 08:45:00,counter,breakfast_wrap,1,1
2026-01-08 08:45:00,counter,hash_brown,3,3
2026-01-08 09:00:00,counter,hash_brown,1,1
2026-01-08 09:00:00,delivery,hash_brown,1,1
2026-01-08 09:00:00,drive_thru,breakfast_wrap,1,1
2026-01-08 09:00:00,drive_thru,hash_brown,2,2
2026-01-08 09:15:00,counter,breakfast_wrap,1,1
2026-01-08 09:15:00,counter,hash_brown,2,2
2026-01-08 09:15:00,delivery,breakfast_wrap,1,1
2026-01-08 09:15:00,delivery,hash_brown,1,1
2026-01-08 09:15:00,drive_thru,breakfast_wrap,1,1
2026-01-08 09:15:00,drive_thru,hash_brown,1,1
2026-01-08 09:45:00,counter,hash_brown,2,2
2026-01-08 09:45:00,delivery,breakfast_wrap,1,1
2026-01-08 09:45:00,drive_thru,breakfast_wrap,4,3
2026-01-08 09:45:00,drive_thru,hash_brown,2,2
2026-01-08 10:00:00,counter,breakfast_wrap,1,1
2026-01-08 10:00:00,counter,hash_brown,1,1
2026-01-08 10:30:00,delivery,breakfast_wrap,3,1
2026-01-08 10:45:00,counter,breakfast_wrap,3,1
2026-01-08 10:45:00,counter,hash_brown,1,1
2026-01-08 11:00:00,counter,chicken_tenders,3,1
2026-01-08 11:15:00,counter,chicken_tenders,1,1
2026-01-08 11:15:00,delivery,chicken_tenders,3,2
2026-01-08 11:15:00,delivery,fries,1,1
2026-01-08 11:15:00,drive_thru,chicken_tenders,2,1
2026-01-08 11:30:00,delivery,fries,1,1
2026-01-08 11:30:00,drive_thru,chicken_tenders,2,2
2026-01-08 11:30:00,drive_thru,fries,1,1
2026-01-08 11:45:00,counter,fries,1,1
2026-01-08 12:00:00,counter,fries,4,2
2026-01-08 12:00:00,delivery,chicken_tenders,1,1
2026-01-08 12:00:00,delivery,fries,2,1
2026-01-08 12:00:00,drive_thru,fries,2,2
2026-01-08 12:15:00,counter,fries,2,2
2026-01-08 12:15:00,delivery,chicken_tenders,2,1
2026-01-08 12:15:00,drive_thru,chicken_tenders,1,1
2026-01-08 12:15:00,drive_thru,fries,4,3
2026-01-08 12:30:00,counter,chicken_tenders,1,1
2026-01-08 12:30:00,counter,fries,1,1
2026-01-08 12:30:00,delivery,fries,1,1
2026-01-08 12:30:00,drive_thru,fries,3,3
2026-01-08 12:45:00,counter,chicken_tenders,1,1
2026-01-08 12:45:00,counter,fries,1,1
2026-01-08 12:45:00,delivery,chicken_tenders,2,1
2026-01-08 12:45:00,delivery,fries,1,1
2026-01-08 12:45:00,drive_thru,chicken_tenders,1,1
2026-01-08 13:00:00,counter,fries,1,1
2026-01-08 13:00:00,delivery,chicken_tenders,2,1
2026-01-08 13:00:00,drive_thru,fries,1,1
2026-01-08 13:15:00,counter,chicken_tenders,2,2
2026-01-08 13:15:00,delivery,chicken_tenders,1,1
2026-01-08 13:15:00,delivery,fries,1,1
2026-01-08 13:15:00,drive_thru,chicken_tenders,2,1
2026-01-08 13:15:00,drive_thru,fries,2,1
2026-01-08 13:30:00,counter,chicken_tenders,1,1
2026-01-08 13:30:00,counter,fries,1,1
2026-01-08 13:30:00,delivery,chicken_tenders,4,2
2026-01-08 13:30:00,drive_thru,chicken_tenders,4,2
2026-01-08 13:30:00,drive_thru,fries,1,1
2026-01-08 13:45:00,counter,chicken_tenders,2,1
2026-01-08 13:45:00,counter,fries,4,2
2026-01-08 13:45:00,delivery,chicken_tenders,3,2
2026-01-08 13:45:00,delivery,fries,1,1
2026-01-08 13:45:00,drive_thru,chicken_tenders,4,2
2026-01-08 14:00:00,counter,chicken_tenders,2,1
2026-01-08 14:00:00,delivery,chicken_tenders,2,1
2026-01-08 14:00:00,delivery,fries,1,1
2026-01-08 14:00:00,drive_thru,chicken_tenders,3,2
2026-01-08 14:15:00,counter,fries,1,1
2026-01-08 14:15:00,delivery,fries,1,1
2026-01-08 14:15:00,drive_thru,chicken_tenders,1,1
2026-01-08 14:15:00,drive_thru,fries,1,1
2026-01-08 14:30:00,drive_thru,fries,1,1
2026-01-08 14:45:00,delivery,chicken_tenders,2,2
2026-01-08 14:45:00,delivery,fries,1,1
2026-01-08 15:00:00,counter,chicken_tenders,1,1
2026-01-08 15:00:00,delivery,fries,1,1
2026-01-08 15:00:00,drive_thru,chicken_tenders,1,1
2026-01-08 15:15:00,counter,chicken_tenders,1,1
2026-01-08 15:15:00,delivery,chicken_tenders,2,1
2026-01-08 15:15:00,drive_thru,chicken_tenders,1,1
2026-01-08 15:30:00,delivery,chicken_tenders,2,2
2026-01-08 15:30:00,delivery,fries,1,1
2026-01-08 15:30:00,drive_thru,chicken_tenders,2,1
2026-01-08 15:30:00,drive_thru,fries,2,1
2026-01-08 15:45:00,delivery,fries,1,1
2026-01-08 16:00:00,counter,chicken_tenders,3,1
2026-01-08 16:00:00,counter,fries,1,1
2026-01-08 16:00:00,drive_thru,chicken_tenders,1,1
2026-01-08 16:15:00,counter,fries,2,1
2026-01-08 16:15:00,drive_thru,chicken_tenders,3,2
2026-01-08 16:15:00,drive_thru,fries,1,1
2026-01-08 16:30:00,counter,fries,1,1
2026-01-08 16:30:00,drive_thru,fries,1,1
2026-01-08 16:45:00,counter,chicken_tenders,1,1
2026-01-08 16:45:00,counter,fries,3,2
2026-01-08 16:45:00,delivery,chicken_tenders,2,1
2026-01-08 17:00:00,counter,chicken_tenders,2,1
2026-01-08 17:00:00,delivery,chicken_tenders,1,1
2026-01-08 17:00:00,delivery,fries,1,1
2026-01-08 17:00:00,drive_thru,chicken_tenders,3,2
2026-01-08 17:15:00,counter,chicken_tenders,1,1
2026-01-08 17:15:00,delivery,chicken_tenders,2,1
2026-01-08 17:15:00,drive_thru,chicken_tenders,3,1
2026-01-08 17:30:00,delivery,chicken_tenders,1,1
2026-01-08 17:30:00,drive_thru,chicken_tenders,5,4
2026-01-08 17:30:00,drive_thru,fries,1,1
2026-01-08 17:45:00,counter,chicken_tenders,1,1
2026-01-08 17:45:00,counter,fries,2,2
2026-01-08 17:45:00,delivery,chicken_tenders,1,1
2026-01-08 17:45:00,delivery,fries,1,1
2026-01-08 18:00:00,counter,chicken_tenders,3,2
2026-01-08 18:00:00,delivery,chicken_tenders,2,1
2026-01-08 18:00:00,delivery,fries,1,1
2026-01-08 18:15:00,drive_thru,chicken_tenders,1,1
2026-01-08 18:15:00,drive_thru,fries,1,1
2026-01-08 18:30:00,delivery,chicken_tenders,1,1
2026-01-08 18:30:00,drive_thru,fries,1,1
2026-01-08 18:45:00,delivery,chicken_tenders,4,3
2026-01-08 18:45:00,delivery,fries,6,4
2026-01-08 18:45:00,drive_thru,fries,2,1
2026-01-08 19:00:00,delivery,chicken_tenders,1,1
2026-01-08 19:00:00,delivery,fries,1,1
2026-01-08 19:00:00,drive_thru,chicken_tenders,1,1
2026-01-08 19:15:00,counter,chicken_tenders,1,1
2026-01-08 19:15:00,counter,fries,3,2
2026-01-08 19:15:00,delivery,fries,1,1
2026-01-08 19:15:00,drive_thru,chicken_tenders,1,1
2026-01-08 19:30:00,delivery,fries,2,1
2026-01-08 19:30:00,drive_thru,fries,8,4
2026-01-08 19:45:00,counter,chicken_tenders,6,4
2026-01-08 19:45:00,counter,fries,3,2
2026-01-08 19:45:00,delivery,chicken_tenders,2,1
2026-01-08 19:45:00,drive_thru,chicken_tenders,2,1
2026-01-08 19:45:00,drive_thru,fries,3,3
2026-01-08 20:00:00,counter,fries,1,1
2026-01-08 20:00:00,delivery,fries,1,1
2026-01-08 20:00:00,drive_thru,chicken_tenders,1,1
2026-01-08 20:15:00,drive_thru,chicken_tenders,1,1
2026-01-08 20:15:00,drive_thru,fries,1,1
2026-01-08 20:30:00,drive_thru,fries,2,2
2026-01-08 20:45:00,counter,chicken_tenders,1,1
2026-01-08 20:45:00,delivery,chicken_tenders,2,2
2026-01-08 20:45:00,delivery,fries,3,1
2026-01-08 21:15:00,counter,chicken_tenders,1,1
2026-01-08 21:30:00,counter,chicken_tenders,2,1
2026-01-08 21:30:00,counter,fries,1,1
2026-01-08 21:45:00,drive_thru,chicken_tenders,2,1
2026-01-08 21:45:00,drive_thru,fries,2,1
2026-01-09 06:00:00,delivery,breakfast_wrap,2,1
2026-01-09 06:15:00,counter,breakfast_wrap,1,1
2026-01-09 06:15:00,counter,hash_brown,2,2
2026-01-09 06:15:00,delivery,hash_brown,1,1
2026-01-09 06:30:00,counter,hash_brown,1,1
2026-01-09 06:30:00,drive_thru,hash_brown,1,1
2026-01-09 07:00:00,counter,breakfast_wrap,1,1
2026-01-09 07:00:00,counter,hash_brown,1,1
2026-01-09 07:00:00,delivery,hash_brown,1,1
2026-01-09 07:00:00,drive_thru,hash_brown,1,1
2026-01-09 07:15:00,counter,breakfast_wrap,2,1
2026-01-09 07:15:00,delivery,breakfast_wrap,1,1
2026-01-09 07:15:00,delivery,hash_brown,1,1
2026-01-09 07:15:00,drive_thru,breakfast_wrap,2,1
2026-01-09 07:30:00,counter,breakfast_wrap,3,2
2026-01-09 07:30:00,counter,hash_brown,1,1
2026-01-09 07:30:00,drive_thru,hash_brown,4,2
2026-01-09 07:45:00,counter,hash_brown,2,2
2026-01-09 08:00:00,counter,breakfast_wrap,3,2
2026-01-09 08:00:00,counter,hash_brown,2,2
2026-01-09 08:00:00,delivery,breakfast_wrap,1,1
2026-01-09 08:00:00,delivery,hash_brown,1,1
2026-01-09 08:00:00,drive_thru,breakfast_wrap,3,2
2026-01-09 08:15:00,counter,breakfast_wrap,1,1
2026-01-09 08:15:00,counter,hash_brown,1,1
2026-01-09 08:15:00,delivery,breakfast_wrap,1,1
2026-01-09 08:15:00,drive_thru,breakfast_wrap,1,1
2026-01-09 08:30:00,counter,breakfast_wrap,2,1
2026-01-09 08:30:00,counter,hash_brown,3,3
2026-01-09 08:30:00,delivery,hash_brown,1,1
2026-01-09 08:45:00,counter,breakfast_wrap,2,2
2026-01-09 08:45:00,delivery,hash_brown,1,1
2026-01-09 09:00:00,counter,breakfast_wrap,2,1
2026-01-09 09:00:00,counter,hash_brown,1,1
2026-01-09 09:00:00,drive_thru,hash_brown,1,1
2026-01-09 09:15:00,delivery,breakfast_wrap,1,1
2026-01-09 09:15:00,delivery,hash_brown,1,1
2026-01-09 09:15:00,drive_thru,breakfast_wrap,3,2
2026-01-09 09:30:00,counter,hash_brown,1,1
2026-01-09 09:30:00,drive_thru,breakfast_wrap,1,1
2026-01-09 09:30:00,drive_thru,hash_brown,2,1
2026-01-09 09:45:00,counter,breakfast_wrap,2,1
2026-01-09 09:45:00,counter,hash_brown,1,1
2026-01-09 09:45:00,delivery,breakfast_wrap,3,2
2026-01-09 09:45:00,delivery,hash_brown,2,2
2026-01-09 09:45:00,drive_thru,breakfast_wrap,1,1
2026-01-09 10:15:00,counter,breakfast_wrap,1,1
2026-01-09 10:15:00,delivery,hash_brown,1,1
2026-01-09 10:30:00,delivery,breakfast_wrap,1,1
2026-01-09 10:45:00,counter,breakfast_wrap,1,1
2026-01-09 10:45:00,counter,hash_brown,3,2
2026-01-09 10:45:00,drive_thru,hash_brown,2,1
2026-01-09 11:00:00,counter,fries,2,1
2026-01-09 11:15:00,counter,chicken_tenders,2,1
2026-01-09 11:15:00,counter,fries,1,1
2026-01-09 11:15:00,delivery,fries,2,1
2026-01-09 11:30:00,counter,fries,2,1
2026-01-09 11:45:00,delivery,fries,1,1
2026-01-09 12:00:00,counter,fries,3,2
2026-01-09 12:00:00,delivery,fries,1,1
2026-01-09 12:00:00,drive_thru,fries,3,2
2026-01-09 12:15:00,counter,chicken_tenders,3,3
2026-01-09 12:15:00,counter,fries,3,2
2026-01-09 12:15:00,delivery,chicken_tenders,2,1
2026-01-09 12:15:00,drive_thru,chicken_tenders,1,1
2026-01-09 12:30:00,counter,fries,2,2
2026-01-09 12:30:00,delivery,chicken_tenders,2,1
2026-01-09 12:30:00,drive_thru,chicken_tenders,4,4
2026-01-09 12:30:00,drive_thru,fries,3,2
2026-01-09 12:45:00,counter,chicken_tenders,2,2
2026-01-09 12:45:00,counter,fries,1,1
2026-01-09 12:45:00,delivery,fries,2,1
2026-01-09 12:45:00,drive_thru,chicken_tenders,1,1
2026-01-09 12:45:00,drive_thru,fries,2,1
2026-01-09 13:00:00,counter,chicken_tenders,2,1
2026-01-09 13:00:00,counter,fries,4,3
2026-01-09 13:00:00,delivery,fries,1,1
2026-01-09 13:00:00,drive_thru,chicken_tenders,1,1
2026-01-09 13:15:00,counter,chicken_tenders,3,2
2026-01-09 13:15:00,counter,fries,4,3
2026-01-09 13:15:00,delivery,chicken_tenders,3,1
2026-01-09 13:15:00,drive_thru,chicken_tenders,4,3
2026-01-09 13:30:00,counter,chicken_tenders,1,1
2026-01-09 13:30:00,counter,fries,1,1
2026-01-09 13:30:00,drive_thru,chicken_tenders,1,1
2026-01-09 13:30:00,drive_thru,fries,3,3
2026-01-09 13:45:00,counter,chicken_tenders,2,2
2026-01-09 13:45:00,counter,fries,2,2
2026-01-09 13:45:00,delivery,fries,1,1
2026-01-09 13:45:00,drive_thru,chicken_tenders,3,2
2026-01-09 13:45:00,drive_thru,fries,4,2
2026-01-09 14:00:00,counter,fries,1,1
2026-01-09 14:00:00,delivery,chicken_tenders,1,1
2026-01-09 14:00:00,delivery,fries,2,1
2026-01-09 14:00:00,drive_thru,chicken_tenders,2,1
2026-01-09 14:00:00,drive_thru,fries,2,2
2026-01-09 14:15:00,delivery,chicken_tenders,1,1
2026-01-09 14:15:00,drive_thru,chicken_tenders,1,1
2026-01-09 14:15:00,drive_thru,fries,1,1
2026-01-09 14:30:00,counter,fries,1,1
2026-01-09 14:45:00,drive_thru,chicken_tenders,2,1
2026-01-09 14:45:00,drive_thru,fries,1,1
2026-01-09 15:00:00,drive_thru,chicken_tenders,3,3
2026-01-09 15:00:00,drive_thru,fries,5,4
2026-01-09 15:15:00,counter,chicken_tenders,1,1
2026-01-09 15:15:00,drive_thru,fries,2,1
2026-01-09 15:30:00,delivery,fries,1,1
2026-01-09 16:00:00,drive_thru,chicken_tenders,2,2
2026-01-09 16:15:00,counter,fries,1,1
2026-01-09 16:15:00,drive_thru,chicken_tenders,2,1
2026-01-09 16:30:00,counter,chicken_tenders,1,1
2026-01-09 17:00:00,delivery,chicken_tenders,1,1
2026-01-09 17:00:00,delivery,fries,3,3
2026-01-09 17:00:00,drive_thru,fries,3,2
2026-01-09 17:15:00,counter,chicken_tenders,2,2
2026-01-09 17:15:00,counter,fries,1,1
2026-01-09 17:15:00,drive_thru,fries,2,1
2026-01-09 17:30:00,counter,chicken_tenders,1,1
2026-01-09 17:30:00,drive_thru,chicken_tenders,4,2
2026-01-09 17:30:00,drive_thru,fries,1,1
2026-01-09 17:45:00,counter,fries,3,2
2026-01-09 17:45:00,drive_thru,fries,3,3
2026-01-09 18:00:00,counter,fries,1,1
2026-01-09 18:00:00,delivery,chicken_tenders,2,1
2026-01-09 18:00:00,drive_thru,chicken_tenders,2,2
2026-01-09 18:00:00,drive_thru,fries,2,2
2026-01-09 18:15:00,counter,chicken_tenders,2,1
2026-01-09 18:15:00,delivery,fries,1,1
2026-01-09 18:30:00,counter,chicken_tenders,4,3
2026-01-09 18:30:00,counter,fries,2,1
2026-01-09 18:30:00,delivery,chicken_tenders,1,1
2026-01-09 18:30:00,delivery,fries,2,2
2026-01-09 18:30:00,drive_thru,chicken_tenders,5,3
2026-01-09 18:30:00,drive_thru,fries,2,1
2026-01-09 18:45:00,counter,chicken_tenders,1,1
2026-01-09 19:00:00,counter,chicken_tenders,1,1
2026-01-09 19:15:00,counter,chicken_tenders,2,2
2026-01-09 19:15:00,counter,fries,2,1
2026-01-09 19:15:00,delivery,chicken_tenders,2,1
2026-01-09 19:15:00,delivery,fries,1,1
2026-01-09 19:15:00,drive_thru,chicken_tenders,1,1
2026-01-09 19:15:00,drive_thru,fries,1,1
2026-01-09 19:30:00,counter,fries,3,2
2026-01-09 19:30:00,delivery,chicken_tenders,1,1
2026-01-09 19:30:00,delivery,fries,2,2
2026-01-09 19:30:00,drive_thru,fries,1,1
2026-01-09 19:45:00,drive_thru,chicken_tenders,1,1
2026-01-09 20:00:00,counter,fries,1,1
2026-01-09 20:30:00,counter,chicken_tenders,1,1
2026-01-09 20:45:00,counter,fries,1,1
2026-01-09 20:45:00,delivery,chicken_tenders,2,2
2026-01-09 20:45:00,delivery,fries,2,2
2026-01-09 20:45:00,drive_thru,chicken_tenders,1,1
2026-01-09 21:00:00,drive_thru,fries,1,1
2026-01-09 21:15:00,counter,chicken_tenders,2,1
2026-01-09 21:15:00,counter,fries,1,1
2026-01-09 21:15:00,drive_thru,chicken_tenders,1,1
2026-01-09 21:15:00,drive_thru,fries,1,1
2026-01-09 21:30:00,drive_thru,fries,1,1
2026-01-09 21:45:00,counter,chicken_tenders,1,1
2026-01-09 21:45:00,drive_thru,chicken_tenders,1,1
2026-01-09 21:45:00,drive_thru,fries,2,1
2026-01-10 06:00:00,counter,breakfast_wrap,1,1
2026-01-10 06:15:00,counter,breakfast_wrap,2,1
2026-01-10 06:15:00,delivery,breakfast_wrap,1,1
2026-01-10 06:15:00,delivery,hash_brown,2,1
2026-01-10 06:30:00,counter,breakfast_wrap,1,1
2026-01-10 06:30:00,counter,hash_brown,1,1
2026-01-10 06:30:00,delivery,breakfast_wrap,1,1
2026-01-10 06:30:00,delivery,hash_brown,1,1
2026-01-10 06:45:00,counter,breakfast_wrap,1,1
2026-01-10 06:45:00,counter,hash_brown,2,2
2026-01-10 07:00:00,counter,breakfast_wrap,3,3
2026-01-10 07:00:00,counter,hash_brown,3,2
2026-01-10 07:00:00,delivery,hash_brown,1,1
2026-01-10 07:00:00,drive_thru,breakfast_wrap,2,1
2026-01-10 07:15:00,counter,breakfast_wrap,1,1
2026-01-10 07:15:00,counter,hash_brown,3,2
2026-01-10 07:15:00,delivery,breakfast_wrap,3,1
2026-01-10 07:15:00,delivery,hash_brown,1,1
2026-01-10 07:15:00,drive_thru,breakfast_wrap,3,2
2026-01-10 07:30:00,counter,breakfast_wrap,3,3
2026-01-10 07:30:00,counter,hash_brown,3,1
2026-01-10 07:30:00,delivery,breakfast_wrap,1,1
2026-01-10 07:30:00,delivery,hash_brown,1,1
2026-01-10 07:30:00,drive_thru,breakfast_wrap,4,3
2026-01-10 07:30:00,drive_thru,hash_brown,3,2
2026-01-10 07:45:00,counter,breakfast_wrap,4,4
2026-01-10 07:45:00,drive_thru,breakfast_wrap,1,1
2026-01-10 07:45:00,drive_thru,hash_brown,2,2
2026-01-10 08:00:00,counter,hash_brown,2,2
2026-01-10 08:00:00,delivery,breakfast_wrap,3,2
2026-01-10 08:00:00,delivery,hash_brown,2,2
2026-01-10 08:00:00,drive_thru,breakfast_wrap,2,2
2026-01-10 08:00:00,drive_thru,hash_brown,3,2
2026-01-10 08:15:00,counter,breakfast_wrap,3,1
2026-01-10 08:15:00,drive_thru,breakfast_wrap,3,2
2026-01-10 08:15:00,drive_thru,hash_brown,3,2
2026-01-10 08:30:00,counter,breakfast_wrap,1,1
2026-01-10 08:30:00,counter,hash_brown,3,2
2026-01-10 08:30:00,drive_thru,breakfast_wrap,1,1
2026-01-10 08:30:00,drive_thru,hash_brown,2,1
2026-01-10 08:45:00,counter,breakfast_wrap,1,1
2026-01-10 08:45:00,counter,hash_brown,6,4
2026-01-10 08:45:00,delivery,breakfast_wrap,1,1
2026-01-10 09:00:00,counter,breakfast_wrap,8,7
2026-01-10 09:00:00,counter,hash_brown,2,2
2026-01-10 09:00:00,delivery,hash_brown,1,1
2026-01-10 09:00:00,drive_thru,breakfast_wrap,2,1
2026-01-10 09:00:00,drive_thru,hash_brown,1,1
2026-01-10 09:15:00,counter,hash_brown,3,3
2026-01-10 09:15:00,delivery,breakfast_wrap,4,3
2026-01-10 09:15:00,delivery,hash_brown,1,1
2026-01-10 09:15:00,drive_thru,breakfast_wrap,1,1
2026-01-10 09:15:00,drive_thru,hash_brown,2,2
2026-01-10 09:30:00,counter,breakfast_wrap,1,1
2026-01-10 09:30:00,counter,hash_brown,1,1
2026-01-10 09:30:00,delivery,breakfast_wrap,3,3
2026-01-10 09:30:00,delivery,hash_brown,1,1
2026-01-10 09:30:00,drive_thru,hash_brown,3,2
2026-01-10 09:45:00,counter,breakfast_wrap,2,2
2026-01-10 09:45:00,delivery,breakfast_wrap,2,2
2026-01-10 09:45:00,delivery,hash_brown,1,1
2026-01-10 09:45:00,drive_thru,breakfast_wrap,1,1
2026-01-10 09:45:00,drive_thru,hash_brown,1,1
2026-01-10 10:00:00,counter,breakfast_wrap,2,1
2026-01-10 10:00:00,delivery,breakfast_wrap,1,1
2026-01-10 10:00:00,delivery,hash_brown,2,1
2026-01-10 10:00:00,drive_thru,hash_brown,1,1
2026-01-10 10:15:00,drive_thru,hash_brown,1,1
2026-01-10 10:30:00,drive_thru,breakfast_wrap,4,2
2026-01-10 10:45:00,counter,breakfast_wrap,2,1
2026-01-10 10:45:00,drive_thru,hash_brown,1,1
2026-01-10 11:00:00,drive_thru,chicken_tenders,1,1
2026-01-10 11:00:00,drive_thru,fries,1,1
2026-01-10 11:15:00,counter,chicken_tenders,1,1
2026-01-10 11:15:00,counter,fries,1,1
2026-01-10 11:15:00,delivery,fries,1,1
2026-01-10 11:30:00,counter,chicken_tenders,2,1
2026-01-10 11:30:00,counter,fries,2,1
2026-01-10 11:30:00,delivery,chicken_tenders,1,1
2026-01-10 11:45:00,counter,chicken_tenders,1,1
2026-01-10 11:45:00,counter,fries,2,1
2026-01-10 11:45:00,delivery,fries,1,1
2026-01-10 11:45:00,drive_thru,chicken_tenders,1,1
2026-01-10 12:00:00,delivery,chicken_tenders,1,1
2026-01-10 12:00:00,delivery,fries,1,1
2026-01-10 12:00:00,drive_thru,fries,4,3
2026-01-10 12:15:00,counter,chicken_tenders,1,1
2026-01-10 12:15:00,delivery,chicken_tenders,3,2
2026-01-10 12:15:00,delivery,fries,1,1
2026-01-10 12:15:00,drive_thru,chicken_tenders,2,2
2026-01-10 12:15:00,drive_thru,fries,2,1
2026-01-10 12:30:00,counter,chicken_tenders,2,1
2026-01-10 12:30:00,counter,fries,2,2
2026-01-10 12:30:00,drive_thru,chicken_tenders,1,1
2026-01-10 12:30:00,drive_thru,fries,1,1
2026-01-10 12:45:00,drive_thru,chicken_tenders,2,1
2026-01-10 12:45:00,drive_thru,fries,3,2
2026-01-10 13:00:00,counter,fries,6,3
2026-01-10 13:00:00,delivery,chicken_tenders,2,2
2026-01-10 13:00:00,drive_thru,chicken_tenders,2,2
2026-01-10 13:00:00,drive_thru,fries,2,2
2026-01-10 13:15:00,counter,chicken_tenders,2,2
2026-01-10 13:15:00,counter,fries,1,1
2026-01-10 13:15:00,delivery,chicken_tenders,4,2
2026-01-10 13:15:00,drive_thru,chicken_tenders,1,1
2026-01-10 13:30:00,counter,fries,3,2
2026-01-10 13:30:00,delivery,chicken_tenders,1,1
2026-01-10 13:30:00,drive_thru,chicken_tenders,3,3
2026-01-10 13:30:00,drive_thru,fries,2,1
2026-01-10 13:45:00,counter,chicken_tenders,1,1
2026-01-10 13:45:00,counter,fries,4,4
2026-01-10 13:45:00,delivery,chicken_tenders,2,1
2026-01-10 13:45:00,drive_thru,chicken_tenders,3,2
2026-01-10 13:45:00,drive_thru,fries,4,3
2026-01-10 14:00:00,counter,fries,1,1
2026-01-10 14:15:00,counter,chicken_tenders,3,1
2026-01-10 14:15:00,delivery,chicken_tenders,1,1
2026-01-10 14:15:00,delivery,fries,1,1
2026-01-10 14:15:00,drive_thru,chicken_tenders,2,1
2026-01-10 14:15:00,drive_thru,fries,1,1
2026-01-10 14:30:00,counter,fries,1,1
2026-01-10 14:30:00,drive_thru,fries,2,1
2026-01-10 14:45:00,counter,chicken_tenders,3,2
2026-01-10 14:45:00,counter,fries,1,1
2026-01-10 14:45:00,drive_thru,chicken_tenders,1,1
2026-01-10 15:00:00,counter,chicken_tenders,2,1
2026-01-10 15:00:00,counter,fries,1,1
2026-01-10 15:00:00,delivery,chicken_tenders,1,1
2026-01-10 15:00:00,delivery,fries,2,1
2026-01-10 15:45:00,counter,chicken_tenders,1,1
2026-01-10 15:45:00,delivery,fries,1,1
2026-01-10 15:45:00,drive_thru,fries,3,1
2026-01-10 16:00:00,counter,chicken_tenders,1,1
2026-01-10 16:00:00,delivery,fries,1,1
2026-01-10 16:00:00,drive_thru,chicken_tenders,1,1
2026-01-10 16:15:00,counter,chicken_tenders,1,1
2026-01-10 16:15:00,counter,fries,1,1
2026-01-10 16:15:00,delivery,chicken_tenders,2,1
2026-01-10 16:30:00,counter,chicken_tenders,1,1
2026-01-10 16:30:00,counter,fries,1,1
2026-01-10 16:45:00,delivery,chicken_tenders,1,1
2026-01-10 16:45:00,delivery,fries,1,1
2026-01-10 17:00:00,counter,chicken_tenders,6,3
2026-01-10 17:00:00,delivery,chicken_tenders,1,1
2026-01-10 17:00:00,drive_thru,chicken_tenders,1,1
2026-01-10 17:00:00,drive_thru,fries,2,2
2026-01-10 17:15:00,counter,chicken_tenders,1,1
2026-01-10 17:15:00,counter,fries,3,3
2026-01-10 17:15:00,delivery,chicken_tenders,1,1
2026-01-10 17:15:00,drive_thru,fries,1,1
2026-01-10 17:30:00,counter,fries,2,2
2026-01-10 17:30:00,delivery,chicken_tenders,1,1
2026-01-10 17:30:00,drive_thru,fries,1,1
2026-01-10 17:45:00,counter,chicken_tenders,1,1
2026-01-10 17:45:00,drive_thru,chicken_tenders,4,3
2026-01-10 17:45:00,drive_thru,fries,3,2
2026-01-10 18:00:00,counter,chicken_tenders,1,1
2026-01-10 18:00:00,counter,fries,2,1
2026-01-10 18:00:00,delivery,chicken_tenders,4,2
2026-01-10 18:00:00,delivery,fries,2,2
2026-01-10 18:15:00,counter,chicken_tenders,3,1
2026-01-10 18:15:00,drive_thru,chicken_tenders,2,2
2026-01-10 18:15:00,drive_thru,fries,2,2
2026-01-10 18:30:00,counter,chicken_tenders,1,1
2026-01-10 18:30:00,counter,fries,5,3
2026-01-10 18:30:00,delivery,fries,1,1
2026-01-10 18:30:00,drive_thru,chicken_tenders,4,3
2026-01-10 18:30:00,drive_thru,fries,1,1
2026-01-10 18:45:00,counter,chicken_tenders,2,2
2026-01-10 18:45:00,counter,fries,2,2
2026-01-10 18:45:00,delivery,chicken_tenders,2,1
2026-01-10 18:45:00,drive_thru,fries,1,1
2026-01-10 19:00:00,counter,chicken_tenders,1,1
2026-01-10 19:00:00,counter,fries,1,1
2026-01-10 19:00:00,drive_thru,chicken_tenders,1,1
2026-01-10 19:00:00,drive_thru,fries,5,3
2026-01-10 19:15:00,counter,chicken_tenders,5,4
2026-01-10 19:15:00,counter,fries,2,1
2026-01-10 19:30:00,counter,fries,2,2
2026-01-10 19:30:00,delivery,fries,1,1
2026-01-10 19:30:00,drive_thru,fries,1,1
2026-01-10 19:45:00,counter,chicken_tenders,2,1
2026-01-10 19:45:00,counter,fries,4,2
2026-01-10 19:45:00,delivery,fries,4,2
2026-01-10 19:45:00,drive_thru,chicken_tenders,3,2
2026-01-10 19:45:00,drive_thru,fries,2,2
2026-01-10 20:00:00,counter,fries,1,1
2026-01-10 20:00:00,delivery,chicken_tenders,2,2
2026-01-10 20:15:00,drive_thru,chicken_tenders,1,1
2026-01-10 20:15:00,drive_thru,fries,3,3
2026-01-10 20:30:00,counter,chicken_tenders,1,1
2026-01-10 20:30:00,counter,fries,1,1
2026-01-10 20:30:00,drive_thru,chicken_tenders,3,2
2026-01-10 20:30:00,drive_thru,fries,1,1
2026-01-10 20:45:00,delivery,chicken_tenders,1,1
2026-01-10 20:45:00,drive_thru,chicken_tenders,6,3
2026-01-10 21:00:00,counter,chicken_tenders,2,1
2026-01-10 21:00:00,counter,fries,1,1
2026-01-10 21:15:00,counter,chicken_tenders,3,2
2026-01-10 21:30:00,delivery,fries,2,1
2026-01-10 21:30:00,drive_thru,chicken_tenders,3,3
2026-01-10 21:45:00,drive_thru,chicken_tenders,1,1
2026-01-10 22:00:00,delivery,fries,1,1
2026-01-11 06:00:00,delivery,breakfast_wrap,2,1
2026-01-11 06:00:00,drive_thru,breakfast_wrap,2,2
2026-01-11 06:00:00,drive_thru,hash_brown,1,1
2026-01-11 06:15:00,counter,breakfast_wrap,4,2
2026-01-11 06:30:00,counter,breakfast_wrap,2,1
2026-01-11 06:30:00,delivery,breakfast_wrap,3,1
2026-01-11 06:30:00,drive_thru,breakfast_wrap,3,1
2026-01-11 06:45:00,counter,breakfast_wrap,2,1
2026-01-11 06:45:00,counter,hash_brown,1,1
2026-01-11 07:00:00,counter,breakfast_wrap,3,2
2026-01-11 07:00:00,counter,hash_brown,1,1
2026-01-11 07:00:00,delivery,breakfast_wrap,1,1
2026-01-11 07:00:00,delivery,hash_brown,1,1
2026-01-11 07:00:00,drive_thru,hash_brown,3,3
2026-01-11 07:15:00,counter,breakfast_wrap,3,3
2026-01-11 07:15:00,counter,hash_brown,3,3
2026-01-11 07:15:00,delivery,breakfast_wrap,2,1
2026-01-11 07:15:00,drive_thru,breakfast_wrap,2,2
2026-01-11 07:15:00,drive_thru,hash_brown,1,1
2026-01-11 07:30:00,delivery,breakfast_wrap,3,3
2026-01-11 07:30:00,delivery,hash_brown,7,4
2026-01-11 07:30:00,drive_thru,hash_brown,1,1
2026-01-11 07:45:00,counter,breakfast_wrap,1,1
2026-01-11 07:45:00,counter,hash_brown,2,2
2026-01-11 07:45:00,delivery,breakfast_wrap,1,1
2026-01-11 07:45:00,delivery,hash_brown,4,3
2026-01-11 07:45:00,drive_thru,breakfast_wrap,2,1
2026-01-11 08:00:00,counter,breakfast_wrap,1,1
2026-01-11 08:00:00,delivery,hash_brown,1,1
2026-01-11 08:00:00,drive_thru,breakfast_wrap,3,2
2026-01-11 08:00:00,drive_thru,hash_brown,1,1
2026-01-11 08:15:00,counter,breakfast_wrap,1,1
2026-01-11 08:15:00,counter,hash_brown,1,1
2026-01-11 08:15:00,delivery,breakfast_wrap,8,4
2026-01-11 08:15:00,delivery,hash_brown,1,1
2026-01-11 08:15:00,drive_thru,breakfast_wrap,2,1
2026-01-11 08:15:00,drive_thru,hash_brown,2,1
2026-01-11 08:30:00,counter,breakfast_wrap,2,2
2026-01-11 08:30:00,delivery,hash_brown,3,2
2026-01-11 08:30:00,drive_thru,hash_brown,1,1
2026-01-11 08:45:00,delivery,breakfast_wrap,2,2
2026-01-11 08:45:00,drive_thru,hash_brown,1,1
2026-01-11 09:00:00,counter,breakfast_wrap,2,2
2026-01-11 09:00:00,counter,hash_brown,4,3
2026-01-11 09:00:00,delivery,hash_brown,4,3
2026-01-11 09:00:00,drive_thru,breakfast_wrap,5,3
2026-01-11 09:00:00,drive_thru,hash_brown,3,3
2026-01-11 09:15:00,counter,breakfast_wrap,7,4
2026-01-11 09:15:00,delivery,breakfast_wrap,4,3
2026-01-11 09:30:00,counter,breakfast_wrap,1,1
2026-01-11 09:30:00,counter,hash_brown,4,3
2026-01-11 09:30:00,drive_thru,breakfast_wrap,3,1
2026-01-11 09:30:00,drive_thru,hash_brown,2,2
2026-01-11 09:45:00,counter,breakfast_wrap,1,1
2026-01-11 09:45:00,counter,hash_brown,2,2
2026-01-11 09:45:00,delivery,breakfast_wrap,1,1
2026-01-11 09:45:00,delivery,hash_brown,1,1
2026-01-11 09:45:00,drive_thru,breakfast_wrap,5,3
2026-01-11 09:45:00,drive_thru,hash_brown,4,2
2026-01-11 10:00:00,counter,breakfast_wrap,2,2
2026-01-11 10:00:00,counter,hash_brown,2,1
2026-01-11 10:15:00,counter,breakfast_wrap,3,2
2026-01-11 10:15:00,delivery,breakfast_wrap,1,1
2026-01-11 10:15:00,drive_thru,hash_brown,1,1
2026-01-11 10:30:00,drive_thru,breakfast_wrap,1,1
2026-01-11 10:30:00,drive_thru,hash_brown,3,1
2026-01-11 10:45:00,counter,breakfast_wrap,4,3
2026-01-11 10:45:00,counter,hash_brown,1,1
2026-01-11 10:45:00,drive_thru,hash_brown,2,1
2026-01-11 11:00:00,counter,chicken_tenders,4,3
2026-01-11 11:00:00,counter,fries,2,2
2026-01-11 11:00:00,drive_thru,chicken_tenders,1,1
2026-01-11 11:00:00,drive_thru,fries,1,1
2026-01-11 11:15:00,delivery,chicken_tenders,2,2
2026-01-11 11:15:00,delivery,fries,1,1
2026-01-11 11:30:00,delivery,chicken_tenders,1,1
2026-01-11 11:45:00,counter,fries,1,1
2026-01-11 11:45:00,drive_thru,fries,7,2
2026-01-11 12:00:00,counter,chicken_tenders,2,2
2026-01-11 12:00:00,delivery,fries,2,2
2026-01-11 12:00:00,drive_thru,chicken_tenders,2,1
2026-01-11 12:00:00,drive_thru,fries,3,2
2026-01-11 12:15:00,counter,chicken_tenders,2,2
2026-01-11 12:15:00,counter,fries,3,3
2026-01-11 12:15:00,delivery,chicken_tenders,1,1
2026-01-11 12:15:00,delivery,fries,1,1
2026-01-11 12:15:00,drive_thru,chicken_tenders,7,5
2026-01-11 12:15:00,drive_thru,fries,6,5
2026-01-11 12:30:00,counter,chicken_tenders,2,2
2026-01-11 12:30:00,counter,fries,4,4
2026-01-11 12:30:00,delivery,chicken_tenders,2,1
2026-01-11 12:30:00,delivery,fries,1,1
2026-01-11 12:30:00,drive_thru,chicken_tenders,2,2
2026-01-11 12:30:00,drive_thru,fries,2,1
2026-01-11 12:45:00,counter,chicken_tenders,3,2
2026-01-11 12:45:00,counter,fries,2,2
2026-01-11 12:45:00,drive_thru,chicken_tenders,3,3
2026-01-11 12:45:00,drive_thru,fries,1,1
2026-01-11 13:00:00,counter,chicken_tenders,3,1
2026-01-11 13:00:00,counter,fries,2,1
2026-01-11 13:00:00,delivery,fries,1,1
2026-01-11 13:00:00,drive_thru,chicken_tenders,5,2
2026-01-11 13:00:00,drive_thru,fries,4,2
2026-01-11 13:15:00,counter,chicken_tenders,3,3
2026-01-11 13:15:00,counter,fries,4,3
2026-01-11 13:30:00,counter,fries,2,1
2026-01-11 13:30:00,drive_thru,chicken_tenders,2,1
2026-01-11 13:45:00,drive_thru,chicken_tenders,5,3
2026-01-11 14:00:00,counter,chicken_tenders,2,2
2026-01-11 14:15:00,counter,fries,1,1
2026-01-11 14:15:00,drive_thru,chicken_tenders,1,1
2026-01-11 14:30:00,counter,chicken_tenders,1,1
2026-01-11 14:30:00,drive_thru,fries,1,1
2026-01-11 14:45:00,counter,fries,1,1
2026-01-11 14:45:00,delivery,chicken_tenders,1,1
2026-01-11 15:00:00,counter,chicken_tenders,2,1
2026-01-11 15:00:00,drive_thru,chicken_tenders,1,1
2026-01-11 15:00:00,drive_thru,fries,2,2
2026-01-11 15:15:00,counter,fries,1,1
2026-01-11 15:15:00,drive_thru,chicken_tenders,3,1
2026-01-11 15:30:00,counter,fries,6,2
2026-01-11 15:30:00,delivery,fries,1,1
2026-01-11 15:45:00,counter,chicken_tenders,2,1
2026-01-11 15:45:00,delivery,fries,1,1
2026-01-11 15:45:00,drive_thru,fries,2,2
2026-01-11 16:00:00,counter,fries,4,2
2026-01-11 16:00:00,delivery,fries,1,1
2026-01-11 16:15:00,counter,chicken_tenders,1,1
2026-01-11 16:15:00,counter,fries,1,1
2026-01-11 16:15:00,drive_thru,fries,2,1
2026-01-11 16:30:00,counter,chicken_tenders,3,3
2026-01-11 16:30:00,counter,fries,3,3
2026-01-11 16:30:00,delivery,chicken_tenders,1,1
2026-01-11 16:30:00,delivery,fries,3,2
2026-01-11 16:30:00,drive_thru,chicken_tenders,1,1
2026-01-11 16:30:00,drive_thru,fries,1,1
2026-01-11 16:45:00,drive_thru,fries,2,2
2026-01-11 17:00:00,counter,chicken_tenders,2,2
2026-01-11 17:00:00,delivery,chicken_tenders,1,1
2026-01-11 17:00:00,drive_thru,fries,1,1
2026-01-11 17:15:00,counter,chicken_tenders,1,1
2026-01-11 17:15:00,counter,fries,1,1
2026-01-11 17:15:00,delivery,chicken_tenders,3,1
2026-01-11 17:15:00,delivery,fries,1,1
2026-01-11 17:15:00,drive_thru,chicken_tenders,1,1
2026-01-11 17:30:00,counter,chicken_tenders,2,2
2026-01-11 17:30:00,drive_thru,fries,1,1
2026-01-11 17:45:00,counter,chicken_tenders,2,2
2026-01-11 17:45:00,counter,fries,3,2
2026-01-11 17:45:00,delivery,chicken_tenders,1,1
2026-01-11 17:45:00,delivery,fries,1,1
2026-01-11 17:45:00,drive_thru,chicken_tenders,1,1
2026-01-11 18:00:00,counter,chicken_tenders,2,1
2026-01-11 18:00:00,delivery,chicken_tenders,1,1
2026-01-11 18:00:00,drive_thru,chicken_tenders,3,1
2026-01-11 18:00:00,drive_thru,fries,2,2
2026-01-11 18:15:00,counter,chicken_tenders,5,4
2026-01-11 18:15:00,delivery,chicken_tenders,1,1
2026-01-11 18:15:00,delivery,fries,1,1
2026-01-11 18:30:00,counter,fries,5,3
2026-01-11 18:30:00,delivery,fries,4,2
2026-01-11 18:30:00,drive_thru,chicken_tenders,1,1
2026-01-11 18:45:00,counter,chicken_tenders,3,3
2026-01-11 18:45:00,counter,fries,4,3
2026-01-11 18:45:00,drive_thru,chicken_tenders,2,1
2026-01-11 18:45:00,drive_thru,fries,3,2
2026-01-11 19:00:00,drive_thru,chicken_tenders,3,2
2026-01-11 19:00:00,drive_thru,fries,2,1
2026-01-11 19:15:00,counter,chicken_tenders,1,1
2026-01-11 19:15:00,counter,fries,2,2
2026-01-11 19:15:00,delivery,chicken_tenders,4,2
2026-01-11 19:15:00,drive_thru,chicken_tenders,1,1
2026-01-11 19:30:00,counter,fries,3,3
2026-01-11 19:30:00,delivery,chicken_tenders,1,1
2026-01-11 19:30:00,drive_thru,chicken_tenders,1,1
2026-01-11 19:45:00,counter,chicken_tenders,3,2
2026-01-11 19:45:00,counter,fries,5,4
2026-01-11 19:45:00,delivery,chicken_tenders,1,1
2026-01-11 19:45:00,drive_thru,chicken_tenders,1,1
2026-01-11 19:45:00,drive_thru,fries,2,2
2026-01-11 20:00:00,delivery,chicken_tenders,1,1
2026-01-11 20:15:00,counter,chicken_tenders,1,1
2026-01-11 20:15:00,delivery,chicken_tenders,1,1
2026-01-11 20:30:00,delivery,chicken_tenders,1,1
2026-01-11 20:45:00,counter,fries,2,2
2026-01-11 21:00:00,counter,chicken_tenders,2,2
2026-01-11 21:00:00,counter,fries,2,2
2026-01-11 21:15:00,delivery,chicken_tenders,1,1
2026-01-11 21:15:00,drive_thru,chicken_tenders,2,1
2026-01-11 21:15:00,drive_thru,fries,1,1
2026-01-11 21:30:00,delivery,fries,1,1
2026-01-12 06:00:00,drive_thru,breakfast_wrap,2,2
2026-01-12 06:00:00,drive_thru,hash_brown,2,1
2026-01-12 06:30:00,delivery,breakfast_wrap,1,1
2026-01-12 06:30:00,delivery,hash_brown,2,1
2026-01-12 06:45:00,drive_thru,breakfast_wrap,2,1
2026-01-12 06:45:00,drive_thru,hash_brown,1,1
2026-01-12 07:00:00,counter,breakfast_wrap,3,3
2026-01-12 07:00:00,counter,hash_brown,1,1
2026-01-12 07:00:00,drive_thru,breakfast_wrap,2,2
2026-01-12 07:15:00,counter,breakfast_wrap,1,1
2026-01-12 07:15:00,drive_thru,breakfast_wrap,3,2
2026-01-12 07:30:00,counter,breakfast_wrap,2,2
2026-01-12 07:30:00,counter,hash_brown,3,2
2026-01-12 07:30:00,delivery,breakfast_wrap,2,1
2026-01-12 07:30:00,delivery,hash_brown,1,1
2026-01-12 07:30:00,drive_thru,breakfast_wrap,1,1
2026-01-12 07:30:00,drive_thru,hash_brown,1,1
2026-01-12 07:45:00,counter,breakfast_wrap,2,2
2026-01-12 07:45:00,counter,hash_brown,5,3
2026-01-12 07:45:00,delivery,breakfast_wrap,3,1
2026-01-12 07:45:00,drive_thru,breakfast_wrap,1,1
2026-01-12 08:00:00,counter,breakfast_wrap,6,3
2026-01-12 08:00:00,counter,hash_brown,1,1
2026-01-12 08:00:00,drive_thru,breakfast_wrap,1,1
2026-01-12 08:00:00,drive_thru,hash_brown,6,3
2026-01-12 08:15:00,counter,hash_brown,5,3
2026-01-12 08:15:00,drive_thru,breakfast_wrap,1,1
2026-01-12 08:15:00,drive_thru,hash_brown,1,1
2026-01-12 08:45:00,delivery,hash_brown,2,1
2026-01-12 09:00:00,delivery,breakfast_wrap,1,1
2026-01-12 09:00:00,drive_thru,breakfast_wrap,4,3
2026-01-12 09:15:00,counter,hash_brown,1,1
2026-01-12 09:15:00,drive_thru,breakfast_wrap,2,2
2026-01-12 09:15:00,drive_thru,hash_brown,1,1
2026-01-12 09:30:00,counter,breakfast_wrap,2,1
2026-01-12 09:30:00,counter,hash_brown,4,1
2026-01-12 09:30:00,drive_thru,breakfast_wrap,2,2
2026-01-12 09:30:00,drive_thru,hash_brown,3,2
2026-01-12 09:45:00,delivery,breakfast_wrap,1,1
2026-01-12 09:45:00,delivery,hash_brown,1,1
2026-01-12 09:45:00,drive_thru,breakfast_wrap,1,1
2026-01-12 09:45:00,drive_thru,hash_brown,1,1
2026-01-12 10:00:00,delivery,breakfast_wrap,1,1
2026-01-12 10:15:00,counter,breakfast_wrap,2,1
2026-01-12 10:30:00,delivery,breakfast_wrap,2,1
2026-01-12 10:30:00,drive_thru,breakfast_wrap,2,1
2026-01-12 11:00:00,drive_thru,chicken_tenders,1,1
2026-01-12 11:15:00,counter,chicken_tenders,1,1
2026-01-12 11:15:00,delivery,fries,2,1
2026-01-12 11:30:00,delivery,fries,1,1
2026-01-12 11:45:00,delivery,chicken_tenders,2,1
2026-01-12 12:15:00,counter,chicken_tenders,4,4
2026-01-12 12:15:00,counter,fries,5,4
2026-01-12 12:15:00,delivery,fries,1,1
2026-01-12 12:15:00,drive_thru,chicken_tenders,2,1
2026-01-12 12:15:00,drive_thru,fries,2,1
2026-01-12 12:30:00,counter,chicken_tenders,1,1
2026-01-12 12:30:00,counter,fries,5,4
2026-01-12 12:30:00,delivery,chicken_tenders,1,1
2026-01-12 12:30:00,drive_thru,chicken_tenders,1,1
2026-01-12 12:30:00,drive_thru,fries,1,1
2026-01-12 12:45:00,counter,chicken_tenders,5,4
2026-01-12 12:45:00,counter,fries,5,3
2026-01-12 12:45:00,delivery,chicken_tenders,4,3
2026-01-12 12:45:00,delivery,fries,1,1
2026-01-12 12:45:00,drive_thru,chicken_tenders,3,3
2026-01-12 12:45:00,drive_thru,fries,5,4
2026-01-12 13:00:00,counter,chicken_tenders,1,1
2026-01-12 13:00:00,counter,fries,3,2
2026-01-12 13:00:00,delivery,chicken_tenders,1,1
2026-01-12 13:00:00,delivery,fries,4,2
2026-01-12 13:00:00,drive_thru,chicken_tenders,3,1
2026-01-12 13:00:00,drive_thru,fries,1,1
2026-01-12 13:15:00,counter,fries,4,4
2026-01-12 13:15:00,delivery,chicken_tenders,2,1
2026-01-12 13:15:00,delivery,fries,1,1
2026-01-12 13:30:00,counter,chicken_tenders,1,1
2026-01-12 13:30:00,counter,fries,1,1
2026-01-12 13:30:00,delivery,chicken_tenders,1,1
2026-01-12 13:30:00,delivery,fries,1,1
2026-01-12 13:45:00,counter,fries,2,1
2026-01-12 13:45:00,delivery,fries,1,1
2026-01-12 13:45:00,drive_thru,chicken_tenders,3,2
2026-01-12 13:45:00,drive_thru,fries,6,5
2026-01-12 14:00:00,delivery,chicken_tenders,2,1
2026-01-12 14:15:00,delivery,chicken_tenders,2,1
2026-01-12 14:15:00,delivery,fries,1,1
2026-01-12 14:45:00,drive_thru,fries,1,1
2026-01-12 15:30:00,delivery,chicken_tenders,4,3
2026-01-12 15:30:00,delivery,fries,1,1
2026-01-12 15:45:00,counter,fries,1,1
2026-01-12 15:45:00,drive_thru,fries,1,1
2026-01-12 16:00:00,counter,chicken_tenders,1,1
2026-01-12 16:00:00,drive_thru,fries,1,1
2026-01-12 16:15:00,delivery,fries,1,1
2026-01-12 16:15:00,drive_thru,chicken_tenders,1,1
2026-01-12 16:15:00,drive_thru,fries,1,1
2026-01-12 16:30:00,counter,fries,2,1
2026-01-12 16:30:00,delivery,chicken_tenders,1,1
2026-01-12 16:30:00,drive_thru,fries,1,1
2026-01-12 16:45:00,counter,fries,2,2
2026-01-12 16:45:00,delivery,fries,1,1
2026-01-12 17:00:00,counter,chicken_tenders,2,2
2026-01-12 17:00:00,counter,fries,3,2
2026-01-12 17:00:00,delivery,chicken_tenders,3,2
2026-01-12 17:15:00,counter,fries,4,2
2026-01-12 17:15:00,delivery,chicken_tenders,1,1
2026-01-12 17:15:00,drive_thru,fries,3,2
2026-01-12 17:30:00,counter,chicken_tenders,4,4
2026-01-12 17:30:00,counter,fries,3,2
2026-01-12 17:30:00,delivery,chicken_tenders,1,1
2026-01-12 17:30:00,drive_thru,chicken_tenders,1,1
2026-01-12 17:30:00,drive_thru,fries,2,2
2026-01-12 17:45:00,counter,chicken_tenders,2,1
2026-01-12 17:45:00,counter,fries,5,3
2026-01-12 17:45:00,drive_thru,chicken_tenders,4,3
2026-01-12 18:00:00,counter,fries,2,2
2026-01-12 18:00:00,delivery,chicken_tenders,1,1
2026-01-12 18:00:00,drive_thru,chicken_tenders,4,3
2026-01-12 18:00:00,drive_thru,fries,1,1
2026-01-12 18:15:00,counter,chicken_tenders,1,1
2026-01-12 18:15:00,counter,fries,2,1
2026-01-12 18:30:00,counter,chicken_tenders,2,2
2026-01-12 18:30:00,counter,fries,3,2
2026-01-12 18:30:00,drive_thru,chicken_tenders,1,1
2026-01-12 18:30:00,drive_thru,fries,2,2
2026-01-12 18:45:00,counter,chicken_tenders,1,1
2026-01-12 18:45:00,delivery,chicken_tenders,3,1
2026-01-12 18:45:00,drive_thru,chicken_tenders,1,1
2026-01-12 18:45:00,drive_thru,fries,5,2
2026-01-12 19:00:00,counter,chicken_tenders,2,2
2026-01-12 19:00:00,counter,fries,2,2
2026-01-12 19:00:00,drive_thru,chicken_tenders,1,1
2026-01-12 19:15:00,counter,chicken_tenders,4,4
2026-01-12 19:15:00,counter,fries,4,3
2026-01-12 19:15:00,delivery,chicken_tenders,3,3
2026-01-12 19:15:00,delivery,fries,1,1
2026-01-12 19:15:00,drive_thru,chicken_tenders,1,1
2026-01-12 19:30:00,counter,fries,3,3
2026-01-12 19:30:00,delivery,chicken_tenders,3,2
2026-01-12 19:30:00,drive_thru,chicken_tenders,1,1
2026-01-12 19:30:00,drive_thru,fries,1,1
2026-01-12 19:45:00,counter,chicken_tenders,1,1
2026-01-12 19:45:00,counter,fries,2,2
2026-01-12 19:45:00,delivery,chicken_tenders,1,1
2026-01-12 19:45:00,drive_thru,chicken_tenders,1,1
2026-01-12 20:00:00,delivery,chicken_tenders,1,1
2026-01-12 20:00:00,delivery,fries,3,1
2026-01-12 20:00:00,drive_thru,chicken_tenders,1,1
2026-01-12 20:00:00,drive_thru,fries,3,2
2026-01-12 20:15:00,counter,chicken_tenders,4,3
2026-01-12 20:15:00,delivery,chicken_tenders,1,1
2026-01-12 20:15:00,delivery,fries,1,1
2026-01-12 20:30:00,drive_thru,chicken_tenders,1,1
2026-01-12 20:30:00,drive_thru,fries,1,1
2026-01-12 20:45:00,counter,chicken_tenders,2,2
2026-01-12 20:45:00,counter,fries,3,1
2026-01-12 20:45:00,delivery,chicken_tenders,1,1
2026-01-12 20:45:00,delivery,fries,3,2
2026-01-12 20:45:00,drive_thru,chicken_tenders,2,2
2026-01-12 20:45:00,drive_thru,fries,1,1
2026-01-12 21:00:00,counter,chicken_tenders,1,1
2026-01-12 21:15:00,drive_thru,chicken_tenders,1,1
2026-01-12 21:15:00,drive_thru,fries,1,1
2026-01-12 21:45:00,counter,fries,1,1
2026-01-12 21:45:00,delivery,chicken_tenders,1,1
2026-01-12 21:45:00,drive_thru,chicken_tenders,1,1
2026-01-12 21:45:00,drive_thru,fries,1,1
2026-01-13 06:15:00,drive_thru,hash_brown,3,2
2026-01-13 06:30:00,counter,hash_brown,1,1
2026-01-13 06:45:00,counter,breakfast_wrap,2,2
2026-01-13 06:45:00,drive_thru,breakfast_wrap,1,1
2026-01-13 07:00:00,counter,breakfast_wrap,1,1
2026-01-13 07:00:00,counter,hash_brown,2,1
2026-01-13 07:00:00,drive_thru,breakfast_wrap,4,2
2026-01-13 07:15:00,counter,breakfast_wrap,4,2
2026-01-13 07:15:00,delivery,breakfast_wrap,2,1
2026-01-13 07:15:00,delivery,hash_brown,3,2
2026-01-13 07:15:00,drive_thru,breakfast_wrap,5,5
2026-01-13 07:15:00,drive_thru,hash_brown,3,1
2026-01-13 07:30:00,counter,hash_brown,3,2
2026-01-13 07:30:00,delivery,hash_brown,1,1
2026-01-13 07:30:00,drive_thru,breakfast_wrap,2,2
2026-01-13 07:30:00,drive_thru,hash_brown,1,1
2026-01-13 07:45:00,counter,breakfast_wrap,2,2
2026-01-13 07:45:00,counter,hash_brown,3,3
2026-01-13 07:45:00,delivery,breakfast_wrap,1,1
2026-01-13 07:45:00,delivery,hash_brown,1,1
2026-01-13 07:45:00,drive_thru,breakfast_wrap,2,1
2026-01-13 08:00:00,counter,breakfast_wrap,3,2
2026-01-13 08:00:00,counter,hash_brown,5,4
2026-01-13 08:00:00,drive_thru,hash_brown,1,1
2026-01-13 08:15:00,counter,breakfast_wrap,3,2
2026-01-13 08:15:00,counter,hash_brown,3,1
2026-01-13 08:15:00,delivery,hash_brown,1,1
2026-01-13 08:15:00,drive_thru,breakfast_wrap,3,2
2026-01-13 08:30:00,counter,breakfast_wrap,2,2
2026-01-13 08:30:00,delivery,hash_brown,2,1
2026-01-13 08:30:00,drive_thru,breakfast_wrap,3,2
2026-01-13 08:30:00,drive_thru,hash_brown,1,1
2026-01-13 08:45:00,counter,breakfast_wrap,1,1
2026-01-13 08:45:00,counter,hash_brown,1,1
2026-01-13 08:45:00,delivery,hash_brown,2,1
2026-01-13 08:45:00,drive_thru,breakfast_wrap,3,2
2026-01-13 09:00:00,counter,breakfast_wrap,1,1
2026-01-13 09:00:00,counter,hash_brown,2,1
2026-01-13 09:00:00,delivery,breakfast_wrap,2,1
2026-01-13 09:00:00,delivery,hash_brown,2,1
2026-01-13 09:15:00,counter,breakfast_wrap,2,2
2026-01-13 09:15:00,delivery,breakfast_wrap,3,1
2026-01-13 09:15:00,delivery,hash_brown,1,1
2026-01-13 09:15:00,drive_thru,breakfast_wrap,1,1
2026-01-13 09:30:00,counter,hash_brown,1,1
2026-01-13 09:30:00,delivery,hash_brown,1,1
2026-01-13 09:45:00,counter,breakfast_wrap,4,3
2026-01-13 09:45:00,counter,hash_brown,3,3
2026-01-13 09:45:00,delivery,hash_brown,1,1
2026-01-13 09:45:00,drive_thru,hash_brown,1,1
2026-01-13 10:00:00,delivery,hash_brown,2,1
2026-01-13 10:15:00,counter,hash_brown,1,1
2026-01-13 10:15:00,delivery,breakfast_wrap,2,1
2026-01-13 10:15:00,delivery,hash_brown,2,1
2026-01-13 10:30:00,counter,breakfast_wrap,1,1
2026-01-13 10:30:00,delivery,hash_brown,1,1
2026-01-13 10:45:00,counter,hash_brown,2,2
2026-01-13 11:00:00,delivery,fries,1,1
2026-01-13 11:00:00,drive_thru,chicken_tenders,1,1
2026-01-13 11:15:00,drive_thru,chicken_tenders,1,1
2026-01-13 11:45:00,delivery,fries,1,1
2026-01-13 11:45:00,drive_thru,chicken_tenders,1,1
2026-01-13 11:45:00,drive_thru,fries,1,1
2026-01-13 12:00:00,counter,fries,1,1
2026-01-13 12:00:00,drive_thru,fries,1,1
2026-01-13 12:15:00,counter,fries,2,1
2026-01-13 12:15:00,delivery,chicken_tenders,6,3
2026-01-13 12:15:00,drive_thru,chicken_tenders,3,3
2026-01-13 12:15:00,drive_thru,fries,3,2
2026-01-13 12:30:00,counter,fries,2,2
2026-01-13 12:30:00,drive_thru,chicken_tenders,3,2
2026-01-13 12:45:00,counter,chicken_tenders,3,2
2026-01-13 12:45:00,counter,fries,3,2
2026-01-13 12:45:00,drive_thru,chicken_tenders,1,1
2026-01-13 12:45:00,drive_thru,fries,2,2
2026-01-13 13:00:00,counter,fries,1,1
2026-01-13 13:00:00,delivery,chicken_tenders,3,2
2026-01-13 13:00:00,drive_thru,chicken_tenders,1,1
2026-01-13 13:00:00,drive_thru,fries,3,3
2026-01-13 13:15:00,counter,fries,1,1
2026-01-13 13:15:00,delivery,fries,2,1
2026-01-13 13:15:00,drive_thru,chicken_tenders,1,1
2026-01-13 13:15:00,drive_thru,fries,2,2
2026-01-13 13:30:00,counter,chicken_tenders,2,2
2026-01-13 13:30:00,delivery,fries,3,2
2026-01-13 13:30:00,drive_thru,chicken_tenders,2,2
2026-01-13 13:30:00,drive_thru,fries,1,1
2026-01-13 13:45:00,counter,chicken_tenders,2,1
2026-01-13 13:45:00,delivery,fries,3,2
2026-01-13 13:45:00,drive_thru,chicken_tenders,1,1
2026-01-13 14:00:00,drive_thru,chicken_tenders,1,1
2026-01-13 14:30:00,counter,chicken_tenders,1,1
2026-01-13 14:30:00,drive_thru,chicken_tenders,1,1
2026-01-13 14:45:00,counter,chicken_tenders,1,1
2026-01-13 14:45:00,delivery,fries,3,2
2026-01-13 15:00:00,counter,chicken_tenders,1,1
2026-01-13 15:00:00,counter,fries,3,2
2026-01-13 15:00:00,delivery,fries,1,1
2026-01-13 15:15:00,delivery,chicken_tenders,2,1
2026-01-13 15:45:00,counter,chicken_tenders,2,1
2026-01-13 16:00:00,counter,chicken_tenders,1,1
2026-01-13 16:00:00,delivery,chicken_tenders,2,1
2026-01-13 16:00:00,delivery,fries,1,1
2026-01-13 16:15:00,delivery,chicken_tenders,1,1
2026-01-13 16:15:00,delivery,fries,2,1
2026-01-13 16:30:00,counter,chicken_tenders,1,1
2026-01-13 16:30:00,delivery,fries,1,1
2026-01-13 16:30:00,drive_thru,chicken_tenders,1,1
2026-01-13 16:30:00,drive_thru,fries,2,1
2026-01-13 16:45:00,counter,chicken_tenders,1,1
2026-01-13 16:45:00,counter,fries,1,1
2026-01-13 16:45:00,delivery,chicken_tenders,2,1
2026-01-13 17:00:00,counter,chicken_tenders,2,1
2026-01-13 17:00:00,delivery,chicken_tenders,3,2
2026-01-13 17:00:00,drive_thru,chicken_tenders,2,2
2026-01-13 17:15:00,counter,chicken_tenders,2,1
2026-01-13 17:15:00,counter,fries,2,2
2026-01-13 17:15:00,delivery,chicken_tenders,1,1
2026-01-13 17:30:00,counter,fries,1,1
2026-01-13 17:30:00,delivery,chicken_tenders,1,1
2026-01-13 17:30:00,delivery,fries,2,2
2026-01-13 17:45:00,counter,chicken_tenders,1,1
2026-01-13 17:45:00,counter,fries,2,2
2026-01-13 17:45:00,delivery,chicken_tenders,2,2
2026-01-13 17:45:00,drive_thru,chicken_tenders,1,1
2026-01-13 17:45:00,drive_thru,fries,2,1
2026-01-13 18:00:00,counter,chicken_tenders,3,2
2026-01-13 18:00:00,counter,fries,1,1
2026-01-13 18:00:00,drive_thru,chicken_tenders,1,1
2026-01-13 18:15:00,counter,fries,3,2
2026-01-13 18:15:00,delivery,chicken_tenders,1,1
2026-01-13 18:15:00,delivery,fries,1,1
2026-01-13 18:15:00,drive_thru,chicken_tenders,1,1
2026-01-13 18:15:00,drive_thru,fries,1,1
2026-01-13 18:30:00,counter,chicken_tenders,4,3
2026-01-13 18:30:00,counter,fries,2,2
2026-01-13 18:30:00,delivery,chicken_tenders,1,1
2026-01-13 18:30:00,drive_thru,chicken_tenders,2,2
2026-01-13 18:30:00,drive_thru,fries,2,1
2026-01-13 18:45:00,counter,chicken_tenders,1,1
2026-01-13 18:45:00,counter,fries,3,2
2026-01-13 18:45:00,delivery,fries,4,2
2026-01-13 18:45:00,drive_thru,fries,2,1
2026-01-13 19:00:00,delivery,fries,2,1
2026-01-13 19:15:00,counter,chicken_tenders,3,2
2026-01-13 19:15:00,counter,fries,5,3
2026-01-13 19:15:00,delivery,chicken_tenders,1,1
2026-01-13 19:15:00,delivery,fries,2,1
2026-01-13 19:30:00,delivery,fries,1,1
2026-01-13 19:30:00,drive_thru,chicken_tenders,2,1
2026-01-13 19:45:00,counter,chicken_tenders,1,1
2026-01-13 19:45:00,counter,fries,1,1
2026-01-13 19:45:00,drive_thru,fries,4,2
2026-01-13 20:00:00,delivery,chicken_tenders,2,2
2026-01-13 20:00:00,delivery,fries,1,1
2026-01-13 20:15:00,counter,chicken_tenders,2,2
2026-01-13 20:15:00,counter,fries,1,1
2026-01-13 20:15:00,delivery,chicken_tenders,2,1
2026-01-13 20:15:00,drive_thru,chicken_tenders,2,1
2026-01-13 20:30:00,counter,chicken_tenders,1,1
2026-01-13 20:30:00,counter,fries,2,2
2026-01-13 20:30:00,delivery,fries,1,1
2026-01-13 20:30:00,drive_thru,fries,1,1
2026-01-13 20:45:00,counter,chicken_tenders,2,2
2026-01-13 20:45:00,counter,fries,1,1
2026-01-13 20:45:00,drive_thru,chicken_tenders,3,2
2026-01-13 21:00:00,counter,chicken_tenders,1,1
2026-01-13 21:00:00,counter,fries,1,1
2026-01-13 21:15:00,counter,fries,2,2
2026-01-13 21:15:00,delivery,chicken_tenders,3,1
2026-01-13 21:15:00,delivery,fries,1,1
2026-01-13 21:15:00,drive_thru,chicken_tenders,1,1
2026-01-13 21:15:00,drive_thru,fries,1,1
2026-01-13 21:30:00,counter,chicken_tenders,1,1
2026-01-13 21:30:00,delivery,chicken_tenders,1,1
2026-01-13 21:30:00,delivery,fries,2,1
2026-01-13 21:30:00,drive_thru,chicken_tenders,4,2
2026-01-13 21:45:00,counter,chicken_tenders,1,1
2026-01-13 21:45:00,counter,fries,1,1
2026-01-14 06:00:00,counter,hash_brown,3,1
2026-01-14 06:15:00,counter,hash_brown,2,1
2026-01-14 06:30:00,counter,breakfast_wrap,1,1
2026-01-14 06:45:00,drive_thru,breakfast_wrap,1,1
2026-01-14 06:45:00,drive_thru,hash_brown,1,1
2026-01-14 07:00:00,counter,breakfast_wrap,1,1
2026-01-14 07:00:00,counter,hash_brown,3,2
2026-01-14 07:00:00,delivery,hash_brown,2,1
2026-01-14 07:00:00,drive_thru,breakfast_wrap,1,1
2026-01-14 07:00:00,drive_thru,hash_brown,1,1
2026-01-14 07:15:00,counter,breakfast_wrap,3,2
2026-01-14 07:15:00,counter,hash_brown,6,4
2026-01-14 07:30:00,counter,hash_brown,2,2
2026-01-14 07:30:00,delivery,hash_brown,2,1
2026-01-14 07:30:00,drive_thru,breakfast_wrap,1,1
2026-01-14 07:30:00,drive_thru,hash_brown,1,1
2026-01-14 07:45:00,counter,hash_brown,4,3
2026-01-14 07:45:00,delivery,hash_brown,2,1
2026-01-14 07:45:00,drive_thru,breakfast_wrap,2,2
2026-01-14 07:45:00,drive_thru,hash_brown,3,3
2026-01-14 08:00:00,counter,hash_brown,1,1
2026-01-14 08:00:00,delivery,hash_brown,1,1
2026-01-14 08:00:00,drive_thru,hash_brown,1,1
2026-01-14 08:15:00,counter,hash_brown,3,2
2026-01-14 08:15:00,delivery,breakfast_wrap,1,1
2026-01-14 08:15:00,delivery,hash_brown,2,1
2026-01-14 08:15:00,drive_thru,breakfast_wrap,1,1
2026-01-14 08:15:00,drive_thru,hash_brown,4,3
2026-01-14 08:30:00,counter,breakfast_wrap,3,2
2026-01-14 08:30:00,counter,hash_brown,5,3
2026-01-14 08:30:00,delivery,breakfast_wrap,2,1
2026-01-14 08:30:00,drive_thru,breakfast_wrap,1,1
2026-01-14 08:30:00,drive_thru,hash_brown,1,1
2026-01-14 08:45:00,counter,breakfast_wrap,2,2
2026-01-14 08:45:00,delivery,breakfast_wrap,1,1
2026-01-14 08:45:00,drive_thru,breakfast_wrap,2,2
2026-01-14 09:00:00,counter,breakfast_wrap,1,1
2026-01-14 09:00:00,counter,hash_brown,1,1
2026-01-14 09:00:00,drive_thru,breakfast_wrap,2,1
2026-01-14 09:00:00,drive_thru,hash_brown,1,1
2026-01-14 09:15:00,counter,breakfast_wrap,2,2
2026-01-14 09:15:00,counter,hash_brown,4,3
2026-01-14 09:15:00,delivery,hash_brown,1,1
2026-01-14 09:15:00,drive_thru,breakfast_wrap,2,2
2026-01-14 09:15:00,drive_thru,hash_brown,3,2
2026-01-14 09:30:00,counter,breakfast_wrap,3,3
2026-01-14 09:30:00,counter,hash_brown,5,4
2026-01-14 09:30:00,drive_thru,hash_brown,2,2
2026-01-14 09:45:00,counter,hash_brown,2,1
2026-01-14 09:45:00,drive_thru,breakfast_wrap,1,1
2026-01-14 10:00:00,counter,breakfast_wrap,3,2
2026-01-14 10:00:00,counter,hash_brown,2,1
2026-01-14 10:00:00,drive_thru,hash_brown,3,2
2026-01-14 10:15:00,counter,hash_brown,2,1
2026-01-14 10:15:00,drive_thru,hash_brown,1,1
2026-01-14 10:30:00,counter,breakfast_wrap,1,1
2026-01-14 10:30:00,drive_thru,hash_brown,4,2
2026-01-14 10:45:00,counter,breakfast_wrap,1,1
2026-01-14 10:45:00,delivery,hash_brown,1,1
2026-01-14 11:00:00,delivery,breakfast_wrap,2,1
2026-01-14 11:00:00,delivery,hash_brown,1,1
2026-01-14 11:00:00,drive_thru,chicken_tenders,3,3
2026-01-14 11:00:00,drive_thru,fries,1,1
2026-01-14 11:15:00,counter,chicken_tenders,2,1
2026-01-14 11:15:00,drive_thru,chicken_tenders,1,1
2026-01-14 11:30:00,counter,fries,1,1
2026-01-14 11:30:00,drive_thru,chicken_tenders,4,1
2026-01-14 11:30:00,drive_thru,fries,1,1
2026-01-14 11:45:00,counter,fries,2,1
2026-01-14 12:00:00,counter,chicken_tenders,2,2
2026-01-14 12:00:00,counter,fries,5,2
2026-01-14 12:15:00,counter,fries,2,1
2026-01-14 12:15:00,delivery,chicken_tenders,4,2
2026-01-14 12:15:00,drive_thru,chicken_tenders,1,1
2026-01-14 12:15:00,drive_thru,fries,1,1
2026-01-14 12:30:00,counter,chicken_tenders,1,1
2026-01-14 12:30:00,counter,fries,1,1
2026-01-14 12:30:00,delivery,chicken_tenders,4,2
2026-01-14 12:30:00,drive_thru,chicken_tenders,2,2
2026-01-14 12:30:00,drive_thru,fries,1,1
2026-01-14 12:45:00,counter,chicken_tenders,2,2
2026-01-14 12:45:00,counter,fries,1,1
2026-01-14 12:45:00,delivery,chicken_tenders,2,2
2026-01-14 12:45:00,delivery,fries,2,2
2026-01-14 12:45:00,drive_thru,chicken_tenders,1,1
2026-01-14 12:45:00,drive_thru,fries,2,2
2026-01-14 13:00:00,drive_thru,chicken_tenders,2,2
2026-01-14 13:15:00,counter,chicken_tenders,4,3
2026-01-14 13:15:00,counter,fries,3,2
2026-01-14 13:15:00,delivery,chicken_tenders,1,1
2026-01-14 13:15:00,delivery,fries,1,1
2026-01-14 13:15:00,drive_thru,chicken_tenders,1,1
2026-01-14 13:15:00,drive_thru,fries,2,1
2026-01-14 13:30:00,counter,chicken_tenders,3,3
2026-01-14 13:30:00,counter,fries,1,1
2026-01-14 13:30:00,delivery,chicken_tenders,2,2
2026-01-14 13:30:00,drive_thru,chicken_tenders,3,2
2026-01-14 13:30:00,drive_thru,fries,1,1
2026-01-14 13:45:00,counter,chicken_tenders,1,1
2026-01-14 13:45:00,counter,fries,2,2
2026-01-14 13:45:00,delivery,fries,2,2
2026-01-14 13:45:00,drive_thru,chicken_tenders,1,1
2026-01-14 14:00:00,counter,chicken_tenders,2,1
2026-01-14 14:00:00,counter,fries,2,2
2026-01-14 14:00:00,delivery,fries,1,1
2026-01-14 14:15:00,counter,fries,1,1
2026-01-14 14:15:00,drive_thru,chicken_tenders,3,2
2026-01-14 14:15:00,drive_thru,fries,1,1
2026-01-14 14:30:00,drive_thru,chicken_tenders,2,2
2026-01-14 14:45:00,drive_thru,chicken_tenders,1,1
2026-01-14 15:00:00,counter,chicken_tenders,1,1
2026-01-14 15:15:00,counter,chicken_tenders,3,2
2026-01-14 15:15:00,delivery,chicken_tenders,1,1
2026-01-14 15:15:00,drive_thru,chicken_tenders,2,2
2026-01-14 15:15:00,drive_thru,fries,4,4
2026-01-14 15:30:00,counter,chicken_tenders,2,2
2026-01-14 15:30:00,counter,fries,1,1
2026-01-14 15:45:00,delivery,fries,1,1
2026-01-14 16:00:00,counter,chicken_tenders,1,1
2026-01-14 16:00:00,counter,fries,1,1
2026-01-14 16:00:00,delivery,chicken_tenders,3,2
2026-01-14 16:00:00,delivery,fries,1,1
2026-01-14 16:00:00,drive_thru,chicken_tenders,1,1
2026-01-14 16:00:00,drive_thru,fries,1,1
2026-01-14 16:15:00,drive_thru,chicken_tenders,3,2
2026-01-14 16:15:00,drive_thru,fries,2,2
2026-01-14 16:30:00,counter,fries,1,1
2026-01-14 16:30:00,drive_thru,chicken_tenders,3,2
2026-01-14 16:45:00,counter,chicken_tenders,3,1
2026-01-14 16:45:00,delivery,fries,1,1
2026-01-14 16:45:00,drive_thru,chicken_tenders,2,2
2026-01-14 16:45:00,drive_thru,fries,1,1
2026-01-14 17:00:00,counter,chicken_tenders,2,2
2026-01-14 17:00:00,counter,fries,1,1
2026-01-14 17:00:00,drive_thru,chicken_tenders,2,2
2026-01-14 17:00:00,drive_thru,fries,3,2
2026-01-14 17:15:00,counter,chicken_tenders,1,1
2026-01-14 17:15:00,counter,fries,2,2
2026-01-14 17:15:00,drive_thru,fries,2,2
2026-01-14 17:30:00,drive_thru,chicken_tenders,1,1
2026-01-14 18:00:00,drive_thru,fries,1,1
2026-01-14 18:15:00,counter,chicken_tenders,3,2
2026-01-14 18:15:00,counter,fries,1,1
2026-01-14 18:15:00,delivery,fries,4,1
2026-01-14 18:15:00,drive_thru,chicken_tenders,1,1
2026-01-14 18:15:00,drive_thru,fries,1,1
2026-01-14 18:30:00,counter,chicken_tenders,3,1
2026-01-14 18:30:00,drive_thru,chicken_tenders,3,2
2026-01-14 18:30:00,drive_thru,fries,1,1
2026-01-14 18:45:00,counter,chicken_tenders,7,4
2026-01-14 18:45:00,counter,fries,1,1
2026-01-14 18:45:00,delivery,chicken_tenders,1,1
2026-01-14 18:45:00,delivery,fries,4,2
2026-01-14 18:45:00,drive_thru,chicken_tenders,1,1
2026-01-14 18:45:00,drive_thru,fries,2,2
2026-01-14 19:00:00,counter,chicken_tenders,1,1
2026-01-14 19:00:00,counter,fries,2,2
2026-01-14 19:00:00,delivery,chicken_tenders,4,3
2026-01-14 19:00:00,delivery,fries,7,5
2026-01-14 19:00:00,drive_thru,chicken_tenders,3,3
2026-01-14 19:00:00,drive_thru,fries,2,1
2026-01-14 19:15:00,counter,chicken_tenders,1,1
2026-01-14 19:15:00,counter,fries,1,1
2026-01-14 19:15:00,delivery,chicken_tenders,4,3
2026-01-14 19:15:00,drive_thru,fries,4,2
2026-01-14 19:30:00,counter,chicken_tenders,1,1
2026-01-14 19:30:00,delivery,fries,3,2
2026-01-14 19:45:00,counter,chicken_tenders,2,1
2026-01-14 19:45:00,counter,fries,1,1
2026-01-14 19:45:00,delivery,fries,1,1
2026-01-14 19:45:00,drive_thru,chicken_tenders,5,3
2026-01-14 19:45:00,drive_thru,fries,1,1
2026-01-14 20:00:00,counter,fries,1,1
2026-01-14 20:15:00,drive_thru,fries,1,1
2026-01-14 20:45:00,counter,fries,1,1
2026-01-14 21:15:00,delivery,chicken_tenders,1,1
2026-01-14 21:15:00,drive_thru,chicken_tenders,4,1
2026-01-14 21:30:00,counter,chicken_tenders,3,2
2026-01-14 21:30:00,drive_thru,chicken_tenders,3,2
2026-01-14 21:30:00,drive_thru,fries,1,1
2026-01-14 21:45:00,drive_thru,fries,2,1
2026-01-15 06:00:00,drive_thru,breakfast_wrap,1,1
2026-01-15 06:15:00,counter,breakfast_wrap,1,1
2026-01-15 06:15:00,delivery,breakfast_wrap,1,1
2026-01-15 06:15:00,delivery,hash_brown,1,1
2026-01-15 06:15:00,drive_thru,hash_brown,1,1
2026-01-15 06:30:00,drive_thru,breakfast_wrap,4,3
2026-01-15 06:30:00,drive_thru,hash_brown,2,2
2026-01-15 07:00:00,delivery,breakfast_wrap,2,2
2026-01-15 07:00:00,drive_thru,breakfast_wrap,1,1
2026-01-15 07:00:00,drive_thru,hash_brown,1,1
2026-01-15 07:15:00,counter,breakfast_wrap,2,2
2026-01-15 07:15:00,counter,hash_brown,1,1
2026-01-15 07:15:00,drive_thru,breakfast_wrap,1,1
2026-01-15 07:30:00,counter,breakfast_wrap,2,2
2026-01-15 07:30:00,delivery,breakfast_wrap,1,1
2026-01-15 07:30:00,delivery,hash_brown,1,1
2026-01-15 07:30:00,drive_thru,breakfast_wrap,2,2
2026-01-15 07:30:00,drive_thru,hash_brown,2,2
2026-01-15 07:45:00,counter,breakfast_wrap,1,1
2026-01-15 07:45:00,drive_thru,breakfast_wrap,2,2
2026-01-15 08:00:00,counter,breakfast_wrap,1,1
2026-01-15 08:00:00,counter,hash_brown,1,1
2026-01-15 08:00:00,drive_thru,breakfast_wrap,1,1
2026-01-15 08:00:00,drive_thru,hash_brown,1,1
2026-01-15 08:15:00,counter,breakfast_wrap,1,1
2026-01-15 08:15:00,counter,hash_brown,4,3
2026-01-15 08:15:00,delivery,hash_brown,1,1
2026-01-15 08:15:00,drive_thru,breakfast_wrap,3,3
2026-01-15 08:15:00,drive_thru,hash_brown,1,1
2026-01-15 08:30:00,counter,hash_brown,1,1
2026-01-15 08:30:00,drive_thru,hash_brown,1,1
2026-01-15 08:45:00,counter,breakfast_wrap,2,1
2026-01-15 08:45:00,counter,hash_brown,1,1
2026-01-15 08:45:00,delivery,breakfast_wrap,3,3
2026-01-15 08:45:00,delivery,hash_brown,1,1
2026-01-15 08:45:00,drive_thru,breakfast_wrap,1,1
2026-01-15 08:45:00,drive_thru,hash_brown,4,2
2026-01-15 09:00:00,counter,breakfast_wrap,3,2
2026-01-15 09:00:00,counter,hash_brown,4,4
2026-01-15 09:00:00,delivery,hash_brown,2,2
2026-01-15 09:00:00,drive_thru,breakfast_wrap,4,4
2026-01-15 09:15:00,delivery,hash_brown,2,1
2026-01-15 09:15:00,drive_thru,hash_brown,1,1
2026-01-15 09:30:00,counter,breakfast_wrap,3,2
2026-01-15 09:30:00,delivery,breakfast_wrap,2,1
2026-01-15 09:30:00,drive_thru,breakfast_wrap,1,1
2026-01-15 09:30:00,drive_thru,hash_brown,3,2
2026-01-15 09:45:00,counter,breakfast_wrap,1,1
2026-01-15 09:45:00,counter,hash_brown,2,2
2026-01-15 09:45:00,delivery,breakfast_wrap,1,1
2026-01-15 09:45:00,drive_thru,breakfast_wrap,2,2
2026-01-15 10:00:00,counter,breakfast_wrap,3,1
2026-01-15 10:00:00,drive_thru,breakfast_wrap,1,1
2026-01-15 10:15:00,counter,hash_brown,1,1
2026-01-15 10:15:00,delivery,breakfast_wrap,1,1
2026-01-15 10:15:00,delivery,hash_brown,2,1
2026-01-15 10:15:00,drive_thru,hash_brown,1,1
2026-01-15 10:30:00,counter,breakfast_wrap,3,3
2026-01-15 10:30:00,counter,hash_brown,1,1
2026-01-15 10:45:00,delivery,breakfast_wrap,1,1
2026-01-15 10:45:00,delivery,hash_brown,1,1
2026-01-15 11:00:00,counter,chicken_tenders,1,1
2026-01-15 11:15:00,delivery,chicken_tenders,4,1
2026-01-15 11:30:00,counter,fries,1,1
2026-01-15 11:45:00,counter,chicken_tenders,1,1
2026-01-15 11:45:00,counter,fries,2,2
2026-01-15 11:45:00,drive_thru,chicken_tenders,1,1
2026-01-15 12:00:00,counter,chicken_tenders,3,1
2026-01-15 12:00:00,counter,fries,1,1
2026-01-15 12:00:00,delivery,fries,1,1
2026-01-15 12:00:00,drive_thru,chicken_tenders,1,1
2026-01-15 12:00:00,drive_thru,fries,2,2
2026-01-15 12:15:00,counter,chicken_tenders,3,1
2026-01-15 12:15:00,counter,fries,1,1
2026-01-15 12:15:00,delivery,chicken_tenders,1,1
2026-01-15 12:15:00,delivery,fries,2,2
2026-01-15 12:15:00,drive_thru,chicken_tenders,2,2
2026-01-15 12:15:00,drive_thru,fries,2,2
2026-01-15 12:30:00,counter,fries,4,2
2026-01-15 12:30:00,delivery,chicken_tenders,1,1
2026-01-15 12:30:00,drive_thru,fries,2,1
2026-01-15 12:45:00,counter,fries,3,1
2026-01-15 12:45:00,delivery,chicken_tenders,3,2
2026-01-15 12:45:00,delivery,fries,2,1
2026-01-15 12:45:00,drive_thru,fries,5,4
2026-01-15 13:00:00,counter,fries,5,3
2026-01-15 13:00:00,delivery,chicken_tenders,1,1
2026-01-15 13:00:00,delivery,fries,2,1
2026-01-15 13:00:00,drive_thru,chicken_tenders,3,2
2026-01-15 13:15:00,counter,chicken_tenders,2,1
2026-01-15 13:15:00,counter,fries,1,1
2026-01-15 13:15:00,delivery,chicken_tenders,2,2
2026-01-15 13:30:00,counter,chicken_tenders,1,1
2026-01-15 13:30:00,counter,fries,7,4
2026-01-15 13:30:00,delivery,chicken_tenders,2,1
2026-01-15 13:30:00,drive_thru,fries,3,2
2026-01-15 13:45:00,counter,chicken_tenders,2,2
2026-01-15 13:45:00,counter,fries,1,1
2026-01-15 13:45:00,delivery,chicken_tenders,2,1
2026-01-15 13:45:00,delivery,fries,2,1
2026-01-15 13:45:00,drive_thru,fries,1,1
2026-01-15 14:00:00,counter,chicken_tenders,3,1
2026-01-15 14:00:00,delivery,chicken_tenders,2,1
2026-01-15 14:15:00,counter,fries,1,1
2026-01-15 14:15:00,delivery,fries,1,1
2026-01-15 14:30:00,drive_thru,chicken_tenders,1,1
2026-01-15 14:30:00,drive_thru,fries,3,1
2026-01-15 14:45:00,counter,fries,1,1
2026-01-15 14:45:00,drive_thru,fries,1,1
2026-01-15 15:00:00,delivery,chicken_tenders,1,1
2026-01-15 15:00:00,drive_thru,chicken_tenders,1,1
2026-01-15 15:00:00,drive_thru,fries,1,1
2026-01-15 15:15:00,counter,fries,2,1
2026-01-15 15:15:00,drive_thru,chicken_tenders,2,1
2026-01-15 15:15:00,drive_thru,fries,3,2
2026-01-15 15:30:00,counter,chicken_tenders,1,1
2026-01-15 15:30:00,counter,fries,1,1
2026-01-15 15:30:00,delivery,chicken_tenders,1,1
2026-01-15 15:30:00,delivery,fries,3,2
2026-01-15 15:45:00,counter,fries,2,2
2026-01-15 15:45:00,delivery,chicken_tenders,1,1
2026-01-15 15:45:00,delivery,fries,3,2
2026-01-15 16:00:00,counter,chicken_tenders,2,1
2026-01-15 16:00:00,counter,fries,1,1
2026-01-15 16:00:00,delivery,chicken_tenders,2,1
2026-01-15 16:00:00,delivery,fries,2,1
2026-01-15 16:15:00,counter,fries,2,1
2026-01-15 16:15:00,drive_thru,fries,1,1
2026-01-15 16:30:00,counter,chicken_tenders,2,1
2026-01-15 16:30:00,counter,fries,2,1
2026-01-15 16:30:00,drive_thru,chicken_tenders,2,1
2026-01-15 16:45:00,counter,fries,1,1
2026-01-15 17:15:00,delivery,fries,1,1
2026-01-15 17:15:00,drive_thru,chicken_tenders,3,3
2026-01-15 17:15:00,drive_thru,fries,2,1
2026-01-15 17:30:00,drive_thru,fries,4,2
2026-01-15 17:45:00,counter,chicken_tenders,2,2
2026-01-15 17:45:00,counter,fries,1,1
2026-01-15 17:45:00,delivery,chicken_tenders,1,1
2026-01-15 17:45:00,drive_thru,chicken_tenders,1,1
2026-01-15 18:00:00,counter,chicken_tenders,5,3
2026-01-15 18:00:00,delivery,fries,1,1
2026-01-15 18:00:00,drive_thru,chicken_tenders,3,3
2026-01-15 18:00:00,drive_thru,fries,3,3
2026-01-15 18:15:00,counter,chicken_tenders,2,2
2026-01-15 18:15:00,counter,fries,3,2
2026-01-15 18:15:00,delivery,chicken_tenders,1,1
2026-01-15 18:15:00,delivery,fries,2,1
2026-01-15 18:30:00,counter,chicken_tenders,2,1
2026-01-15 18:30:00,counter,fries,3,2
2026-01-15 18:30:00,delivery,chicken_tenders,2,2
2026-01-15 18:30:00,drive_thru,chicken_tenders,1,1
2026-01-15 18:30:00,drive_thru,fries,6,3
2026-01-15 18:45:00,drive_thru,fries,1,1
2026-01-15 19:00:00,counter,chicken_tenders,4,2
2026-01-15 19:00:00,counter,fries,4,2
2026-01-15 19:00:00,delivery,chicken_tenders,4,3
2026-01-15 19:00:00,drive_thru,chicken_tenders,1,1
2026-01-15 19:00:00,drive_thru,fries,1,1
2026-01-15 19:15:00,counter,chicken_tenders,3,2
2026-01-15 19:15:00,counter,fries,1,1
2026-01-15 19:15:00,delivery,fries,2,1
2026-01-15 19:15:00,drive_thru,chicken_tenders,4,3
2026-01-15 19:30:00,delivery,chicken_tenders,4,3
2026-01-15 19:30:00,delivery,fries,3,2
2026-01-15 19:30:00,drive_thru,chicken_tenders,3,1
2026-01-15 19:30:00,drive_thru,fries,1,1
2026-01-15 19:45:00,counter,chicken_tenders,2,2
2026-01-15 19:45:00,counter,fries,4,4
2026-01-15 19:45:00,delivery,chicken_tenders,1,1
2026-01-15 20:00:00,delivery,chicken_tenders,1,1
2026-01-15 20:00:00,delivery,fries,1,1
2026-01-15 20:15:00,counter,fries,1,1
2026-01-15 20:15:00,drive_thru,chicken_tenders,1,1
2026-01-15 20:45:00,counter,chicken_tenders,1,1
2026-01-15 20:45:00,counter,fries,1,1
2026-01-15 20:45:00,delivery,chicken_tenders,1,1
2026-01-15 20:45:00,drive_thru,fries,1,1
2026-01-15 21:00:00,delivery,fries,1,1
2026-01-15 21:00:00,drive_thru,chicken_tenders,1,1
2026-01-15 21:00:00,drive_thru,fries,2,2
2026-01-15 21:30:00,counter,chicken_tenders,2,1
2026-01-15 21:30:00,counter,fries,2,1
2026-01-15 21:30:00,delivery,fries,2,1
2026-01-15 21:30:00,drive_thru,chicken_tenders,1,1
2026-01-15 21:30:00,drive_thru,fries,1,1
2026-01-15 21:45:00,counter,chicken_tenders,2,2
2026-01-15 21:45:00,delivery,fries,2,1
2026-01-15 21:45:00,drive_thru,fries,1,1
2026-01-16 06:00:00,delivery,hash_brown,1,1
2026-01-16 06:00:00,drive_thru,breakfast_wrap,3,3
2026-01-16 06:00:00,drive_thru,hash_brown,3,3
2026-01-16 06:15:00,delivery,hash_brown,1,1
2026-01-16 06:15:00,drive_thru,breakfast_wrap,2,1
2026-01-16 06:15:00,drive_thru,hash_brown,3,2
2026-01-16 06:30:00,counter,breakfast_wrap,1,1
2026-01-16 06:30:00,counter,hash_brown,2,2
2026-01-16 06:30:00,drive_thru,breakfast_wrap,2,1
2026-01-16 06:45:00,counter,breakfast_wrap,1,1
2026-01-16 06:45:00,counter,hash_brown,1,1
2026-01-16 06:45:00,delivery,hash_brown,1,1
2026-01-16 07:00:00,counter,breakfast_wrap,1,1
2026-01-16 07:00:00,counter,hash_brown,4,2
2026-01-16 07:00:00,delivery,hash_brown,2,1
2026-01-16 07:00:00,drive_thru,breakfast_wrap,1,1
2026-01-16 07:15:00,counter,breakfast_wrap,2,2
2026-01-16 07:15:00,counter,hash_brown,1,1
2026-01-16 07:15:00,delivery,breakfast_wrap,2,1
2026-01-16 07:15:00,delivery,hash_brown,2,2
2026-01-16 07:15:00,drive_thru,breakfast_wrap,3,3
2026-01-16 07:30:00,counter,breakfast_wrap,2,2
2026-01-16 07:30:00,counter,hash_brown,2,1
2026-01-16 07:30:00,drive_thru,breakfast_wrap,3,1
2026-01-16 07:45:00,counter,breakfast_wrap,4,3
2026-01-16 07:45:00,counter,hash_brown,3,3
2026-01-16 07:45:00,delivery,breakfast_wrap,1,1
2026-01-16 07:45:00,delivery,hash_brown,2,1
2026-01-16 07:45:00,drive_thru,breakfast_wrap,1,1
2026-01-16 08:00:00,counter,breakfast_wrap,1,1
2026-01-16 08:00:00,counter,hash_brown,1,1
2026-01-16 08:00:00,delivery,hash_brown,2,1
2026-01-16 08:00:00,drive_thru,breakfast_wrap,2,1
2026-01-16 08:00:00,drive_thru,hash_brown,1,1
2026-01-16 08:15:00,counter,breakfast_wrap,2,2
2026-01-16 08:15:00,counter,hash_brown,2,2
2026-01-16 08:30:00,counter,breakfast_wrap,4,3
2026-01-16 08:30:00,counter,hash_brown,2,2
2026-01-16 08:30:00,delivery,hash_brown,1,1
2026-01-16 08:30:00,drive_thru,breakfast_wrap,2,1
2026-01-16 08:45:00,delivery,hash_brown,1,1
2026-01-16 08:45:00,drive_thru,breakfast_wrap,3,2
2026-01-16 08:45:00,drive_thru,hash_brown,3,2
2026-01-16 09:00:00,counter,breakfast_wrap,2,1
2026-01-16 09:00:00,counter,hash_brown,5,2
2026-01-16 09:00:00,delivery,breakfast_wrap,2,2
2026-01-16 09:00:00,drive_thru,breakfast_wrap,1,1
2026-01-16 09:15:00,counter,breakfast_wrap,2,2
2026-01-16 09:15:00,counter,hash_brown,3,2
2026-01-16 09:15:00,delivery,hash_brown,3,2
2026-01-16 09:15:00,drive_thru,breakfast_wrap,2,2
2026-01-16 09:30:00,counter,breakfast_wrap,4,3
2026-01-16 09:30:00,counter,hash_brown,5,3
2026-01-16 09:30:00,drive_thru,hash_brown,1,1
2026-01-16 09:45:00,counter,breakfast_wrap,6,6
2026-01-16 09:45:00,counter,hash_brown,3,2
2026-01-16 09:45:00,delivery,hash_brown,2,1
2026-01-16 09:45:00,drive_thru,breakfast_wrap,2,2
2026-01-16 09:45:00,drive_thru,hash_brown,3,3
2026-01-16 10:00:00,delivery,breakfast_wrap,3,1
2026-01-16 10:15:00,delivery,hash_brown,1,1
2026-01-16 10:15:00,drive_thru,breakfast_wrap,1,1
2026-01-16 10:15:00,drive_thru,hash_brown,2,1
2026-01-16 10:30:00,delivery,breakfast_wrap,1,1
2026-01-16 10:45:00,counter,hash_brown,2,2
2026-01-16 10:45:00,delivery,breakfast_wrap,1,1
2026-01-16 10:45:00,delivery,hash_brown,2,1
2026-01-16 11:00:00,counter,chicken_tenders,1,1
2026-01-16 11:00:00,counter,fries,1,1
2026-01-16 11:00:00,delivery,chicken_tenders,1,1
2026-01-16 11:00:00,delivery,fries,2,1
2026-01-16 11:00:00,drive_thru,chicken_tenders,2,1
2026-01-16 11:00:00,drive_thru,fries,1,1
2026-01-16 11:30:00,counter,fries,2,1
2026-01-16 11:30:00,drive_thru,fries,1,1
2026-01-16 11:45:00,counter,chicken_tenders,1,1
2026-01-16 11:45:00,drive_thru,fries,1,1
2026-01-16 12:00:00,counter,chicken_tenders,5,4
2026-01-16 12:00:00,counter,fries,1,1
2026-01-16 12:00:00,drive_thru,chicken_tenders,3,2
2026-01-16 12:00:00,drive_thru,fries,3,2
2026-01-16 12:15:00,counter,chicken_tenders,2,1
2026-01-16 12:15:00,counter,fries,1,1
2026-01-16 12:15:00,delivery,chicken_tenders,2,1
2026-01-16 12:15:00,drive_thru,chicken_tenders,2,2
2026-01-16 12:30:00,delivery,chicken_tenders,2,1
2026-01-16 12:30:00,delivery,fries,1,1
2026-01-16 12:30:00,drive_thru,chicken_tenders,2,2
2026-01-16 12:30:00,drive_thru,fries,1,1
2026-01-16 12:45:00,counter,chicken_tenders,2,2
2026-01-16 12:45:00,delivery,fries,1,1
2026-01-16 12:45:00,drive_thru,chicken_tenders,2,2
2026-01-16 13:00:00,delivery,chicken_tenders,1,1
2026-01-16 13:00:00,drive_thru,chicken_tenders,2,1
2026-01-16 13:15:00,counter,chicken_tenders,4,2
2026-01-16 13:15:00,counter,fries,2,1
2026-01-16 13:15:00,delivery,chicken_tenders,2,1
2026-01-16 13:15:00,delivery,fries,1,1
2026-01-16 13:15:00,drive_thru,chicken_tenders,1,1
2026-01-16 13:15:00,drive_thru,fries,1,1
2026-01-16 13:30:00,counter,chicken_tenders,2,1
2026-01-16 13:30:00,delivery,chicken_tenders,3,3
2026-01-16 13:30:00,delivery,fries,2,2
2026-01-16 13:30:00,drive_thru,chicken_tenders,1,1
2026-01-16 13:30:00,drive_thru,fries,2,1
2026-01-16 13:45:00,counter,fries,2,2
2026-01-16 13:45:00,delivery,fries,2,1
2026-01-16 13:45:00,drive_thru,chicken_tenders,1,1
2026-01-16 13:45:00,drive_thru,fries,4,4
2026-01-16 14:00:00,delivery,chicken_tenders,1,1
2026-01-16 14:00:00,delivery,fries,2,1
2026-01-16 14:15:00,counter,chicken_tenders,1,1
2026-01-16 14:15:00,counter,fries,1,1
2026-01-16 14:45:00,drive_thru,chicken_tenders,1,1
2026-01-16 14:45:00,drive_thru,fries,2,2
2026-01-16 15:00:00,counter,chicken_tenders,3,2
2026-01-16 15:00:00,counter,fries,1,1
2026-01-16 15:00:00,delivery,fries,1,1
2026-01-16 15:00:00,drive_thru,fries,3,2
2026-01-16 15:15:00,counter,fries,2,1
2026-01-16 15:15:00,drive_thru,fries,4,3
2026-01-16 15:45:00,counter,chicken_tenders,2,2
2026-01-16 15:45:00,counter,fries,3,2
2026-01-16 15:45:00,drive_thru,chicken_tenders,3,2
2026-01-16 16:00:00,counter,fries,2,2
2026-01-16 16:15:00,counter,fries,1,1
2026-01-16 16:15:00,drive_thru,fries,1,1
2026-01-16 16:30:00,counter,chicken_tenders,2,2
2026-01-16 16:30:00,counter,fries,3,2
2026-01-16 16:30:00,drive_thru,chicken_tenders,1,1
2026-01-16 16:45:00,drive_thru,chicken_tenders,1,1
2026-01-16 17:00:00,counter,chicken_tenders,4,3
2026-01-16 17:15:00,counter,chicken_tenders,2,2
2026-01-16 17:15:00,delivery,chicken_tenders,1,1
2026-01-16 17:15:00,delivery,fries,1,1
2026-01-16 17:15:00,drive_thru,fries,1,1
2026-01-16 17:30:00,counter,chicken_tenders,2,1
2026-01-16 17:30:00,counter,fries,2,1
2026-01-16 17:30:00,delivery,chicken_tenders,4,3
2026-01-16 17:30:00,drive_thru,chicken_tenders,3,2
2026-01-16 17:30:00,drive_thru,fries,2,1
2026-01-16 17:45:00,counter,fries,1,1
2026-01-16 17:45:00,drive_thru,chicken_tenders,2,1
2026-01-16 17:45:00,drive_thru,fries,2,1
2026-01-16 18:00:00,counter,chicken_tenders,2,2
2026-01-16 18:00:00,counter,fries,3,2
2026-01-16 18:00:00,delivery,chicken_tenders,1,1
2026-01-16 18:00:00,delivery,fries,1,1
2026-01-16 18:00:00,drive_thru,chicken_tenders,2,1
2026-01-16 18:00:00,drive_thru,fries,2,1
2026-01-16 18:15:00,counter,chicken_tenders,3,2
2026-01-16 18:15:00,delivery,chicken_tenders,1,1
2026-01-16 18:15:00,delivery,fries,1,1
2026-01-16 18:15:00,drive_thru,chicken_tenders,1,1
2026-01-16 18:30:00,counter,chicken_tenders,1,1
2026-01-16 18:30:00,delivery,chicken_tenders,1,1
2026-01-16 18:30:00,drive_thru,fries,3,1
2026-01-16 18:45:00,counter,fries,1,1
2026-01-16 18:45:00,delivery,chicken_tenders,1,1
2026-01-16 18:45:00,delivery,fries,2,1
2026-01-16 18:45:00,drive_thru,chicken_tenders,1,1
2026-01-16 19:00:00,counter,chicken_tenders,3,2
2026-01-16 19:00:00,drive_thru,fries,3,2
2026-01-16 19:15:00,counter,chicken_tenders,2,2
2026-01-16 19:15:00,counter,fries,1,1
2026-01-16 19:15:00,delivery,chicken_tenders,1,1
2026-01-16 19:15:00,drive_thru,chicken_tenders,3,2
2026-01-16 19:30:00,counter,fries,1,1
2026-01-16 19:30:00,drive_thru,chicken_tenders,1,1
2026-01-16 19:30:00,drive_thru,fries,1,1
2026-01-16 19:45:00,counter,chicken_tenders,1,1
2026-01-16 19:45:00,delivery,fries,1,1
2026-01-16 19:45:00,drive_thru,fries,1,1
2026-01-16 20:00:00,counter,chicken_tenders,3,1
2026-01-16 20:00:00,counter,fries,4,2
2026-01-16 20:00:00,drive_thru,chicken_tenders,1,1
2026-01-16 20:00:00,drive_thru,fries,2,2
2026-01-16 20:15:00,counter,chicken_tenders,1,1
2026-01-16 20:15:00,counter,fries,3,2
2026-01-16 20:15:00,drive_thru,fries,2,1
2026-01-16 20:30:00,counter,chicken_tenders,2,1
2026-01-16 20:30:00,counter,fries,1,1
2026-01-16 20:30:00,delivery,fries,1,1
2026-01-16 20:30:00,drive_thru,fries,1,1
2026-01-16 20:45:00,counter,chicken_tenders,1,1
2026-01-16 20:45:00,drive_thru,fries,1,1
2026-01-16 21:00:00,counter,chicken_tenders,2,1
2026-01-16 21:00:00,counter,fries,1,1
2026-01-16 21:15:00,drive_thru,fries,2,1
2026-01-16 21:30:00,counter,fries,2,1
2026-01-16 21:30:00,drive_thru,fries,2,1
2026-01-17 06:00:00,counter,breakfast_wrap,2,1
2026-01-17 06:00:00,drive_thru,hash_brown,1,1
2026-01-17 06:15:00,delivery,hash_brown,1,1
2026-01-17 06:30:00,delivery,breakfast_wrap,1,1
2026-01-17 06:30:00,drive_thru,breakfast_wrap,2,2
2026-01-17 06:30:00,drive_thru,hash_brown,1,1
2026-01-17 06:45:00,counter,breakfast_wrap,1,1
2026-01-17 06:45:00,delivery,breakfast_wrap,3,2
2026-01-17 06:45:00,delivery,hash_brown,1,1
2026-01-17 06:45:00,drive_thru,breakfast_wrap,1,1
2026-01-17 07:00:00,counter,breakfast_wrap,3,2
2026-01-17 07:00:00,counter,hash_brown,3,2
2026-01-17 07:00:00,delivery,breakfast_wrap,1,1
2026-01-17 07:00:00,delivery,hash_brown,1,1
2026-01-17 07:00:00,drive_thru,breakfast_wrap,1,1
2026-01-17 07:15:00,counter,breakfast_wrap,1,1
2026-01-17 07:15:00,drive_thru,breakfast_wrap,5,3
2026-01-17 07:30:00,counter,hash_brown,1,1
2026-01-17 07:30:00,delivery,hash_brown,2,1
2026-01-17 07:30:00,drive_thru,breakfast_wrap,4,4
2026-01-17 07:30:00,drive_thru,hash_brown,2,2
2026-01-17 07:45:00,counter,breakfast_wrap,2,2
2026-01-17 07:45:00,counter,hash_brown,9,4
2026-01-17 07:45:00,delivery,breakfast_wrap,1,1
2026-01-17 07:45:00,delivery,hash_brown,2,2
2026-01-17 07:45:00,drive_thru,hash_brown,2,1
2026-01-17 08:00:00,counter,breakfast_wrap,4,3
2026-01-17 08:00:00,counter,hash_brown,1,1
2026-01-17 08:00:00,drive_thru,breakfast_wrap,1,1
2026-01-17 08:15:00,counter,breakfast_wrap,1,1
2026-01-17 08:15:00,counter,hash_brown,1,1
2026-01-17 08:15:00,delivery,hash_brown,3,2
2026-01-17 08:15:00,drive_thru,breakfast_wrap,2,1
2026-01-17 08:15:00,drive_thru,hash_brown,2,2
2026-01-17 08:30:00,counter,breakfast_wrap,1,1
2026-01-17 08:30:00,counter,hash_brown,1,1
2026-01-17 08:30:00,delivery,hash_brown,2,1
2026-01-17 08:30:00,drive_thru,breakfast_wrap,2,2
2026-01-17 08:30:00,drive_thru,hash_brown,3,2
2026-01-17 08:45:00,counter,hash_brown,2,2
2026-01-17 08:45:00,delivery,breakfast_wrap,1,1
2026-01-17 08:45:00,delivery,hash_brown,1,1
2026-01-17 08:45:00,drive_thru,hash_brown,3,2
2026-01-17 09:00:00,counter,breakfast_wrap,4,2
2026-01-17 09:00:00,counter,hash_brown,3,3
2026-01-17 09:00:00,delivery,hash_brown,2,1
2026-01-17 09:00:00,drive_thru,breakfast_wrap,1,1
2026-01-17 09:00:00,drive_thru,hash_brown,1,1
2026-01-17 09:15:00,counter,breakfast_wrap,5,3
2026-01-17 09:15:00,counter,hash_brown,3,3
2026-01-17 09:15:00,delivery,hash_brown,4,2
2026-01-17 09:15:00,drive_thru,breakfast_wrap,4,3
2026-01-17 09:15:00,drive_thru,hash_brown,1,1
2026-01-17 09:30:00,counter,breakfast_wrap,2,2
2026-01-17 09:30:00,counter,hash_brown,4,3
2026-01-17 09:30:00,delivery,breakfast_wrap,1,1
2026-01-17 09:30:00,delivery,hash_brown,2,1
2026-01-17 09:30:00,drive_thru,breakfast_wrap,3,2
2026-01-17 09:45:00,counter,breakfast_wrap,3,2
2026-01-17 09:45:00,counter,hash_brown,8,6
2026-01-17 09:45:00,delivery,breakfast_wrap,1,1
2026-01-17 09:45:00,delivery,hash_brown,2,1
2026-01-17 09:45:00,drive_thru,breakfast_wrap,2,2
2026-01-17 10:00:00,counter,breakfast_wrap,1,1
2026-01-17 10:15:00,counter,breakfast_wrap,2,2
2026-01-17 10:15:00,drive_thru,hash_brown,1,1
2026-01-17 10:30:00,counter,breakfast_wrap,2,2
2026-01-17 10:30:00,counter,hash_brown,1,1
2026-01-17 10:30:00,delivery,breakfast_wrap,1,1
2026-01-17 10:30:00,delivery,hash_brown,2,1
2026-01-17 10:30:00,drive_thru,breakfast_wrap,2,1
2026-01-17 10:30:00,drive_thru,hash_brown,2,2
2026-01-17 11:00:00,counter,fries,1,1
2026-01-17 11:30:00,counter,chicken_tenders,1,1
2026-01-17 11:30:00,delivery,chicken_tenders,2,1
2026-01-17 11:30:00,delivery,fries,1,1
2026-01-17 11:45:00,counter,chicken_tenders,1,1
2026-01-17 11:45:00,counter,fries,1,1
2026-01-17 11:45:00,drive_thru,chicken_tenders,1,1
2026-01-17 11:45:00,drive_thru,fries,1,1
2026-01-17 12:00:00,counter,chicken_tenders,5,3
2026-01-17 12:00:00,counter,fries,2,2
2026-01-17 12:00:00,delivery,chicken_tenders,1,1
2026-01-17 12:00:00,drive_thru,chicken_tenders,2,1
2026-01-17 12:00:00,drive_thru,fries,3,2
2026-01-17 12:15:00,counter,chicken_tenders,4,3
2026-01-17 12:15:00,counter,fries,4,3
2026-01-17 12:15:00,delivery,chicken_tenders,1,1
2026-01-17 12:15:00,drive_thru,chicken_tenders,2,1
2026-01-17 12:15:00,drive_thru,fries,3,2
2026-01-17 12:30:00,counter,chicken_tenders,1,1
2026-01-17 12:30:00,delivery,chicken_tenders,1,1
2026-01-17 12:30:00,delivery,fries,1,1
2026-01-17 12:30:00,drive_thru,chicken_tenders,3,3
2026-01-17 12:30:00,drive_thru,fries,2,1
2026-01-17 12:45:00,counter,chicken_tenders,1,1
2026-01-17 12:45:00,counter,fries,1,1
2026-01-17 12:45:00,delivery,chicken_tenders,2,2
2026-01-17 12:45:00,delivery,fries,2,2
2026-01-17 12:45:00,drive_thru,chicken_tenders,3,2
2026-01-17 12:45:00,drive_thru,fries,2,1
2026-01-17 13:00:00,counter,chicken_tenders,6,5
2026-01-17 13:00:00,counter,fries,7,6
2026-01-17 13:00:00,delivery,fries,1,1
2026-01-17 13:00:00,drive_thru,chicken_tenders,2,1
2026-01-17 13:15:00,counter,chicken_tenders,3,2
2026-01-17 13:15:00,delivery,chicken_tenders,3,3
2026-01-17 13:15:00,delivery,fries,1,1
2026-01-17 13:15:00,drive_thru,chicken_tenders,2,1
2026-01-17 13:30:00,counter,chicken_tenders,2,2
2026-01-17 13:30:00,delivery,chicken_tenders,2,1
2026-01-17 13:30:00,delivery,fries,4,2
2026-01-17 13:30:00,drive_thru,chicken_tenders,2,2
2026-01-17 13:30:00,drive_thru,fries,2,2
2026-01-17 13:45:00,counter,chicken_tenders,3,2
2026-01-17 13:45:00,counter,fries,1,1
2026-01-17 13:45:00,drive_thru,chicken_tenders,4,2
2026-01-17 14:00:00,delivery,fries,2,1
2026-01-17 14:15:00,drive_thru,chicken_tenders,1,1
2026-01-17 14:30:00,counter,fries,1,1
2026-01-17 14:30:00,delivery,chicken_tenders,1,1
2026-01-17 14:30:00,delivery,fries,2,1
2026-01-17 15:00:00,counter,fries,3,2
2026-01-17 15:15:00,counter,chicken_tenders,2,1
2026-01-17 15:15:00,delivery,fries,1,1
2026-01-17 15:15:00,drive_thru,chicken_tenders,1,1
2026-01-17 15:15:00,drive_thru,fries,3,2
2026-01-17 15:45:00,counter,fries,1,1
2026-01-17 15:45:00,delivery,chicken_tenders,1,1
2026-01-17 15:45:00,drive_thru,fries,1,1
2026-01-17 16:00:00,drive_thru,chicken_tenders,2,1
2026-01-17 16:15:00,drive_thru,fries,1,1
2026-01-17 16:30:00,counter,chicken_tenders,1,1
2026-01-17 16:30:00,counter,fries,3,1
2026-01-17 16:30:00,delivery,fries,1,1
2026-01-17 16:30:00,drive_thru,chicken_tenders,1,1
2026-01-17 16:45:00,counter,chicken_tenders,1,1
2026-01-17 16:45:00,counter,fries,1,1
2026-01-17 16:45:00,drive_thru,chicken_tenders,1,1
2026-01-17 17:15:00,counter,chicken_tenders,1,1
2026-01-17 17:15:00,delivery,chicken_tenders,2,2
2026-01-17 17:15:00,delivery,fries,1,1
2026-01-17 17:15:00,drive_thru,chicken_tenders,2,1
2026-01-17 17:15:00,drive_thru,fries,3,2
2026-01-17 17:45:00,counter,chicken_tenders,5,3
2026-01-17 17:45:00,counter,fries,3,2
2026-01-17 17:45:00,delivery,chicken_tenders,1,1
2026-01-17 17:45:00,delivery,fries,1,1
2026-01-17 17:45:00,drive_thru,chicken_tenders,2,2
2026-01-17 17:45:00,drive_thru,fries,2,2
2026-01-17 18:00:00,counter,chicken_tenders,2,1
2026-01-17 18:00:00,counter,fries,4,3
2026-01-17 18:00:00,drive_thru,chicken_tenders,3,3
2026-01-17 18:00:00,drive_thru,fries,2,1
2026-01-17 18:15:00,counter,chicken_tenders,1,1
2026-01-17 18:15:00,counter,fries,1,1
2026-01-17 18:15:00,delivery,chicken_tenders,1,1
2026-01-17 18:15:00,delivery,fries,3,2
2026-01-17 18:15:00,drive_thru,fries,1,1
2026-01-17 18:30:00,counter,chicken_tenders,3,2
2026-01-17 18:30:00,counter,fries,1,1
2026-01-17 18:30:00,delivery,chicken_tenders,1,1
2026-01-17 18:30:00,drive_thru,fries,2,2
2026-01-17 18:45:00,counter,chicken_tenders,3,2
2026-01-17 18:45:00,counter,fries,1,1
2026-01-17 18:45:00,delivery,fries,2,2
2026-01-17 18:45:00,drive_thru,chicken_tenders,7,3
2026-01-17 19:00:00,counter,chicken_tenders,1,1
2026-01-17 19:00:00,counter,fries,3,2
2026-01-17 19:00:00,drive_thru,chicken_tenders,2,1
2026-01-17 19:00:00,drive_thru,fries,4,3
2026-01-17 19:15:00,counter,chicken_tenders,2,2
2026-01-17 19:15:00,counter,fries,3,3
2026-01-17 19:45:00,drive_thru,chicken_tenders,1,1
2026-01-17 20:00:00,counter,fries,1,1
2026-01-17 20:15:00,counter,chicken_tenders,1,1
2026-01-17 20:15:00,counter,fries,1,1
2026-01-17 20:15:00,delivery,chicken_tenders,1,1
2026-01-17 20:30:00,counter,chicken_tenders,1,1
2026-01-17 20:30:00,delivery,fries,1,1
2026-01-17 20:45:00,drive_thru,fries,1,1
2026-01-17 21:00:00,drive_thru,fries,2,1
2026-01-17 21:15:00,counter,chicken_tenders,1,1
2026-01-17 21:45:00,counter,chicken_tenders,1,1
2026-01-17 21:45:00,delivery,fries,2,1
2026-01-18 06:00:00,counter,breakfast_wrap,2,2
2026-01-18 06:00:00,delivery,hash_brown,3,2
2026-01-18 06:15:00,counter,hash_brown,1,1
2026-01-18 06:15:00,delivery,hash_brown,1,1
2026-01-18 06:15:00,drive_thru,hash_brown,2,1
2026-01-18 06:30:00,delivery,breakfast_wrap,1,1
2026-01-18 06:45:00,counter,breakfast_wrap,1,1
2026-01-18 06:45:00,counter,hash_brown,3,2
2026-01-18 06:45:00,drive_thru,breakfast_wrap,2,2
2026-01-18 06:45:00,drive_thru,hash_brown,2,2
2026-01-18 07:00:00,counter,breakfast_wrap,1,1
2026-01-18 07:00:00,delivery,breakfast_wrap,1,1
2026-01-18 07:00:00,drive_thru,breakfast_wrap,1,1
2026-01-18 07:00:00,drive_thru,hash_brown,2,2
2026-01-18 07:15:00,counter,breakfast_wrap,5,4
2026-01-18 07:15:00,counter,hash_brown,3,3
2026-01-18 07:15:00,drive_thru,breakfast_wrap,2,2
2026-01-18 07:15:00,drive_thru,hash_brown,5,4
2026-01-18 07:30:00,counter,breakfast_wrap,5,3
2026-01-18 07:30:00,counter,hash_brown,3,2
2026-01-18 07:30:00,delivery,breakfast_wrap,1,1
2026-01-18 07:30:00,delivery,hash_brown,4,3
2026-01-18 07:30:00,drive_thru,breakfast_wrap,1,1
2026-01-18 07:30:00,drive_thru,hash_brown,1,1
2026-01-18 07:45:00,counter,breakfast_wrap,1,1
2026-01-18 07:45:00,drive_thru,breakfast_wrap,1,1
2026-01-18 07:45:00,drive_thru,hash_brown,1,1
2026-01-18 08:00:00,counter,breakfast_wrap,1,1
2026-01-18 08:00:00,counter,hash_brown,1,1
2026-01-18 08:00:00,drive_thru,breakfast_wrap,1,1
2026-01-18 08:00:00,drive_thru,hash_brown,1,1
2026-01-18 08:15:00,counter,hash_brown,2,1
2026-01-18 08:15:00,delivery,breakfast_wrap,2,1
2026-01-18 08:15:00,delivery,hash_brown,1,1
2026-01-18 08:15:00,drive_thru,hash_brown,1,1
2026-01-18 08:30:00,delivery,hash_brown,1,1
2026-01-18 08:30:00,drive_thru,hash_brown,1,1
2026-01-18 08:45:00,counter,breakfast_wrap,2,2
2026-01-18 08:45:00,counter,hash_brown,2,2
2026-01-18 08:45:00,delivery,breakfast_wrap,2,1
2026-01-18 08:45:00,delivery,hash_brown,1,1
2026-01-18 08:45:00,drive_thru,breakfast_wrap,1,1
2026-01-18 08:45:00,drive_thru,hash_brown,1,1
2026-01-18 09:00:00,counter,breakfast_wrap,5,2
2026-01-18 09:00:00,counter,hash_brown,2,2
2026-01-18 09:00:00,delivery,breakfast_wrap,1,1
2026-01-18 09:00:00,delivery,hash_brown,1,1
2026-01-18 09:00:00,drive_thru,breakfast_wrap,2,2
2026-01-18 09:00:00,drive_thru,hash_brown,2,1
2026-01-18 09:15:00,counter,hash_brown,1,1
2026-01-18 09:15:00,delivery,breakfast_wrap,1,1
2026-01-18 09:15:00,drive_thru,breakfast_wrap,1,1
2026-01-18 09:15:00,drive_thru,hash_brown,5,5
2026-01-18 09:30:00,counter,breakfast_wrap,1,1
2026-01-18 09:30:00,counter,hash_brown,2,2
2026-01-18 09:30:00,delivery,hash_brown,2,2
2026-01-18 09:30:00,drive_thru,breakfast_wrap,2,1
2026-01-18 09:45:00,counter,breakfast_wrap,2,1
2026-01-18 09:45:00,counter,hash_brown,1,1
2026-01-18 09:45:00,delivery,breakfast_wrap,2,1
2026-01-18 09:45:00,drive_thru,breakfast_wrap,1,1
2026-01-18 09:45:00,drive_thru,hash_brown,1,1
2026-01-18 10:00:00,delivery,breakfast_wrap,1,1
2026-01-18 10:00:00,delivery,hash_brown,1,1
2026-01-18 10:00:00,drive_thru,breakfast_wrap,1,1
2026-01-18 10:30:00,delivery,breakfast_wrap,3,1
2026-01-18 10:30:00,drive_thru,hash_brown,2,1
2026-01-18 10:45:00,counter,breakfast_wrap,1,1
2026-01-18 10:45:00,delivery,hash_brown,1,1
2026-01-18 10:45:00,drive_thru,breakfast_wrap,2,1
2026-01-18 10:45:00,drive_thru,hash_brown,2,1
2026-01-18 11:00:00,counter,fries,1,1
2026-01-18 11:00:00,drive_thru,chicken_tenders,1,1
2026-01-18 11:15:00,counter,fries,1,1
2026-01-18 11:30:00,counter,chicken_tenders,5,2
2026-01-18 11:30:00,counter,fries,1,1
2026-01-18 11:30:00,drive_thru,chicken_tenders,1,1
2026-01-18 11:45:00,counter,chicken_tenders,2,1
2026-01-18 11:45:00,counter,fries,2,2
2026-01-18 11:45:00,delivery,chicken_tenders,1,1
2026-01-18 11:45:00,delivery,fries,1,1
2026-01-18 11:45:00,drive_thru,fries,3,1
2026-01-18 12:00:00,counter,chicken_tenders,2,2
2026-01-18 12:00:00,counter,fries,3,2
2026-01-18 12:00:00,delivery,chicken_tenders,2,2
2026-01-18 12:00:00,delivery,fries,3,3
2026-01-18 12:00:00,drive_thru,chicken_tenders,6,5
2026-01-18 12:00:00,drive_thru,fries,7,4
2026-01-18 12:15:00,counter,chicken_tenders,4,3
2026-01-18 12:15:00,counter,fries,1,1
2026-01-18 12:15:00,delivery,chicken_tenders,3,2
2026-01-18 12:15:00,delivery,fries,2,2
2026-01-18 12:15:00,drive_thru,chicken_tenders,1,1
2026-01-18 12:15:00,drive_thru,fries,2,2
2026-01-18 12:30:00,counter,chicken_tenders,6,4
2026-01-18 12:30:00,counter,fries,2,2
2026-01-18 12:30:00,delivery,chicken_tenders,3,1
2026-01-18 12:30:00,drive_thru,chicken_tenders,8,5
2026-01-18 12:30:00,drive_thru,fries,1,1
2026-01-18 12:45:00,counter,chicken_tenders,5,4
2026-01-18 12:45:00,counter,fries,5,2
2026-01-18 12:45:00,drive_thru,chicken_tenders,2,2
2026-01-18 12:45:00,drive_thru,fries,3,2
2026-01-18 13:00:00,counter,chicken_tenders,1,1
2026-01-18 13:00:00,counter,fries,4,3
2026-01-18 13:00:00,delivery,chicken_tenders,2,2
2026-01-18 13:00:00,delivery,fries,1,1
2026-01-18 13:00:00,drive_thru,chicken_tenders,1,1
2026-01-18 13:00:00,drive_thru,fries,4,3
2026-01-18 13:15:00,counter,chicken_tenders,3,2
2026-01-18 13:15:00,counter,fries,1,1
2026-01-18 13:15:00,delivery,chicken_tenders,1,1
2026-01-18 13:15:00,drive_thru,fries,2,1
2026-01-18 13:30:00,counter,chicken_tenders,1,1
2026-01-18 13:30:00,counter,fries,1,1
2026-01-18 13:30:00,delivery,chicken_tenders,2,2
2026-01-18 13:30:00,delivery,fries,3,3
2026-01-18 13:30:00,drive_thru,chicken_tenders,1,1
2026-01-18 13:30:00,drive_thru,fries,2,2
2026-01-18 13:45:00,counter,chicken_tenders,4,2
2026-01-18 13:45:00,counter,fries,3,2
2026-01-18 13:45:00,delivery,chicken_tenders,2,2
2026-01-18 13:45:00,delivery,fries,2,2
2026-01-18 13:45:00,drive_thru,chicken_tenders,1,1
2026-01-18 13:45:00,drive_thru,fries,2,1
2026-01-18 14:00:00,counter,chicken_tenders,1,1
2026-01-18 14:00:00,drive_thru,chicken_tenders,1,1
2026-01-18 14:00:00,drive_thru,fries,1,1
2026-01-18 14:15:00,counter,chicken_tenders,1,1
2026-01-18 14:15:00,delivery,chicken_tenders,1,1
2026-01-18 14:15:00,drive_thru,fries,2,2
2026-01-18 15:15:00,delivery,fries,1,1
2026-01-18 15:45:00,delivery,fries,2,1
2026-01-18 15:45:00,drive_thru,fries,2,1
2026-01-18 16:00:00,counter,chicken_tenders,1,1
2026-01-18 16:15:00,drive_thru,chicken_tenders,1,1
2026-01-18 16:15:00,drive_thru,fries,2,2
2026-01-18 16:45:00,counter,fries,1,1
2026-01-18 16:45:00,drive_thru,chicken_tenders,1,1
2026-01-18 16:45:00,drive_thru,fries,1,1
2026-01-18 17:00:00,counter,chicken_tenders,1,1
2026-01-18 17:00:00,delivery,chicken_tenders,4,2
2026-01-18 17:00:00,drive_thru,chicken_tenders,1,1
2026-01-18 17:15:00,counter,fries,3,3
2026-01-18 17:15:00,drive_thru,fries,2,1
2026-01-18 17:30:00,counter,chicken_tenders,4,2
2026-01-18 17:30:00,counter,fries,1,1
2026-01-18 17:30:00,delivery,fries,1,1
2026-01-18 17:30:00,drive_thru,chicken_tenders,1,1
2026-01-18 17:45:00,counter,chicken_tenders,1,1
2026-01-18 17:45:00,counter,fries,2,1
2026-01-18 18:00:00,counter,chicken_tenders,2,2
2026-01-18 18:00:00,counter,fries,2,2
2026-01-18 18:00:00,delivery,chicken_tenders,1,1
2026-01-18 18:00:00,drive_thru,fries,2,1
2026-01-18 18:15:00,counter,chicken_tenders,5,4
2026-01-18 18:15:00,counter,fries,6,2
2026-01-18 18:15:00,delivery,chicken_tenders,1,1
2026-01-18 18:15:00,drive_thru,chicken_tenders,1,1
2026-01-18 18:15:00,drive_thru,fries,2,1
2026-01-18 18:30:00,counter,chicken_tenders,2,1
2026-01-18 18:30:00,counter,fries,1,1
2026-01-18 18:30:00,delivery,fries,4,1
2026-01-18 18:30:00,drive_thru,chicken_tenders,1,1
2026-01-18 18:30:00,drive_thru,fries,1,1
2026-01-18 18:45:00,counter,chicken_tenders,2,1
2026-01-18 18:45:00,delivery,chicken_tenders,1,1
2026-01-18 18:45:00,drive_thru,chicken_tenders,1,1
2026-01-18 19:00:00,counter,chicken_tenders,2,2
2026-01-18 19:00:00,counter,fries,3,2
2026-01-18 19:00:00,drive_thru,chicken_tenders,4,3
2026-01-18 19:15:00,counter,chicken_tenders,1,1
2026-01-18 19:15:00,delivery,fries,4,2
2026-01-18 19:15:00,drive_thru,chicken_tenders,2,2
2026-01-18 19:15:00,drive_thru,fries,3,2
2026-01-18 19:30:00,drive_thru,chicken_tenders,1,1
2026-01-18 19:30:00,drive_thru,fries,1,1
2026-01-18 19:45:00,counter,chicken_tenders,1,1
2026-01-18 19:45:00,counter,fries,2,2
2026-01-18 19:45:00,delivery,chicken_tenders,3,2
2026-01-18 19:45:00,delivery,fries,1,1
2026-01-18 19:45:00,drive_thru,chicken_tenders,3,3
2026-01-18 19:45:00,drive_thru,fries,4,2
2026-01-18 20:00:00,counter,fries,2,1
2026-01-18 20:00:00,delivery,chicken_tenders,1,1
2026-01-18 20:00:00,delivery,fries,1,1
2026-01-18 20:00:00,drive_thru,fries,2,1
2026-01-18 20:15:00,counter,chicken_tenders,2,1
2026-01-18 20:15:00,counter,fries,1,1
2026-01-18 20:15:00,delivery,fries,2,1
2026-01-18 20:15:00,drive_thru,chicken_tenders,1,1
2026-01-18 20:30:00,counter,fries,2,1
2026-01-18 20:30:00,drive_thru,chicken_tenders,2,1
2026-01-18 20:45:00,drive_thru,chicken_tenders,1,1
2026-01-18 21:00:00,counter,fries,1,1
2026-01-18 21:00:00,delivery,fries,2,1
2026-01-18 21:00:00,drive_thru,chicken_tenders,1,1
2026-01-18 21:15:00,delivery,chicken_tenders,4,2
2026-01-18 21:15:00,delivery,fries,1,1
2026-01-18 21:15:00,drive_thru,fries,2,1
2026-01-18 21:30:00,drive_thru,chicken_tenders,1,1
2026-01-18 21:30:00,drive_thru,fries,1,1
2026-01-18 21:45:00,counter,fries,1,1
2026-01-18 21:45:00,drive_thru,chicken_tenders,3,1
2026-01-19 06:00:00,counter,hash_brown,1,1
2026-01-19 06:00:00,drive_thru,breakfast_wrap,1,1
2026-01-19 06:00:00,drive_thru,hash_brown,1,1
2026-01-19 06:30:00,delivery,hash_brown,2,1
2026-01-19 06:45:00,counter,breakfast_wrap,1,1
2026-01-19 06:45:00,delivery,breakfast_wrap,1,1
2026-01-19 06:45:00,drive_thru,breakfast_wrap,1,1
2026-01-19 07:00:00,counter,breakfast_wrap,1,1
2026-01-19 07:00:00,counter,hash_brown,1,1
2026-01-19 07:00:00,drive_thru,breakfast_wrap,1,1
2026-01-19 07:00:00,drive_thru,hash_brown,1,1
2026-01-19 07:15:00,counter,breakfast_wrap,4,4
2026-01-19 07:15:00,counter,hash_brown,6,5
2026-01-19 07:15:00,delivery,breakfast_wrap,1,1
2026-01-19 07:15:00,drive_thru,breakfast_wrap,1,1
2026-01-19 07:15:00,drive_thru,hash_brown,1,1
2026-01-19 07:30:00,counter,breakfast_wrap,1,1
2026-01-19 07:30:00,drive_thru,breakfast_wrap,1,1
2026-01-19 07:30:00,drive_thru,hash_brown,1,1
2026-01-19 07:45:00,counter,hash_brown,4,3
2026-01-19 08:00:00,counter,breakfast_wrap,3,2
2026-01-19 08:00:00,delivery,breakfast_wrap,1,1
2026-01-19 08:00:00,drive_thru,breakfast_wrap,3,2
2026-01-19 08:00:00,drive_thru,hash_brown,2,2
2026-01-19 08:15:00,counter,breakfast_wrap,1,1
2026-01-19 08:15:00,counter,hash_brown,1,1
2026-01-19 08:15:00,delivery,breakfast_wrap,1,1
2026-01-19 08:15:00,delivery,hash_brown,1,1
2026-01-19 08:15:00,drive_thru,breakfast_wrap,3,3
2026-01-19 08:15:00,drive_thru,hash_brown,1,1
2026-01-19 08:30:00,delivery,breakfast_wrap,1,1
2026-01-19 08:30:00,delivery,hash_brown,3,2
2026-01-19 08:30:00,drive_thru,hash_brown,1,1
2026-01-19 08:45:00,counter,breakfast_wrap,2,1
2026-01-19 08:45:00,drive_thru,breakfast_wrap,1,1
2026-01-19 08:45:00,drive_thru,hash_brown,1,1
2026-01-19 09:00:00,counter,breakfast_wrap,4,3
2026-01-19 09:00:00,counter,hash_brown,1,1
2026-01-19 09:00:00,delivery,hash_brown,3,1
2026-01-19 09:00:00,drive_thru,breakfast_wrap,1,1
2026-01-19 09:00:00,drive_thru,hash_brown,1,1
2026-01-19 09:15:00,counter,breakfast_wrap,2,2
2026-01-19 09:15:00,counter,hash_brown,1,1
2026-01-19 09:15:00,delivery,breakfast_wrap,1,1
2026-01-19 09:15:00,delivery,hash_brown,1,1
2026-01-19 09:15:00,drive_thru,hash_brown,1,1
2026-01-19 09:30:00,counter,hash_brown,2,2
2026-01-19 09:30:00,delivery,breakfast_wrap,1,1
2026-01-19 09:30:00,delivery,hash_brown,1,1
2026-01-19 09:45:00,counter,breakfast_wrap,3,2
2026-01-19 09:45:00,counter,hash_brown,3,1
2026-01-19 09:45:00,delivery,breakfast_wrap,5,2
2026-01-19 09:45:00,drive_thru,breakfast_wrap,1,1
2026-01-19 09:45:00,drive_thru,hash_brown,2,2
2026-01-19 10:00:00,counter,hash_brown,2,2
2026-01-19 10:15:00,counter,hash_brown,1,1
2026-01-19 10:15:00,delivery,hash_brown,1,1
2026-01-19 10:30:00,counter,breakfast_wrap,1,1
2026-01-19 10:30:00,counter,hash_brown,2,1
2026-01-19 10:30:00,delivery,hash_brown,1,1
2026-01-19 10:45:00,counter,hash_brown,1,1
2026-01-19 10:45:00,drive_thru,hash_brown,2,1
2026-01-19 11:00:00,counter,chicken_tenders,2,2
2026-01-19 11:00:00,counter,fries,1,1
2026-01-19 11:00:00,delivery,fries,3,1
2026-01-19 11:15:00,counter,fries,3,1
2026-01-19 11:30:00,counter,chicken_tenders,3,2
2026-01-19 11:30:00,counter,fries,1,1
2026-01-19 11:30:00,delivery,chicken_tenders,1,1
2026-01-19 11:30:00,drive_thru,chicken_tenders,3,3
2026-01-19 11:45:00,counter,chicken_tenders,1,1
2026-01-19 11:45:00,counter,fries,2,2
2026-01-19 12:00:00,counter,chicken_tenders,1,1
2026-01-19 12:00:00,delivery,chicken_tenders,5,2
2026-01-19 12:00:00,delivery,fries,1,1
2026-01-19 12:00:00,drive_thru,chicken_tenders,4,2
2026-01-19 12:00:00,drive_thru,fries,3,2
2026-01-19 12:15:00,counter,chicken_tenders,3,3
2026-01-19 12:15:00,counter,fries,5,4
2026-01-19 12:15:00,drive_thru,chicken_tenders,4,3
2026-01-19 12:30:00,counter,chicken_tenders,1,1
2026-01-19 12:30:00,counter,fries,1,1
2026-01-19 12:30:00,delivery,chicken_tenders,1,1
2026-01-19 12:30:00,drive_thru,chicken_tenders,1,1
2026-01-19 12:30:00,drive_thru,fries,1,1
2026-01-19 12:45:00,counter,chicken_tenders,2,2
2026-01-19 12:45:00,counter,fries,1,1
2026-01-19 12:45:00,delivery,fries,2,1
2026-01-19 13:00:00,counter,chicken_tenders,2,1
2026-01-19 13:00:00,delivery,chicken_tenders,1,1
2026-01-19 13:00:00,delivery,fries,1,1
2026-01-19 13:00:00,drive_thru,fries,2,1
2026-01-19 13:15:00,counter,fries,4,2
2026-01-19 13:15:00,delivery,fries,2,2
2026-01-19 13:15:00,drive_thru,fries,1,1
2026-01-19 13:30:00,counter,chicken_tenders,3,3
2026-01-19 13:30:00,counter,fries,3,2
2026-01-19 13:30:00,delivery,chicken_tenders,2,1
2026-01-19 13:30:00,drive_thru,chicken_tenders,3,2
2026-01-19 13:30:00,drive_thru,fries,2,2
2026-01-19 13:45:00,counter,chicken_tenders,1,1
2026-01-19 13:45:00,counter,fries,6,5
2026-01-19 13:45:00,delivery,chicken_tenders,2,2
2026-01-19 13:45:00,delivery,fries,1,1
2026-01-19 13:45:00,drive_thru,fries,1,1
2026-01-19 14:00:00,counter,chicken_tenders,1,1
2026-01-19 14:00:00,counter,fries,1,1
2026-01-19 14:00:00,delivery,chicken_tenders,1,1
2026-01-19 14:30:00,counter,chicken_tenders,1,1
2026-01-19 14:30:00,delivery,fries,1,1
2026-01-19 14:30:00,drive_thru,fries,2,1
2026-01-19 15:00:00,drive_thru,chicken_tenders,2,1
2026-01-19 15:15:00,counter,chicken_tenders,1,1
2026-01-19 15:15:00,counter,fries,3,2
2026-01-19 15:15:00,drive_thru,chicken_tenders,2,1
2026-01-19 15:30:00,delivery,chicken_tenders,1,1
2026-01-19 15:30:00,delivery,fries,1,1
2026-01-19 15:45:00,counter,chicken_tenders,1,1
2026-01-19 15:45:00,counter,fries,1,1
2026-01-19 16:15:00,counter,chicken_tenders,2,2
2026-01-19 16:15:00,drive_thru,chicken_tenders,1,1
2026-01-19 16:15:00,drive_thru,fries,1,1
2026-01-19 16:30:00,counter,chicken_tenders,2,1
2026-01-19 16:30:00,delivery,chicken_tenders,1,1
2026-01-19 16:30:00,drive_thru,chicken_tenders,2,1
2026-01-19 16:30:00,drive_thru,fries,2,1
2026-01-19 16:45:00,counter,chicken_tenders,2,1
2026-01-19 16:45:00,drive_thru,fries,3,2
2026-01-19 17:00:00,delivery,chicken_tenders,1,1
2026-01-19 17:00:00,drive_thru,chicken_tenders,1,1
2026-01-19 17:00:00,drive_thru,fries,1,1
2026-01-19 17:15:00,counter,chicken_tenders,1,1
2026-01-19 17:15:00,delivery,fries,3,2
2026-01-19 17:15:00,drive_thru,fries,2,1
2026-01-19 17:30:00,counter,chicken_tenders,8,6
2026-01-19 17:30:00,counter,fries,4,2
2026-01-19 17:30:00,delivery,chicken_tenders,1,1
2026-01-19 17:30:00,delivery,fries,2,1
2026-01-19 17:30:00,drive_thru,chicken_tenders,6,3
2026-01-19 17:30:00,drive_thru,fries,3,2
2026-01-19 17:45:00,counter,chicken_tenders,2,2
2026-01-19 17:45:00,delivery,chicken_tenders,3,2
2026-01-19 17:45:00,delivery,fries,2,2
2026-01-19 17:45:00,drive_thru,fries,1,1
2026-01-19 18:00:00,delivery,chicken_tenders,1,1
2026-01-19 18:00:00,delivery,fries,1,1
2026-01-19 18:00:00,drive_thru,chicken_tenders,3,2
2026-01-19 18:15:00,counter,chicken_tenders,2,2
2026-01-19 18:15:00,delivery,chicken_tenders,1,1
2026-01-19 18:15:00,delivery,fries,2,2
2026-01-19 18:15:00,drive_thru,chicken_tenders,4,3
2026-01-19 18:15:00,drive_thru,fries,2,1
2026-01-19 18:30:00,counter,chicken_tenders,4,3
2026-01-19 18:30:00,delivery,chicken_tenders,1,1
2026-01-19 18:30:00,delivery,fries,4,2
2026-01-19 18:30:00,drive_thru,fries,1,1
2026-01-19 18:45:00,delivery,fries,5,2
2026-01-19 18:45:00,drive_thru,fries,1,1
2026-01-19 19:15:00,counter,fries,1,1
2026-01-19 19:15:00,drive_thru,fries,1,1
2026-01-19 19:30:00,counter,chicken_tenders,4,3
2026-01-19 19:30:00,counter,fries,3,2
2026-01-19 19:30:00,delivery,chicken_tenders,3,2
2026-01-19 19:30:00,drive_thru,fries,1,1
2026-01-19 19:45:00,counter,chicken_tenders,2,1
2026-01-19 19:45:00,counter,fries,2,2
2026-01-19 19:45:00,delivery,chicken_tenders,1,1
2026-01-19 19:45:00,delivery,fries,1,1
2026-01-19 19:45:00,drive_thru,chicken_tenders,1,1
2026-01-19 20:00:00,counter,fries,1,1
2026-01-19 20:00:00,delivery,chicken_tenders,2,2
2026-01-19 20:00:00,drive_thru,chicken_tenders,1,1
2026-01-19 20:00:00,drive_thru,fries,1,1
2026-01-19 20:15:00,delivery,chicken_tenders,3,2
2026-01-19 20:15:00,delivery,fries,1,1
2026-01-19 20:15:00,drive_thru,fries,1,1
2026-01-19 20:30:00,drive_thru,chicken_tenders,2,1
2026-01-19 20:45:00,counter,chicken_tenders,1,1
2026-01-19 20:45:00,counter,fries,1,1
2026-01-19 21:00:00,counter,chicken_tenders,2,1
2026-01-19 21:00:00,drive_thru,chicken_tenders,1,1
2026-01-19 21:00:00,drive_thru,fries,1,1
2026-01-19 21:15:00,delivery,chicken_tenders,1,1
2026-01-19 21:15:00,delivery,fries,2,2
2026-01-19 21:15:00,drive_thru,fries,1,1
2026-01-19 21:30:00,counter,chicken_tenders,1,1
2026-01-19 21:30:00,counter,fries,1,1
2026-01-19 21:45:00,counter,chicken_tenders,1,1
2026-01-19 21:45:00,drive_thru,fries,1,1
2026-01-20 06:00:00,counter,breakfast_wrap,1,1
2026-01-20 06:00:00,counter,hash_brown,1,1
2026-01-20 06:00:00,delivery,breakfast_wrap,1,1
2026-01-20 06:15:00,counter,breakfast_wrap,2,2
2026-01-20 06:15:00,counter,hash_brown,1,1
2026-01-20 06:30:00,counter,breakfast_wrap,1,1
2026-01-20 06:30:00,delivery,hash_brown,1,1
2026-01-20 07:00:00,counter,breakfast_wrap,4,1
2026-01-20 07:00:00,counter,hash_brown,2,1
2026-01-20 07:00:00,delivery,breakfast_wrap,1,1
2026-01-20 07:00:00,delivery,hash_brown,1,1
2026-01-20 07:00:00,drive_thru,breakfast_wrap,1,1
2026-01-20 07:15:00,counter,hash_brown,1,1
2026-01-20 07:15:00,delivery,breakfast_wrap,1,1
2026-01-20 07:15:00,delivery,hash_brown,1,1
2026-01-20 07:15:00,drive_thru,breakfast_wrap,3,2
2026-01-20 07:15:00,drive_thru,hash_brown,2,2
2026-01-20 07:30:00,counter,breakfast_wrap,4,2
2026-01-20 07:30:00,counter,hash_brown,1,1
2026-01-20 07:30:00,delivery,hash_brown,1,1
2026-01-20 07:30:00,drive_thru,hash_brown,2,1
2026-01-20 07:45:00,counter,hash_brown,2,2
2026-01-20 07:45:00,delivery,hash_brown,1,1
2026-01-20 07:45:00,drive_thru,breakfast_wrap,1,1
2026-01-20 08:00:00,counter,hash_brown,3,3
2026-01-20 08:00:00,delivery,breakfast_wrap,1,1
2026-01-20 08:00:00,drive_thru,breakfast_wrap,2,2
2026-01-20 08:00:00,drive_thru,hash_brown,3,3
2026-01-20 08:15:00,counter,hash_brown,1,1
2026-01-20 08:15:00,delivery,breakfast_wrap,1,1
2026-01-20 08:15:00,drive_thru,hash_brown,3,2
2026-01-20 08:30:00,counter,breakfast_wrap,7,5
2026-01-20 08:30:00,counter,hash_brown,5,4
2026-01-20 08:30:00,delivery,breakfast_wrap,1,1
2026-01-20 08:30:00,drive_thru,breakfast_wrap,3,2
2026-01-20 08:30:00,drive_thru,hash_brown,7,4
2026-01-20 08:45:00,counter,breakfast_wrap,5,4
2026-01-20 08:45:00,counter,hash_brown,2,2
2026-01-20 08:45:00,delivery,breakfast_wrap,1,1
2026-01-20 08:45:00,delivery,hash_brown,1,1
2026-01-20 08:45:00,drive_thru,breakfast_wrap,1,1
2026-01-20 08:45:00,drive_thru,hash_brown,4,2
2026-01-20 09:00:00,counter,breakfast_wrap,1,1
2026-01-20 09:00:00,counter,hash_brown,2,1
2026-01-20 09:00:00,drive_thru,breakfast_wrap,3,2
2026-01-20 09:00:00,drive_thru,hash_brown,3,3
2026-01-20 09:15:00,counter,hash_brown,2,2
2026-01-20 09:30:00,counter,breakfast_wrap,2,2
2026-01-20 09:30:00,counter,hash_brown,3,2
2026-01-20 09:30:00,drive_thru,breakfast_wrap,2,2
2026-01-20 09:30:00,drive_thru,hash_brown,4,2
2026-01-20 09:45:00,counter,hash_brown,1,1
2026-01-20 09:45:00,drive_thru,breakfast_wrap,1,1
2026-01-20 10:00:00,delivery,breakfast_wrap,1,1
2026-01-20 10:15:00,drive_thru,hash_brown,1,1
2026-01-20 10:30:00,counter,hash_brown,1,1
2026-01-20 11:00:00,delivery,chicken_tenders,1,1
2026-01-20 11:00:00,delivery,fries,1,1
2026-01-20 11:00:00,drive_thru,chicken_tenders,2,2
2026-01-20 11:00:00,drive_thru,fries,1,1
2026-01-20 11:15:00,counter,chicken_tenders,1,1
2026-01-20 11:30:00,counter,fries,1,1
2026-01-20 11:45:00,counter,chicken_tenders,1,1
2026-01-20 12:00:00,counter,chicken_tenders,2,1
2026-01-20 12:00:00,counter,fries,1,1
2026-01-20 12:00:00,drive_thru,chicken_tenders,2,1
2026-01-20 12:00:00,drive_thru,fries,3,3
2026-01-20 12:15:00,counter,fries,1,1
2026-01-20 12:15:00,delivery,chicken_tenders,2,1
2026-01-20 12:15:00,delivery,fries,1,1
2026-01-20 12:15:00,drive_thru,chicken_tenders,4,3
2026-01-20 12:15:00,drive_thru,fries,6,4
2026-01-20 12:30:00,counter,chicken_tenders,3,3
2026-01-20 12:30:00,counter,fries,5,3
2026-01-20 12:30:00,delivery,chicken_tenders,2,1
2026-01-20 12:30:00,delivery,fries,3,2
2026-01-20 12:30:00,drive_thru,chicken_tenders,1,1
2026-01-20 12:30:00,drive_thru,fries,1,1
2026-01-20 12:45:00,delivery,chicken_tenders,3,2
2026-01-20 12:45:00,delivery,fries,4,3
2026-01-20 12:45:00,drive_thru,chicken_tenders,2,2
2026-01-20 12:45:00,drive_thru,fries,4,4
2026-01-20 13:00:00,counter,fries,1,1
2026-01-20 13:00:00,delivery,chicken_tenders,2,2
2026-01-20 13:00:00,delivery,fries,3,2
2026-01-20 13:15:00,counter,chicken_tenders,1,1
2026-01-20 13:15:00,delivery,chicken_tenders,1,1
2026-01-20 13:15:00,delivery,fries,3,2
2026-01-20 13:15:00,drive_thru,fries,1,1
2026-01-20 13:30:00,counter,fries,1,1
2026-01-20 13:30:00,delivery,chicken_tenders,3,2
2026-01-20 13:30:00,drive_thru,chicken_tenders,3,2
2026-01-20 13:30:00,drive_thru,fries,1,1
2026-01-20 13:45:00,counter,chicken_tenders,2,2
2026-01-20 13:45:00,counter,fries,3,3
2026-01-20 14:00:00,counter,fries,3,1
2026-01-20 14:00:00,delivery,chicken_tenders,2,1
2026-01-20 14:00:00,delivery,fries,1,1
2026-01-20 14:15:00,counter,chicken_tenders,1,1
2026-01-20 14:15:00,drive_thru,fries,1,1
2026-01-20 14:45:00,counter,chicken_tenders,1,1
2026-01-20 14:45:00,counter,fries,1,1
2026-01-20 15:15:00,counter,fries,2,1
2026-01-20 15:15:00,drive_thru,chicken_tenders,1,1
2026-01-20 15:30:00,counter,fries,1,1
2026-01-20 15:30:00,drive_thru,chicken_tenders,2,1
2026-01-20 15:30:00,drive_thru,fries,2,1
2026-01-20 15:45:00,counter,chicken_tenders,1,1
2026-01-20 15:45:00,counter,fries,3,2
2026-01-20 15:45:00,drive_thru,chicken_tenders,1,1
2026-01-20 16:00:00,counter,chicken_tenders,1,1
2026-01-20 16:00:00,counter,fries,3,2
2026-01-20 16:00:00,delivery,chicken_tenders,1,1
2026-01-20 16:15:00,counter,chicken_tenders,3,1
2026-01-20 16:15:00,counter,fries,2,1
2026-01-20 16:30:00,counter,chicken_tenders,1,1
2026-01-20 16:30:00,counter,fries,1,1
2026-01-20 16:30:00,delivery,chicken_tenders,1,1
2026-01-20 16:30:00,drive_thru,chicken_tenders,2,1
2026-01-20 16:45:00,delivery,chicken_tenders,2,1
2026-01-20 17:00:00,counter,chicken_tenders,1,1
2026-01-20 17:00:00,counter,fries,4,3
2026-01-20 17:00:00,delivery,chicken_tenders,3,2
2026-01-20 17:00:00,delivery,fries,2,2
2026-01-20 17:15:00,counter,fries,2,1
2026-01-20 17:15:00,delivery,chicken_tenders,2,1
2026-01-20 17:15:00,delivery,fries,1,1
2026-01-20 17:15:00,drive_thru,chicken_tenders,1,1
2026-01-20 17:30:00,counter,fries,1,1
2026-01-20 17:30:00,delivery,fries,1,1
2026-01-20 17:30:00,drive_thru,chicken_tenders,1,1
2026-01-20 17:45:00,counter,chicken_tenders,4,3
2026-01-20 17:45:00,counter,fries,1,1
2026-01-20 17:45:00,delivery,chicken_tenders,4,2
2026-01-20 17:45:00,delivery,fries,3,2
2026-01-20 18:00:00,counter,chicken_tenders,1,1
2026-01-20 18:00:00,counter,fries,5,4
2026-01-20 18:00:00,delivery,chicken_tenders,1,1
2026-01-20 18:00:00,drive_thru,chicken_tenders,1,1
2026-01-20 18:00:00,drive_thru,fries,2,2
2026-01-20 18:15:00,counter,chicken_tenders,2,2
2026-01-20 18:15:00,counter,fries,1,1
2026-01-20 18:15:00,delivery,chicken_tenders,2,1
2026-01-20 18:15:00,delivery,fries,1,1
2026-01-20 18:15:00,drive_thru,chicken_tenders,2,1
2026-01-20 18:15:00,drive_thru,fries,3,2
2026-01-20 18:30:00,counter,fries,1,1
2026-01-20 18:30:00,drive_thru,chicken_tenders,2,2
2026-01-20 18:45:00,counter,chicken_tenders,1,1
2026-01-20 19:00:00,counter,chicken_tenders,4,3
2026-01-20 19:00:00,delivery,fries,1,1
2026-01-20 19:00:00,drive_thru,chicken_tenders,1,1
2026-01-20 19:00:00,drive_thru,fries,1,1
2026-01-20 19:15:00,counter,chicken_tenders,1,1
2026-01-20 19:15:00,drive_thru,chicken_tenders,1,1
2026-01-20 19:15:00,drive_thru,fries,3,2
2026-01-20 19:30:00,delivery,chicken_tenders,2,2
2026-01-20 19:30:00,delivery,fries,2,2
2026-01-20 19:30:00,drive_thru,chicken_tenders,2,2
2026-01-20 19:30:00,drive_thru,fries,1,1
2026-01-20 19:45:00,counter,fries,5,2
2026-01-20 19:45:00,delivery,fries,1,1
2026-01-20 19:45:00,drive_thru,fries,1,1
2026-01-20 20:00:00,drive_thru,chicken_tenders,1,1
2026-01-20 20:15:00,counter,fries,1,1
2026-01-20 20:45:00,counter,chicken_tenders,1,1
2026-01-20 20:45:00,counter,fries,2,1
2026-01-20 20:45:00,drive_thru,chicken_tenders,1,1
2026-01-20 20:45:00,drive_thru,fries,2,1
2026-01-20 21:00:00,counter,fries,1,1
2026-01-20 21:00:00,drive_thru,chicken_tenders,2,2
2026-01-20 21:00:00,drive_thru,fries,2,1
2026-01-20 21:15:00,drive_thru,chicken_tenders,1,1
2026-01-20 21:30:00,counter,chicken_tenders,1,1
2026-01-21 06:15:00,delivery,breakfast_wrap,1,1
2026-01-21 06:15:00,delivery,hash_brown,1,1
2026-01-21 06:15:00,drive_thru,breakfast_wrap,1,1
2026-01-21 06:30:00,counter,breakfast_wrap,1,1
2026-01-21 06:30:00,counter,hash_brown,1,1
2026-01-21 06:45:00,counter,hash_brown,1,1
2026-01-21 06:45:00,drive_thru,hash_brown,1,1
2026-01-21 07:00:00,counter,hash_brown,6,3
2026-01-21 07:00:00,drive_thru,breakfast_wrap,1,1
2026-01-21 07:15:00,counter,breakfast_wrap,1,1
2026-01-21 07:15:00,drive_thru,breakfast_wrap,1,1
2026-01-21 07:15:00,drive_thru,hash_brown,1,1
2026-01-21 07:30:00,counter,breakfast_wrap,3,3
2026-01-21 07:30:00,counter,hash_brown,1,1
2026-01-21 07:30:00,delivery,breakfast_wrap,2,1
2026-01-21 07:30:00,drive_thru,breakfast_wrap,1,1
2026-01-21 07:30:00,drive_thru,hash_brown,3,2
2026-01-21 07:45:00,counter,breakfast_wrap,3,2
2026-01-21 07:45:00,counter,hash_brown,1,1
2026-01-21 07:45:00,delivery,breakfast_wrap,2,1
2026-01-21 07:45:00,delivery,hash_brown,1,1
2026-01-21 07:45:00,drive_thru,breakfast_wrap,1,1
2026-01-21 07:45:00,drive_thru,hash_brown,1,1
2026-01-21 08:00:00,counter,breakfast_wrap,3,3
2026-01-21 08:00:00,counter,hash_brown,2,2
2026-01-21 08:00:00,delivery,breakfast_wrap,2,1
2026-01-21 08:00:00,delivery,hash_brown,1,1
2026-01-21 08:00:00,drive_thru,breakfast_wrap,1,1
2026-01-21 08:00:00,drive_thru,hash_brown,10,6
2026-01-21 08:15:00,delivery,breakfast_wrap,2,1
2026-01-21 08:15:00,drive_thru,breakfast_wrap,1,1
2026-01-21 08:30:00,counter,hash_brown,1,1
2026-01-21 08:30:00,drive_thru,breakfast_wrap,1,1
2026-01-21 08:30:00,drive_thru,hash_brown,1,1
2026-01-21 08:45:00,counter,breakfast_wrap,3,2
2026-01-21 08:45:00,drive_thru,hash_brown,1,1
2026-01-21 09:00:00,counter,breakfast_wrap,1,1
2026-01-21 09:00:00,counter,hash_brown,1,1
2026-01-21 09:00:00,drive_thru,breakfast_wrap,3,2
2026-01-21 09:00:00,drive_thru,hash_brown,1,1
2026-01-21 09:15:00,counter,breakfast_wrap,1,1
2026-01-21 09:15:00,counter,hash_brown,3,2
2026-01-21 09:15:00,delivery,hash_brown,1,1
2026-01-21 09:15:00,drive_thru,hash_brown,1,1
2026-01-21 09:30:00,counter,breakfast_wrap,2,1
2026-01-21 09:30:00,counter,hash_brown,3,3
2026-01-21 09:30:00,delivery,breakfast_wrap,1,1
2026-01-21 09:30:00,delivery,hash_brown,1,1
2026-01-21 09:30:00,drive_thru,breakfast_wrap,1,1
2026-01-21 09:45:00,counter,breakfast_wrap,2,2
2026-01-21 09:45:00,delivery,hash_brown,1,1
2026-01-21 10:00:00,counter,breakfast_wrap,2,1
2026-01-21 10:00:00,drive_thru,hash_brown,2,1
2026-01-21 10:15:00,drive_thru,breakfast_wrap,1,1
2026-01-21 10:15:00,drive_thru,hash_brown,1,1
2026-01-21 10:30:00,counter,hash_brown,1,1
2026-01-21 10:45:00,drive_thru,breakfast_wrap,2,1
2026-01-21 11:00:00,counter,fries,1,1
2026-01-21 11:15:00,counter,chicken_tenders,1,1
2026-01-21 11:30:00,counter,fries,2,1
2026-01-21 11:30:00,delivery,fries,3,1
2026-01-21 11:45:00,counter,chicken_tenders,1,1
2026-01-21 11:45:00,drive_thru,fries,2,1
2026-01-21 12:00:00,counter,fries,2,1
2026-01-21 12:00:00,delivery,fries,1,1
2026-01-21 12:00:00,drive_thru,chicken_tenders,6,5
2026-01-21 12:00:00,drive_thru,fries,4,4
2026-01-21 12:15:00,counter,fries,1,1
2026-01-21 12:15:00,delivery,chicken_tenders,3,2
2026-01-21 12:15:00,drive_thru,chicken_tenders,4,2
2026-01-21 12:15:00,drive_thru,fries,3,2
2026-01-21 12:30:00,counter,chicken_tenders,1,1
2026-01-21 12:30:00,counter,fries,1,1
2026-01-21 12:30:00,delivery,fries,2,1
2026-01-21 12:30:00,drive_thru,chicken_tenders,2,1
2026-01-21 12:30:00,drive_thru,fries,3,3
2026-01-21 12:45:00,counter,chicken_tenders,4,2
2026-01-21 12:45:00,counter,fries,3,2
2026-01-21 12:45:00,delivery,fries,1,1
2026-01-21 12:45:00,drive_thru,chicken_tenders,1,1
2026-01-21 12:45:00,drive_thru,fries,1,1
2026-01-21 13:00:00,counter,chicken_tenders,3,2
2026-01-21 13:00:00,counter,fries,1,1
2026-01-21 13:00:00,delivery,chicken_tenders,1,1
2026-01-21 13:00:00,drive_thru,chicken_tenders,2,2
2026-01-21 13:00:00,drive_thru,fries,1,1
2026-01-21 13:15:00,counter,fries,1,1
2026-01-21 13:15:00,delivery,chicken_tenders,1,1
2026-01-21 13:15:00,drive_thru,chicken_tenders,1,1
2026-01-21 13:15:00,drive_thru,fries,1,1
2026-01-21 13:30:00,counter,fries,2,2
2026-01-21 13:30:00,drive_thru,chicken_tenders,2,2
2026-01-21 13:30:00,drive_thru,fries,1,1
2026-01-21 13:45:00,counter,chicken_tenders,2,2
2026-01-21 13:45:00,counter,fries,2,2
2026-01-21 13:45:00,delivery,chicken_tenders,2,2
2026-01-21 13:45:00,delivery,fries,3,1
2026-01-21 13:45:00,drive_thru,chicken_tenders,1,1
2026-01-21 13:45:00,drive_thru,fries,1,1
2026-01-21 14:15:00,counter,chicken_tenders,3,1
2026-01-21 14:15:00,counter,fries,2,1
2026-01-21 14:15:00,delivery,fries,2,1
2026-01-21 14:45:00,counter,chicken_tenders,1,1
2026-01-21 14:45:00,counter,fries,1,1
2026-01-21 14:45:00,delivery,chicken_tenders,2,1
2026-01-21 14:45:00,drive_thru,chicken_tenders,4,2
2026-01-21 15:00:00,counter,chicken_tenders,1,1
2026-01-21 15:00:00,counter,fries,1,1
2026-01-21 15:00:00,drive_thru,chicken_tenders,1,1
2026-01-21 15:00:00,drive_thru,fries,1,1
2026-01-21 15:30:00,counter,chicken_tenders,1,1
2026-01-21 15:30:00,counter,fries,1,1
2026-01-21 15:30:00,drive_thru,chicken_tenders,1,1
2026-01-21 16:00:00,counter,chicken_tenders,1,1
2026-01-21 16:00:00,counter,fries,1,1
2026-01-21 16:15:00,counter,chicken_tenders,1,1
2026-01-21 16:30:00,delivery,chicken_tenders,2,1
2026-01-21 16:45:00,drive_thru,chicken_tenders,1,1
2026-01-21 17:00:00,counter,fries,1,1
2026-01-21 17:15:00,counter,chicken_tenders,2,2
2026-01-21 17:15:00,delivery,chicken_tenders,1,1
2026-01-21 17:15:00,delivery,fries,2,1
2026-01-21 17:15:00,drive_thru,chicken_tenders,2,1
2026-01-21 17:15:00,drive_thru,fries,2,2
2026-01-21 17:30:00,counter,chicken_tenders,3,2
2026-01-21 17:30:00,counter,fries,2,1
2026-01-21 17:30:00,delivery,chicken_tenders,2,2
2026-01-21 17:30:00,delivery,fries,1,1
2026-01-21 17:30:00,drive_thru,chicken_tenders,3,2
2026-01-21 17:30:00,drive_thru,fries,2,1
2026-01-21 17:45:00,counter,chicken_tenders,1,1
2026-01-21 17:45:00,counter,fries,1,1
2026-01-21 17:45:00,delivery,chicken_tenders,2,2
2026-01-21 17:45:00,drive_thru,fries,1,1
2026-01-21 18:00:00,counter,chicken_tenders,3,2
2026-01-21 18:15:00,counter,fries,1,1
2026-01-21 18:15:00,delivery,chicken_tenders,3,2
2026-01-21 18:15:00,delivery,fries,4,3
2026-01-21 18:15:00,drive_thru,chicken_tenders,2,2
2026-01-21 18:15:00,drive_thru,fries,1,1
2026-01-21 18:30:00,counter,fries,1,1
2026-01-21 18:30:00,delivery,fries,1,1
2026-01-21 18:45:00,counter,chicken_tenders,1,1
2026-01-21 18:45:00,delivery,fries,3,2
2026-01-21 18:45:00,drive_thru,chicken_tenders,4,2
2026-01-21 18:45:00,drive_thru,fries,4,3
2026-01-21 19:00:00,counter,chicken_tenders,4,3
2026-01-21 19:00:00,delivery,fries,1,1
2026-01-21 19:00:00,drive_thru,chicken_tenders,1,1
2026-01-21 19:15:00,counter,chicken_tenders,5,4
2026-01-21 19:15:00,counter,fries,5,5
2026-01-21 19:15:00,delivery,fries,2,1
2026-01-21 19:15:00,drive_thru,fries,1,1
2026-01-21 19:30:00,counter,fries,1,1
2026-01-21 19:30:00,drive_thru,chicken_tenders,2,2
2026-01-21 19:30:00,drive_thru,fries,1,1
2026-01-21 19:45:00,counter,chicken_tenders,3,2
2026-01-21 19:45:00,counter,fries,1,1
2026-01-21 19:45:00,drive_thru,chicken_tenders,2,2
2026-01-21 19:45:00,drive_thru,fries,2,2
2026-01-21 20:15:00,counter,chicken_tenders,1,1
2026-01-21 20:15:00,drive_thru,fries,1,1
2026-01-21 20:30:00,counter,chicken_tenders,1,1
2026-01-21 20:30:00,drive_thru,chicken_tenders,1,1
2026-01-21 20:30:00,drive_thru,fries,1,1
2026-01-21 20:45:00,delivery,chicken_tenders,1,1
2026-01-21 20:45:00,delivery,fries,1,1
2026-01-21 20:45:00,drive_thru,chicken_tenders,1,1
2026-01-21 21:00:00,counter,chicken_tenders,1,1
2026-01-21 21:15:00,delivery,chicken_tenders,2,1
2026-01-21 21:15:00,delivery,fries,1,1
2026-01-21 21:15:00,drive_thru,chicken_tenders,5,4
2026-01-21 21:15:00,drive_thru,fries,1,1
2026-01-21 21:30:00,drive_thru,chicken_tenders,2,1
2026-01-21 21:45:00,counter,fries,2,1
2026-01-21 21:45:00,delivery,chicken_tenders,2,1
2026-01-21 21:45:00,delivery,fries,1,1
2026-01-21 22:00:00,delivery,fries,1,1
2026-01-22 06:00:00,drive_thru,breakfast_wrap,1,1
2026-01-22 06:15:00,counter,breakfast_wrap,1,1
2026-01-22 06:30:00,delivery,breakfast_wrap,3,2
2026-01-22 06:30:00,delivery,hash_brown,1,1
2026-01-22 06:30:00,drive_thru,breakfast_wrap,3,2
2026-01-22 06:30:00,drive_thru,hash_brown,2,2
2026-01-22 06:45:00,counter,hash_brown,3,1
2026-01-22 06:45:00,drive_thru,breakfast_wrap,1,1
2026-01-22 07:00:00,counter,breakfast_wrap,1,1
2026-01-22 07:00:00,counter,hash_brown,1,1
2026-01-22 07:00:00,drive_thru,breakfast_wrap,1,1
2026-01-22 07:15:00,counter,breakfast_wrap,3,2
2026-01-22 07:15:00,counter,hash_brown,2,2
2026-01-22 07:15:00,delivery,breakfast_wrap,1,1
2026-01-22 07:15:00,delivery,hash_brown,1,1
2026-01-22 07:15:00,drive_thru,breakfast_wrap,1,1
2026-01-22 07:30:00,counter,breakfast_wrap,8,4
2026-01-22 07:30:00,counter,hash_brown,2,1
2026-01-22 07:30:00,delivery,breakfast_wrap,2,2
2026-01-22 07:30:00,delivery,hash_brown,4,3
2026-01-22 07:30:00,drive_thru,breakfast_wrap,3,3
2026-01-22 07:30:00,drive_thru,hash_brown,1,1
2026-01-22 07:45:00,counter,breakfast_wrap,2,2
2026-01-22 07:45:00,counter,hash_brown,2,2
2026-01-22 07:45:00,delivery,breakfast_wrap,1,1
2026-01-22 07:45:00,delivery,hash_brown,1,1
2026-01-22 07:45:00,drive_thru,breakfast_wrap,1,1
2026-01-22 08:00:00,counter,breakfast_wrap,1,1
2026-01-22 08:00:00,counter,hash_brown,2,2
2026-01-22 08:00:00,delivery,breakfast_wrap,1,1
2026-01-22 08:00:00,delivery,hash_brown,1,1
2026-01-22 08:00:00,drive_thru,breakfast_wrap,3,2
2026-01-22 08:15:00,counter,breakfast_wrap,1,1
2026-01-22 08:15:00,counter,hash_brown,4,4
2026-01-22 08:15:00,delivery,breakfast_wrap,3,2
2026-01-22 08:15:00,drive_thru,breakfast_wrap,5,4
2026-01-22 08:15:00,drive_thru,hash_brown,1,1
2026-01-22 08:30:00,counter,hash_brown,2,1
2026-01-22 08:30:00,delivery,hash_brown,3,2
2026-01-22 08:30:00,drive_thru,breakfast_wrap,4,2
2026-01-22 08:30:00,drive_thru,hash_brown,2,2
2026-01-22 08:45:00,counter,breakfast_wrap,1,1
2026-01-22 08:45:00,counter,hash_brown,1,1
2026-01-22 08:45:00,delivery,hash_brown,2,2
2026-01-22 08:45:00,drive_thru,hash_brown,1,1
2026-01-22 09:00:00,counter,breakfast_wrap,1,1
2026-01-22 09:00:00,counter,hash_brown,2,2
2026-01-22 09:00:00,drive_thru,breakfast_wrap,5,4
2026-01-22 09:00:00,drive_thru,hash_brown,1,1
2026-01-22 09:15:00,counter,breakfast_wrap,2,2
2026-01-22 09:15:00,counter,hash_brown,2,2
2026-01-22 09:15:00,drive_thru,hash_brown,2,1
2026-01-22 09:30:00,counter,breakfast_wrap,2,1
2026-01-22 09:30:00,counter,hash_brown,3,3
2026-01-22 09:30:00,drive_thru,breakfast_wrap,2,1
2026-01-22 09:45:00,counter,breakfast_wrap,2,2
2026-01-22 09:45:00,counter,hash_brown,3,3
2026-01-22 09:45:00,delivery,hash_brown,1,1
2026-01-22 09:45:00,drive_thru,breakfast_wrap,1,1
2026-01-22 09:45:00,drive_thru,hash_brown,2,2
2026-01-22 10:00:00,counter,breakfast_wrap,1,1
2026-01-22 10:00:00,counter,hash_brown,1,1
2026-01-22 10:00:00,delivery,breakfast_wrap,1,1
2026-01-22 10:00:00,delivery,hash_brown,1,1
2026-01-22 10:15:00,drive_thru,hash_brown,2,2
2026-01-22 10:30:00,delivery,breakfast_wrap,1,1
2026-01-22 10:30:00,drive_thru,breakfast_wrap,1,1
2026-01-22 10:30:00,drive_thru,hash_brown,1,1
2026-01-22 10:45:00,delivery,breakfast_wrap,1,1
2026-01-22 10:45:00,drive_thru,breakfast_wrap,1,1
2026-01-22 11:00:00,counter,fries,1,1
2026-01-22 11:00:00,delivery,chicken_tenders,1,1
2026-01-22 11:00:00,drive_thru,chicken_tenders,2,2
2026-01-22 11:30:00,counter,chicken_tenders,1,1
2026-01-22 11:30:00,drive_thru,fries,1,1
2026-01-22 11:45:00,counter,chicken_tenders,2,1
2026-01-22 11:45:00,delivery,chicken_tenders,2,1
2026-01-22 11:45:00,drive_thru,fries,2,1
2026-01-22 12:00:00,counter,chicken_tenders,1,1
2026-01-22 12:00:00,counter,fries,3,2
2026-01-22 12:15:00,counter,chicken_tenders,3,3
2026-01-22 12:15:00,counter,fries,5,4
2026-01-22 12:15:00,delivery,fries,1,1
2026-01-22 12:30:00,counter,chicken_tenders,1,1
2026-01-22 12:30:00,counter,fries,2,1
2026-01-22 12:30:00,delivery,chicken_tenders,2,1
2026-01-22 12:30:00,delivery,fries,3,2
2026-01-22 12:30:00,drive_thru,chicken_tenders,1,1
2026-01-22 12:45:00,counter,chicken_tenders,2,1
2026-01-22 12:45:00,delivery,chicken_tenders,2,2
2026-01-22 12:45:00,drive_thru,chicken_tenders,2,2
2026-01-22 13:00:00,counter,fries,3,3
2026-01-22 13:00:00,delivery,chicken_tenders,4,2
2026-01-22 13:00:00,delivery,fries,2,1
2026-01-22 13:00:00,drive_thru,chicken_tenders,1,1
2026-01-22 13:00:00,drive_thru,fries,4,3
2026-01-22 13:15:00,counter,chicken_tenders,2,2
2026-01-22 13:15:00,counter,fries,2,1
2026-01-22 13:15:00,delivery,chicken_tenders,3,2
2026-01-22 13:15:00,delivery,fries,1,1
2026-01-22 13:15:00,drive_thru,chicken_tenders,2,2
2026-01-22 13:15:00,drive_thru,fries,3,2
2026-01-22 13:30:00,counter,chicken_tenders,1,1
2026-01-22 13:30:00,counter,fries,2,2
2026-01-22 13:30:00,drive_thru,chicken_tenders,1,1
2026-01-22 13:30:00,drive_thru,fries,1,1
2026-01-22 13:45:00,delivery,chicken_tenders,1,1
2026-01-22 13:45:00,delivery,fries,2,2
2026-01-22 14:00:00,counter,fries,1,1
2026-01-22 14:00:00,drive_thru,chicken_tenders,3,2
2026-01-22 14:00:00,drive_thru,fries,1,1
2026-01-22 14:15:00,counter,chicken_tenders,2,1
2026-01-22 14:15:00,drive_thru,chicken_tenders,2,1
2026-01-22 14:15:00,drive_thru,fries,1,1
2026-01-22 15:00:00,counter,fries,1,1
2026-01-22 15:15:00,counter,fries,2,1
2026-01-22 15:15:00,delivery,fries,1,1
2026-01-22 15:15:00,drive_thru,chicken_tenders,1,1
2026-01-22 15:15:00,drive_thru,fries,1,1
2026-01-22 15:45:00,counter,chicken_tenders,1,1
2026-01-22 15:45:00,drive_thru,fries,2,1
2026-01-22 16:00:00,counter,chicken_tenders,1,1
2026-01-22 16:00:00,delivery,fries,2,1
2026-01-22 16:00:00,drive_thru,fries,1,1
2026-01-22 16:15:00,counter,chicken_tenders,3,2
2026-01-22 16:15:00,drive_thru,chicken_tenders,3,2
2026-01-22 16:30:00,delivery,chicken_tenders,3,1
2026-01-22 16:30:00,delivery,fries,4,2
2026-01-22 17:00:00,counter,chicken_tenders,1,1
2026-01-22 17:00:00,delivery,fries,1,1
2026-01-22 17:00:00,drive_thru,chicken_tenders,1,1
2026-01-22 17:00:00,drive_thru,fries,1,1
2026-01-22 17:15:00,counter,chicken_tenders,1,1
2026-01-22 17:15:00,counter,fries,1,1
2026-01-22 17:30:00,delivery,fries,1,1
2026-01-22 17:30:00,drive_thru,chicken_tenders,1,1
2026-01-22 17:45:00,counter,chicken_tenders,4,2
2026-01-22 17:45:00,delivery,chicken_tenders,3,2
2026-01-22 17:45:00,drive_thru,chicken_tenders,2,1
2026-01-22 17:45:00,drive_thru,fries,1,1
2026-01-22 18:00:00,counter,fries,2,1
2026-01-22 18:00:00,drive_thru,chicken_tenders,1,1
2026-01-22 18:00:00,drive_thru,fries,1,1
2026-01-22 18:15:00,counter,chicken_tenders,4,3
2026-01-22 18:15:00,counter,fries,1,1
2026-01-22 18:15:00,delivery,fries,3,2
2026-01-22 18:15:00,drive_thru,chicken_tenders,2,1
2026-01-22 18:15:00,drive_thru,fries,2,1
2026-01-22 18:30:00,counter,fries,1,1
2026-01-22 18:30:00,drive_thru,chicken_tenders,4,3
2026-01-22 18:30:00,drive_thru,fries,3,3
2026-01-22 18:45:00,counter,chicken_tenders,1,1
2026-01-22 18:45:00,counter,fries,3,2
2026-01-22 18:45:00,delivery,chicken_tenders,1,1
2026-01-22 18:45:00,drive_thru,chicken_tenders,3,3
2026-01-22 18:45:00,drive_thru,fries,2,2
2026-01-22 19:00:00,delivery,fries,1,1
2026-01-22 19:00:00,drive_thru,chicken_tenders,2,1
2026-01-22 19:15:00,counter,chicken_tenders,1,1
2026-01-22 19:15:00,counter,fries,2,1
2026-01-22 19:15:00,drive_thru,fries,3,2
2026-01-22 19:30:00,counter,fries,1,1
2026-01-22 19:30:00,delivery,fries,2,1
2026-01-22 19:30:00,drive_thru,chicken_tenders,1,1
2026-01-22 19:30:00,drive_thru,fries,1,1
2026-01-22 19:45:00,counter,fries,3,2
2026-01-22 19:45:00,delivery,chicken_tenders,1,1
2026-01-22 19:45:00,delivery,fries,1,1
2026-01-22 20:00:00,counter,chicken_tenders,1,1
2026-01-22 20:00:00,counter,fries,3,2
2026-01-22 20:00:00,delivery,fries,1,1
2026-01-22 20:00:00,drive_thru,chicken_tenders,2,1
2026-01-22 20:15:00,counter,chicken_tenders,2,2
2026-01-22 20:15:00,counter,fries,2,1
2026-01-22 20:30:00,counter,chicken_tenders,1,1
2026-01-22 20:45:00,counter,chicken_tenders,2,2
2026-01-22 20:45:00,counter,fries,1,1
2026-01-22 21:00:00,counter,chicken_tenders,1,1
2026-01-22 21:15:00,counter,chicken_tenders,1,1
2026-01-22 21:45:00,delivery,chicken_tenders,2,1
2026-01-23 06:00:00,counter,breakfast_wrap,1,1
2026-01-23 06:00:00,counter,hash_brown,2,2
2026-01-23 06:15:00,counter,hash_brown,1,1
2026-01-23 06:15:00,delivery,breakfast_wrap,1,1
2026-01-23 06:15:00,drive_thru,hash_brown,1,1
2026-01-23 06:30:00,counter,breakfast_wrap,5,2
2026-01-23 06:30:00,drive_thru,breakfast_wrap,2,1
2026-01-23 06:30:00,drive_thru,hash_brown,1,1
2026-01-23 06:45:00,drive_thru,breakfast_wrap,3,2
2026-01-23 06:45:00,drive_thru,hash_brown,2,2
2026-01-23 07:00:00,counter,breakfast_wrap,3,2
2026-01-23 07:00:00,counter,hash_brown,1,1
2026-01-23 07:00:00,delivery,breakfast_wrap,2,2
2026-01-23 07:00:00,drive_thru,breakfast_wrap,4,3
2026-01-23 07:00:00,drive_thru,hash_brown,1,1
2026-01-23 07:15:00,counter,breakfast_wrap,1,1
2026-01-23 07:15:00,delivery,hash_brown,2,2
2026-01-23 07:15:00,drive_thru,breakfast_wrap,1,1
2026-01-23 07:15:00,drive_thru,hash_brown,3,2
2026-01-23 07:30:00,counter,breakfast_wrap,5,3
2026-01-23 07:30:00,counter,hash_brown,1,1
2026-01-23 07:30:00,delivery,hash_brown,2,2
2026-01-23 07:30:00,drive_thru,breakfast_wrap,1,1
2026-01-23 07:30:00,drive_thru,hash_brown,2,1
2026-01-23 07:45:00,counter,breakfast_wrap,3,2
2026-01-23 07:45:00,counter,hash_brown,1,1
2026-01-23 07:45:00,drive_thru,hash_brown,1,1
2026-01-23 08:00:00,counter,breakfast_wrap,1,1
2026-01-23 08:00:00,counter,hash_brown,2,2
2026-01-23 08:00:00,delivery,breakfast_wrap,2,2
2026-01-23 08:00:00,drive_thru,hash_brown,2,2
2026-01-23 08:15:00,counter,hash_brown,1,1
2026-01-23 08:15:00,drive_thru,breakfast_wrap,5,3
2026-01-23 08:15:00,drive_thru,hash_brown,3,2
2026-01-23 08:30:00,delivery,breakfast_wrap,1,1
2026-01-23 08:30:00,delivery,hash_brown,2,2
2026-01-23 08:30:00,drive_thru,breakfast_wrap,3,1
2026-01-23 08:45:00,counter,hash_brown,1,1
2026-01-23 09:15:00,counter,breakfast_wrap,1,1
2026-01-23 09:15:00,counter,hash_brown,1,1
2026-01-23 09:15:00,delivery,breakfast_wrap,1,1
2026-01-23 09:15:00,delivery,hash_brown,1,1
2026-01-23 09:15:00,drive_thru,hash_brown,1,1
2026-01-23 09:30:00,counter,breakfast_wrap,2,1
2026-01-23 09:45:00,counter,hash_brown,1,1
2026-01-23 09:45:00,drive_thru,breakfast_wrap,3,3
2026-01-23 09:45:00,drive_thru,hash_brown,1,1
2026-01-23 10:00:00,counter,hash_brown,3,2
2026-01-23 10:00:00,delivery,breakfast_wrap,1,1
2026-01-23 10:15:00,counter,breakfast_wrap,1,1
2026-01-23 10:15:00,counter,hash_brown,1,1
2026-01-23 10:15:00,delivery,breakfast_wrap,1,1
2026-01-23 10:15:00,delivery,hash_brown,2,2
2026-01-23 10:45:00,counter,breakfast_wrap,1,1
2026-01-23 10:45:00,counter,hash_brown,2,2
2026-01-23 10:45:00,delivery,breakfast_wrap,1,1
2026-01-23 11:00:00,counter,fries,1,1
2026-01-23 11:15:00,counter,fries,3,2
2026-01-23 11:30:00,drive_thru,fries,3,2
2026-01-23 11:45:00,drive_thru,fries,2,1
2026-01-23 12:00:00,counter,chicken_tenders,3,2
2026-01-23 12:00:00,counter,fries,2,1
2026-01-23 12:00:00,delivery,chicken_tenders,1,1
2026-01-23 12:00:00,delivery,fries,1,1
2026-01-23 12:00:00,drive_thru,chicken_tenders,2,2
2026-01-23 12:00:00,drive_thru,fries,2,2
2026-01-23 12:15:00,delivery,chicken_tenders,2,1
2026-01-23 12:15:00,delivery,fries,1,1
2026-01-23 12:15:00,drive_thru,chicken_tenders,1,1
2026-01-23 12:30:00,counter,chicken_tenders,2,2
2026-01-23 12:30:00,counter,fries,1,1
2026-01-23 12:30:00,delivery,chicken_tenders,1,1
2026-01-23 12:30:00,delivery,fries,3,1
2026-01-23 12:30:00,drive_thru,chicken_tenders,3,2
2026-01-23 12:30:00,drive_thru,fries,3,2
2026-01-23 12:45:00,counter,chicken_tenders,4,3
2026-01-23 12:45:00,counter,fries,2,2
2026-01-23 12:45:00,delivery,chicken_tenders,2,2
2026-01-23 12:45:00,delivery,fries,2,2
2026-01-23 12:45:00,drive_thru,chicken_tenders,1,1
2026-01-23 12:45:00,drive_thru,fries,1,1
2026-01-23 13:00:00,counter,chicken_tenders,2,2
2026-01-23 13:00:00,delivery,chicken_tenders,1,1
2026-01-23 13:00:00,delivery,fries,1,1
2026-01-23 13:00:00,drive_thru,chicken_tenders,3,2
2026-01-23 13:00:00,drive_thru,fries,4,3
2026-01-23 13:15:00,counter,fries,1,1
2026-01-23 13:15:00,delivery,chicken_tenders,1,1
2026-01-23 13:15:00,drive_thru,fries,3,2
2026-01-23 13:30:00,counter,chicken_tenders,1,1
2026-01-23 13:30:00,counter,fries,3,3
2026-01-23 13:30:00,delivery,chicken_tenders,1,1
2026-01-23 13:30:00,delivery,fries,1,1
2026-01-23 13:45:00,counter,chicken_tenders,3,3
2026-01-23 13:45:00,delivery,fries,2,1
2026-01-23 13:45:00,drive_thru,chicken_tenders,2,2
2026-01-23 14:00:00,counter,fries,2,1
2026-01-23 14:00:00,delivery,chicken_tenders,2,1
2026-01-23 14:00:00,delivery,fries,3,2
2026-01-23 14:00:00,drive_thru,chicken_tenders,1,1
2026-01-23 14:00:00,drive_thru,fries,6,2
2026-01-23 14:15:00,counter,chicken_tenders,1,1
2026-01-23 14:15:00,counter,fries,1,1
2026-01-23 14:15:00,drive_thru,fries,1,1
2026-01-23 14:30:00,drive_thru,chicken_tenders,1,1
2026-01-23 14:45:00,counter,chicken_tenders,1,1
2026-01-23 14:45:00,counter,fries,1,1
2026-01-23 14:45:00,drive_thru,chicken_tenders,1,1
2026-01-23 14:45:00,drive_thru,fries,1,1
2026-01-23 15:00:00,delivery,fries,1,1
2026-01-23 15:15:00,counter,chicken_tenders,4,1
2026-01-23 15:15:00,counter,fries,2,2
2026-01-23 15:30:00,counter,chicken_tenders,1,1
2026-01-23 15:30:00,counter,fries,1,1
2026-01-23 15:30:00,delivery,chicken_tenders,1,1
2026-01-23 15:30:00,delivery,fries,2,1
2026-01-23 15:45:00,counter,chicken_tenders,1,1
2026-01-23 16:00:00,counter,chicken_tenders,2,2
2026-01-23 16:00:00,counter,fries,3,2
2026-01-23 16:15:00,counter,chicken_tenders,1,1
2026-01-23 16:15:00,counter,fries,1,1
2026-01-23 16:30:00,counter,chicken_tenders,1,1
2026-01-23 16:30:00,drive_thru,chicken_tenders,2,2
2026-01-23 16:45:00,counter,chicken_tenders,1,1
2026-01-23 16:45:00,drive_thru,fries,1,1
2026-01-23 17:00:00,counter,chicken_tenders,1,1
2026-01-23 17:00:00,counter,fries,8,4
2026-01-23 17:00:00,drive_thru,fries,1,1
2026-01-23 17:15:00,counter,chicken_tenders,1,1
2026-01-23 17:15:00,counter,fries,3,2
2026-01-23 17:15:00,drive_thru,chicken_tenders,4,2
2026-01-23 17:30:00,counter,chicken_tenders,2,2
2026-01-23 17:30:00,counter,fries,1,1
2026-01-23 17:30:00,drive_thru,chicken_tenders,1,1
2026-01-23 17:45:00,counter,chicken_tenders,2,1
2026-01-23 17:45:00,counter,fries,3,2
2026-01-23 17:45:00,delivery,fries,1,1
2026-01-23 18:00:00,counter,chicken_tenders,1,1
2026-01-23 18:00:00,counter,fries,1,1
2026-01-23 18:00:00,delivery,fries,1,1
2026-01-23 18:00:00,drive_thru,chicken_tenders,3,2
2026-01-23 18:00:00,drive_thru,fries,3,2
2026-01-23 18:15:00,counter,fries,2,1
2026-01-23 18:15:00,delivery,chicken_tenders,1,1
2026-01-23 18:15:00,drive_thru,chicken_tenders,4,3
2026-01-23 18:15:00,drive_thru,fries,5,5
2026-01-23 18:30:00,delivery,fries,3,2
2026-01-23 18:45:00,counter,chicken_tenders,1,1
2026-01-23 18:45:00,drive_thru,chicken_tenders,4,2
2026-01-23 18:45:00,drive_thru,fries,1,1
2026-01-23 19:00:00,counter,chicken_tenders,1,1
2026-01-23 19:00:00,drive_thru,chicken_tenders,2,1
2026-01-23 19:15:00,counter,chicken_tenders,4,2
2026-01-23 19:15:00,delivery,chicken_tenders,1,1
2026-01-23 19:15:00,drive_thru,chicken_tenders,1,1
2026-01-23 19:15:00,drive_thru,fries,2,2
2026-01-23 19:30:00,counter,chicken_tenders,3,2
2026-01-23 19:30:00,counter,fries,2,2
2026-01-23 19:30:00,delivery,fries,1,1
2026-01-23 19:30:00,drive_thru,fries,2,1
2026-01-23 19:45:00,counter,chicken_tenders,2,2
2026-01-23 19:45:00,drive_thru,chicken_tenders,4,3
2026-01-23 19:45:00,drive_thru,fries,2,1
2026-01-23 20:00:00,counter,chicken_tenders,1,1
2026-01-23 20:15:00,counter,fries,1,1
2026-01-23 20:15:00,drive_thru,chicken_tenders,3,3
2026-01-23 20:15:00,drive_thru,fries,3,2
2026-01-23 20:30:00,delivery,fries,1,1
2026-01-23 20:30:00,drive_thru,fries,1,1
2026-01-23 20:45:00,delivery,chicken_tenders,2,1
2026-01-23 21:00:00,delivery,fries,1,1
2026-01-23 21:15:00,counter,fries,2,1
2026-01-23 21:30:00,counter,chicken_tenders,2,1
2026-01-23 21:30:00,counter,fries,1,1
2026-01-23 21:30:00,delivery,fries,2,1
2026-01-23 21:30:00,drive_thru,chicken_tenders,2,2
2026-01-23 21:45:00,counter,fries,1,1
2026-01-23 21:45:00,delivery,fries,1,1
2026-01-24 06:00:00,counter,breakfast_wrap,1,1
2026-01-24 06:00:00,counter,hash_brown,2,1
2026-01-24 06:15:00,delivery,breakfast_wrap,1,1
2026-01-24 06:15:00,drive_thru,breakfast_wrap,1,1
2026-01-24 06:15:00,drive_thru,hash_brown,2,1
2026-01-24 06:30:00,delivery,breakfast_wrap,2,1
2026-01-24 06:45:00,counter,breakfast_wrap,1,1
2026-01-24 07:00:00,counter,breakfast_wrap,4,1
2026-01-24 07:00:00,counter,hash_brown,1,1
2026-01-24 07:00:00,delivery,hash_brown,1,1
2026-01-24 07:00:00,drive_thru,breakfast_wrap,4,4
2026-01-24 07:00:00,drive_thru,hash_brown,3,3
2026-01-24 07:15:00,counter,breakfast_wrap,4,3
2026-01-24 07:15:00,counter,hash_brown,1,1
2026-01-24 07:15:00,drive_thru,breakfast_wrap,4,2
2026-01-24 07:15:00,drive_thru,hash_brown,3,3
2026-01-24 07:30:00,counter,breakfast_wrap,1,1
2026-01-24 07:30:00,delivery,breakfast_wrap,3,2
2026-01-24 07:30:00,drive_thru,breakfast_wrap,3,2
2026-01-24 07:30:00,drive_thru,hash_brown,1,1
2026-01-24 07:45:00,counter,breakfast_wrap,1,1
2026-01-24 07:45:00,counter,hash_brown,1,1
2026-01-24 07:45:00,drive_thru,breakfast_wrap,4,2
2026-01-24 07:45:00,drive_thru,hash_brown,1,1
2026-01-24 08:00:00,drive_thru,breakfast_wrap,1,1
2026-01-24 08:00:00,drive_thru,hash_brown,1,1
2026-01-24 08:15:00,counter,breakfast_wrap,1,1
2026-01-24 08:15:00,counter,hash_brown,7,5
2026-01-24 08:15:00,delivery,breakfast_wrap,3,2
2026-01-24 08:15:00,drive_thru,hash_brown,3,2
2026-01-24 08:30:00,counter,breakfast_wrap,2,2
2026-01-24 08:30:00,counter,hash_brown,4,3
2026-01-24 08:30:00,delivery,breakfast_wrap,2,2
2026-01-24 08:30:00,delivery,hash_brown,1,1
2026-01-24 08:30:00,drive_thru,hash_brown,1,1
2026-01-24 08:45:00,counter,breakfast_wrap,5,4
2026-01-24 08:45:00,counter,hash_brown,3,2
2026-01-24 08:45:00,drive_thru,hash_brown,1,1
2026-01-24 09:00:00,counter,breakfast_wrap,4,2
2026-01-24 09:00:00,drive_thru,breakfast_wrap,1,1
2026-01-24 09:15:00,counter,breakfast_wrap,1,1
2026-01-24 09:15:00,counter,hash_brown,2,2
2026-01-24 09:15:00,delivery,breakfast_wrap,1,1
2026-01-24 09:15:00,delivery,hash_brown,3,2
2026-01-24 09:15:00,drive_thru,breakfast_wrap,2,1
2026-01-24 09:15:00,drive_thru,hash_brown,5,3
2026-01-24 09:30:00,counter,hash_brown,2,2
2026-01-24 09:30:00,delivery,breakfast_wrap,1,1
2026-01-24 09:30:00,delivery,hash_brown,3,2
2026-01-24 09:30:00,drive_thru,breakfast_wrap,2,1
2026-01-24 09:30:00,drive_thru,hash_brown,1,1
2026-01-24 09:45:00,counter,breakfast_wrap,4,3
2026-01-24 09:45:00,counter,hash_brown,9,5
2026-01-24 09:45:00,drive_thru,breakfast_wrap,3,3
2026-01-24 09:45:00,drive_thru,hash_brown,4,3
2026-01-24 10:00:00,counter,hash_brown,1,1
2026-01-24 10:00:00,delivery,breakfast_wrap,4,3
2026-01-24 10:00:00,delivery,hash_brown,1,1
2026-01-24 10:15:00,counter,hash_brown,1,1
2026-01-24 10:15:00,delivery,hash_brown,2,1
2026-01-24 10:15:00,drive_thru,hash_brown,1,1
2026-01-24 10:30:00,counter,breakfast_wrap,2,1
2026-01-24 10:30:00,counter,hash_brown,4,3
2026-01-24 10:45:00,delivery,breakfast_wrap,2,1
2026-01-24 10:45:00,delivery,hash_brown,1,1
2026-01-24 11:00:00,counter,chicken_tenders,4,2
2026-01-24 11:00:00,counter,fries,2,2
2026-01-24 11:15:00,counter,chicken_tenders,1,1
2026-01-24 11:15:00,counter,fries,2,1
2026-01-24 11:15:00,drive_thru,chicken_tenders,2,2
2026-01-24 11:30:00,counter,fries,1,1
2026-01-24 11:30:00,drive_thru,chicken_tenders,1,1
2026-01-24 11:45:00,drive_thru,chicken_tenders,2,1
2026-01-24 12:00:00,counter,fries,1,1
2026-01-24 12:00:00,delivery,chicken_tenders,1,1
2026-01-24 12:00:00,drive_thru,chicken_tenders,1,1
2026-01-24 12:15:00,counter,chicken_tenders,5,4
2026-01-24 12:15:00,counter,fries,4,2
2026-01-24 12:15:00,delivery,chicken_tenders,3,3
2026-01-24 12:15:00,drive_thru,chicken_tenders,1,1
2026-01-24 12:15:00,drive_thru,fries,4,2
2026-01-24 12:30:00,counter,fries,1,1
2026-01-24 12:30:00,delivery,chicken_tenders,2,2
2026-01-24 12:30:00,delivery,fries,2,2
2026-01-24 12:30:00,drive_thru,chicken_tenders,3,3
2026-01-24 12:45:00,delivery,chicken_tenders,2,2
2026-01-24 12:45:00,delivery,fries,1,1
2026-01-24 12:45:00,drive_thru,chicken_tenders,3,2
2026-01-24 12:45:00,drive_thru,fries,3,2
2026-01-24 13:00:00,counter,chicken_tenders,1,1
2026-01-24 13:00:00,delivery,chicken_tenders,1,1
2026-01-24 13:00:00,drive_thru,chicken_tenders,1,1
2026-01-24 13:00:00,drive_thru,fries,3,2
2026-01-24 13:15:00,counter,chicken_tenders,1,1
2026-01-24 13:15:00,counter,fries,3,3
2026-01-24 13:15:00,delivery,chicken_tenders,2,2
2026-01-24 13:15:00,delivery,fries,1,1
2026-01-24 13:15:00,drive_thru,chicken_tenders,1,1
2026-01-24 13:15:00,drive_thru,fries,1,1
2026-01-24 13:30:00,counter,chicken_tenders,4,4
2026-01-24 13:30:00,counter,fries,5,4
2026-01-24 13:30:00,delivery,chicken_tenders,2,2
2026-01-24 13:30:00,delivery,fries,6,4
2026-01-24 13:30:00,drive_thru,chicken_tenders,3,2
2026-01-24 13:30:00,drive_thru,fries,3,2
2026-01-24 13:45:00,counter,chicken_tenders,3,2
2026-01-24 13:45:00,counter,fries,2,2
2026-01-24 14:00:00,drive_thru,fries,1,1
2026-01-24 14:15:00,drive_thru,chicken_tenders,2,1
2026-01-24 14:30:00,counter,fries,1,1
2026-01-24 14:30:00,drive_thru,chicken_tenders,1,1
2026-01-24 14:30:00,drive_thru,fries,1,1
2026-01-24 14:45:00,counter,fries,2,1
2026-01-24 14:45:00,drive_thru,chicken_tenders,1,1
2026-01-24 15:15:00,drive_thru,fries,1,1
2026-01-24 15:30:00,delivery,chicken_tenders,1,1
2026-01-24 15:45:00,counter,chicken_tenders,1,1
2026-01-24 16:00:00,counter,fries,1,1
2026-01-24 16:00:00,delivery,chicken_tenders,3,2
2026-01-24 16:00:00,delivery,fries,2,2
2026-01-24 16:15:00,counter,chicken_tenders,2,2
2026-01-24 16:15:00,counter,fries,1,1
2026-01-24 16:30:00,counter,fries,2,1
2026-01-24 16:45:00,counter,fries,2,1
2026-01-24 16:45:00,drive_thru,chicken_tenders,2,2
2026-01-24 17:00:00,counter,chicken_tenders,1,1
2026-01-24 17:00:00,counter,fries,2,1
2026-01-24 17:00:00,drive_thru,chicken_tenders,1,1
2026-01-24 17:00:00,drive_thru,fries,2,1
2026-01-24 17:15:00,counter,chicken_tenders,2,2
2026-01-24 17:15:00,delivery,chicken_tenders,1,1
2026-01-24 17:15:00,drive_thru,chicken_tenders,1,1
2026-01-24 17:15:00,drive_thru,fries,2,1
2026-01-24 17:30:00,counter,chicken_tenders,1,1
2026-01-24 17:45:00,counter,chicken_tenders,2,1
2026-01-24 17:45:00,counter,fries,1,1
2026-01-24 17:45:00,drive_thru,fries,2,1
2026-01-24 18:00:00,counter,fries,2,2
2026-01-24 18:00:00,drive_thru,chicken_tenders,2,1
2026-01-24 18:00:00,drive_thru,fries,2,2
2026-01-24 18:15:00,counter,chicken_tenders,1,1
2026-01-24 18:15:00,delivery,chicken_tenders,1,1
2026-01-24 18:15:00,drive_thru,chicken_tenders,2,1
2026-01-24 18:15:00,drive_thru,fries,7,4
2026-01-24 18:30:00,counter,chicken_tenders,1,1
2026-01-24 18:30:00,counter,fries,1,1
2026-01-24 18:30:00,drive_thru,chicken_tenders,2,1
2026-01-24 18:30:00,drive_thru,fries,1,1
2026-01-24 18:45:00,counter,chicken_tenders,3,3
2026-01-24 18:45:00,counter,fries,3,2
2026-01-24 18:45:00,delivery,chicken_tenders,1,1
2026-01-24 18:45:00,delivery,fries,2,1
2026-01-24 18:45:00,drive_thru,chicken_tenders,2,1
2026-01-24 18:45:00,drive_thru,fries,1,1
2026-01-24 19:00:00,counter,fries,4,2
2026-01-24 19:00:00,delivery,chicken_tenders,1,1
2026-01-24 19:00:00,delivery,fries,1,1
2026-01-24 19:00:00,drive_thru,chicken_tenders,2,1
2026-01-24 19:00:00,drive_thru,fries,1,1
2026-01-24 19:15:00,counter,chicken_tenders,1,1
2026-01-24 19:15:00,drive_thru,chicken_tenders,2,1
2026-01-24 19:15:00,drive_thru,fries,2,1
2026-01-24 19:30:00,counter,chicken_tenders,5,3
2026-01-24 19:30:00,counter,fries,4,3
2026-01-24 19:30:00,delivery,chicken_tenders,1,1
2026-01-24 19:30:00,delivery,fries,1,1
2026-01-24 19:45:00,counter,fries,3,2
2026-01-24 19:45:00,delivery,chicken_tenders,3,3
2026-01-24 19:45:00,delivery,fries,1,1
2026-01-24 19:45:00,drive_thru,chicken_tenders,2,2
2026-01-24 19:45:00,drive_thru,fries,2,1
2026-01-24 20:00:00,delivery,fries,3,2
2026-01-24 20:00:00,drive_thru,fries,2,1
2026-01-24 20:15:00,counter,chicken_tenders,1,1
2026-01-24 20:15:00,counter,fries,2,2
2026-01-24 20:30:00,counter,fries,1,1
2026-01-24 20:30:00,delivery,chicken_tenders,1,1
2026-01-24 20:45:00,counter,fries,1,1
2026-01-24 20:45:00,drive_thru,chicken_tenders,1,1
2026-01-24 21:00:00,drive_thru,chicken_tenders,2,2
2026-01-24 21:00:00,drive_thru,fries,2,2
2026-01-24 21:15:00,counter,fries,2,1
2026-01-24 21:15:00,delivery,chicken_tenders,1,1
2026-01-24 21:30:00,counter,fries,3,1
2026-01-24 21:30:00,drive_thru,chicken_tenders,1,1
2026-01-24 21:30:00,drive_thru,fries,1,1
2026-01-24 21:45:00,counter,fries,1,1
2026-01-24 21:45:00,delivery,chicken_tenders,1,1
2026-01-24 22:00:00,delivery,fries,1,1
2026-01-25 06:00:00,drive_thru,breakfast_wrap,1,1
2026-01-25 06:00:00,drive_thru,hash_brown,4,3
2026-01-25 06:15:00,delivery,breakfast_wrap,1,1
2026-01-25 06:45:00,counter,breakfast_wrap,2,1
2026-01-25 07:00:00,counter,breakfast_wrap,5,4
2026-01-25 07:00:00,counter,hash_brown,4,3
2026-01-25 07:00:00,delivery,hash_brown,3,1
2026-01-25 07:00:00,drive_thru,breakfast_wrap,2,2
2026-01-25 07:00:00,drive_thru,hash_brown,4,2
2026-01-25 07:15:00,counter,breakfast_wrap,1,1
2026-01-25 07:15:00,delivery,breakfast_wrap,1,1
2026-01-25 07:15:00,drive_thru,breakfast_wrap,3,2
2026-01-25 07:15:00,drive_thru,hash_brown,1,1
2026-01-25 07:30:00,counter,hash_brown,3,2
2026-01-25 07:30:00,delivery,breakfast_wrap,1,1
2026-01-25 07:30:00,delivery,hash_brown,4,4
2026-01-25 07:30:00,drive_thru,breakfast_wrap,1,1
2026-01-25 07:30:00,drive_thru,hash_brown,1,1
2026-01-25 07:45:00,counter,breakfast_wrap,3,3
2026-01-25 07:45:00,counter,hash_brown,1,1
2026-01-25 07:45:00,delivery,breakfast_wrap,1,1
2026-01-25 07:45:00,drive_thru,hash_brown,2,1
2026-01-25 08:00:00,counter,breakfast_wrap,1,1
2026-01-25 08:00:00,counter,hash_brown,5,3
2026-01-25 08:00:00,delivery,breakfast_wrap,2,1
2026-01-25 08:00:00,delivery,hash_brown,3,2
2026-01-25 08:00:00,drive_thru,breakfast_wrap,1,1
2026-01-25 08:00:00,drive_thru,hash_brown,3,2
2026-01-25 08:15:00,counter,breakfast_wrap,3,1
2026-01-25 08:15:00,counter,hash_brown,2,1
2026-01-25 08:15:00,drive_thru,hash_brown,3,2
2026-01-25 08:30:00,counter,breakfast_wrap,1,1
2026-01-25 08:30:00,counter,hash_brown,1,1
2026-01-25 08:30:00,delivery,breakfast_wrap,2,1
2026-01-25 08:30:00,drive_thru,breakfast_wrap,1,1
2026-01-25 08:30:00,drive_thru,hash_brown,1,1
2026-01-25 08:45:00,counter,hash_brown,3,2
2026-01-25 08:45:00,drive_thru,hash_brown,3,2
2026-01-25 09:00:00,counter,hash_brown,3,2
2026-01-25 09:00:00,delivery,breakfast_wrap,1,1
2026-01-25 09:00:00,drive_thru,breakfast_wrap,1,1
2026-01-25 09:15:00,counter,hash_brown,1,1
2026-01-25 09:15:00,drive_thru,hash_brown,3,2
2026-01-25 09:30:00,counter,breakfast_wrap,1,1
2026-01-25 09:30:00,counter,hash_brown,1,1
2026-01-25 09:30:00,delivery,hash_brown,3,2
2026-01-25 09:30:00,drive_thru,breakfast_wrap,5,5
2026-01-25 09:30:00,drive_thru,hash_brown,3,3
2026-01-25 09:45:00,counter,hash_brown,1,1
2026-01-25 09:45:00,delivery,breakfast_wrap,1,1
2026-01-25 09:45:00,delivery,hash_brown,2,1
2026-01-25 09:45:00,drive_thru,breakfast_wrap,2,1
2026-01-25 09:45:00,drive_thru,hash_brown,1,1
2026-01-25 10:00:00,counter,breakfast_wrap,1,1
2026-01-25 10:00:00,delivery,hash_brown,1,1
2026-01-25 10:00:00,drive_thru,breakfast_wrap,1,1
2026-01-25 10:00:00,drive_thru,hash_brown,2,1
2026-01-25 10:15:00,drive_thru,hash_brown,1,1
2026-01-25 10:30:00,counter,breakfast_wrap,2,1
2026-01-25 10:30:00,drive_thru,breakfast_wrap,1,1
2026-01-25 10:45:00,counter,hash_brown,1,1
2026-01-25 10:45:00,delivery,hash_brown,1,1
2026-01-25 10:45:00,drive_thru,hash_brown,1,1
2026-01-25 11:00:00,counter,fries,1,1
2026-01-25 11:00:00,delivery,fries,2,1
2026-01-25 11:30:00,counter,chicken_tenders,1,1
2026-01-25 11:30:00,counter,fries,2,2
2026-01-25 11:30:00,delivery,chicken_tenders,1,1
2026-01-25 11:30:00,drive_thru,chicken_tenders,1,1
2026-01-25 11:45:00,counter,fries,1,1
2026-01-25 11:45:00,drive_thru,chicken_tenders,2,1
2026-01-25 12:00:00,counter,chicken_tenders,6,5
2026-01-25 12:00:00,counter,fries,1,1
2026-01-25 12:00:00,drive_thru,chicken_tenders,2,1
2026-01-25 12:15:00,counter,fries,2,2
2026-01-25 12:15:00,drive_thru,chicken_tenders,1,1
2026-01-25 12:30:00,counter,fries,1,1
2026-01-25 12:30:00,delivery,chicken_tenders,2,1
2026-01-25 12:30:00,delivery,fries,3,1
2026-01-25 12:30:00,drive_thru,chicken_tenders,6,4
2026-01-25 12:30:00,drive_thru,fries,6,5
2026-01-25 12:45:00,counter,chicken_tenders,1,1
2026-01-25 12:45:00,delivery,chicken_tenders,2,1
2026-01-25 12:45:00,delivery,fries,1,1
2026-01-25 12:45:00,drive_thru,chicken_tenders,1,1
2026-01-25 12:45:00,drive_thru,fries,3,3
2026-01-25 13:00:00,counter,fries,3,2
2026-01-25 13:00:00,drive_thru,chicken_tenders,2,2
2026-01-25 13:00:00,drive_thru,fries,3,3
2026-01-25 13:15:00,counter,fries,7,4
2026-01-25 13:15:00,delivery,chicken_tenders,5,4
2026-01-25 13:15:00,delivery,fries,5,4
2026-01-25 13:30:00,counter,chicken_tenders,2,2
2026-01-25 13:30:00,counter,fries,7,4
2026-01-25 13:30:00,delivery,chicken_tenders,1,1
2026-01-25 13:30:00,delivery,fries,1,1
2026-01-25 13:30:00,drive_thru,fries,2,1
2026-01-25 13:45:00,counter,fries,1,1
2026-01-25 13:45:00,delivery,chicken_tenders,2,2
2026-01-25 13:45:00,delivery,fries,2,2
2026-01-25 13:45:00,drive_thru,fries,2,1
2026-01-25 14:00:00,counter,chicken_tenders,2,2
2026-01-25 14:00:00,counter,fries,2,1
2026-01-25 14:00:00,drive_thru,chicken_tenders,1,1
2026-01-25 14:00:00,drive_thru,fries,3,3
2026-01-25 14:15:00,delivery,chicken_tenders,1,1
2026-01-25 14:15:00,drive_thru,chicken_tenders,1,1
2026-01-25 14:15:00,drive_thru,fries,1,1
2026-01-25 14:30:00,counter,chicken_tenders,2,2
2026-01-25 14:45:00,counter,fries,2,2
2026-01-25 14:45:00,delivery,chicken_tenders,1,1
2026-01-25 14:45:00,delivery,fries,1,1
2026-01-25 14:45:00,drive_thru,chicken_tenders,2,1
2026-01-25 15:00:00,counter,chicken_tenders,2,1
2026-01-25 15:00:00,delivery,chicken_tenders,1,1
2026-01-25 15:00:00,drive_thru,fries,1,1
2026-01-25 15:15:00,drive_thru,fries,1,1
2026-01-25 15:30:00,drive_thru,fries,2,1
2026-01-25 15:45:00,drive_thru,chicken_tenders,2,1
2026-01-25 15:45:00,drive_thru,fries,1,1
2026-01-25 16:00:00,counter,chicken_tenders,1,1
2026-01-25 16:00:00,counter,fries,1,1
2026-01-25 16:00:00,delivery,chicken_tenders,1,1
2026-01-25 16:00:00,delivery,fries,1,1
2026-01-25 16:00:00,drive_thru,fries,1,1
2026-01-25 16:15:00,delivery,chicken_tenders,1,1
2026-01-25 16:15:00,delivery,fries,4,2
2026-01-25 16:15:00,drive_thru,fries,1,1
2026-01-25 16:30:00,counter,fries,2,1
2026-01-25 16:30:00,drive_thru,chicken_tenders,2,2
2026-01-25 16:45:00,counter,chicken_tenders,1,1
2026-01-25 16:45:00,counter,fries,1,1
2026-01-25 17:00:00,counter,chicken_tenders,1,1
2026-01-25 17:00:00,counter,fries,2,2
2026-01-25 17:00:00,drive_thru,chicken_tenders,2,2
2026-01-25 17:00:00,drive_thru,fries,1,1
2026-01-25 17:15:00,counter,chicken_tenders,1,1
2026-01-25 17:15:00,counter,fries,1,1
2026-01-25 17:15:00,delivery,chicken_tenders,1,1
2026-01-25 17:15:00,drive_thru,chicken_tenders,1,1
2026-01-25 17:30:00,counter,chicken_tenders,1,1
2026-01-25 17:30:00,delivery,chicken_tenders,3,2
2026-01-25 17:30:00,delivery,fries,3,3
2026-01-25 17:30:00,drive_thru,chicken_tenders,4,2
2026-01-25 17:45:00,counter,fries,1,1
2026-01-25 17:45:00,delivery,chicken_tenders,1,1
2026-01-25 17:45:00,drive_thru,chicken_tenders,5,3
2026-01-25 17:45:00,drive_thru,fries,1,1
2026-01-25 18:00:00,counter,chicken_tenders,1,1
2026-01-25 18:00:00,delivery,chicken_tenders,2,1
2026-01-25 18:00:00,delivery,fries,1,1
2026-01-25 18:15:00,counter,chicken_tenders,2,2
2026-01-25 18:15:00,counter,fries,1,1
2026-01-25 18:15:00,delivery,chicken_tenders,1,1
2026-01-25 18:15:00,delivery,fries,2,1
2026-01-25 18:15:00,drive_thru,chicken_tenders,2,2
2026-01-25 18:15:00,drive_thru,fries,2,2
2026-01-25 18:30:00,counter,chicken_tenders,2,1
2026-01-25 18:30:00,counter,fries,2,1
2026-01-25 18:30:00,delivery,fries,3,2
2026-01-25 18:30:00,drive_thru,chicken_tenders,2,1
2026-01-25 18:45:00,counter,fries,1,1
2026-01-25 18:45:00,delivery,chicken_tenders,2,2
2026-01-25 18:45:00,drive_thru,chicken_tenders,5,3
2026-01-25 18:45:00,drive_thru,fries,2,2
2026-01-25 19:00:00,counter,chicken_tenders,1,1
2026-01-25 19:00:00,delivery,chicken_tenders,1,1
2026-01-25 19:00:00,delivery,fries,2,1
2026-01-25 19:00:00,drive_thru,fries,1,1
2026-01-25 19:15:00,counter,chicken_tenders,3,2
2026-01-25 19:15:00,counter,fries,4,3
2026-01-25 19:15:00,delivery,chicken_tenders,1,1
2026-01-25 19:15:00,drive_thru,chicken_tenders,2,1
2026-01-25 19:15:00,drive_thru,fries,1,1
2026-01-25 19:30:00,counter,chicken_tenders,2,2
2026-01-25 19:30:00,drive_thru,chicken_tenders,3,2
2026-01-25 19:30:00,drive_thru,fries,1,1
2026-01-25 19:45:00,counter,fries,2,1
2026-01-25 19:45:00,delivery,chicken_tenders,2,2
2026-01-25 19:45:00,drive_thru,fries,1,1
2026-01-25 20:00:00,counter,chicken_tenders,1,1
2026-01-25 20:00:00,delivery,fries,1,1
2026-01-25 20:00:00,drive_thru,chicken_tenders,2,2
2026-01-25 20:15:00,counter,chicken_tenders,2,1
2026-01-25 20:30:00,drive_thru,fries,2,2
2026-01-25 20:45:00,counter,chicken_tenders,2,1
2026-01-25 20:45:00,delivery,chicken_tenders,2,2
2026-01-25 20:45:00,delivery,fries,1,1
2026-01-25 20:45:00,drive_thru,chicken_tenders,1,1
2026-01-25 21:00:00,drive_thru,fries,2,1
2026-01-25 21:30:00,counter,fries,1,1
2026-01-25 21:45:00,counter,fries,2,2
2026-01-25 21:45:00,delivery,fries,3,2
2026-01-25 21:45:00,drive_thru,chicken_tenders,3,2
2026-01-25 21:45:00,drive_thru,fries,2,1
2026-01-26 06:15:00,drive_thru,hash_brown,1,1
2026-01-26 06:45:00,counter,hash_brown,1,1
2026-01-26 06:45:00,drive_thru,breakfast_wrap,1,1
2026-01-26 07:00:00,counter,breakfast_wrap,2,2
2026-01-26 07:00:00,counter,hash_brown,1,1
2026-01-26 07:00:00,drive_thru,breakfast_wrap,3,2
2026-01-26 07:00:00,drive_thru,hash_brown,3,2
2026-01-26 07:15:00,counter,hash_brown,1,1
2026-01-26 07:15:00,delivery,breakfast_wrap,2,1
2026-01-26 07:15:00,delivery,hash_brown,3,3
2026-01-26 07:30:00,counter,breakfast_wrap,2,2
2026-01-26 07:30:00,counter,hash_brown,2,2
2026-01-26 07:30:00,drive_thru,hash_brown,5,3
2026-01-26 07:45:00,counter,breakfast_wrap,2,1
2026-01-26 07:45:00,counter,hash_brown,2,1
2026-01-26 07:45:00,delivery,breakfast_wrap,1,1
2026-01-26 08:00:00,counter,breakfast_wrap,1,1
2026-01-26 08:00:00,counter,hash_brown,3,3
2026-01-26 08:00:00,delivery,breakfast_wrap,1,1
2026-01-26 08:00:00,delivery,hash_brown,1,1
2026-01-26 08:00:00,drive_thru,hash_brown,1,1
2026-01-26 08:15:00,counter,hash_brown,3,1
2026-01-26 08:15:00,delivery,hash_brown,1,1
2026-01-26 08:15:00,drive_thru,breakfast_wrap,1,1
2026-01-26 08:30:00,counter,hash_brown,3,2
2026-01-26 08:30:00,drive_thru,breakfast_wrap,3,2
2026-01-26 08:30:00,drive_thru,hash_brown,1,1
2026-01-26 08:45:00,counter,breakfast_wrap,2,2
2026-01-26 08:45:00,counter,hash_brown,1,1
2026-01-26 09:00:00,drive_thru,breakfast_wrap,1,1
2026-01-26 09:15:00,counter,breakfast_wrap,2,2
2026-01-26 09:15:00,drive_thru,breakfast_wrap,1,1
2026-01-26 09:30:00,counter,hash_brown,1,1
2026-01-26 09:30:00,delivery,breakfast_wrap,1,1
2026-01-26 09:30:00,delivery,hash_brown,2,2
2026-01-26 09:30:00,drive_thru,breakfast_wrap,2,2
2026-01-26 09:30:00,drive_thru,hash_brown,3,2
2026-01-26 09:45:00,counter,breakfast_wrap,1,1
2026-01-26 09:45:00,counter,hash_brown,3,3
2026-01-26 09:45:00,drive_thru,breakfast_wrap,1,1
2026-01-26 09:45:00,drive_thru,hash_brown,1,1
2026-01-26 10:00:00,counter,breakfast_wrap,1,1
2026-01-26 10:00:00,drive_thru,breakfast_wrap,1,1
2026-01-26 10:15:00,counter,breakfast_wrap,1,1
2026-01-26 10:15:00,delivery,hash_brown,1,1
2026-01-26 10:30:00,drive_thru,breakfast_wrap,1,1
2026-01-26 10:30:00,drive_thru,hash_brown,1,1
2026-01-26 11:00:00,delivery,hash_brown,2,1
2026-01-26 11:15:00,delivery,chicken_tenders,1,1
2026-01-26 11:15:00,delivery,fries,2,1
2026-01-26 11:30:00,drive_thru,chicken_tenders,1,1
2026-01-26 11:45:00,counter,chicken_tenders,1,1
2026-01-26 12:00:00,counter,chicken_tenders,1,1
2026-01-26 12:00:00,counter,fries,1,1
2026-01-26 12:00:00,delivery,chicken_tenders,1,1
2026-01-26 12:00:00,delivery,fries,2,1
2026-01-26 12:00:00,drive_thru,chicken_tenders,2,2
2026-01-26 12:00:00,drive_thru,fries,2,1
2026-01-26 12:15:00,counter,chicken_tenders,4,4
2026-01-26 12:15:00,counter,fries,6,6
2026-01-26 12:15:00,delivery,chicken_tenders,2,1
2026-01-26 12:30:00,counter,chicken_tenders,2,2
2026-01-26 12:30:00,counter,fries,3,3
2026-01-26 12:30:00,delivery,chicken_tenders,3,2
2026-01-26 12:30:00,delivery,fries,1,1
2026-01-26 12:30:00,drive_thru,chicken_tenders,2,2
2026-01-26 12:45:00,counter,fries,4,2
2026-01-26 12:45:00,drive_thru,chicken_tenders,1,1
2026-01-26 12:45:00,drive_thru,fries,3,2
2026-01-26 13:00:00,counter,chicken_tenders,7,4
2026-01-26 13:00:00,counter,fries,2,2
2026-01-26 13:00:00,delivery,chicken_tenders,3,2
2026-01-26 13:00:00,delivery,fries,5,3
2026-01-26 13:00:00,drive_thru,chicken_tenders,1,1
2026-01-26 13:15:00,counter,chicken_tenders,3,2
2026-01-26 13:15:00,counter,fries,1,1
2026-01-26 13:15:00,delivery,chicken_tenders,1,1
2026-01-26 13:15:00,delivery,fries,2,2
2026-01-26 13:15:00,drive_thru,chicken_tenders,3,2
2026-01-26 13:15:00,drive_thru,fries,5,4
2026-01-26 13:30:00,counter,chicken_tenders,3,3
2026-01-26 13:30:00,counter,fries,2,2
2026-01-26 13:30:00,drive_thru,chicken_tenders,1,1
2026-01-26 13:30:00,drive_thru,fries,3,2
2026-01-26 13:45:00,counter,chicken_tenders,1,1
2026-01-26 13:45:00,delivery,chicken_tenders,1,1
2026-01-26 13:45:00,delivery,fries,1,1
2026-01-26 13:45:00,drive_thru,chicken_tenders,1,1
2026-01-26 13:45:00,drive_thru,fries,2,1
2026-01-26 14:00:00,delivery,chicken_tenders,3,1
2026-01-26 14:00:00,drive_thru,chicken_tenders,1,1
2026-01-26 14:00:00,drive_thru,fries,2,2
2026-01-26 14:15:00,counter,chicken_tenders,1,1
2026-01-26 14:15:00,counter,fries,1,1
2026-01-26 14:15:00,delivery,chicken_tenders,2,1
2026-01-26 14:15:00,delivery,fries,1,1
2026-01-26 14:30:00,counter,fries,2,1
2026-01-26 14:30:00,delivery,chicken_tenders,2,1
2026-01-26 14:30:00,drive_thru,fries,1,1
2026-01-26 14:45:00,counter,chicken_tenders,3,1
2026-01-26 14:45:00,drive_thru,chicken_tenders,3,2
2026-01-26 15:30:00,counter,chicken_tenders,1,1
2026-01-26 15:30:00,counter,fries,1,1
2026-01-26 15:45:00,delivery,chicken_tenders,2,2
2026-01-26 15:45:00,delivery,fries,1,1
2026-01-26 15:45:00,drive_thru,chicken_tenders,1,1
2026-01-26 15:45:00,drive_thru,fries,1,1
2026-01-26 16:00:00,counter,chicken_tenders,2,1
2026-01-26 16:00:00,drive_thru,fries,3,2
2026-01-26 16:15:00,counter,fries,1,1
2026-01-26 16:30:00,delivery,fries,2,1
2026-01-26 16:30:00,drive_thru,fries,1,1
2026-01-26 16:45:00,drive_thru,chicken_tenders,1,1
2026-01-26 16:45:00,drive_thru,fries,1,1
2026-01-26 17:00:00,counter,chicken_tenders,2,1
2026-01-26 17:00:00,counter,fries,1,1
2026-01-26 17:00:00,delivery,chicken_tenders,3,2
2026-01-26 17:00:00,delivery,fries,2,1
2026-01-26 17:00:00,drive_thru,chicken_tenders,1,1
2026-01-26 17:15:00,counter,chicken_tenders,2,2
2026-01-26 17:15:00,counter,fries,2,1
2026-01-26 17:30:00,counter,fries,3,1
2026-01-26 17:30:00,delivery,chicken_tenders,1,1
2026-01-26 17:30:00,delivery,fries,1,1
2026-01-26 17:45:00,counter,chicken_tenders,2,2
2026-01-26 17:45:00,counter,fries,1,1
2026-01-26 17:45:00,delivery,chicken_tenders,1,1
2026-01-26 17:45:00,delivery,fries,2,1
2026-01-26 17:45:00,drive_thru,chicken_tenders,1,1
2026-01-26 18:00:00,counter,chicken_tenders,1,1
2026-01-26 18:00:00,counter,fries,1,1
2026-01-26 18:00:00,delivery,chicken_tenders,2,2
2026-01-26 18:00:00,delivery,fries,3,3
2026-01-26 18:00:00,drive_thru,chicken_tenders,2,2
2026-01-26 18:00:00,drive_thru,fries,1,1
2026-01-26 18:15:00,counter,chicken_tenders,2,2
2026-01-26 18:15:00,delivery,chicken_tenders,4,3
2026-01-26 18:15:00,delivery,fries,1,1
2026-01-26 18:30:00,counter,chicken_tenders,2,2
2026-01-26 18:30:00,counter,fries,2,1
2026-01-26 18:30:00,drive_thru,chicken_tenders,1,1
2026-01-26 18:45:00,counter,fries,1,1
2026-01-26 18:45:00,drive_thru,chicken_tenders,1,1
2026-01-26 18:45:00,drive_thru,fries,2,2
2026-01-26 19:00:00,counter,chicken_tenders,1,1
2026-01-26 19:00:00,delivery,chicken_tenders,1,1
2026-01-26 19:00:00,drive_thru,chicken_tenders,1,1
2026-01-26 19:15:00,counter,chicken_tenders,1,1
2026-01-26 19:15:00,counter,fries,2,2
2026-01-26 19:15:00,drive_thru,fries,5,2
2026-01-26 19:30:00,drive_thru,chicken_tenders,1,1
2026-01-26 19:30:00,drive_thru,fries,1,1
2026-01-26 19:45:00,counter,chicken_tenders,1,1
2026-01-26 19:45:00,counter,fries,4,2
2026-01-26 19:45:00,delivery,fries,2,2
2026-01-26 19:45:00,drive_thru,fries,1,1
2026-01-26 20:00:00,delivery,chicken_tenders,2,2
2026-01-26 20:00:00,delivery,fries,1,1
2026-01-26 20:00:00,drive_thru,chicken_tenders,1,1
2026-01-26 20:15:00,counter,chicken_tenders,3,3
2026-01-26 20:15:00,counter,fries,4,4
2026-01-26 20:15:00,delivery,fries,1,1
2026-01-26 20:15:00,drive_thru,fries,1,1
2026-01-26 20:45:00,counter,chicken_tenders,3,2
2026-01-26 20:45:00,counter,fries,3,1
2026-01-26 21:00:00,counter,chicken_tenders,1,1
2026-01-26 21:15:00,delivery,chicken_tenders,2,1
2026-01-26 21:15:00,delivery,fries,2,1
2026-01-26 21:45:00,delivery,fries,1,1
2026-01-27 06:00:00,counter,breakfast_wrap,2,1
2026-01-27 06:00:00,counter,hash_brown,1,1
2026-01-27 06:00:00,drive_thru,breakfast_wrap,1,1
2026-01-27 06:15:00,drive_thru,breakfast_wrap,1,1
2026-01-27 06:30:00,counter,breakfast_wrap,1,1
2026-01-27 06:45:00,counter,breakfast_wrap,2,1
2026-01-27 06:45:00,counter,hash_brown,2,1
2026-01-27 06:45:00,drive_thru,breakfast_wrap,1,1
2026-01-27 07:00:00,delivery,breakfast_wrap,1,1
2026-01-27 07:15:00,counter,breakfast_wrap,1,1
2026-01-27 07:15:00,counter,hash_brown,1,1
2026-01-27 07:15:00,delivery,breakfast_wrap,3,2
2026-01-27 07:15:00,drive_thru,hash_brown,2,2
2026-01-27 07:30:00,counter,hash_brown,3,1
2026-01-27 07:30:00,drive_thru,breakfast_wrap,1,1
2026-01-27 07:45:00,counter,breakfast_wrap,5,4
2026-01-27 07:45:00,counter,hash_brown,4,3
2026-01-27 07:45:00,delivery,breakfast_wrap,3,2
2026-01-27 07:45:00,drive_thru,breakfast_wrap,5,3
2026-01-27 07:45:00,drive_thru,hash_brown,2,2
2026-01-27 08:00:00,counter,breakfast_wrap,1,1
2026-01-27 08:00:00,counter,hash_brown,1,1
2026-01-27 08:00:00,drive_thru,breakfast_wrap,3,1
2026-01-27 08:00:00,drive_thru,hash_brown,1,1
2026-01-27 08:15:00,counter,breakfast_wrap,1,1
2026-01-27 08:15:00,counter,hash_brown,2,2
2026-01-27 08:15:00,drive_thru,breakfast_wrap,3,1
2026-01-27 08:15:00,drive_thru,hash_brown,2,1
2026-01-27 08:30:00,counter,breakfast_wrap,2,2
2026-01-27 08:30:00,delivery,breakfast_wrap,1,1
2026-01-27 08:30:00,delivery,hash_brown,2,2
2026-01-27 08:30:00,drive_thru,breakfast_wrap,1,1
2026-01-27 08:30:00,drive_thru,hash_brown,2,2
2026-01-27 08:45:00,counter,hash_brown,4,2
2026-01-27 08:45:00,drive_thru,breakfast_wrap,3,2
2026-01-27 08:45:00,drive_thru,hash_brown,1,1
2026-01-27 09:00:00,counter,breakfast_wrap,1,1
2026-01-27 09:00:00,counter,hash_brown,2,2
2026-01-27 09:00:00,drive_thru,breakfast_wrap,3,3
2026-01-27 09:00:00,drive_thru,hash_brown,2,2
2026-01-27 09:15:00,counter,breakfast_wrap,2,1
2026-01-27 09:15:00,drive_thru,hash_brown,3,3
2026-01-27 09:30:00,counter,hash_brown,2,1
2026-01-27 09:30:00,delivery,breakfast_wrap,1,1
2026-01-27 09:45:00,counter,breakfast_wrap,3,2
2026-01-27 09:45:00,counter,hash_brown,2,2
2026-01-27 09:45:00,delivery,breakfast_wrap,3,1
2026-01-27 09:45:00,drive_thru,hash_brown,2,1
2026-01-27 10:00:00,counter,breakfast_wrap,1,1
2026-01-27 10:00:00,counter,hash_brown,3,2
2026-01-27 10:00:00,delivery,breakfast_wrap,4,2
2026-01-27 10:00:00,drive_thru,breakfast_wrap,2,1
2026-01-27 10:00:00,drive_thru,hash_brown,2,1
2026-01-27 10:15:00,counter,breakfast_wrap,2,1
2026-01-27 10:30:00,counter,breakfast_wrap,4,3
2026-01-27 10:30:00,counter,hash_brown,2,1
2026-01-27 10:30:00,delivery,breakfast_wrap,1,1
2026-01-27 10:30:00,delivery,hash_brown,1,1
2026-01-27 10:45:00,counter,breakfast_wrap,2,1
2026-01-27 10:45:00,delivery,hash_brown,1,1
2026-01-27 10:45:00,drive_thru,breakfast_wrap,1,1
2026-01-27 11:00:00,counter,chicken_tenders,1,1
2026-01-27 11:00:00,delivery,hash_brown,1,1
2026-01-27 11:00:00,drive_thru,fries,1,1
2026-01-27 11:15:00,drive_thru,chicken_tenders,1,1
2026-01-27 11:30:00,drive_thru,chicken_tenders,1,1
2026-01-27 12:00:00,counter,fries,4,2
2026-01-27 12:00:00,delivery,chicken_tenders,2,2
2026-01-27 12:00:00,delivery,fries,2,2
2026-01-27 12:00:00,drive_thru,chicken_tenders,2,1
2026-01-27 12:15:00,counter,chicken_tenders,1,1
2026-01-27 12:15:00,counter,fries,3,1
2026-01-27 12:15:00,delivery,chicken_tenders,2,1
2026-01-27 12:15:00,delivery,fries,3,2
2026-01-27 12:15:00,drive_thru,chicken_tenders,3,2
2026-01-27 12:15:00,drive_thru,fries,1,1
2026-01-27 12:30:00,counter,chicken_tenders,1,1
2026-01-27 12:30:00,counter,fries,5,3
2026-01-27 12:30:00,delivery,chicken_tenders,1,1
2026-01-27 12:30:00,delivery,fries,2,2
2026-01-27 12:45:00,delivery,chicken_tenders,2,1
2026-01-27 13:00:00,counter,chicken_tenders,2,2
2026-01-27 13:00:00,delivery,chicken_tenders,1,1
2026-01-27 13:00:00,delivery,fries,2,2
2026-01-27 13:00:00,drive_thru,chicken_tenders,4,3
2026-01-27 13:00:00,drive_thru,fries,8,5
2026-01-27 13:15:00,counter,chicken_tenders,3,2
2026-01-27 13:15:00,drive_thru,fries,1,1
2026-01-27 13:30:00,counter,fries,2,2
2026-01-27 13:30:00,drive_thru,chicken_tenders,4,3
2026-01-27 13:30:00,drive_thru,fries,1,1
2026-01-27 13:45:00,counter,chicken_tenders,2,2
2026-01-27 13:45:00,delivery,fries,2,1
2026-01-27 13:45:00,drive_thru,chicken_tenders,3,1
2026-01-27 13:45:00,drive_thru,fries,1,1
2026-01-27 14:00:00,drive_thru,chicken_tenders,1,1
2026-01-27 14:00:00,drive_thru,fries,1,1
2026-01-27 14:15:00,counter,chicken_tenders,2,2
2026-01-27 14:15:00,delivery,chicken_tenders,1,1
2026-01-27 14:30:00,drive_thru,chicken_tenders,1,1
2026-01-27 14:45:00,delivery,chicken_tenders,2,1
2026-01-27 14:45:00,delivery,fries,1,1
2026-01-27 15:00:00,counter,chicken_tenders,3,2
2026-01-27 15:00:00,counter,fries,4,2
2026-01-27 15:00:00,drive_thru,chicken_tenders,1,1
2026-01-27 15:15:00,counter,chicken_tenders,1,1
2026-01-27 15:15:00,delivery,fries,1,1
2026-01-27 15:15:00,drive_thru,chicken_tenders,3,2
2026-01-27 15:15:00,drive_thru,fries,1,1
2026-01-27 15:30:00,counter,chicken_tenders,1,1
2026-01-27 15:30:00,drive_thru,fries,4,2
2026-01-27 15:45:00,counter,fries,2,1
2026-01-27 16:00:00,counter,chicken_tenders,2,1
2026-01-27 16:00:00,counter,fries,1,1
2026-01-27 16:00:00,delivery,fries,2,1
2026-01-27 16:00:00,drive_thru,chicken_tenders,1,1
2026-01-27 16:15:00,counter,fries,3,2
2026-01-27 16:30:00,counter,chicken_tenders,1,1
2026-01-27 16:30:00,drive_thru,fries,4,1
2026-01-27 16:45:00,delivery,chicken_tenders,2,1
2026-01-27 17:00:00,counter,chicken_tenders,2,2
2026-01-27 17:00:00,counter,fries,2,2
2026-01-27 17:00:00,delivery,chicken_tenders,1,1
2026-01-27 17:00:00,drive_thru,fries,2,1
2026-01-27 17:15:00,counter,chicken_tenders,3,3
2026-01-27 17:15:00,counter,fries,2,2
2026-01-27 17:15:00,drive_thru,chicken_tenders,2,2
2026-01-27 17:30:00,counter,fries,2,1
2026-01-27 17:30:00,delivery,chicken_tenders,1,1
2026-01-27 17:30:00,delivery,fries,2,2
2026-01-27 17:45:00,counter,chicken_tenders,3,2
2026-01-27 17:45:00,counter,fries,2,2
2026-01-27 17:45:00,delivery,chicken_tenders,2,2
2026-01-27 17:45:00,drive_thru,chicken_tenders,8,4
2026-01-27 17:45:00,drive_thru,fries,1,1
2026-01-27 18:00:00,counter,fries,2,2
2026-01-27 18:00:00,drive_thru,fries,3,3
2026-01-27 18:15:00,counter,chicken_tenders,3,2
2026-01-27 18:15:00,counter,fries,1,1
2026-01-27 18:15:00,delivery,fries,1,1
2026-01-27 18:15:00,drive_thru,chicken_tenders,2,2
2026-01-27 18:15:00,drive_thru,fries,1,1
2026-01-27 18:30:00,counter,chicken_tenders,1,1
2026-01-27 18:30:00,counter,fries,1,1
2026-01-27 18:30:00,delivery,fries,3,2
2026-01-27 18:30:00,drive_thru,chicken_tenders,2,2
2026-01-27 18:30:00,drive_thru,fries,3,2
2026-01-27 18:45:00,counter,chicken_tenders,4,3
2026-01-27 18:45:00,delivery,fries,2,2
2026-01-27 18:45:00,drive_thru,chicken_tenders,3,2
2026-01-27 18:45:00,drive_thru,fries,1,1
2026-01-27 19:00:00,counter,chicken_tenders,3,2
2026-01-27 19:00:00,counter,fries,2,2
2026-01-27 19:00:00,drive_thru,fries,1,1
2026-01-27 19:15:00,counter,chicken_tenders,1,1
2026-01-27 19:15:00,counter,fries,3,2
2026-01-27 19:15:00,delivery,chicken_tenders,1,1
2026-01-27 19:30:00,counter,chicken_tenders,2,2
2026-01-27 19:30:00,counter,fries,2,2
2026-01-27 19:30:00,delivery,chicken_tenders,1,1
2026-01-27 19:45:00,counter,chicken_tenders,1,1
2026-01-27 19:45:00,counter,fries,2,2
2026-01-27 19:45:00,delivery,chicken_tenders,2,2
2026-01-27 19:45:00,delivery,fries,3,2
2026-01-27 19:45:00,drive_thru,chicken_tenders,1,1
2026-01-27 20:15:00,counter,fries,2,2
2026-01-27 20:30:00,counter,fries,2,1
2026-01-27 20:30:00,drive_thru,chicken_tenders,2,1
2026-01-27 20:30:00,drive_thru,fries,5,3
2026-01-27 20:45:00,delivery,chicken_tenders,2,1
2026-01-27 20:45:00,drive_thru,fries,1,1
2026-01-27 21:00:00,counter,fries,1,1
2026-01-27 21:00:00,drive_thru,chicken_tenders,1,1
2026-01-27 21:15:00,counter,chicken_tenders,1,1
2026-01-27 21:30:00,drive_thru,chicken_tenders,1,1
2026-01-27 21:30:00,drive_thru,fries,1,1
2026-01-27 21:45:00,counter,chicken_tenders,2,2
2026-01-27 21:45:00,counter,fries,1,1
2026-01-28 06:00:00,counter,breakfast_wrap,1,1
2026-01-28 06:00:00,counter,hash_brown,1,1
2026-01-28 06:15:00,counter,breakfast_wrap,1,1
2026-01-28 06:15:00,delivery,hash_brown,1,1
2026-01-28 06:30:00,drive_thru,hash_brown,3,3
2026-01-28 06:45:00,drive_thru,breakfast_wrap,3,2
2026-01-28 07:00:00,counter,breakfast_wrap,4,4
2026-01-28 07:00:00,delivery,breakfast_wrap,2,1
2026-01-28 07:00:00,delivery,hash_brown,1,1
2026-01-28 07:00:00,drive_thru,breakfast_wrap,3,3
2026-01-28 07:00:00,drive_thru,hash_brown,4,3
2026-01-28 07:15:00,counter,breakfast_wrap,8,4
2026-01-28 07:15:00,counter,hash_brown,1,1
2026-01-28 07:15:00,delivery,breakfast_wrap,1,1
2026-01-28 07:15:00,drive_thru,breakfast_wrap,1,1
2026-01-28 07:15:00,drive_thru,hash_brown,2,1
2026-01-28 07:30:00,delivery,breakfast_wrap,1,1
2026-01-28 07:30:00,delivery,hash_brown,4,3
2026-01-28 07:30:00,drive_thru,hash_brown,2,1
2026-01-28 07:45:00,counter,breakfast_wrap,1,1
2026-01-28 07:45:00,counter,hash_brown,1,1
2026-01-28 07:45:00,drive_thru,hash_brown,4,2
2026-01-28 08:00:00,counter,breakfast_wrap,1,1
2026-01-28 08:00:00,drive_thru,hash_brown,1,1
2026-01-28 08:15:00,counter,breakfast_wrap,1,1
2026-01-28 08:15:00,counter,hash_brown,1,1
2026-01-28 08:15:00,delivery,breakfast_wrap,2,2
2026-01-28 08:15:00,drive_thru,hash_brown,1,1
2026-01-28 08:30:00,delivery,breakfast_wrap,2,1
2026-01-28 08:30:00,delivery,hash_brown,3,1
2026-01-28 08:30:00,drive_thru,breakfast_wrap,2,2
2026-01-28 08:45:00,counter,hash_brown,2,1
2026-01-28 08:45:00,drive_thru,breakfast_wrap,1,1
2026-01-28 08:45:00,drive_thru,hash_brown,1,1
2026-01-28 09:00:00,counter,breakfast_wrap,2,1
2026-01-28 09:00:00,delivery,breakfast_wrap,1,1
2026-01-28 09:00:00,delivery,hash_brown,2,2
2026-01-28 09:15:00,counter,breakfast_wrap,1,1
2026-01-28 09:15:00,delivery,breakfast_wrap,3,2
2026-01-28 09:15:00,delivery,hash_brown,1,1
2026-01-28 09:15:00,drive_thru,hash_brown,1,1
2026-01-28 09:30:00,counter,breakfast_wrap,1,1
2026-01-28 09:30:00,delivery,breakfast_wrap,3,2
2026-01-28 09:30:00,delivery,hash_brown,1,1
2026-01-28 09:30:00,drive_thru,breakfast_wrap,1,1
2026-01-28 09:45:00,counter,breakfast_wrap,1,1
2026-01-28 09:45:00,counter,hash_brown,2,2
2026-01-28 09:45:00,delivery,breakfast_wrap,2,2
2026-01-28 09:45:00,delivery,hash_brown,1,1
2026-01-28 09:45:00,drive_thru,breakfast_wrap,2,2
2026-01-28 10:00:00,counter,breakfast_wrap,1,1
2026-01-28 10:00:00,delivery,breakfast_wrap,1,1
2026-01-28 10:00:00,delivery,hash_brown,2,1
2026-01-28 10:00:00,drive_thru,breakfast_wrap,1,1
2026-01-28 10:15:00,delivery,breakfast_wrap,1,1
2026-01-28 10:15:00,delivery,hash_brown,1,1
2026-01-28 10:30:00,counter,breakfast_wrap,1,1
2026-01-28 10:30:00,counter,hash_brown,2,1
2026-01-28 10:45:00,counter,breakfast_wrap,1,1
2026-01-28 10:45:00,counter,hash_brown,1,1
2026-01-28 10:45:00,delivery,hash_brown,2,1
2026-01-28 11:00:00,counter,fries,6,4
2026-01-28 11:15:00,counter,chicken_tenders,1,1
2026-01-28 11:15:00,counter,fries,5,2
2026-01-28 11:15:00,drive_thru,chicken_tenders,1,1
2026-01-28 11:30:00,drive_thru,fries,2,1
2026-01-28 11:45:00,drive_thru,chicken_tenders,1,1
2026-01-28 12:00:00,counter,chicken_tenders,4,2
2026-01-28 12:00:00,counter,fries,1,1
2026-01-28 12:00:00,delivery,fries,1,1
2026-01-28 12:00:00,drive_thru,fries,1,1
2026-01-28 12:15:00,counter,chicken_tenders,4,2
2026-01-28 12:15:00,counter,fries,1,1
2026-01-28 12:15:00,drive_thru,fries,1,1
2026-01-28 12:30:00,counter,chicken_tenders,4,2
2026-01-28 12:30:00,counter,fries,1,1
2026-01-28 12:30:00,delivery,chicken_tenders,1,1
2026-01-28 12:30:00,delivery,fries,1,1
2026-01-28 12:30:00,drive_thru,chicken_tenders,5,4
2026-01-28 12:30:00,drive_thru,fries,1,1
2026-01-28 12:45:00,counter,fries,5,3
2026-01-28 12:45:00,delivery,fries,1,1
2026-01-28 12:45:00,drive_thru,chicken_tenders,4,3
2026-01-28 12:45:00,drive_thru,fries,1,1
2026-01-28 13:00:00,counter,chicken_tenders,1,1
2026-01-28 13:00:00,delivery,fries,2,1
2026-01-28 13:00:00,drive_thru,chicken_tenders,2,2
2026-01-28 13:00:00,drive_thru,fries,1,1
2026-01-28 13:15:00,counter,chicken_tenders,1,1
2026-01-28 13:15:00,counter,fries,1,1
2026-01-28 13:15:00,delivery,chicken_tenders,1,1
2026-01-28 13:15:00,delivery,fries,2,2
2026-01-28 13:15:00,drive_thru,chicken_tenders,1,1
2026-01-28 13:15:00,drive_thru,fries,2,2
2026-01-28 13:30:00,counter,chicken_tenders,5,3
2026-01-28 13:30:00,delivery,fries,4,2
2026-01-28 13:30:00,drive_thru,chicken_tenders,1,1
2026-01-28 13:30:00,drive_thru,fries,1,1
2026-01-28 13:45:00,counter,chicken_tenders,1,1
2026-01-28 13:45:00,counter,fries,1,1
2026-01-28 13:45:00,delivery,fries,3,2
2026-01-28 13:45:00,drive_thru,fries,1,1
2026-01-28 14:00:00,counter,chicken_tenders,1,1
2026-01-28 14:00:00,counter,fries,1,1
2026-01-28 14:00:00,drive_thru,fries,2,1
2026-01-28 14:15:00,counter,chicken_tenders,1,1
2026-01-28 14:45:00,counter,chicken_tenders,4,3
2026-01-28 14:45:00,counter,fries,1,1
2026-01-28 14:45:00,delivery,fries,2,1
2026-01-28 14:45:00,drive_thru,fries,1,1
2026-01-28 15:00:00,drive_thru,chicken_tenders,1,1
2026-01-28 15:00:00,drive_thru,fries,1,1
2026-01-28 15:30:00,counter,chicken_tenders,4,2
2026-01-28 15:30:00,delivery,chicken_tenders,4,2
2026-01-28 15:30:00,drive_thru,fries,3,1
2026-01-28 16:00:00,counter,chicken_tenders,2,1
2026-01-28 16:00:00,counter,fries,2,1
2026-01-28 16:00:00,delivery,fries,2,1
2026-01-28 16:00:00,drive_thru,chicken_tenders,1,1
2026-01-28 16:00:00,drive_thru,fries,1,1
2026-01-28 16:15:00,counter,chicken_tenders,1,1
2026-01-28 16:15:00,counter,fries,1,1
2026-01-28 16:30:00,counter,chicken_tenders,1,1
2026-01-28 16:30:00,counter,fries,1,1
2026-01-28 16:30:00,delivery,chicken_tenders,1,1
2026-01-28 16:30:00,delivery,fries,1,1
2026-01-28 16:30:00,drive_thru,chicken_tenders,3,1
2026-01-28 16:30:00,drive_thru,fries,3,1
2026-01-28 16:45:00,counter,chicken_tenders,2,2
2026-01-28 16:45:00,counter,fries,1,1
2026-01-28 17:00:00,counter,chicken_tenders,5,3
2026-01-28 17:00:00,counter,fries,2,2
2026-01-28 17:00:00,delivery,chicken_tenders,1,1
2026-01-28 17:00:00,delivery,fries,1,1
2026-01-28 17:15:00,counter,fries,1,1
2026-01-28 17:15:00,delivery,chicken_tenders,2,1
2026-01-28 17:15:00,delivery,fries,3,2
2026-01-28 17:15:00,drive_thru,chicken_tenders,1,1
2026-01-28 17:30:00,counter,chicken_tenders,3,3
2026-01-28 17:30:00,counter,fries,1,1
2026-01-28 17:30:00,delivery,chicken_tenders,1,1
2026-01-28 17:30:00,delivery,fries,1,1
2026-01-28 17:45:00,counter,chicken_tenders,2,1
2026-01-28 17:45:00,counter,fries,3,3
2026-01-28 17:45:00,delivery,chicken_tenders,7,4
2026-01-28 17:45:00,delivery,fries,1,1
2026-01-28 17:45:00,drive_thru,chicken_tenders,1,1
2026-01-28 17:45:00,drive_thru,fries,1,1
2026-01-28 18:00:00,counter,chicken_tenders,1,1
2026-01-28 18:00:00,counter,fries,1,1
2026-01-28 18:00:00,delivery,fries,1,1
2026-01-28 18:15:00,counter,chicken_tenders,8,4
2026-01-28 18:15:00,counter,fries,5,3
2026-01-28 18:15:00,delivery,fries,1,1
2026-01-28 18:15:00,drive_thru,chicken_tenders,2,1
2026-01-28 18:15:00,drive_thru,fries,3,3
2026-01-28 18:30:00,delivery,fries,1,1
2026-01-28 18:30:00,drive_thru,chicken_tenders,3,2
2026-01-28 18:30:00,drive_thru,fries,2,2
2026-01-28 18:45:00,counter,chicken_tenders,1,1
2026-01-28 18:45:00,drive_thru,chicken_tenders,3,2
2026-01-28 18:45:00,drive_thru,fries,1,1
2026-01-28 19:00:00,delivery,chicken_tenders,2,1
2026-01-28 19:15:00,counter,chicken_tenders,2,1
2026-01-28 19:15:00,counter,fries,3,3
2026-01-28 19:15:00,delivery,chicken_tenders,1,1
2026-01-28 19:15:00,drive_thru,fries,2,2
2026-01-28 19:30:00,counter,chicken_tenders,1,1
2026-01-28 19:30:00,delivery,fries,1,1
2026-01-28 19:30:00,drive_thru,chicken_tenders,1,1
2026-01-28 19:30:00,drive_thru,fries,1,1
2026-01-28 19:45:00,counter,chicken_tenders,2,2
2026-01-28 19:45:00,counter,fries,1,1
2026-01-28 19:45:00,delivery,chicken_tenders,1,1
2026-01-28 19:45:00,drive_thru,fries,2,2
2026-01-28 20:00:00,delivery,chicken_tenders,1,1
2026-01-28 20:00:00,delivery,fries,3,2
2026-01-28 20:15:00,drive_thru,fries,2,1
2026-01-28 20:30:00,counter,fries,1,1
2026-01-28 20:30:00,delivery,fries,1,1
2026-01-28 20:45:00,counter,chicken_tenders,3,2
2026-01-28 21:00:00,counter,fries,1,1
2026-01-28 21:00:00,delivery,chicken_tenders,1,1
2026-01-28 21:00:00,drive_thru,fries,2,1
2026-01-28 21:15:00,counter,fries,4,2
2026-01-28 21:30:00,counter,chicken_tenders,1,1
2026-01-28 21:30:00,drive_thru,fries,1,1
2026-01-28 21:45:00,counter,fries,2,2
2026-01-29 06:00:00,counter,hash_brown,1,1
2026-01-29 06:00:00,drive_thru,breakfast_wrap,1,1
2026-01-29 06:00:00,drive_thru,hash_brown,1,1
2026-01-29 06:15:00,counter,breakfast_wrap,1,1
2026-01-29 06:15:00,delivery,breakfast_wrap,2,1
2026-01-29 06:15:00,delivery,hash_brown,2,2
2026-01-29 06:15:00,drive_thru,hash_brown,2,1
2026-01-29 06:30:00,counter,breakfast_wrap,1,1
2026-01-29 06:30:00,counter,hash_brown,3,2
2026-01-29 06:30:00,drive_thru,breakfast_wrap,1,1
2026-01-29 06:30:00,drive_thru,hash_brown,2,2
2026-01-29 06:45:00,counter,breakfast_wrap,2,2
2026-01-29 06:45:00,delivery,breakfast_wrap,1,1
2026-01-29 06:45:00,delivery,hash_brown,2,1
2026-01-29 07:00:00,counter,breakfast_wrap,1,1
2026-01-29 07:00:00,counter,hash_brown,2,2
2026-01-29 07:00:00,delivery,breakfast_wrap,4,3
2026-01-29 07:00:00,delivery,hash_brown,1,1
2026-01-29 07:00:00,drive_thru,hash_brown,1,1
2026-01-29 07:15:00,counter,breakfast_wrap,2,2
2026-01-29 07:15:00,delivery,breakfast_wrap,1,1
2026-01-29 07:15:00,drive_thru,hash_brown,1,1
2026-01-29 07:30:00,counter,hash_brown,1,1
2026-01-29 07:30:00,delivery,hash_brown,3,2
2026-01-29 07:30:00,drive_thru,breakfast_wrap,4,4
2026-01-29 07:30:00,drive_thru,hash_brown,1,1
2026-01-29 07:45:00,counter,hash_brown,1,1
2026-01-29 07:45:00,drive_thru,breakfast_wrap,6,4
2026-01-29 07:45:00,drive_thru,hash_brown,1,1
2026-01-29 08:00:00,counter,hash_brown,2,2
2026-01-29 08:00:00,drive_thru,breakfast_wrap,6,3
2026-01-29 08:00:00,drive_thru,hash_brown,1,1
2026-01-29 08:15:00,counter,breakfast_wrap,2,2
2026-01-29 08:15:00,counter,hash_brown,2,1
2026-01-29 08:15:00,delivery,hash_brown,1,1
2026-01-29 08:15:00,drive_thru,breakfast_wrap,3,2
2026-01-29 08:30:00,delivery,breakfast_wrap,2,1
2026-01-29 08:30:00,drive_thru,breakfast_wrap,3,2
2026-01-29 08:30:00,drive_thru,hash_brown,4,4
2026-01-29 08:45:00,drive_thru,breakfast_wrap,2,2
2026-01-29 09:00:00,counter,hash_brown,1,1
2026-01-29 09:00:00,delivery,breakfast_wrap,1,1
2026-01-29 09:00:00,delivery,hash_brown,4,3
2026-01-29 09:00:00,drive_thru,hash_brown,1,1
2026-01-29 09:15:00,counter,hash_brown,1,1
2026-01-29 09:15:00,delivery,breakfast_wrap,2,1
2026-01-29 09:15:00,drive_thru,breakfast_wrap,1,1
2026-01-29 09:15:00,drive_thru,hash_brown,2,2
2026-01-29 09:30:00,counter,breakfast_wrap,3,3
2026-01-29 09:30:00,counter,hash_brown,2,2
2026-01-29 09:30:00,delivery,breakfast_wrap,1,1
2026-01-29 09:30:00,delivery,hash_brown,4,3
2026-01-29 09:30:00,drive_thru,breakfast_wrap,2,2
2026-01-29 09:30:00,drive_thru,hash_brown,2,2
2026-01-29 09:45:00,counter,breakfast_wrap,1,1
2026-01-29 09:45:00,counter,hash_brown,3,2
2026-01-29 09:45:00,drive_thru,breakfast_wrap,1,1
2026-01-29 10:00:00,counter,breakfast_wrap,1,1
2026-01-29 10:00:00,counter,hash_brown,2,2
2026-01-29 10:00:00,delivery,breakfast_wrap,2,2
2026-01-29 10:00:00,delivery,hash_brown,1,1
2026-01-29 10:00:00,drive_thru,breakfast_wrap,1,1
2026-01-29 10:00:00,drive_thru,hash_brown,1,1
2026-01-29 10:15:00,delivery,hash_brown,4,1
2026-01-29 10:15:00,drive_thru,breakfast_wrap,1,1
2026-01-29 10:15:00,drive_thru,hash_brown,3,2
2026-01-29 10:45:00,delivery,hash_brown,2,1
2026-01-29 10:45:00,drive_thru,breakfast_wrap,5,3
2026-01-29 11:00:00,delivery,chicken_tenders,1,1
2026-01-29 11:00:00,drive_thru,fries,2,1
2026-01-29 11:30:00,delivery,chicken_tenders,1,1
2026-01-29 11:30:00,drive_thru,fries,1,1
2026-01-29 11:45:00,counter,fries,1,1
2026-01-29 11:45:00,delivery,fries,1,1
2026-01-29 12:00:00,counter,chicken_tenders,3,2
2026-01-29 12:00:00,counter,fries,4,3
2026-01-29 12:00:00,drive_thru,chicken_tenders,5,3
2026-01-29 12:00:00,drive_thru,fries,4,3
2026-01-29 12:15:00,counter,chicken_tenders,1,1
2026-01-29 12:15:00,delivery,chicken_tenders,3,3
2026-01-29 12:15:00,delivery,fries,1,1
2026-01-29 12:15:00,drive_thru,chicken_tenders,1,1
2026-01-29 12:15:00,drive_thru,fries,1,1
2026-01-29 12:30:00,counter,chicken_tenders,10,5
2026-01-29 12:30:00,counter,fries,5,4
2026-01-29 12:30:00,delivery,fries,3,2
2026-01-29 12:45:00,counter,chicken_tenders,3,2
2026-01-29 12:45:00,counter,fries,2,2
2026-01-29 12:45:00,delivery,chicken_tenders,4,3
2026-01-29 12:45:00,delivery,fries,1,1
2026-01-29 12:45:00,drive_thru,chicken_tenders,2,2
2026-01-29 12:45:00,drive_thru,fries,1,1
2026-01-29 13:00:00,counter,chicken_tenders,2,2
2026-01-29 13:00:00,counter,fries,3,2
2026-01-29 13:00:00,drive_thru,chicken_tenders,4,2
2026-01-29 13:15:00,counter,chicken_tenders,4,2
2026-01-29 13:15:00,drive_thru,chicken_tenders,3,2
2026-01-29 13:15:00,drive_thru,fries,1,1
2026-01-29 13:30:00,counter,chicken_tenders,6,4
2026-01-29 13:30:00,counter,fries,2,1
2026-01-29 13:30:00,delivery,chicken_tenders,2,1
2026-01-29 13:30:00,delivery,fries,5,3
2026-01-29 13:45:00,delivery,chicken_tenders,1,1
2026-01-29 13:45:00,delivery,fries,4,2
2026-01-29 13:45:00,drive_thru,chicken_tenders,1,1
2026-01-29 13:45:00,drive_thru,fries,1,1
2026-01-29 14:00:00,counter,chicken_tenders,1,1
2026-01-29 14:00:00,delivery,chicken_tenders,1,1
2026-01-29 14:00:00,drive_thru,chicken_tenders,1,1
2026-01-29 14:00:00,drive_thru,fries,2,1
2026-01-29 14:15:00,counter,chicken_tenders,1,1
2026-01-29 14:15:00,delivery,chicken_tenders,1,1
2026-01-29 14:15:00,delivery,fries,1,1
2026-01-29 14:15:00,drive_thru,chicken_tenders,3,2
2026-01-29 14:15:00,drive_thru,fries,2,2
2026-01-29 14:30:00,counter,chicken_tenders,1,1
2026-01-29 14:30:00,counter,fries,2,2
2026-01-29 14:30:00,drive_thru,fries,2,1
2026-01-29 14:45:00,counter,fries,1,1
2026-01-29 15:00:00,counter,chicken_tenders,1,1
2026-01-29 15:00:00,drive_thru,fries,1,1
2026-01-29 15:15:00,counter,fries,1,1
2026-01-29 15:45:00,delivery,chicken_tenders,1,1
2026-01-29 15:45:00,drive_thru,chicken_tenders,1,1
2026-01-29 16:00:00,counter,fries,1,1
2026-01-29 16:00:00,delivery,fries,1,1
2026-01-29 16:30:00,counter,chicken_tenders,3,3
2026-01-29 16:45:00,counter,chicken_tenders,3,2
2026-01-29 16:45:00,counter,fries,1,1
2026-01-29 17:00:00,counter,chicken_tenders,1,1
2026-01-29 17:00:00,drive_thru,chicken_tenders,1,1
2026-01-29 17:00:00,drive_thru,fries,3,2
2026-01-29 17:15:00,delivery,chicken_tenders,1,1
2026-01-29 17:15:00,delivery,fries,3,2
2026-01-29 17:15:00,drive_thru,chicken_tenders,2,1
2026-01-29 17:30:00,counter,chicken_tenders,1,1
2026-01-29 17:30:00,counter,fries,1,1
2026-01-29 17:30:00,drive_thru,fries,1,1
2026-01-29 17:45:00,counter,fries,2,1
2026-01-29 17:45:00,delivery,chicken_tenders,1,1
2026-01-29 17:45:00,drive_thru,chicken_tenders,2,2
2026-01-29 17:45:00,drive_thru,fries,2,2
2026-01-29 18:00:00,counter,chicken_tenders,5,4
2026-01-29 18:00:00,counter,fries,2,2
2026-01-29 18:00:00,drive_thru,chicken_tenders,1,1
2026-01-29 18:15:00,delivery,fries,2,1
2026-01-29 18:30:00,counter,chicken_tenders,2,2
2026-01-29 18:30:00,counter,fries,1,1
2026-01-29 18:30:00,delivery,chicken_tenders,3,2
2026-01-29 18:30:00,delivery,fries,1,1
2026-01-29 18:45:00,counter,chicken_tenders,1,1
2026-01-29 18:45:00,delivery,chicken_tenders,6,3
2026-01-29 18:45:00,drive_thru,fries,3,3
2026-01-29 19:00:00,counter,chicken_tenders,2,2
2026-01-29 19:00:00,counter,fries,2,2
2026-01-29 19:00:00,delivery,chicken_tenders,1,1
2026-01-29 19:15:00,counter,chicken_tenders,2,2
2026-01-29 19:15:00,counter,fries,2,2
2026-01-29 19:15:00,delivery,fries,1,1
2026-01-29 19:15:00,drive_thru,chicken_tenders,3,2
2026-01-29 19:15:00,drive_thru,fries,2,1
2026-01-29 19:30:00,counter,chicken_tenders,1,1
2026-01-29 19:30:00,counter,fries,3,2
2026-01-29 19:30:00,delivery,chicken_tenders,2,2
2026-01-29 19:30:00,delivery,fries,3,2
2026-01-29 19:30:00,drive_thru,chicken_tenders,2,1
2026-01-29 19:45:00,counter,chicken_tenders,2,2
2026-01-29 19:45:00,drive_thru,fries,1,1
2026-01-29 20:00:00,delivery,fries,1,1
2026-01-29 20:00:00,drive_thru,chicken_tenders,2,1
2026-01-29 20:00:00,drive_thru,fries,1,1
2026-01-29 20:15:00,counter,chicken_tenders,2,1
2026-01-29 20:30:00,counter,chicken_tenders,2,1
2026-01-29 20:30:00,drive_thru,chicken_tenders,4,2
2026-01-29 20:30:00,drive_thru,fries,1,1
2026-01-29 21:00:00,counter,chicken_tenders,1,1
2026-01-29 21:00:00,counter,fries,1,1
2026-01-29 21:30:00,drive_thru,chicken_tenders,3,2
2026-01-29 21:30:00,drive_thru,fries,1,1
2026-01-30 06:00:00,delivery,hash_brown,1,1
2026-01-30 06:00:00,drive_thru,hash_brown,1,1
2026-01-30 06:15:00,counter,breakfast_wrap,1,1
2026-01-30 06:15:00,counter,hash_brown,1,1
2026-01-30 06:30:00,delivery,hash_brown,1,1
2026-01-30 06:30:00,drive_thru,hash_brown,1,1
2026-01-30 06:45:00,drive_thru,breakfast_wrap,1,1
2026-01-30 06:45:00,drive_thru,hash_brown,1,1
2026-01-30 07:00:00,counter,breakfast_wrap,1,1
2026-01-30 07:00:00,delivery,hash_brown,1,1
2026-01-30 07:00:00,drive_thru,breakfast_wrap,3,3
2026-01-30 07:00:00,drive_thru,hash_brown,1,1
2026-01-30 07:15:00,counter,breakfast_wrap,1,1
2026-01-30 07:15:00,counter,hash_brown,1,1
2026-01-30 07:15:00,delivery,breakfast_wrap,1,1
2026-01-30 07:30:00,counter,hash_brown,1,1
2026-01-30 07:45:00,counter,breakfast_wrap,3,3
2026-01-30 07:45:00,counter,hash_brown,1,1
2026-01-30 07:45:00,delivery,breakfast_wrap,2,2
2026-01-30 07:45:00,delivery,hash_brown,1,1
2026-01-30 07:45:00,drive_thru,breakfast_wrap,2,2
2026-01-30 07:45:00,drive_thru,hash_brown,2,2
2026-01-30 08:00:00,counter,breakfast_wrap,2,2
2026-01-30 08:00:00,counter,hash_brown,1,1
2026-01-30 08:00:00,delivery,breakfast_wrap,1,1
2026-01-30 08:00:00,delivery,hash_brown,2,1
2026-01-30 08:00:00,drive_thru,breakfast_wrap,4,3
2026-01-30 08:15:00,counter,breakfast_wrap,3,2
2026-01-30 08:15:00,counter,hash_brown,6,3
2026-01-30 08:30:00,counter,breakfast_wrap,3,3
2026-01-30 08:30:00,counter,hash_brown,3,2
2026-01-30 08:30:00,delivery,hash_brown,1,1
2026-01-30 08:30:00,drive_thru,breakfast_wrap,1,1
2026-01-30 08:45:00,delivery,hash_brown,1,1
2026-01-30 08:45:00,drive_thru,breakfast_wrap,2,2
2026-01-30 08:45:00,drive_thru,hash_brown,4,3
2026-01-30 09:00:00,counter,hash_brown,1,1
2026-01-30 09:00:00,drive_thru,hash_brown,2,2
2026-01-30 09:15:00,counter,breakfast_wrap,1,1
2026-01-30 09:15:00,counter,hash_brown,3,3
2026-01-30 09:15:00,delivery,breakfast_wrap,3,2
2026-01-30 09:15:00,delivery,hash_brown,2,2
2026-01-30 09:15:00,drive_thru,breakfast_wrap,4,2
2026-01-30 09:30:00,counter,hash_brown,5,3
2026-01-30 09:30:00,delivery,breakfast_wrap,1,1
2026-01-30 09:30:00,drive_thru,breakfast_wrap,1,1
2026-01-30 09:45:00,counter,breakfast_wrap,2,1
2026-01-30 10:00:00,delivery,breakfast_wrap,1,1
2026-01-30 10:00:00,drive_thru,breakfast_wrap,1,1
2026-01-30 10:15:00,counter,breakfast_wrap,2,1
2026-01-30 10:15:00,drive_thru,hash_brown,3,1
2026-01-30 10:30:00,counter,hash_brown,2,2
2026-01-30 10:30:00,delivery,breakfast_wrap,1,1
2026-01-30 10:30:00,drive_thru,breakfast_wrap,2,1
2026-01-30 10:30:00,drive_thru,hash_brown,4,3
2026-01-30 11:15:00,drive_thru,fries,3,1
2026-01-30 11:30:00,counter,chicken_tenders,2,1
2026-01-30 11:30:00,delivery,fries,1,1
2026-01-30 11:45:00,counter,fries,5,3
2026-01-30 11:45:00,drive_thru,fries,1,1
2026-01-30 12:00:00,counter,chicken_tenders,2,1
2026-01-30 12:00:00,counter,fries,2,1
2026-01-30 12:00:00,drive_thru,chicken_tenders,4,3
2026-01-30 12:00:00,drive_thru,fries,4,4
2026-01-30 12:15:00,counter,fries,3,2
2026-01-30 12:15:00,delivery,chicken_tenders,3,2
2026-01-30 12:15:00,delivery,fries,1,1
2026-01-30 12:15:00,drive_thru,fries,1,1
2026-01-30 12:30:00,counter,fries,1,1
2026-01-30 12:30:00,delivery,chicken_tenders,1,1
2026-01-30 12:30:00,delivery,fries,1,1
2026-01-30 12:30:00,drive_thru,chicken_tenders,1,1
2026-01-30 12:45:00,counter,chicken_tenders,1,1
2026-01-30 12:45:00,counter,fries,2,2
2026-01-30 12:45:00,delivery,fries,1,1
2026-01-30 12:45:00,drive_thru,fries,1,1
2026-01-30 13:00:00,counter,chicken_tenders,5,3
2026-01-30 13:00:00,drive_thru,fries,2,1
2026-01-30 13:15:00,counter,chicken_tenders,1,1
2026-01-30 13:15:00,drive_thru,chicken_tenders,3,3
2026-01-30 13:15:00,drive_thru,fries,3,3
2026-01-30 13:30:00,counter,chicken_tenders,2,2
2026-01-30 13:30:00,counter,fries,1,1
2026-01-30 13:45:00,counter,fries,3,2
2026-01-30 13:45:00,delivery,chicken_tenders,2,1
2026-01-30 13:45:00,drive_thru,chicken_tenders,5,4
2026-01-30 13:45:00,drive_thru,fries,1,1
2026-01-30 14:15:00,counter,fries,1,1
2026-01-30 14:15:00,delivery,fries,1,1
2026-01-30 14:30:00,counter,chicken_tenders,1,1
2026-01-30 14:30:00,counter,fries,3,2
2026-01-30 14:45:00,drive_thru,chicken_tenders,1,1
2026-01-30 14:45:00,drive_thru,fries,1,1
2026-01-30 15:00:00,drive_thru,chicken_tenders,1,1
2026-01-30 15:00:00,drive_thru,fries,2,1
2026-01-30 15:45:00,delivery,fries,1,1
2026-01-30 16:00:00,counter,chicken_tenders,1,1
2026-01-30 16:00:00,delivery,fries,1,1
2026-01-30 16:15:00,counter,chicken_tenders,1,1
2026-01-30 16:15:00,delivery,fries,5,3
2026-01-30 16:30:00,counter,chicken_tenders,1,1
2026-01-30 16:30:00,drive_thru,chicken_tenders,1,1
2026-01-30 17:00:00,delivery,chicken_tenders,4,3
2026-01-30 17:00:00,delivery,fries,2,2
2026-01-30 17:00:00,drive_thru,chicken_tenders,1,1
2026-01-30 17:00:00,drive_thru,fries,2,2
2026-01-30 17:15:00,counter,chicken_tenders,5,3
2026-01-30 17:15:00,counter,fries,1,1
2026-01-30 17:15:00,drive_thru,chicken_tenders,3,2
2026-01-30 17:15:00,drive_thru,fries,1,1
2026-01-30 17:45:00,counter,chicken_tenders,1,1
2026-01-30 17:45:00,delivery,fries,2,1
2026-01-30 17:45:00,drive_thru,chicken_tenders,4,2
2026-01-30 17:45:00,drive_thru,fries,2,2
2026-01-30 18:00:00,counter,chicken_tenders,1,1
2026-01-30 18:00:00,counter,fries,2,1
2026-01-30 18:00:00,delivery,fries,6,2
2026-01-30 18:00:00,drive_thru,fries,4,2
2026-01-30 18:15:00,counter,chicken_tenders,6,4
2026-01-30 18:15:00,counter,fries,6,4
2026-01-30 18:15:00,delivery,chicken_tenders,2,2
2026-01-30 18:15:00,delivery,fries,1,1
2026-01-30 18:15:00,drive_thru,chicken_tenders,2,2
2026-01-30 18:30:00,counter,chicken_tenders,4,2
2026-01-30 18:30:00,counter,fries,2,1
2026-01-30 18:30:00,drive_thru,fries,1,1
2026-01-30 18:45:00,counter,fries,2,1
2026-01-30 18:45:00,drive_thru,chicken_tenders,1,1
2026-01-30 18:45:00,drive_thru,fries,2,2
2026-01-30 19:00:00,counter,chicken_tenders,1,1
2026-01-30 19:00:00,delivery,chicken_tenders,1,1
2026-01-30 19:00:00,delivery,fries,1,1
2026-01-30 19:00:00,drive_thru,chicken_tenders,2,1
2026-01-30 19:15:00,counter,fries,1,1
2026-01-30 19:15:00,delivery,chicken_tenders,6,3
2026-01-30 19:15:00,delivery,fries,2,2
2026-01-30 19:15:00,drive_thru,fries,1,1
2026-01-30 19:30:00,counter,chicken_tenders,1,1
2026-01-30 19:30:00,counter,fries,3,2
2026-01-30 19:30:00,delivery,fries,1,1
2026-01-30 19:30:00,drive_thru,chicken_tenders,1,1
2026-01-30 19:45:00,counter,chicken_tenders,2,1
2026-01-30 19:45:00,counter,fries,2,2
2026-01-30 19:45:00,delivery,chicken_tenders,2,1
2026-01-30 19:45:00,drive_thru,chicken_tenders,1,1
2026-01-30 20:00:00,counter,fries,1,1
2026-01-30 20:00:00,delivery,fries,1,1
2026-01-30 20:15:00,counter,fries,2,1
2026-01-30 20:15:00,drive_thru,fries,1,1
2026-01-30 20:30:00,counter,chicken_tenders,1,1
2026-01-30 20:30:00,counter,fries,2,1
2026-01-30 20:45:00,drive_thru,chicken_tenders,1,1
2026-01-30 20:45:00,drive_thru,fries,1,1
2026-01-30 21:00:00,counter,fries,1,1
2026-01-30 21:00:00,delivery,chicken_tenders,2,1
2026-01-30 21:15:00,drive_thru,fries,1,1
2026-01-30 21:30:00,counter,chicken_tenders,3,3
2026-01-30 21:30:00,counter,fries,1,1
2026-01-30 21:30:00,drive_thru,fries,6,3
2026-01-30 21:45:00,delivery,fries,2,1
2026-01-30 21:45:00,drive_thru,fries,1,1
2026-01-31 06:00:00,drive_thru,breakfast_wrap,1,1
2026-01-31 06:15:00,counter,hash_brown,1,1
2026-01-31 06:15:00,delivery,breakfast_wrap,2,1
2026-01-31 06:15:00,drive_thru,hash_brown,1,1
2026-01-31 06:30:00,counter,breakfast_wrap,2,2
2026-01-31 06:30:00,counter,hash_brown,1,1
2026-01-31 06:30:00,drive_thru,hash_brown,1,1
2026-01-31 06:45:00,counter,breakfast_wrap,1,1
2026-01-31 06:45:00,delivery,breakfast_wrap,1,1
2026-01-31 07:00:00,counter,breakfast_wrap,2,2
2026-01-31 07:00:00,delivery,hash_brown,1,1
2026-01-31 07:00:00,drive_thru,breakfast_wrap,1,1
2026-01-31 07:00:00,drive_thru,hash_brown,1,1
2026-01-31 07:15:00,counter,hash_brown,2,1
2026-01-31 07:15:00,delivery,breakfast_wrap,1,1
2026-01-31 07:15:00,drive_thru,breakfast_wrap,3,3
2026-01-31 07:15:00,drive_thru,hash_brown,1,1
2026-01-31 07:30:00,counter,breakfast_wrap,1,1
2026-01-31 07:30:00,counter,hash_brown,1,1
2026-01-31 07:30:00,delivery,breakfast_wrap,4,4
2026-01-31 07:30:00,delivery,hash_brown,3,2
2026-01-31 07:45:00,counter,breakfast_wrap,2,2
2026-01-31 07:45:00,counter,hash_brown,1,1
2026-01-31 07:45:00,drive_thru,hash_brown,2,1
2026-01-31 08:00:00,counter,breakfast_wrap,2,1
2026-01-31 08:00:00,counter,hash_brown,4,3
2026-01-31 08:00:00,delivery,breakfast_wrap,3,2
2026-01-31 08:00:00,delivery,hash_brown,1,1
2026-01-31 08:00:00,drive_thru,breakfast_wrap,2,1
2026-01-31 08:00:00,drive_thru,hash_brown,3,3
2026-01-31 08:15:00,delivery,breakfast_wrap,1,1
2026-01-31 08:15:00,delivery,hash_brown,2,1
2026-01-31 08:15:00,drive_thru,hash_brown,1,1
2026-01-31 08:30:00,counter,hash_brown,1,1
2026-01-31 08:30:00,delivery,breakfast_wrap,1,1
2026-01-31 08:30:00,delivery,hash_brown,2,2
2026-01-31 08:30:00,drive_thru,breakfast_wrap,2,1
2026-01-31 08:45:00,counter,breakfast_wrap,3,3
2026-01-31 08:45:00,counter,hash_brown,3,3
2026-01-31 08:45:00,delivery,hash_brown,6,4
2026-01-31 08:45:00,drive_thru,breakfast_wrap,2,2
2026-01-31 08:45:00,drive_thru,hash_brown,2,1
2026-01-31 09:00:00,counter,breakfast_wrap,2,1
2026-01-31 09:00:00,counter,hash_brown,2,2
2026-01-31 09:00:00,drive_thru,breakfast_wrap,4,3
2026-01-31 09:00:00,drive_thru,hash_brown,2,1
2026-01-31 09:15:00,counter,breakfast_wrap,3,3
2026-01-31 09:15:00,counter,hash_brown,1,1
2026-01-31 09:15:00,drive_thru,hash_brown,10,5
2026-01-31 09:30:00,counter,breakfast_wrap,2,2
2026-01-31 09:30:00,counter,hash_brown,1,1
2026-01-31 09:30:00,delivery,breakfast_wrap,1,1
2026-01-31 09:30:00,delivery,hash_brown,3,3
2026-01-31 09:30:00,drive_thru,breakfast_wrap,1,1
2026-01-31 09:45:00,counter,breakfast_wrap,2,2
2026-01-31 09:45:00,counter,hash_brown,2,1
2026-01-31 09:45:00,delivery,hash_brown,4,1
2026-01-31 09:45:00,drive_thru,breakfast_wrap,2,2
2026-01-31 09:45:00,drive_thru,hash_brown,1,1
2026-01-31 10:00:00,delivery,breakfast_wrap,2,2
2026-01-31 10:00:00,drive_thru,hash_brown,2,1
2026-01-31 10:15:00,delivery,breakfast_wrap,1,1
2026-01-31 10:15:00,drive_thru,breakfast_wrap,1,1
2026-01-31 10:45:00,counter,breakfast_wrap,2,1
2026-01-31 10:45:00,delivery,breakfast_wrap,1,1
2026-01-31 10:45:00,delivery,hash_brown,2,2
2026-01-31 10:45:00,drive_thru,hash_brown,2,2
2026-01-31 11:00:00,drive_thru,chicken_tenders,2,1
2026-01-31 11:00:00,drive_thru,fries,1,1
2026-01-31 11:15:00,counter,chicken_tenders,1,1
2026-01-31 11:15:00,counter,fries,1,1
2026-01-31 11:15:00,drive_thru,chicken_tenders,2,1
2026-01-31 11:15:00,drive_thru,fries,1,1
2026-01-31 11:30:00,counter,chicken_tenders,2,2
2026-01-31 11:30:00,counter,fries,1,1
2026-01-31 11:30:00,delivery,chicken_tenders,1,1
2026-01-31 11:30:00,drive_thru,chicken_tenders,1,1
2026-01-31 11:45:00,counter,chicken_tenders,1,1
2026-01-31 12:00:00,counter,chicken_tenders,2,2
2026-01-31 12:00:00,counter,fries,2,2
2026-01-31 12:15:00,counter,chicken_tenders,7,5
2026-01-31 12:15:00,counter,fries,2,2
2026-01-31 12:15:00,delivery,chicken_tenders,2,1
2026-01-31 12:15:00,drive_thru,chicken_tenders,1,1
2026-01-31 12:15:00,drive_thru,fries,4,2
2026-01-31 12:30:00,counter,chicken_tenders,3,3
2026-01-31 12:30:00,counter,fries,6,4
2026-01-31 12:30:00,delivery,chicken_tenders,4,3
2026-01-31 12:30:00,delivery,fries,2,2
2026-01-31 12:30:00,drive_thru,fries,2,2
2026-01-31 12:45:00,counter,fries,2,2
2026-01-31 12:45:00,delivery,chicken_tenders,1,1
2026-01-31 12:45:00,delivery,fries,1,1
2026-01-31 12:45:00,drive_thru,chicken_tenders,3,2
2026-01-31 12:45:00,drive_thru,fries,1,1
2026-01-31 13:00:00,counter,chicken_tenders,1,1
2026-01-31 13:00:00,counter,fries,1,1
2026-01-31 13:00:00,delivery,fries,1,1
2026-01-31 13:00:00,drive_thru,chicken_tenders,2,1
2026-01-31 13:00:00,drive_thru,fries,2,1
2026-01-31 13:15:00,delivery,fries,3,2
2026-01-31 13:15:00,drive_thru,chicken_tenders,10,7
2026-01-31 13:15:00,drive_thru,fries,3,3
2026-01-31 13:30:00,counter,chicken_tenders,2,2
2026-01-31 13:45:00,counter,chicken_tenders,3,3
2026-01-31 13:45:00,counter,fries,3,2
2026-01-31 13:45:00,delivery,chicken_tenders,1,1
2026-01-31 13:45:00,delivery,fries,1,1
2026-01-31 13:45:00,drive_thru,chicken_tenders,1,1
2026-01-31 13:45:00,drive_thru,fries,1,1
2026-01-31 14:15:00,delivery,chicken_tenders,1,1
2026-01-31 14:15:00,delivery,fries,2,2
2026-01-31 14:15:00,drive_thru,fries,1,1
2026-01-31 14:30:00,delivery,chicken_tenders,1,1
2026-01-31 14:30:00,drive_thru,chicken_tenders,1,1
2026-01-31 14:30:00,drive_thru,fries,1,1
2026-01-31 14:45:00,delivery,chicken_tenders,1,1
2026-01-31 15:00:00,delivery,chicken_tenders,2,2
2026-01-31 15:00:00,drive_thru,chicken_tenders,1,1
2026-01-31 15:00:00,drive_thru,fries,1,1
2026-01-31 15:15:00,drive_thru,chicken_tenders,1,1
2026-01-31 15:15:00,drive_thru,fries,2,2
2026-01-31 15:30:00,counter,fries,3,1
2026-01-31 15:30:00,drive_thru,chicken_tenders,4,2
2026-01-31 15:45:00,counter,chicken_tenders,3,2
2026-01-31 15:45:00,counter,fries,2,2
2026-01-31 15:45:00,delivery,chicken_tenders,4,1
2026-01-31 15:45:00,drive_thru,chicken_tenders,2,1
2026-01-31 15:45:00,drive_thru,fries,2,1
2026-01-31 16:00:00,delivery,fries,1,1
2026-01-31 16:15:00,counter,chicken_tenders,1,1
2026-01-31 16:15:00,drive_thru,fries,1,1
2026-01-31 16:30:00,counter,chicken_tenders,2,1
2026-01-31 16:30:00,counter,fries,2,2
2026-01-31 16:45:00,counter,chicken_tenders,1,1
2026-01-31 16:45:00,drive_thru,chicken_tenders,2,2
2026-01-31 16:45:00,drive_thru,fries,1,1
2026-01-31 17:00:00,counter,chicken_tenders,2,1
2026-01-31 17:00:00,counter,fries,2,1
2026-01-31 17:00:00,drive_thru,fries,1,1
2026-01-31 17:15:00,counter,chicken_tenders,3,2
2026-01-31 17:15:00,counter,fries,4,3
2026-01-31 17:15:00,delivery,chicken_tenders,1,1
2026-01-31 17:15:00,delivery,fries,1,1
2026-01-31 17:15:00,drive_thru,fries,1,1
2026-01-31 17:30:00,counter,chicken_tenders,2,2
2026-01-31 17:30:00,counter,fries,2,2
2026-01-31 17:30:00,delivery,chicken_tenders,3,2
2026-01-31 17:30:00,drive_thru,chicken_tenders,4,2
2026-01-31 17:45:00,counter,chicken_tenders,4,3
2026-01-31 17:45:00,delivery,chicken_tenders,1,1
2026-01-31 17:45:00,delivery,fries,1,1
2026-01-31 17:45:00,drive_thru,chicken_tenders,1,1
2026-01-31 18:00:00,counter,chicken_tenders,1,1
2026-01-31 18:00:00,counter,fries,2,1
2026-01-31 18:00:00,drive_thru,fries,1,1
2026-01-31 18:15:00,counter,fries,1,1
2026-01-31 18:15:00,delivery,fries,1,1
2026-01-31 18:15:00,drive_thru,chicken_tenders,1,1
2026-01-31 18:30:00,counter,chicken_tenders,9,5
2026-01-31 18:30:00,counter,fries,3,2
2026-01-31 18:30:00,delivery,chicken_tenders,1,1
2026-01-31 18:30:00,delivery,fries,1,1
2026-01-31 18:30:00,drive_thru,chicken_tenders,1,1
2026-01-31 18:30:00,drive_thru,fries,6,5
2026-01-31 18:45:00,counter,fries,1,1
2026-01-31 18:45:00,delivery,chicken_tenders,1,1
2026-01-31 18:45:00,delivery,fries,1,1
2026-01-31 18:45:00,drive_thru,chicken_tenders,1,1
2026-01-31 18:45:00,drive_thru,fries,2,2
2026-01-31 19:00:00,counter,chicken_tenders,4,4
2026-01-31 19:00:00,counter,fries,1,1
2026-01-31 19:00:00,delivery,fries,1,1
2026-01-31 19:00:00,drive_thru,chicken_tenders,2,2
2026-01-31 19:00:00,drive_thru,fries,1,1
2026-01-31 19:15:00,counter,chicken_tenders,3,3
2026-01-31 19:15:00,counter,fries,1,1
2026-01-31 19:15:00,delivery,chicken_tenders,2,2
2026-01-31 19:15:00,delivery,fries,1,1
2026-01-31 19:15:00,drive_thru,chicken_tenders,2,2
2026-01-31 19:30:00,counter,chicken_tenders,1,1
2026-01-31 19:30:00,delivery,fries,2,1
2026-01-31 19:30:00,drive_thru,chicken_tenders,2,2
2026-01-31 19:45:00,drive_thru,fries,1,1
2026-01-31 20:00:00,drive_thru,fries,1,1
2026-01-31 20:15:00,counter,chicken_tenders,4,3
2026-01-31 20:15:00,counter,fries,2,1
2026-01-31 20:15:00,drive_thru,chicken_tenders,1,1
2026-01-31 20:15:00,drive_thru,fries,1,1
2026-01-31 20:30:00,delivery,chicken_tenders,3,2
2026-01-31 20:45:00,counter,chicken_tenders,4,2
2026-01-31 20:45:00,delivery,fries,2,1
2026-01-31 20:45:00,drive_thru,fries,1,1
2026-01-31 21:00:00,counter,chicken_tenders,3,3
2026-01-31 21:00:00,delivery,chicken_tenders,1,1
2026-01-31 21:00:00,delivery,fries,1,1
2026-01-31 21:30:00,counter,fries,1,1
2026-01-31 21:30:00,drive_thru,chicken_tenders,2,2
2026-01-31 21:30:00,drive_thru,fries,2,2
2026-01-31 21:45:00,counter,chicken_tenders,2,1
2026-01-31 21:45:00,counter,fries,2,2
2026-01-31 21:45:00,drive_thru,chicken_tenders,1,1
2026-01-31 21:45:00,drive_thru,fries,1,1
2026-01-31 22:00:00,delivery,fries,1,1
2026-02-01 06:00:00,counter,hash_brown,1,1
2026-02-01 06:00:00,delivery,hash_brown,1,1
2026-02-01 06:15:00,counter,breakfast_wrap,1,1
2026-02-01 06:15:00,counter,hash_brown,1,1
2026-02-01 06:15:00,drive_thru,breakfast_wrap,2,2
2026-02-01 06:15:00,drive_thru,hash_brown,2,1
2026-02-01 06:30:00,counter,hash_brown,3,1
2026-02-01 06:45:00,counter,breakfast_wrap,1,1
2026-02-01 07:00:00,counter,breakfast_wrap,1,1
2026-02-01 07:00:00,delivery,breakfast_wrap,2,1
2026-02-01 07:15:00,counter,breakfast_wrap,1,1
2026-02-01 07:15:00,counter,hash_brown,2,2
2026-02-01 07:15:00,drive_thru,breakfast_wrap,4,4
2026-02-01 07:15:00,drive_thru,hash_brown,3,3
2026-02-01 07:30:00,counter,breakfast_wrap,2,1
2026-02-01 07:30:00,counter,hash_brown,3,1
2026-02-01 07:30:00,delivery,hash_brown,1,1
2026-02-01 07:30:00,drive_thru,breakfast_wrap,2,2
2026-02-01 07:30:00,drive_thru,hash_brown,1,1
2026-02-01 07:45:00,counter,breakfast_wrap,1,1
2026-02-01 07:45:00,counter,hash_brown,1,1
2026-02-01 07:45:00,delivery,breakfast_wrap,1,1
2026-02-01 07:45:00,delivery,hash_brown,1,1
2026-02-01 07:45:00,drive_thru,breakfast_wrap,2,1
2026-02-01 08:00:00,counter,breakfast_wrap,3,1
2026-02-01 08:00:00,counter,hash_brown,3,1
2026-02-01 08:00:00,delivery,breakfast_wrap,1,1
2026-02-01 08:00:00,drive_thru,breakfast_wrap,1,1
2026-02-01 08:00:00,drive_thru,hash_brown,1,1
2026-02-01 08:15:00,drive_thru,breakfast_wrap,4,2
2026-02-01 08:15:00,drive_thru,hash_brown,1,1
2026-02-01 08:30:00,counter,breakfast_wrap,2,2
2026-02-01 08:30:00,counter,hash_brown,4,3
2026-02-01 08:30:00,delivery,breakfast_wrap,2,1
2026-02-01 08:30:00,delivery,hash_brown,1,1
2026-02-01 08:30:00,drive_thru,breakfast_wrap,1,1
2026-02-01 08:30:00,drive_thru,hash_brown,2,2
2026-02-01 08:45:00,counter,breakfast_wrap,1,1
2026-02-01 08:45:00,counter,hash_brown,3,3
2026-02-01 08:45:00,delivery,breakfast_wrap,1,1
2026-02-01 08:45:00,delivery,hash_brown,2,2
2026-02-01 08:45:00,drive_thru,breakfast_wrap,1,1
2026-02-01 08:45:00,drive_thru,hash_brown,3,2
2026-02-01 09:00:00,counter,hash_brown,2,1
2026-02-01 09:00:00,delivery,breakfast_wrap,2,2
2026-02-01 09:00:00,delivery,hash_brown,2,1
2026-02-01 09:00:00,drive_thru,breakfast_wrap,1,1
2026-02-01 09:15:00,counter,breakfast_wrap,1,1
2026-02-01 09:15:00,counter,hash_brown,3,2
2026-02-01 09:15:00,delivery,hash_brown,2,2
2026-02-01 09:30:00,counter,breakfast_wrap,1,1
2026-02-01 09:30:00,counter,hash_brown,2,2
2026-02-01 09:30:00,delivery,hash_brown,2,1
2026-02-01 09:30:00,drive_thru,breakfast_wrap,1,1
2026-02-01 09:45:00,counter,breakfast_wrap,4,4
2026-02-01 09:45:00,counter,hash_brown,4,2
2026-02-01 09:45:00,delivery,breakfast_wrap,5,3
2026-02-01 09:45:00,delivery,hash_brown,2,1
2026-02-01 09:45:00,drive_thru,breakfast_wrap,1,1
2026-02-01 10:00:00,counter,breakfast_wrap,2,1
2026-02-01 10:00:00,counter,hash_brown,2,2
2026-02-01 10:00:00,delivery,breakfast_wrap,2,1
2026-02-01 10:00:00,drive_thru,breakfast_wrap,1,1
2026-02-01 10:00:00,drive_thru,hash_brown,1,1
2026-02-01 10:15:00,counter,breakfast_wrap,2,2
2026-02-01 10:15:00,drive_thru,breakfast_wrap,1,1
2026-02-01 10:15:00,drive_thru,hash_brown,1,1
2026-02-01 10:30:00,drive_thru,breakfast_wrap,1,1
2026-02-01 10:30:00,drive_thru,hash_brown,1,1
2026-02-01 10:45:00,counter,breakfast_wrap,1,1
2026-02-01 10:45:00,counter,hash_brown,1,1
2026-02-01 11:00:00,drive_thru,fries,2,1
2026-02-01 11:15:00,drive_thru,chicken_tenders,1,1
2026-02-01 12:00:00,counter,chicken_tenders,3,2
2026-02-01 12:00:00,counter,fries,3,3
2026-02-01 12:00:00,drive_thru,chicken_tenders,3,2
2026-02-01 12:00:00,drive_thru,fries,5,3
2026-02-01 12:15:00,counter,chicken_tenders,1,1
2026-02-01 12:15:00,counter,fries,5,4
2026-02-01 12:15:00,delivery,fries,1,1
2026-02-01 12:15:00,drive_thru,chicken_tenders,1,1
2026-02-01 12:30:00,counter,fries,2,2
2026-02-01 12:30:00,delivery,chicken_tenders,2,1
2026-02-01 12:30:00,delivery,fries,2,1
2026-02-01 12:45:00,counter,chicken_tenders,2,2
2026-02-01 12:45:00,counter,fries,9,5
2026-02-01 12:45:00,delivery,chicken_tenders,2,1
2026-02-01 12:45:00,delivery,fries,1,1
2026-02-01 12:45:00,drive_thru,chicken_tenders,4,2
2026-02-01 12:45:00,drive_thru,fries,1,1
2026-02-01 13:00:00,delivery,chicken_tenders,1,1
2026-02-01 13:00:00,drive_thru,chicken_tenders,1,1
2026-02-01 13:00:00,drive_thru,fries,3,2
2026-02-01 13:15:00,counter,chicken_tenders,5,3
2026-02-01 13:15:00,counter,fries,3,2
2026-02-01 13:15:00,delivery,chicken_tenders,3,2
2026-02-01 13:15:00,delivery,fries,1,1
2026-02-01 13:15:00,drive_thru,fries,1,1
2026-02-01 13:30:00,counter,chicken_tenders,1,1
2026-02-01 13:30:00,counter,fries,3,2
2026-02-01 13:30:00,delivery,fries,1,1
2026-02-01 13:30:00,drive_thru,chicken_tenders,1,1
2026-02-01 13:30:00,drive_thru,fries,1,1
2026-02-01 13:45:00,counter,chicken_tenders,1,1
2026-02-01 13:45:00,counter,fries,2,2
2026-02-01 13:45:00,drive_thru,fries,2,1
2026-02-01 14:00:00,counter,chicken_tenders,4,2
2026-02-01 14:00:00,drive_thru,chicken_tenders,1,1
2026-02-01 14:00:00,drive_thru,fries,1,1
2026-02-01 14:15:00,counter,fries,1,1
2026-02-01 14:15:00,delivery,fries,1,1
2026-02-01 14:15:00,drive_thru,chicken_tenders,1,1
2026-02-01 14:15:00,drive_thru,fries,3,2
2026-02-01 14:45:00,counter,chicken_tenders,1,1
2026-02-01 14:45:00,counter,fries,1,1
2026-02-01 15:00:00,counter,chicken_tenders,1,1
2026-02-01 15:00:00,counter,fries,1,1
2026-02-01 15:00:00,drive_thru,chicken_tenders,1,1
2026-02-01 15:15:00,counter,chicken_tenders,1,1
2026-02-01 15:15:00,counter,fries,2,1
2026-02-01 15:15:00,delivery,chicken_tenders,1,1
2026-02-01 15:15:00,delivery,fries,1,1
2026-02-01 15:15:00,drive_thru,chicken_tenders,1,1
2026-02-01 15:15:00,drive_thru,fries,5,3
2026-02-01 15:30:00,counter,chicken_tenders,1,1
2026-02-01 15:30:00,counter,fries,4,3
2026-02-01 15:45:00,counter,fries,1,1
2026-02-01 15:45:00,drive_thru,fries,2,1
2026-02-01 16:00:00,counter,fries,1,1
2026-02-01 16:00:00,delivery,chicken_tenders,3,2
2026-02-01 16:00:00,delivery,fries,1,1
2026-02-01 16:00:00,drive_thru,chicken_tenders,2,1
2026-02-01 16:15:00,counter,fries,2,2
2026-02-01 16:30:00,counter,chicken_tenders,1,1
2026-02-01 16:30:00,counter,fries,1,1
2026-02-01 16:30:00,drive_thru,chicken_tenders,2,1
2026-02-01 16:45:00,delivery,chicken_tenders,2,2
2026-02-01 16:45:00,delivery,fries,5,2
2026-02-01 17:00:00,counter,chicken_tenders,1,1
2026-02-01 17:00:00,delivery,fries,2,1
2026-02-01 17:15:00,counter,fries,2,1
2026-02-01 17:15:00,delivery,chicken_tenders,2,1
2026-02-01 17:15:00,delivery,fries,1,1
2026-02-01 17:30:00,counter,chicken_tenders,1,1
2026-02-01 17:30:00,counter,fries,1,1
2026-02-01 17:30:00,delivery,chicken_tenders,2,1
2026-02-01 17:45:00,counter,chicken_tenders,1,1
2026-02-01 17:45:00,counter,fries,3,3
2026-02-01 17:45:00,drive_thru,chicken_tenders,2,1
2026-02-01 18:00:00,counter,chicken_tenders,5,4
2026-02-01 18:00:00,counter,fries,3,3
2026-02-01 18:00:00,drive_thru,fries,1,1
2026-02-01 18:15:00,counter,chicken_tenders,2,2
2026-02-01 18:15:00,counter,fries,1,1
2026-02-01 18:15:00,delivery,chicken_tenders,2,1
2026-02-01 18:15:00,drive_thru,chicken_tenders,1,1
2026-02-01 18:30:00,counter,fries,1,1
2026-02-01 18:30:00,delivery,chicken_tenders,2,1
2026-02-01 18:30:00,delivery,fries,1,1
2026-02-01 18:30:00,drive_thru,fries,1,1
2026-02-01 18:45:00,counter,chicken_tenders,2,2
2026-02-01 18:45:00,counter,fries,3,1
2026-02-01 18:45:00,drive_thru,chicken_tenders,2,1
2026-02-01 19:00:00,counter,chicken_tenders,1,1
2026-02-01 19:00:00,counter,fries,1,1
2026-02-01 19:00:00,delivery,chicken_tenders,2,2
2026-02-01 19:00:00,delivery,fries,1,1
2026-02-01 19:00:00,drive_thru,chicken_tenders,1,1
2026-02-01 19:00:00,drive_thru,fries,2,1
2026-02-01 19:15:00,counter,chicken_tenders,1,1
2026-02-01 19:15:00,counter,fries,1,1
2026-02-01 19:15:00,drive_thru,chicken_tenders,2,2
2026-02-01 19:15:00,drive_thru,fries,2,2
2026-02-01 19:30:00,counter,chicken_tenders,1,1
2026-02-01 19:30:00,counter,fries,4,3
2026-02-01 19:30:00,delivery,chicken_tenders,1,1
2026-02-01 19:30:00,delivery,fries,5,2
2026-02-01 19:30:00,drive_thru,chicken_tenders,2,2
2026-02-01 19:45:00,counter,chicken_tenders,4,4
2026-02-01 19:45:00,counter,fries,3,3
2026-02-01 19:45:00,delivery,chicken_tenders,2,1
2026-02-01 19:45:00,delivery,fries,2,1
2026-02-01 19:45:00,drive_thru,chicken_tenders,2,1
2026-02-01 19:45:00,drive_thru,fries,1,1
2026-02-01 20:00:00,counter,fries,1,1
2026-02-01 20:15:00,counter,chicken_tenders,2,2
2026-02-01 20:15:00,counter,fries,1,1
2026-02-01 20:30:00,counter,chicken_tenders,2,1
2026-02-01 20:30:00,counter,fries,1,1
2026-02-01 20:30:00,delivery,chicken_tenders,3,2
2026-02-01 20:30:00,delivery,fries,1,1
2026-02-01 20:30:00,drive_thru,chicken_tenders,1,1
2026-02-01 20:30:00,drive_thru,fries,5,2
2026-02-01 20:45:00,counter,chicken_tenders,3,2
2026-02-01 20:45:00,counter,fries,1,1
2026-02-01 20:45:00,delivery,fries,2,1
2026-02-01 20:45:00,drive_thru,chicken_tenders,1,1
2026-02-01 21:00:00,counter,chicken_tenders,1,1
2026-02-01 21:00:00,counter,fries,1,1
2026-02-01 21:00:00,drive_thru,chicken_tenders,1,1
2026-02-01 21:15:00,counter,chicken_tenders,1,1
2026-02-01 21:15:00,delivery,chicken_tenders,1,1
2026-02-01 21:15:00,delivery,fries,1,1
2026-02-01 21:30:00,drive_thru,chicken_tenders,1,1
2026-02-01 21:30:00,drive_thru,fries,1,1
2026-02-01 21:45:00,delivery,chicken_tenders,3,1
2026-02-02 06:00:00,counter,breakfast_wrap,1,1
2026-02-02 06:00:00,delivery,hash_brown,1,1
2026-02-02 06:00:00,drive_thru,hash_brown,1,1
2026-02-02 06:15:00,counter,breakfast_wrap,1,1
2026-02-02 06:15:00,counter,hash_brown,1,1
2026-02-02 06:15:00,delivery,hash_brown,1,1
2026-02-02 06:30:00,counter,breakfast_wrap,1,1
2026-02-02 06:30:00,drive_thru,breakfast_wrap,2,1
2026-02-02 06:30:00,drive_thru,hash_brown,2,2
2026-02-02 06:45:00,counter,breakfast_wrap,2,1
2026-02-02 06:45:00,delivery,breakfast_wrap,2,1
2026-02-02 06:45:00,drive_thru,breakfast_wrap,1,1
2026-02-02 06:45:00,drive_thru,hash_brown,1,1
2026-02-02 07:00:00,counter,breakfast_wrap,4,2
2026-02-02 07:00:00,counter,hash_brown,3,2
2026-02-02 07:00:00,delivery,breakfast_wrap,3,2
2026-02-02 07:00:00,delivery,hash_brown,2,1
2026-02-02 07:15:00,counter,breakfast_wrap,1,1
2026-02-02 07:15:00,counter,hash_brown,1,1
2026-02-02 07:15:00,delivery,breakfast_wrap,1,1
2026-02-02 07:15:00,drive_thru,breakfast_wrap,1,1
2026-02-02 07:15:00,drive_thru,hash_brown,2,2
2026-02-02 07:30:00,counter,breakfast_wrap,3,2
2026-02-02 07:30:00,drive_thru,breakfast_wrap,1,1
2026-02-02 07:30:00,drive_thru,hash_brown,1,1
2026-02-02 07:45:00,counter,breakfast_wrap,2,2
2026-02-02 07:45:00,delivery,breakfast_wrap,2,2
2026-02-02 07:45:00,delivery,hash_brown,4,2
2026-02-02 07:45:00,drive_thru,breakfast_wrap,1,1
2026-02-02 07:45:00,drive_thru,hash_brown,2,2
2026-02-02 08:00:00,counter,breakfast_wrap,5,3
2026-02-02 08:00:00,counter,hash_brown,1,1
2026-02-02 08:00:00,drive_thru,breakfast_wrap,3,2
2026-02-02 08:15:00,counter,breakfast_wrap,2,1
2026-02-02 08:15:00,delivery,breakfast_wrap,1,1
2026-02-02 08:15:00,delivery,hash_brown,3,2
2026-02-02 08:15:00,drive_thru,hash_brown,1,1
2026-02-02 08:30:00,counter,breakfast_wrap,1,1
2026-02-02 08:30:00,counter,hash_brown,1,1
2026-02-02 08:30:00,delivery,breakfast_wrap,2,1
2026-02-02 08:30:00,drive_thru,breakfast_wrap,1,1
2026-02-02 08:30:00,drive_thru,hash_brown,1,1
2026-02-02 08:45:00,counter,breakfast_wrap,1,1
2026-02-02 08:45:00,counter,hash_brown,2,1
2026-02-02 08:45:00,delivery,breakfast_wrap,1,1
2026-02-02 08:45:00,delivery,hash_brown,2,1
2026-02-02 08:45:00,drive_thru,breakfast_wrap,2,1
2026-02-02 08:45:00,drive_thru,hash_brown,3,2
2026-02-02 09:00:00,counter,breakfast_wrap,3,3
2026-02-02 09:00:00,counter,hash_brown,1,1
2026-02-02 09:00:00,drive_thru,breakfast_wrap,1,1
2026-02-02 09:00:00,drive_thru,hash_brown,1,1
2026-02-02 09:15:00,delivery,hash_brown,4,3
2026-02-02 09:30:00,delivery,hash_brown,2,2
2026-02-02 09:30:00,drive_thru,breakfast_wrap,1,1
2026-02-02 09:45:00,counter,breakfast_wrap,2,2
2026-02-02 09:45:00,counter,hash_brown,1,1
2026-02-02 09:45:00,delivery,breakfast_wrap,2,1
2026-02-02 09:45:00,drive_thru,breakfast_wrap,3,2
2026-02-02 10:00:00,delivery,hash_brown,1,1
2026-02-02 10:15:00,drive_thru,breakfast_wrap,1,1
2026-02-02 10:30:00,counter,hash_brown,1,1
2026-02-02 10:45:00,delivery,breakfast_wrap,1,1
2026-02-02 11:00:00,counter,fries,3,2
2026-02-02 11:00:00,drive_thru,chicken_tenders,2,1
2026-02-02 11:15:00,counter,chicken_tenders,3,3
2026-02-02 11:15:00,counter,fries,1,1
2026-02-02 11:30:00,counter,chicken_tenders,3,2
2026-02-02 11:45:00,counter,fries,2,1
2026-02-02 11:45:00,delivery,chicken_tenders,1,1
2026-02-02 11:45:00,delivery,fries,4,2
2026-02-02 12:00:00,counter,chicken_tenders,1,1
2026-02-02 12:00:00,counter,fries,2,1
2026-02-02 12:00:00,delivery,fries,1,1
2026-02-02 12:00:00,drive_thru,chicken_tenders,3,2
2026-02-02 12:00:00,drive_thru,fries,4,3
2026-02-02 12:15:00,counter,chicken_tenders,2,2
2026-02-02 12:15:00,counter,fries,3,2
2026-02-02 12:30:00,counter,fries,3,2
2026-02-02 12:30:00,drive_thru,chicken_tenders,2,2
2026-02-02 12:30:00,drive_thru,fries,3,2
2026-02-02 12:45:00,counter,chicken_tenders,3,2
2026-02-02 12:45:00,counter,fries,1,1
2026-02-02 12:45:00,delivery,fries,1,1
2026-02-02 12:45:00,drive_thru,chicken_tenders,1,1
2026-02-02 12:45:00,drive_thru,fries,1,1
2026-02-02 13:00:00,counter,chicken_tenders,1,1
2026-02-02 13:00:00,counter,fries,1,1
2026-02-02 13:00:00,delivery,fries,1,1
2026-02-02 13:00:00,drive_thru,chicken_tenders,3,2
2026-02-02 13:00:00,drive_thru,fries,2,1
2026-02-02 13:15:00,counter,chicken_tenders,1,1
2026-02-02 13:15:00,delivery,fries,3,3
2026-02-02 13:15:00,drive_thru,chicken_tenders,1,1
2026-02-02 13:15:00,drive_thru,fries,1,1
2026-02-02 13:30:00,counter,chicken_tenders,2,2
2026-02-02 13:30:00,delivery,chicken_tenders,1,1
2026-02-02 13:30:00,drive_thru,chicken_tenders,2,2
2026-02-02 13:45:00,counter,fries,1,1
2026-02-02 13:45:00,delivery,fries,3,1
2026-02-02 13:45:00,drive_thru,chicken_tenders,2,2
2026-02-02 13:45:00,drive_thru,fries,2,2
2026-02-02 14:00:00,counter,chicken_tenders,1,1
2026-02-02 14:00:00,delivery,chicken_tenders,1,1
2026-02-02 14:00:00,drive_thru,chicken_tenders,1,1
2026-02-02 14:15:00,counter,chicken_tenders,2,2
2026-02-02 14:30:00,counter,chicken_tenders,1,1
2026-02-02 14:30:00,drive_thru,chicken_tenders,2,1
2026-02-02 15:00:00,delivery,chicken_tenders,1,1
2026-02-02 15:00:00,drive_thru,chicken_tenders,1,1
2026-02-02 15:15:00,drive_thru,fries,2,1
2026-02-02 15:30:00,counter,fries,2,2
2026-02-02 15:30:00,delivery,chicken_tenders,1,1
2026-02-02 15:30:00,delivery,fries,1,1
2026-02-02 15:45:00,counter,chicken_tenders,3,2
2026-02-02 15:45:00,counter,fries,2,2
2026-02-02 15:45:00,drive_thru,chicken_tenders,1,1
2026-02-02 16:00:00,drive_thru,chicken_tenders,1,1
2026-02-02 16:00:00,drive_thru,fries,1,1
2026-02-02 16:30:00,counter,fries,1,1
2026-02-02 16:45:00,delivery,fries,1,1
2026-02-02 17:00:00,counter,chicken_tenders,2,1
2026-02-02 17:00:00,counter,fries,2,1
2026-02-02 17:00:00,drive_thru,chicken_tenders,2,2
2026-02-02 17:00:00,drive_thru,fries,2,2
2026-02-02 17:15:00,counter,chicken_tenders,3,2
2026-02-02 17:15:00,delivery,fries,4,3
2026-02-02 17:30:00,counter,chicken_tenders,6,4
2026-02-02 17:30:00,counter,fries,2,1
2026-02-02 17:30:00,drive_thru,fries,2,2
2026-02-02 17:45:00,counter,fries,2,1
2026-02-02 17:45:00,delivery,fries,3,2
2026-02-02 17:45:00,drive_thru,chicken_tenders,1,1
2026-02-02 17:45:00,drive_thru,fries,2,1
2026-02-02 18:00:00,counter,fries,1,1
2026-02-02 18:00:00,delivery,chicken_tenders,2,1
2026-02-02 18:00:00,delivery,fries,2,2
2026-02-02 18:15:00,counter,chicken_tenders,2,1
2026-02-02 18:15:00,delivery,fries,1,1
2026-02-02 18:30:00,delivery,chicken_tenders,2,1
2026-02-02 18:45:00,counter,fries,1,1
2026-02-02 18:45:00,delivery,chicken_tenders,1,1
2026-02-02 18:45:00,drive_thru,chicken_tenders,2,1
2026-02-02 18:45:00,drive_thru,fries,3,3
2026-02-02 19:00:00,counter,chicken_tenders,1,1
2026-02-02 19:00:00,counter,fries,4,3
2026-02-02 19:00:00,drive_thru,chicken_tenders,1,1
2026-02-02 19:15:00,counter,chicken_tenders,1,1
2026-02-02 19:15:00,counter,fries,1,1
2026-02-02 19:15:00,delivery,chicken_tenders,3,3
2026-02-02 19:15:00,delivery,fries,4,3
2026-02-02 19:15:00,drive_thru,chicken_tenders,1,1
2026-02-02 19:15:00,drive_thru,fries,1,1
2026-02-02 19:30:00,counter,chicken_tenders,1,1
2026-02-02 19:30:00,counter,fries,4,4
2026-02-02 19:30:00,delivery,chicken_tenders,1,1
2026-02-02 19:30:00,delivery,fries,1,1
2026-02-02 19:30:00,drive_thru,fries,2,1
2026-02-02 19:45:00,counter,chicken_tenders,1,1
2026-02-02 19:45:00,counter,fries,1,1
2026-02-02 19:45:00,drive_thru,chicken_tenders,3,2
2026-02-02 19:45:00,drive_thru,fries,3,2
2026-02-02 20:00:00,counter,fries,2,1
2026-02-02 20:00:00,delivery,chicken_tenders,1,1
2026-02-02 20:00:00,delivery,fries,2,2
2026-02-02 20:00:00,drive_thru,fries,2,1
2026-02-02 20:15:00,drive_thru,chicken_tenders,2,2
2026-02-02 20:30:00,counter,chicken_tenders,1,1
2026-02-02 20:30:00,counter,fries,1,1
2026-02-02 20:30:00,delivery,fries,4,2
2026-02-02 20:45:00,drive_thru,fries,1,1
2026-02-02 21:00:00,counter,chicken_tenders,1,1
2026-02-02 21:00:00,delivery,chicken_tenders,1,1
2026-02-02 21:00:00,drive_thru,chicken_tenders,2,2
2026-02-02 21:00:00,drive_thru,fries,2,1
2026-02-02 21:15:00,drive_thru,chicken_tenders,2,1
2026-02-02 21:30:00,counter,chicken_tenders,1,1
2026-02-02 21:30:00,counter,fries,1,1
2026-02-02 21:30:00,delivery,fries,1,1
2026-02-02 21:30:00,drive_thru,chicken_tenders,3,2
2026-02-02 21:30:00,drive_thru,fries,1,1
2026-02-02 21:45:00,counter,fries,2,1
2026-02-02 21:45:00,delivery,chicken_tenders,2,1
2026-02-02 21:45:00,delivery,fries,1,1
2026-02-02 21:45:00,drive_thru,chicken_tenders,1,1
2026-02-03 06:15:00,drive_thru,hash_brown,1,1
2026-02-03 06:30:00,delivery,breakfast_wrap,3,1
2026-02-03 06:30:00,drive_thru,breakfast_wrap,2,1
2026-02-03 06:30:00,drive_thru,hash_brown,3,2
2026-02-03 06:45:00,counter,hash_brown,1,1
2026-02-03 07:00:00,counter,hash_brown,3,3
2026-02-03 07:00:00,drive_thru,breakfast_wrap,2,2
2026-02-03 07:15:00,drive_thru,breakfast_wrap,1,1
2026-02-03 07:15:00,drive_thru,hash_brown,1,1
2026-02-03 07:30:00,counter,hash_brown,4,2
2026-02-03 07:30:00,delivery,breakfast_wrap,1,1
2026-02-03 07:30:00,delivery,hash_brown,2,2
2026-02-03 07:30:00,drive_thru,hash_brown,2,1
2026-02-03 07:45:00,counter,breakfast_wrap,3,2
2026-02-03 07:45:00,counter,hash_brown,5,3
2026-02-03 07:45:00,delivery,hash_brown,2,2
2026-02-03 07:45:00,drive_thru,breakfast_wrap,4,3
2026-02-03 07:45:00,drive_thru,hash_brown,4,4
2026-02-03 08:00:00,counter,breakfast_wrap,3,3
2026-02-03 08:00:00,counter,hash_brown,3,3
2026-02-03 08:00:00,delivery,breakfast_wrap,1,1
2026-02-03 08:00:00,delivery,hash_brown,1,1
2026-02-03 08:00:00,drive_thru,hash_brown,5,3
2026-02-03 08:15:00,counter,breakfast_wrap,5,5
2026-02-03 08:15:00,counter,hash_brown,2,2
2026-02-03 08:15:00,drive_thru,hash_brown,1,1
2026-02-03 08:30:00,counter,breakfast_wrap,2,2
2026-02-03 08:30:00,counter,hash_brown,1,1
2026-02-03 08:30:00,drive_thru,breakfast_wrap,2,2
2026-02-03 08:30:00,drive_thru,hash_brown,1,1
2026-02-03 08:45:00,counter,breakfast_wrap,1,1
2026-02-03 08:45:00,counter,hash_brown,5,2
2026-02-03 09:00:00,counter,breakfast_wrap,6,5
2026-02-03 09:00:00,counter,hash_brown,4,3
2026-02-03 09:00:00,delivery,breakfast_wrap,1,1
2026-02-03 09:00:00,delivery,hash_brown,2,2
2026-02-03 09:00:00,drive_thru,breakfast_wrap,2,1
2026-02-03 09:15:00,counter,breakfast_wrap,3,2
2026-02-03 09:15:00,counter,hash_brown,1,1
2026-02-03 09:15:00,delivery,breakfast_wrap,2,1
2026-02-03 09:15:00,delivery,hash_brown,1,1
2026-02-03 09:15:00,drive_thru,breakfast_wrap,1,1
2026-02-03 09:15:00,drive_thru,hash_brown,4,3
2026-02-03 09:30:00,counter,breakfast_wrap,4,3
2026-02-03 09:30:00,counter,hash_brown,2,1
2026-02-03 09:30:00,drive_thru,breakfast_wrap,1,1
2026-02-03 09:45:00,counter,hash_brown,1,1
2026-02-03 09:45:00,delivery,breakfast_wrap,2,2
2026-02-03 09:45:00,delivery,hash_brown,1,1
2026-02-03 09:45:00,drive_thru,breakfast_wrap,1,1
2026-02-03 10:00:00,counter,hash_brown,1,1
2026-02-03 10:00:00,delivery,breakfast_wrap,1,1
2026-02-03 10:00:00,drive_thru,breakfast_wrap,3,2
2026-02-03 10:00:00,drive_thru,hash_brown,2,1
2026-02-03 10:15:00,counter,breakfast_wrap,2,1
2026-02-03 10:15:00,counter,hash_brown,1,1
2026-02-03 10:15:00,delivery,hash_brown,1,1
2026-02-03 10:30:00,drive_thru,breakfast_wrap,1,1
2026-02-03 10:45:00,delivery,breakfast_wrap,1,1
2026-02-03 11:00:00,counter,fries,1,1
2026-02-03 11:15:00,counter,fries,1,1
2026-02-03 11:15:00,delivery,chicken_tenders,2,1
2026-02-03 11:30:00,counter,chicken_tenders,1,1
2026-02-03 11:30:00,drive_thru,chicken_tenders,2,1
2026-02-03 11:45:00,delivery,chicken_tenders,1,1
2026-02-03 11:45:00,delivery,fries,1,1
2026-02-03 12:00:00,counter,chicken_tenders,1,1
2026-02-03 12:00:00,counter,fries,1,1
2026-02-03 12:00:00,delivery,chicken_tenders,1,1
2026-02-03 12:00:00,delivery,fries,1,1
2026-02-03 12:00:00,drive_thru,chicken_tenders,1,1
2026-02-03 12:00:00,drive_thru,fries,3,3
2026-02-03 12:15:00,counter,fries,1,1
2026-02-03 12:15:00,drive_thru,fries,5,3
2026-02-03 12:30:00,counter,chicken_tenders,2,1
2026-02-03 12:30:00,counter,fries,2,1
2026-02-03 12:45:00,counter,chicken_tenders,2,2
2026-02-03 12:45:00,counter,fries,3,2
2026-02-03 12:45:00,delivery,fries,2,1
2026-02-03 12:45:00,drive_thru,chicken_tenders,2,2
2026-02-03 12:45:00,drive_thru,fries,7,4
2026-02-03 13:00:00,counter,chicken_tenders,4,4
2026-02-03 13:00:00,counter,fries,2,2
2026-02-03 13:00:00,delivery,chicken_tenders,5,3
2026-02-03 13:00:00,delivery,fries,1,1
2026-02-03 13:00:00,drive_thru,chicken_tenders,3,2
2026-02-03 13:00:00,drive_thru,fries,2,2
2026-02-03 13:15:00,delivery,chicken_tenders,2,2
2026-02-03 13:15:00,drive_thru,chicken_tenders,2,2
2026-02-03 13:15:00,drive_thru,fries,1,1
2026-02-03 13:30:00,counter,chicken_tenders,8,5
2026-02-03 13:30:00,counter,fries,4,4
2026-02-03 13:30:00,delivery,chicken_tenders,2,1
2026-02-03 13:30:00,drive_thru,fries,1,1
2026-02-03 13:45:00,counter,chicken_tenders,3,2
2026-02-03 13:45:00,counter,fries,1,1
2026-02-03 13:45:00,delivery,chicken_tenders,1,1
2026-02-03 13:45:00,delivery,fries,1,1
2026-02-03 13:45:00,drive_thru,chicken_tenders,3,2
2026-02-03 13:45:00,drive_thru,fries,2,2
2026-02-03 14:00:00,drive_thru,chicken_tenders,1,1
2026-02-03 14:30:00,drive_thru,fries,1,1
2026-02-03 14:45:00,counter,chicken_tenders,1,1
2026-02-03 14:45:00,delivery,fries,1,1
2026-02-03 14:45:00,drive_thru,chicken_tenders,1,1
2026-02-03 15:15:00,counter,fries,3,3
2026-02-03 15:15:00,drive_thru,chicken_tenders,1,1
2026-02-03 15:30:00,counter,chicken_tenders,1,1
2026-02-03 15:45:00,delivery,fries,3,1
2026-02-03 16:00:00,delivery,chicken_tenders,2,1
2026-02-03 16:00:00,delivery,fries,1,1
2026-02-03 16:15:00,drive_thru,fries,1,1
2026-02-03 16:30:00,drive_thru,chicken_tenders,3,2
2026-02-03 16:45:00,counter,chicken_tenders,3,2
2026-02-03 16:45:00,drive_thru,chicken_tenders,1,1
2026-02-03 17:00:00,counter,fries,1,1
2026-02-03 17:00:00,delivery,fries,2,1
2026-02-03 17:00:00,drive_thru,chicken_tenders,1,1
2026-02-03 17:00:00,drive_thru,fries,4,3
2026-02-03 17:15:00,delivery,chicken_tenders,1,1
2026-02-03 17:15:00,drive_thru,chicken_tenders,2,1
2026-02-03 17:30:00,drive_thru,chicken_tenders,3,2
2026-02-03 17:45:00,counter,chicken_tenders,1,1
2026-02-03 17:45:00,counter,fries,3,2
2026-02-03 17:45:00,drive_thru,chicken_tenders,2,2
2026-02-03 17:45:00,drive_thru,fries,2,2
2026-02-03 18:00:00,counter,chicken_tenders,3,2
2026-02-03 18:00:00,counter,fries,3,3
2026-02-03 18:00:00,delivery,fries,1,1
2026-02-03 18:15:00,counter,chicken_tenders,5,2
2026-02-03 18:15:00,counter,fries,1,1
2026-02-03 18:15:00,drive_thru,fries,1,1
2026-02-03 18:30:00,counter,fries,2,1
2026-02-03 18:30:00,delivery,chicken_tenders,3,2
2026-02-03 18:30:00,delivery,fries,4,3
2026-02-03 18:45:00,counter,fries,3,2
2026-02-03 18:45:00,delivery,chicken_tenders,1,1
2026-02-03 18:45:00,delivery,fries,2,1
2026-02-03 18:45:00,drive_thru,chicken_tenders,7,3
2026-02-03 18:45:00,drive_thru,fries,2,2
2026-02-03 19:00:00,counter,chicken_tenders,1,1
2026-02-03 19:00:00,drive_thru,chicken_tenders,1,1
2026-02-03 19:00:00,drive_thru,fries,3,2
2026-02-03 19:15:00,delivery,chicken_tenders,1,1
2026-02-03 19:15:00,drive_thru,fries,1,1
2026-02-03 19:30:00,counter,chicken_tenders,4,2
2026-02-03 19:30:00,delivery,chicken_tenders,2,1
2026-02-03 19:30:00,delivery,fries,2,2
2026-02-03 19:30:00,drive_thru,chicken_tenders,1,1
2026-02-03 19:45:00,counter,chicken_tenders,3,2
2026-02-03 19:45:00,counter,fries,1,1
2026-02-03 19:45:00,delivery,chicken_tenders,1,1
2026-02-03 19:45:00,drive_thru,fries,1,1
2026-02-03 20:00:00,delivery,fries,1,1
2026-02-03 20:00:00,drive_thru,chicken_tenders,1,1
2026-02-03 20:30:00,counter,fries,1,1
2026-02-03 20:45:00,counter,fries,1,1
2026-02-03 20:45:00,drive_thru,fries,2,1
2026-02-03 21:30:00,counter,chicken_tenders,1,1
2026-02-03 21:30:00,drive_thru,chicken_tenders,1,1
2026-02-03 21:30:00,drive_thru,fries,2,1
2026-02-03 21:45:00,drive_thru,chicken_tenders,1,1
2026-02-03 22:00:00,delivery,chicken_tenders,1,1
2026-02-04 06:15:00,counter,breakfast_wrap,1,1
2026-02-04 06:15:00,delivery,hash_brown,1,1
2026-02-04 06:15:00,drive_thru,hash_brown,1,1
2026-02-04 06:30:00,delivery,hash_brown,1,1
2026-02-04 06:30:00,drive_thru,hash_brown,1,1
2026-02-04 06:45:00,delivery,breakfast_wrap,2,2
2026-02-04 07:00:00,counter,breakfast_wrap,1,1
2026-02-04 07:00:00,counter,hash_brown,1,1
2026-02-04 07:00:00,delivery,breakfast_wrap,1,1
2026-02-04 07:00:00,drive_thru,breakfast_wrap,1,1
2026-02-04 07:00:00,drive_thru,hash_brown,4,3
2026-02-04 07:15:00,counter,hash_brown,1,1
2026-02-04 07:15:00,delivery,breakfast_wrap,1,1
2026-02-04 07:15:00,delivery,hash_brown,2,1
2026-02-04 07:15:00,drive_thru,breakfast_wrap,2,2
2026-02-04 07:45:00,delivery,breakfast_wrap,2,2
2026-02-04 07:45:00,delivery,hash_brown,1,1
2026-02-04 07:45:00,drive_thru,breakfast_wrap,2,2
2026-02-04 07:45:00,drive_thru,hash_brown,2,1
2026-02-04 08:00:00,counter,breakfast_wrap,1,1
2026-02-04 08:00:00,delivery,breakfast_wrap,1,1
2026-02-04 08:00:00,drive_thru,hash_brown,1,1
2026-02-04 08:15:00,counter,breakfast_wrap,10,5
2026-02-04 08:15:00,counter,hash_brown,3,2
2026-02-04 08:15:00,delivery,hash_brown,1,1
2026-02-04 08:15:00,drive_thru,breakfast_wrap,1,1
2026-02-04 08:30:00,counter,hash_brown,4,3
2026-02-04 08:30:00,delivery,breakfast_wrap,1,1
2026-02-04 08:45:00,counter,hash_brown,1,1
2026-02-04 08:45:00,drive_thru,breakfast_wrap,3,3
2026-02-04 08:45:00,drive_thru,hash_brown,2,2
2026-02-04 09:00:00,counter,hash_brown,1,1
2026-02-04 09:00:00,delivery,breakfast_wrap,1,1
2026-02-04 09:00:00,delivery,hash_brown,1,1
2026-02-04 09:00:00,drive_thru,breakfast_wrap,3,3
2026-02-04 09:15:00,counter,hash_brown,1,1
2026-02-04 09:15:00,delivery,breakfast_wrap,2,1
2026-02-04 09:15:00,drive_thru,breakfast_wrap,3,2
2026-02-04 09:15:00,drive_thru,hash_brown,1,1
2026-02-04 09:30:00,delivery,breakfast_wrap,1,1
2026-02-04 09:30:00,drive_thru,hash_brown,2,2
2026-02-04 09:45:00,drive_thru,breakfast_wrap,1,1
2026-02-04 10:00:00,counter,hash_brown,1,1
2026-02-04 10:15:00,counter,breakfast_wrap,4,3
2026-02-04 10:15:00,delivery,hash_brown,1,1
2026-02-04 10:30:00,counter,hash_brown,1,1
2026-02-04 10:45:00,delivery,hash_brown,2,1
2026-02-04 10:45:00,drive_thru,hash_brown,1,1
2026-02-04 11:00:00,counter,chicken_tenders,1,1
2026-02-04 11:15:00,counter,chicken_tenders,2,2
2026-02-04 11:15:00,drive_thru,chicken_tenders,1,1
2026-02-04 11:45:00,counter,fries,1,1
2026-02-04 11:45:00,delivery,chicken_tenders,1,1
2026-02-04 12:00:00,counter,chicken_tenders,2,1
2026-02-04 12:15:00,delivery,chicken_tenders,1,1
2026-02-04 12:15:00,delivery,fries,5,3
2026-02-04 12:15:00,drive_thru,chicken_tenders,3,3
2026-02-04 12:15:00,drive_thru,fries,1,1
2026-02-04 12:30:00,counter,chicken_tenders,1,1
2026-02-04 12:30:00,counter,fries,1,1
2026-02-04 12:30:00,delivery,chicken_tenders,3,2
2026-02-04 12:30:00,drive_thru,chicken_tenders,2,2
2026-02-04 12:30:00,drive_thru,fries,2,2
2026-02-04 12:45:00,counter,chicken_tenders,5,2
2026-02-04 12:45:00,counter,fries,4,3
2026-02-04 12:45:00,delivery,chicken_tenders,2,1
2026-02-04 12:45:00,delivery,fries,1,1
2026-02-04 13:00:00,counter,chicken_tenders,1,1
2026-02-04 13:00:00,counter,fries,3,2
2026-02-04 13:00:00,delivery,fries,1,1
2026-02-04 13:00:00,drive_thru,fries,3,3
2026-02-04 13:15:00,counter,chicken_tenders,3,2
2026-02-04 13:15:00,counter,fries,3,2
2026-02-04 13:15:00,delivery,chicken_tenders,1,1
2026-02-04 13:15:00,delivery,fries,2,1
2026-02-04 13:15:00,drive_thru,chicken_tenders,1,1
2026-02-04 13:15:00,drive_thru,fries,1,1
2026-02-04 13:30:00,counter,chicken_tenders,2,1
2026-02-04 13:30:00,counter,fries,1,1
2026-02-04 13:30:00,delivery,chicken_tenders,1,1
2026-02-04 13:30:00,delivery,fries,1,1
2026-02-04 13:30:00,drive_thru,chicken_tenders,3,3
2026-02-04 13:30:00,drive_thru,fries,7,5
2026-02-04 13:45:00,counter,chicken_tenders,2,2
2026-02-04 13:45:00,counter,fries,3,3
2026-02-04 13:45:00,delivery,fries,1,1
2026-02-04 13:45:00,drive_thru,fries,1,1
2026-02-04 14:00:00,delivery,fries,3,2
2026-02-04 14:15:00,counter,fries,1,1
2026-02-04 14:15:00,drive_thru,chicken_tenders,1,1
2026-02-04 14:15:00,drive_thru,fries,1,1
2026-02-04 14:30:00,delivery,fries,1,1
2026-02-04 14:30:00,drive_thru,fries,1,1
2026-02-04 14:45:00,delivery,fries,1,1
2026-02-04 14:45:00,drive_thru,chicken_tenders,2,1
2026-02-04 14:45:00,drive_thru,fries,3,2
2026-02-04 15:00:00,counter,chicken_tenders,1,1
2026-02-04 15:00:00,counter,fries,2,2
2026-02-04 15:15:00,drive_thru,fries,2,2
2026-02-04 16:00:00,counter,chicken_tenders,1,1
2026-02-04 16:00:00,drive_thru,chicken_tenders,3,2
2026-02-04 16:15:00,delivery,fries,1,1
2026-02-04 16:15:00,drive_thru,fries,1,1
2026-02-04 16:30:00,delivery,fries,1,1
2026-02-04 16:45:00,delivery,chicken_tenders,1,1
2026-02-04 16:45:00,delivery,fries,2,1
2026-02-04 17:00:00,counter,fries,1,1
2026-02-04 17:00:00,delivery,chicken_tenders,1,1
2026-02-04 17:00:00,drive_thru,chicken_tenders,3,3
2026-02-04 17:00:00,drive_thru,fries,4,4
2026-02-04 17:15:00,counter,chicken_tenders,2,1
2026-02-04 17:15:00,counter,fries,2,1
2026-02-04 17:15:00,delivery,chicken_tenders,2,1
2026-02-04 17:15:00,drive_thru,chicken_tenders,2,1
2026-02-04 17:15:00,drive_thru,fries,2,2
2026-02-04 17:30:00,counter,chicken_tenders,1,1
2026-02-04 17:30:00,counter,fries,2,2
2026-02-04 17:30:00,delivery,chicken_tenders,1,1
2026-02-04 17:30:00,drive_thru,chicken_tenders,4,2
2026-02-04 17:30:00,drive_thru,fries,1,1
2026-02-04 17:45:00,counter,chicken_tenders,1,1
2026-02-04 17:45:00,counter,fries,2,1
2026-02-04 17:45:00,delivery,chicken_tenders,2,2
2026-02-04 17:45:00,delivery,fries,1,1
2026-02-04 17:45:00,drive_thru,chicken_tenders,2,2
2026-02-04 17:45:00,drive_thru,fries,3,2
2026-02-04 18:00:00,counter,chicken_tenders,1,1
2026-02-04 18:00:00,counter,fries,1,1
2026-02-04 18:00:00,drive_thru,chicken_tenders,2,1
2026-02-04 18:00:00,drive_thru,fries,2,1
2026-02-04 18:15:00,delivery,fries,2,1
2026-02-04 18:15:00,drive_thru,chicken_tenders,1,1
2026-02-04 18:15:00,drive_thru,fries,1,1
2026-02-04 18:30:00,delivery,chicken_tenders,1,1
2026-02-04 18:30:00,drive_thru,chicken_tenders,1,1
2026-02-04 18:30:00,drive_thru,fries,2,2
2026-02-04 18:45:00,counter,chicken_tenders,1,1
2026-02-04 18:45:00,counter,fries,5,5
2026-02-04 18:45:00,delivery,chicken_tenders,1,1
2026-02-04 18:45:00,delivery,fries,2,1
2026-02-04 18:45:00,drive_thru,chicken_tenders,2,1
2026-02-04 19:00:00,counter,chicken_tenders,1,1
2026-02-04 19:00:00,counter,fries,4,2
2026-02-04 19:00:00,delivery,chicken_tenders,3,2
2026-02-04 19:00:00,drive_thru,chicken_tenders,3,2
2026-02-04 19:00:00,drive_thru,fries,2,2
2026-02-04 19:15:00,counter,chicken_tenders,1,1
2026-02-04 19:15:00,delivery,chicken_tenders,1,1
2026-02-04 19:15:00,drive_thru,chicken_tenders,3,2
2026-02-04 19:30:00,counter,chicken_tenders,2,2
2026-02-04 19:30:00,counter,fries,2,1
2026-02-04 19:30:00,drive_thru,fries,1,1
2026-02-04 19:45:00,counter,chicken_tenders,1,1
2026-02-04 19:45:00,counter,fries,8,4
2026-02-04 19:45:00,delivery,chicken_tenders,4,2
2026-02-04 19:45:00,delivery,fries,2,1
2026-02-04 19:45:00,drive_thru,chicken_tenders,2,1
2026-02-04 20:00:00,counter,fries,1,1
2026-02-04 20:00:00,drive_thru,chicken_tenders,1,1
2026-02-04 20:15:00,delivery,fries,1,1
2026-02-04 20:30:00,counter,chicken_tenders,1,1
2026-02-04 20:45:00,counter,chicken_tenders,3,2
2026-02-04 20:45:00,counter,fries,2,1
2026-02-04 20:45:00,delivery,chicken_tenders,2,1
2026-02-04 20:45:00,drive_thru,chicken_tenders,1,1
2026-02-04 20:45:00,drive_thru,fries,1,1
2026-02-04 21:00:00,counter,fries,2,1
2026-02-04 21:30:00,counter,chicken_tenders,1,1
2026-02-04 21:30:00,delivery,fries,1,1
2026-02-04 21:30:00,drive_thru,fries,2,1
2026-02-05 06:00:00,counter,breakfast_wrap,1,1
2026-02-05 06:00:00,drive_thru,breakfast_wrap,1,1
2026-02-05 06:00:00,drive_thru,hash_brown,2,1
2026-02-05 06:15:00,counter,breakfast_wrap,1,1
2026-02-05 06:15:00,drive_thru,breakfast_wrap,1,1
2026-02-05 06:30:00,counter,breakfast_wrap,1,1
2026-02-05 06:30:00,delivery,breakfast_wrap,2,1
2026-02-05 06:30:00,delivery,hash_brown,1,1
2026-02-05 06:30:00,drive_thru,breakfast_wrap,1,1
2026-02-05 06:45:00,counter,hash_brown,1,1
2026-02-05 06:45:00,delivery,breakfast_wrap,3,2
2026-02-05 06:45:00,delivery,hash_brown,3,2
2026-02-05 06:45:00,drive_thru,breakfast_wrap,2,2
2026-02-05 06:45:00,drive_thru,hash_brown,1,1
2026-02-05 07:00:00,counter,breakfast_wrap,1,1
2026-02-05 07:00:00,drive_thru,breakfast_wrap,2,2
2026-02-05 07:00:00,drive_thru,hash_brown,4,3
2026-02-05 07:15:00,counter,hash_brown,2,2
2026-02-05 07:15:00,delivery,breakfast_wrap,1,1
2026-02-05 07:15:00,delivery,hash_brown,2,1
2026-02-05 07:15:00,drive_thru,breakfast_wrap,3,1
2026-02-05 07:30:00,drive_thru,breakfast_wrap,1,1
2026-02-05 07:30:00,drive_thru,hash_brown,2,1
2026-02-05 07:45:00,counter,hash_brown,1,1
2026-02-05 07:45:00,delivery,hash_brown,3,1
2026-02-05 07:45:00,drive_thru,breakfast_wrap,3,1
2026-02-05 08:00:00,counter,hash_brown,2,2
2026-02-05 08:15:00,counter,breakfast_wrap,2,2
2026-02-05 08:15:00,counter,hash_brown,3,3
2026-02-05 08:15:00,delivery,hash_brown,4,2
2026-02-05 08:15:00,drive_thru,breakfast_wrap,1,1
2026-02-05 08:15:00,drive_thru,hash_brown,1,1
2026-02-05 08:30:00,delivery,breakfast_wrap,2,2
2026-02-05 08:30:00,drive_thru,hash_brown,3,2
2026-02-05 08:45:00,counter,breakfast_wrap,1,1
2026-02-05 08:45:00,counter,hash_brown,4,4
2026-02-05 08:45:00,drive_thru,hash_brown,1,1
2026-02-05 09:00:00,counter,breakfast_wrap,1,1
2026-02-05 09:00:00,delivery,breakfast_wrap,2,1
2026-02-05 09:00:00,delivery,hash_brown,3,2
2026-02-05 09:00:00,drive_thru,breakfast_wrap,1,1
2026-02-05 09:15:00,counter,breakfast_wrap,2,2
2026-02-05 09:15:00,counter,hash_brown,1,1
2026-02-05 09:15:00,delivery,hash_brown,1,1
2026-02-05 09:15:00,drive_thru,breakfast_wrap,2,2
2026-02-05 09:15:00,drive_thru,hash_brown,1,1
2026-02-05 09:30:00,counter,hash_brown,3,3
2026-02-05 09:30:00,delivery,breakfast_wrap,1,1
2026-02-05 09:30:00,drive_thru,breakfast_wrap,2,2
2026-02-05 09:30:00,drive_thru,hash_brown,1,1
2026-02-05 09:45:00,counter,breakfast_wrap,5,4
2026-02-05 09:45:00,counter,hash_brown,10,7
2026-02-05 09:45:00,delivery,breakfast_wrap,6,3
2026-02-05 09:45:00,delivery,hash_brown,1,1
2026-02-05 09:45:00,drive_thru,breakfast_wrap,2,1
2026-02-05 10:00:00,counter,breakfast_wrap,1,1
2026-02-05 10:00:00,counter,hash_brown,3,2
2026-02-05 10:00:00,delivery,hash_brown,1,1
2026-02-05 10:15:00,drive_thru,hash_brown,1,1
2026-02-05 10:30:00,counter,breakfast_wrap,1,1
2026-02-05 10:30:00,counter,hash_brown,1,1
2026-02-05 11:00:00,counter,chicken_tenders,2,1
2026-02-05 11:00:00,drive_thru,fries,1,1
2026-02-05 11:30:00,counter,chicken_tenders,2,1
2026-02-05 11:30:00,delivery,chicken_tenders,1,1
2026-02-05 11:45:00,counter,chicken_tenders,1,1
2026-02-05 11:45:00,delivery,chicken_tenders,2,1
2026-02-05 11:45:00,drive_thru,fries,1,1
2026-02-05 12:00:00,counter,fries,4,3
2026-02-05 12:00:00,delivery,chicken_tenders,1,1
2026-02-05 12:00:00,delivery,fries,2,1
2026-02-05 12:00:00,drive_thru,chicken_tenders,1,1
2026-02-05 12:00:00,drive_thru,fries,2,2
2026-02-05 12:15:00,counter,chicken_tenders,1,1
2026-02-05 12:15:00,drive_thru,fries,2,2
2026-02-05 12:30:00,counter,chicken_tenders,4,2
2026-02-05 12:30:00,counter,fries,6,3
2026-02-05 12:30:00,delivery,chicken_tenders,1,1
2026-02-05 12:30:00,drive_thru,chicken_tenders,4,3
2026-02-05 12:30:00,drive_thru,fries,3,3
2026-02-05 12:45:00,counter,chicken_tenders,2,2
2026-02-05 12:45:00,counter,fries,2,1
2026-02-05 12:45:00,delivery,chicken_tenders,1,1
2026-02-05 13:00:00,counter,chicken_tenders,3,2
2026-02-05 13:00:00,counter,fries,8,5
2026-02-05 13:00:00,delivery,fries,2,1
2026-02-05 13:15:00,counter,chicken_tenders,1,1
2026-02-05 13:15:00,counter,fries,1,1
2026-02-05 13:15:00,delivery,fries,4,2
2026-02-05 13:15:00,drive_thru,chicken_tenders,2,2
2026-02-05 13:15:00,drive_thru,fries,2,2
2026-02-05 13:30:00,counter,chicken_tenders,2,2
2026-02-05 13:30:00,counter,fries,1,1
2026-02-05 13:30:00,delivery,chicken_tenders,4,1
2026-02-05 13:30:00,delivery,fries,2,1
2026-02-05 13:30:00,drive_thru,chicken_tenders,2,2
2026-02-05 13:30:00,drive_thru,fries,2,2
2026-02-05 13:45:00,counter,chicken_tenders,3,3
2026-02-05 13:45:00,counter,fries,2,1
2026-02-05 13:45:00,delivery,chicken_tenders,1,1
2026-02-05 13:45:00,delivery,fries,2,2
2026-02-05 13:45:00,drive_thru,chicken_tenders,4,3
2026-02-05 13:45:00,drive_thru,fries,3,2
2026-02-05 14:00:00,counter,chicken_tenders,1,1
2026-02-05 14:00:00,delivery,chicken_tenders,1,1
2026-02-05 14:00:00,drive_thru,fries,2,1
2026-02-05 14:15:00,drive_thru,chicken_tenders,1,1
2026-02-05 14:15:00,drive_thru,fries,2,1
2026-02-05 14:30:00,counter,chicken_tenders,1,1
2026-02-05 14:30:00,counter,fries,1,1
2026-02-05 14:30:00,drive_thru,chicken_tenders,1,1
2026-02-05 14:30:00,drive_thru,fries,1,1
2026-02-05 14:45:00,delivery,fries,2,1
2026-02-05 14:45:00,drive_thru,fries,1,1
2026-02-05 15:00:00,delivery,chicken_tenders,1,1
2026-02-05 15:00:00,drive_thru,chicken_tenders,2,2
2026-02-05 15:00:00,drive_thru,fries,1,1
2026-02-05 15:15:00,delivery,fries,1,1
2026-02-05 15:30:00,counter,fries,2,1
2026-02-05 15:30:00,drive_thru,fries,5,2
2026-02-05 15:45:00,counter,fries,2,1
2026-02-05 15:45:00,delivery,fries,1,1
2026-02-05 16:15:00,counter,chicken_tenders,1,1
2026-02-05 16:15:00,delivery,chicken_tenders,1,1
2026-02-05 16:15:00,delivery,fries,1,1
2026-02-05 16:15:00,drive_thru,chicken_tenders,1,1
2026-02-05 16:30:00,delivery,chicken_tenders,1,1
2026-02-05 17:00:00,counter,fries,2,2
2026-02-05 17:00:00,delivery,chicken_tenders,1,1
2026-02-05 17:00:00,delivery,fries,2,1
2026-02-05 17:00:00,drive_thru,chicken_tenders,1,1
2026-02-05 17:00:00,drive_thru,fries,2,1
2026-02-05 17:15:00,counter,chicken_tenders,1,1
2026-02-05 17:15:00,delivery,fries,1,1
2026-02-05 17:15:00,drive_thru,chicken_tenders,1,1
2026-02-05 17:15:00,drive_thru,fries,1,1
2026-02-05 17:30:00,counter,chicken_tenders,3,3
2026-02-05 17:30:00,counter,fries,2,2
2026-02-05 17:30:00,delivery,fries,1,1
2026-02-05 17:30:00,drive_thru,chicken_tenders,1,1
2026-02-05 17:45:00,delivery,chicken_tenders,1,1
2026-02-05 17:45:00,delivery,fries,1,1
2026-02-05 17:45:00,drive_thru,chicken_tenders,1,1
2026-02-05 17:45:00,drive_thru,fries,3,1
2026-02-05 18:00:00,counter,fries,2,1
2026-02-05 18:00:00,drive_thru,fries,1,1
2026-02-05 18:15:00,delivery,fries,2,1
2026-02-05 18:15:00,drive_thru,fries,2,2
2026-02-05 18:30:00,counter,chicken_tenders,2,2
2026-02-05 18:30:00,counter,fries,3,2
2026-02-05 18:30:00,delivery,chicken_tenders,1,1
2026-02-05 18:30:00,delivery,fries,2,1
2026-02-05 18:30:00,drive_thru,chicken_tenders,2,1
2026-02-05 18:30:00,drive_thru,fries,1,1
2026-02-05 18:45:00,counter,chicken_tenders,1,1
2026-02-05 18:45:00,delivery,chicken_tenders,1,1
2026-02-05 18:45:00,delivery,fries,1,1
2026-02-05 18:45:00,drive_thru,chicken_tenders,1,1
2026-02-05 18:45:00,drive_thru,fries,2,1
2026-02-05 19:00:00,counter,chicken_tenders,1,1
2026-02-05 19:00:00,counter,fries,1,1
2026-02-05 19:00:00,delivery,chicken_tenders,2,1
2026-02-05 19:00:00,delivery,fries,1,1
2026-02-05 19:15:00,counter,chicken_tenders,2,2
2026-02-05 19:15:00,counter,fries,2,1
2026-02-05 19:15:00,delivery,fries,1,1
2026-02-05 19:15:00,drive_thru,chicken_tenders,2,2
2026-02-05 19:15:00,drive_thru,fries,2,1
2026-02-05 19:30:00,counter,fries,3,3
2026-02-05 19:30:00,delivery,chicken_tenders,1,1
2026-02-05 19:30:00,drive_thru,chicken_tenders,2,1
2026-02-05 19:45:00,counter,chicken_tenders,1,1
2026-02-05 19:45:00,counter,fries,3,3
2026-02-05 19:45:00,drive_thru,fries,2,2
2026-02-05 20:00:00,counter,chicken_tenders,2,1
2026-02-05 20:00:00,counter,fries,2,1
2026-02-05 20:00:00,drive_thru,chicken_tenders,2,2
2026-02-05 20:15:00,counter,chicken_tenders,2,1
2026-02-05 20:15:00,delivery,fries,2,1
2026-02-05 20:15:00,drive_thru,chicken_tenders,1,1
2026-02-05 20:15:00,drive_thru,fries,1,1
2026-02-05 20:30:00,counter,chicken_tenders,1,1
2026-02-05 20:30:00,counter,fries,1,1
2026-02-05 20:30:00,drive_thru,chicken_tenders,3,2
2026-02-05 20:45:00,counter,fries,3,2
2026-02-05 20:45:00,drive_thru,fries,2,2
2026-02-05 21:45:00,drive_thru,chicken_tenders,2,1
2026-02-06 06:15:00,delivery,breakfast_wrap,1,1
2026-02-06 06:45:00,counter,hash_brown,1,1
2026-02-06 07:00:00,counter,breakfast_wrap,2,1
2026-02-06 07:00:00,drive_thru,breakfast_wrap,2,1
2026-02-06 07:00:00,drive_thru,hash_brown,6,5
2026-02-06 07:15:00,counter,breakfast_wrap,1,1
2026-02-06 07:15:00,drive_thru,breakfast_wrap,2,2
2026-02-06 07:30:00,counter,breakfast_wrap,5,4
2026-02-06 07:30:00,counter,hash_brown,1,1
2026-02-06 07:30:00,delivery,breakfast_wrap,1,1
2026-02-06 07:30:00,delivery,hash_brown,1,1
2026-02-06 07:30:00,drive_thru,breakfast_wrap,2,1
2026-02-06 07:45:00,counter,breakfast_wrap,1,1
2026-02-06 07:45:00,counter,hash_brown,1,1
2026-02-06 07:45:00,drive_thru,breakfast_wrap,1,1
2026-02-06 08:00:00,delivery,breakfast_wrap,2,2
2026-02-06 08:00:00,delivery,hash_brown,1,1
2026-02-06 08:00:00,drive_thru,hash_brown,4,3
2026-02-06 08:15:00,counter,breakfast_wrap,1,1
2026-02-06 08:15:00,counter,hash_brown,3,2
2026-02-06 08:15:00,drive_thru,hash_brown,2,2
2026-02-06 08:30:00,counter,hash_brown,1,1
2026-02-06 08:30:00,delivery,breakfast_wrap,2,1
2026-02-06 08:30:00,delivery,hash_brown,1,1
2026-02-06 08:30:00,drive_thru,breakfast_wrap,2,2
2026-02-06 08:45:00,counter,breakfast_wrap,1,1
2026-02-06 08:45:00,delivery,breakfast_wrap,1,1
2026-02-06 08:45:00,drive_thru,breakfast_wrap,3,2
2026-02-06 09:00:00,counter,hash_brown,2,1
2026-02-06 09:00:00,delivery,breakfast_wrap,3,2
2026-02-06 09:00:00,delivery,hash_brown,1,1
2026-02-06 09:00:00,drive_thru,hash_brown,3,2
2026-02-06 09:15:00,counter,breakfast_wrap,3,3
2026-02-06 09:15:00,counter,hash_brown,5,4
2026-02-06 09:15:00,delivery,breakfast_wrap,2,1
2026-02-06 09:15:00,delivery,hash_brown,2,1
2026-02-06 09:15:00,drive_thru,breakfast_wrap,1,1
2026-02-06 09:30:00,counter,hash_brown,2,2
2026-02-06 09:30:00,delivery,breakfast_wrap,2,2
2026-02-06 09:30:00,drive_thru,breakfast_wrap,2,1
2026-02-06 09:45:00,counter,breakfast_wrap,4,3
2026-02-06 09:45:00,counter,hash_brown,5,4
2026-02-06 09:45:00,delivery,hash_brown,1,1
2026-02-06 09:45:00,drive_thru,breakfast_wrap,1,1
2026-02-06 09:45:00,drive_thru,hash_brown,1,1
2026-02-06 10:00:00,drive_thru,breakfast_wrap,2,2
2026-02-06 10:30:00,counter,breakfast_wrap,1,1
2026-02-06 10:45:00,drive_thru,breakfast_wrap,1,1
2026-02-06 10:45:00,drive_thru,hash_brown,1,1
2026-02-06 11:00:00,delivery,breakfast_wrap,1,1
2026-02-06 11:15:00,counter,fries,1,1
2026-02-06 11:15:00,drive_thru,chicken_tenders,1,1
2026-02-06 11:30:00,counter,chicken_tenders,1,1
2026-02-06 11:30:00,delivery,fries,1,1
2026-02-06 11:45:00,counter,chicken_tenders,3,2
2026-02-06 12:00:00,counter,chicken_tenders,2,2
2026-02-06 12:00:00,counter,fries,2,1
2026-02-06 12:00:00,delivery,chicken_tenders,1,1
2026-02-06 12:00:00,delivery,fries,1,1
2026-02-06 12:00:00,drive_thru,chicken_tenders,2,1
2026-02-06 12:15:00,counter,chicken_tenders,1,1
2026-02-06 12:15:00,delivery,chicken_tenders,1,1
2026-02-06 12:15:00,drive_thru,chicken_tenders,2,1
2026-02-06 12:30:00,counter,fries,2,1
2026-02-06 12:30:00,delivery,fries,2,2
2026-02-06 12:30:00,drive_thru,chicken_tenders,6,4
2026-02-06 12:30:00,drive_thru,fries,4,4
2026-02-06 12:45:00,counter,chicken_tenders,4,3
2026-02-06 12:45:00,counter,fries,3,2
2026-02-06 12:45:00,delivery,fries,1,1
2026-02-06 12:45:00,drive_thru,chicken_tenders,1,1
2026-02-06 12:45:00,drive_thru,fries,2,1
2026-02-06 13:00:00,counter,chicken_tenders,2,2
2026-02-06 13:00:00,counter,fries,2,2
2026-02-06 13:00:00,delivery,fries,1,1
2026-02-06 13:00:00,drive_thru,chicken_tenders,3,3
2026-02-06 13:00:00,drive_thru,fries,4,2
2026-02-06 13:15:00,counter,chicken_tenders,3,2
2026-02-06 13:15:00,counter,fries,2,1
2026-02-06 13:15:00,delivery,chicken_tenders,2,2
2026-02-06 13:15:00,drive_thru,fries,2,1
2026-02-06 13:30:00,counter,chicken_tenders,2,1
2026-02-06 13:30:00,counter,fries,1,1
2026-02-06 13:30:00,drive_thru,chicken_tenders,2,1
2026-02-06 13:45:00,delivery,fries,1,1
2026-02-06 13:45:00,drive_thru,chicken_tenders,3,2
2026-02-06 13:45:00,drive_thru,fries,1,1
2026-02-06 14:00:00,delivery,fries,2,2
2026-02-06 14:00:00,drive_thru,fries,2,2
2026-02-06 14:15:00,counter,chicken_tenders,1,1
2026-02-06 14:15:00,delivery,fries,1,1
2026-02-06 14:15:00,drive_thru,chicken_tenders,2,1
2026-02-06 14:15:00,drive_thru,fries,1,1
2026-02-06 14:30:00,counter,chicken_tenders,1,1
2026-02-06 14:30:00,drive_thru,fries,1,1
2026-02-06 15:15:00,delivery,fries,2,2
2026-02-06 15:15:00,drive_thru,chicken_tenders,1,1
2026-02-06 15:30:00,delivery,fries,2,1
2026-02-06 15:45:00,counter,chicken_tenders,1,1
2026-02-06 15:45:00,drive_thru,chicken_tenders,2,2
2026-02-06 16:15:00,counter,chicken_tenders,1,1
2026-02-06 16:15:00,counter,fries,1,1
2026-02-06 16:15:00,delivery,fries,1,1
2026-02-06 16:30:00,counter,fries,1,1
2026-02-06 16:30:00,delivery,fries,2,1
2026-02-06 16:45:00,delivery,chicken_tenders,1,1
2026-02-06 16:45:00,delivery,fries,1,1
2026-02-06 17:00:00,counter,chicken_tenders,2,2
2026-02-06 17:00:00,counter,fries,2,2
2026-02-06 17:00:00,drive_thru,chicken_tenders,2,2
2026-02-06 17:00:00,drive_thru,fries,2,2
2026-02-06 17:15:00,counter,fries,1,1
2026-02-06 17:15:00,drive_thru,chicken_tenders,2,1
2026-02-06 17:15:00,drive_thru,fries,1,1
2026-02-06 17:30:00,counter,chicken_tenders,1,1
2026-02-06 17:30:00,counter,fries,2,1
2026-02-06 17:30:00,delivery,chicken_tenders,1,1
2026-02-06 17:30:00,drive_thru,chicken_tenders,2,2
2026-02-06 17:30:00,drive_thru,fries,3,2
2026-02-06 17:45:00,counter,chicken_tenders,1,1
2026-02-06 17:45:00,counter,fries,1,1
2026-02-06 18:00:00,counter,chicken_tenders,3,3
2026-02-06 18:00:00,counter,fries,4,4
2026-02-06 18:00:00,drive_thru,chicken_tenders,1,1
2026-02-06 18:00:00,drive_thru,fries,1,1
2026-02-06 18:15:00,counter,fries,2,1
2026-02-06 18:15:00,delivery,fries,2,1
2026-02-06 18:15:00,drive_thru,chicken_tenders,1,1
2026-02-06 18:15:00,drive_thru,fries,3,2
2026-02-06 18:30:00,counter,chicken_tenders,1,1
2026-02-06 18:30:00,counter,fries,2,1
2026-02-06 18:30:00,delivery,chicken_tenders,2,2
2026-02-06 18:30:00,delivery,fries,3,3
2026-02-06 18:45:00,delivery,fries,3,2
2026-02-06 18:45:00,drive_thru,chicken_tenders,1,1
2026-02-06 19:00:00,counter,chicken_tenders,2,1
2026-02-06 19:00:00,counter,fries,2,2
2026-02-06 19:00:00,delivery,chicken_tenders,1,1
2026-02-06 19:00:00,drive_thru,chicken_tenders,1,1
2026-02-06 19:00:00,drive_thru,fries,3,2
2026-02-06 19:15:00,counter,chicken_tenders,2,2
2026-02-06 19:15:00,counter,fries,2,1
2026-02-06 19:15:00,delivery,chicken_tenders,2,1
2026-02-06 19:15:00,delivery,fries,3,3
2026-02-06 19:15:00,drive_thru,chicken_tenders,6,2
2026-02-06 19:30:00,counter,chicken_tenders,7,4
2026-02-06 19:30:00,counter,fries,1,1
2026-02-06 19:30:00,delivery,chicken_tenders,1,1
2026-02-06 19:30:00,delivery,fries,1,1
2026-02-06 19:30:00,drive_thru,chicken_tenders,2,1
2026-02-06 19:30:00,drive_thru,fries,2,1
2026-02-06 19:45:00,counter,chicken_tenders,1,1
2026-02-06 19:45:00,counter,fries,1,1
2026-02-06 19:45:00,delivery,chicken_tenders,2,2
2026-02-06 19:45:00,delivery,fries,3,2
2026-02-06 19:45:00,drive_thru,fries,1,1
2026-02-06 20:00:00,counter,chicken_tenders,1,1
2026-02-06 20:00:00,counter,fries,1,1
2026-02-06 20:00:00,delivery,chicken_tenders,2,1
2026-02-06 20:00:00,drive_thru,chicken_tenders,1,1
2026-02-06 20:15:00,counter,fries,2,1
2026-02-06 20:15:00,drive_thru,fries,1,1
2026-02-06 20:30:00,counter,fries,1,1
2026-02-06 20:45:00,counter,chicken_tenders,1,1
2026-02-06 20:45:00,counter,fries,1,1
2026-02-06 21:00:00,counter,chicken_tenders,1,1
2026-02-06 21:00:00,counter,fries,2,1
2026-02-06 21:00:00,delivery,chicken_tenders,2,2
2026-02-06 21:15:00,counter,fries,2,2
2026-02-06 21:15:00,delivery,fries,2,1
2026-02-06 21:15:00,drive_thru,fries,2,1
2026-02-06 21:45:00,counter,chicken_tenders,1,1
2026-02-06 21:45:00,counter,fries,2,1
2026-02-06 21:45:00,drive_thru,fries,1,1
2026-02-06 22:00:00,delivery,chicken_tenders,1,1
2026-02-07 06:00:00,counter,hash_brown,1,1
2026-02-07 06:00:00,drive_thru,breakfast_wrap,1,1
2026-02-07 06:15:00,counter,breakfast_wrap,1,1
2026-02-07 06:30:00,counter,hash_brown,2,2
2026-02-07 06:45:00,counter,breakfast_wrap,1,1
2026-02-07 06:45:00,counter,hash_brown,3,2
2026-02-07 06:45:00,drive_thru,breakfast_wrap,1,1
2026-02-07 07:00:00,counter,breakfast_wrap,3,3
2026-02-07 07:00:00,counter,hash_brown,1,1
2026-02-07 07:00:00,delivery,hash_brown,2,2
2026-02-07 07:00:00,drive_thru,breakfast_wrap,2,1
2026-02-07 07:15:00,counter,breakfast_wrap,4,3
2026-02-07 07:15:00,counter,hash_brown,6,4
2026-02-07 07:15:00,drive_thru,breakfast_wrap,1,1
2026-02-07 07:15:00,drive_thru,hash_brown,2,2
2026-02-07 07:30:00,counter,hash_brown,3,3
2026-02-07 07:30:00,delivery,hash_brown,1,1
2026-02-07 07:30:00,drive_thru,breakfast_wrap,2,2
2026-02-07 07:30:00,drive_thru,hash_brown,1,1
2026-02-07 07:45:00,counter,hash_brown,2,1
2026-02-07 07:45:00,delivery,hash_brown,1,1
2026-02-07 07:45:00,drive_thru,breakfast_wrap,2,1
2026-02-07 07:45:00,drive_thru,hash_brown,2,1
2026-02-07 08:00:00,counter,breakfast_wrap,4,3
2026-02-07 08:00:00,counter,hash_brown,5,3
2026-02-07 08:00:00,delivery,breakfast_wrap,2,1
2026-02-07 08:15:00,counter,breakfast_wrap,1,1
2026-02-07 08:15:00,counter,hash_brown,2,2
2026-02-07 08:15:00,delivery,breakfast_wrap,1,1
2026-02-07 08:15:00,drive_thru,breakfast_wrap,1,1
2026-02-07 08:30:00,counter,breakfast_wrap,2,2
2026-02-07 08:30:00,counter,hash_brown,1,1
2026-02-07 08:30:00,drive_thru,breakfast_wrap,2,1
2026-02-07 08:30:00,drive_thru,hash_brown,4,2
2026-02-07 08:45:00,counter,hash_brown,2,1
2026-02-07 08:45:00,delivery,hash_brown,1,1
2026-02-07 09:00:00,counter,breakfast_wrap,3,2
2026-02-07 09:00:00,counter,hash_brown,2,2
2026-02-07 09:00:00,delivery,breakfast_wrap,1,1
2026-02-07 09:00:00,drive_thru,breakfast_wrap,2,2
2026-02-07 09:00:00,drive_thru,hash_brown,2,2
2026-02-07 09:15:00,counter,breakfast_wrap,5,3
2026-02-07 09:15:00,counter,hash_brown,2,2
2026-02-07 09:15:00,delivery,hash_brown,2,1
2026-02-07 09:15:00,drive_thru,breakfast_wrap,1,1
2026-02-07 09:15:00,drive_thru,hash_brown,6,3
2026-02-07 09:30:00,counter,breakfast_wrap,3,2
2026-02-07 09:30:00,counter,hash_brown,4,3
2026-02-07 09:30:00,drive_thru,breakfast_wrap,5,4
2026-02-07 09:30:00,drive_thru,hash_brown,5,4
2026-02-07 09:45:00,counter,hash_brown,3,2
2026-02-07 09:45:00,delivery,breakfast_wrap,1,1
2026-02-07 09:45:00,delivery,hash_brown,2,2
2026-02-07 09:45:00,drive_thru,breakfast_wrap,5,3
2026-02-07 09:45:00,drive_thru,hash_brown,4,3
2026-02-07 10:00:00,counter,hash_brown,1,1
2026-02-07 10:00:00,delivery,breakfast_wrap,1,1
2026-02-07 10:00:00,delivery,hash_brown,2,1
2026-02-07 10:00:00,drive_thru,breakfast_wrap,3,2
2026-02-07 10:00:00,drive_thru,hash_brown,2,2
2026-02-07 10:15:00,drive_thru,breakfast_wrap,2,2
2026-02-07 10:15:00,drive_thru,hash_brown,2,1
2026-02-07 10:30:00,counter,breakfast_wrap,1,1
2026-02-07 10:30:00,counter,hash_brown,1,1
2026-02-07 10:30:00,delivery,hash_brown,1,1
2026-02-07 10:30:00,drive_thru,breakfast_wrap,3,2
2026-02-07 10:45:00,delivery,breakfast_wrap,2,2
2026-02-07 10:45:00,delivery,hash_brown,1,1
2026-02-07 11:00:00,counter,chicken_tenders,3,1
2026-02-07 11:00:00,counter,fries,1,1
2026-02-07 11:15:00,delivery,fries,1,1
2026-02-07 11:15:00,drive_thru,chicken_tenders,1,1
2026-02-07 11:15:00,drive_thru,fries,1,1
2026-02-07 11:30:00,counter,chicken_tenders,3,2
2026-02-07 11:30:00,counter,fries,1,1
2026-02-07 11:30:00,delivery,chicken_tenders,1,1
2026-02-07 11:30:00,delivery,fries,1,1
2026-02-07 11:45:00,counter,chicken_tenders,2,2
2026-02-07 11:45:00,counter,fries,3,2
2026-02-07 11:45:00,delivery,chicken_tenders,1,1
2026-02-07 11:45:00,delivery,fries,1,1
2026-02-07 11:45:00,drive_thru,chicken_tenders,2,2
2026-02-07 11:45:00,drive_thru,fries,1,1
2026-02-07 12:00:00,counter,chicken_tenders,2,2
2026-02-07 12:00:00,counter,fries,4,3
2026-02-07 12:00:00,delivery,chicken_tenders,1,1
2026-02-07 12:00:00,delivery,fries,3,2
2026-02-07 12:00:00,drive_thru,chicken_tenders,2,2
2026-02-07 12:15:00,counter,chicken_tenders,1,1
2026-02-07 12:15:00,counter,fries,3,3
2026-02-07 12:15:00,delivery,fries,1,1
2026-02-07 12:15:00,drive_thru,chicken_tenders,4,2
2026-02-07 12:30:00,counter,chicken_tenders,1,1
2026-02-07 12:30:00,delivery,chicken_tenders,4,3
2026-02-07 12:30:00,delivery,fries,1,1
2026-02-07 12:30:00,drive_thru,chicken_tenders,3,2
2026-02-07 12:30:00,drive_thru,fries,2,1
2026-02-07 12:45:00,counter,chicken_tenders,2,2
2026-02-07 12:45:00,counter,fries,2,2
2026-02-07 12:45:00,delivery,chicken_tenders,2,2
2026-02-07 12:45:00,drive_thru,fries,1,1
2026-02-07 13:00:00,counter,fries,3,2
2026-02-07 13:00:00,delivery,chicken_tenders,1,1
2026-02-07 13:00:00,drive_thru,chicken_tenders,5,4
2026-02-07 13:00:00,drive_thru,fries,4,2
2026-02-07 13:15:00,counter,fries,5,2
2026-02-07 13:15:00,delivery,chicken_tenders,1,1
2026-02-07 13:15:00,delivery,fries,2,2
2026-02-07 13:15:00,drive_thru,chicken_tenders,1,1
2026-02-07 13:15:00,drive_thru,fries,1,1
2026-02-07 13:30:00,counter,chicken_tenders,2,2
2026-02-07 13:30:00,counter,fries,2,1
2026-02-07 13:30:00,drive_thru,chicken_tenders,5,3
2026-02-07 13:30:00,drive_thru,fries,3,2
2026-02-07 13:45:00,counter,chicken_tenders,3,3
2026-02-07 13:45:00,drive_thru,chicken_tenders,5,4
2026-02-07 13:45:00,drive_thru,fries,1,1
2026-02-07 14:00:00,counter,fries,2,1
2026-02-07 14:00:00,delivery,chicken_tenders,1,1
2026-02-07 14:00:00,delivery,fries,3,2
2026-02-07 14:00:00,drive_thru,fries,1,1
2026-02-07 14:15:00,delivery,fries,1,1
2026-02-07 14:30:00,counter,chicken_tenders,3,2
2026-02-07 14:30:00,counter,fries,1,1
2026-02-07 14:30:00,drive_thru,fries,1,1
2026-02-07 14:45:00,counter,chicken_tenders,2,1
2026-02-07 14:45:00,drive_thru,chicken_tenders,1,1
2026-02-07 14:45:00,drive_thru,fries,1,1
2026-02-07 15:00:00,counter,chicken_tenders,1,1
2026-02-07 15:00:00,delivery,fries,2,1
2026-02-07 15:00:00,drive_thru,fries,1,1
2026-02-07 15:15:00,counter,chicken_tenders,3,2
2026-02-07 15:15:00,drive_thru,fries,1,1
2026-02-07 15:30:00,counter,chicken_tenders,1,1
2026-02-07 15:30:00,counter,fries,1,1
2026-02-07 15:30:00,delivery,chicken_tenders,2,1
2026-02-07 15:45:00,counter,fries,2,1
2026-02-07 16:00:00,counter,chicken_tenders,1,1
2026-02-07 16:00:00,drive_thru,chicken_tenders,1,1
2026-02-07 16:00:00,drive_thru,fries,1,1
2026-02-07 16:15:00,counter,fries,3,1
2026-02-07 16:15:00,delivery,chicken_tenders,1,1
2026-02-07 16:15:00,drive_thru,chicken_tenders,1,1
2026-02-07 16:30:00,counter,chicken_tenders,1,1
2026-02-07 16:30:00,counter,fries,1,1
2026-02-07 16:30:00,delivery,chicken_tenders,1,1
2026-02-07 16:30:00,delivery,fries,1,1
2026-02-07 16:30:00,drive_thru,fries,2,2
2026-02-07 16:45:00,counter,chicken_tenders,2,1
2026-02-07 16:45:00,drive_thru,chicken_tenders,1,1
2026-02-07 16:45:00,drive_thru,fries,1,1
2026-02-07 17:00:00,counter,chicken_tenders,3,2
2026-02-07 17:00:00,counter,fries,2,1
2026-02-07 17:00:00,delivery,chicken_tenders,2,1
2026-02-07 17:00:00,drive_thru,chicken_tenders,2,1
2026-02-07 17:15:00,counter,chicken_tenders,3,2
2026-02-07 17:15:00,counter,fries,3,3
2026-02-07 17:15:00,delivery,fries,1,1
2026-02-07 17:15:00,drive_thru,chicken_tenders,2,1
2026-02-07 17:15:00,drive_thru,fries,1,1
2026-02-07 17:30:00,counter,chicken_tenders,1,1
2026-02-07 17:30:00,counter,fries,1,1
2026-02-07 17:30:00,drive_thru,chicken_tenders,1,1
2026-02-07 17:45:00,counter,fries,2,2
2026-02-07 17:45:00,delivery,chicken_tenders,2,2
2026-02-07 17:45:00,drive_thru,chicken_tenders,3,2
2026-02-07 17:45:00,drive_thru,fries,1,1
2026-02-07 18:00:00,counter,chicken_tenders,2,2
2026-02-07 18:00:00,counter,fries,2,1
2026-02-07 18:00:00,delivery,chicken_tenders,1,1
2026-02-07 18:00:00,delivery,fries,4,3
2026-02-07 18:15:00,counter,chicken_tenders,1,1
2026-02-07 18:15:00,counter,fries,2,2
2026-02-07 18:15:00,delivery,chicken_tenders,1,1
2026-02-07 18:15:00,delivery,fries,3,2
2026-02-07 18:15:00,drive_thru,chicken_tenders,1,1
2026-02-07 18:30:00,counter,chicken_tenders,6,5
2026-02-07 18:30:00,counter,fries,3,3
2026-02-07 18:30:00,delivery,fries,1,1
2026-02-07 18:30:00,drive_thru,chicken_tenders,1,1
2026-02-07 18:45:00,counter,fries,5,2
2026-02-07 18:45:00,delivery,chicken_tenders,2,1
2026-02-07 18:45:00,drive_thru,chicken_tenders,1,1
2026-02-07 19:00:00,counter,chicken_tenders,4,3
2026-02-07 19:00:00,counter,fries,1,1
2026-02-07 19:00:00,delivery,chicken_tenders,1,1
2026-02-07 19:00:00,drive_thru,chicken_tenders,2,2
2026-02-07 19:00:00,drive_thru,fries,1,1
2026-02-07 19:15:00,delivery,chicken_tenders,1,1
2026-02-07 19:30:00,counter,chicken_tenders,2,2
2026-02-07 19:30:00,counter,fries,1,1
2026-02-07 19:30:00,drive_thru,chicken_tenders,6,3
2026-02-07 19:45:00,counter,chicken_tenders,2,1
2026-02-07 19:45:00,counter,fries,1,1
2026-02-07 19:45:00,delivery,chicken_tenders,2,1
2026-02-07 19:45:00,drive_thru,chicken_tenders,2,2
2026-02-07 19:45:00,drive_thru,fries,2,2
2026-02-07 20:00:00,counter,chicken_tenders,1,1
2026-02-07 20:00:00,delivery,chicken_tenders,2,1
2026-02-07 20:15:00,delivery,chicken_tenders,1,1
2026-02-07 20:15:00,drive_thru,chicken_tenders,1,1
2026-02-07 20:30:00,counter,chicken_tenders,1,1
2026-02-07 20:30:00,counter,fries,1,1
2026-02-07 20:45:00,counter,fries,2,1
2026-02-07 20:45:00,delivery,chicken_tenders,2,2
2026-02-07 20:45:00,delivery,fries,1,1
2026-02-07 21:30:00,counter,chicken_tenders,1,1
2026-02-07 21:30:00,delivery,fries,2,1
2026-02-07 21:30:00,drive_thru,chicken_tenders,2,2
2026-02-07 21:30:00,drive_thru,fries,1,1
2026-02-07 21:45:00,counter,chicken_tenders,1,1
2026-02-07 21:45:00,counter,fries,2,1
2026-02-07 21:45:00,drive_thru,fries,2,1
2026-02-08 06:00:00,drive_thru,breakfast_wrap,1,1
2026-02-08 06:00:00,drive_thru,hash_brown,2,2
2026-02-08 06:15:00,drive_thru,breakfast_wrap,1,1
2026-02-08 06:15:00,drive_thru,hash_brown,1,1
2026-02-08 06:30:00,counter,breakfast_wrap,1,1
2026-02-08 06:30:00,delivery,breakfast_wrap,2,1
2026-02-08 06:30:00,delivery,hash_brown,1,1
2026-02-08 06:45:00,counter,hash_brown,1,1
2026-02-08 06:45:00,delivery,hash_brown,2,2
2026-02-08 07:00:00,counter,breakfast_wrap,1,1
2026-02-08 07:00:00,counter,hash_brown,1,1
2026-02-08 07:00:00,delivery,breakfast_wrap,1,1
2026-02-08 07:00:00,drive_thru,breakfast_wrap,2,2
2026-02-08 07:00:00,drive_thru,hash_brown,4,2
2026-02-08 07:15:00,drive_thru,breakfast_wrap,4,2
2026-02-08 07:30:00,counter,hash_brown,1,1
2026-02-08 07:30:00,delivery,breakfast_wrap,3,3
2026-02-08 07:30:00,delivery,hash_brown,2,2
2026-02-08 07:30:00,drive_thru,breakfast_wrap,2,2
2026-02-08 07:30:00,drive_thru,hash_brown,2,1
2026-02-08 07:45:00,counter,hash_brown,2,2
2026-02-08 07:45:00,drive_thru,breakfast_wrap,1,1
2026-02-08 08:00:00,counter,breakfast_wrap,2,1
2026-02-08 08:00:00,counter,hash_brown,6,4
2026-02-08 08:00:00,delivery,breakfast_wrap,1,1
2026-02-08 08:00:00,drive_thru,breakfast_wrap,1,1
2026-02-08 08:00:00,drive_thru,hash_brown,1,1
2026-02-08 08:15:00,counter,breakfast_wrap,3,3
2026-02-08 08:15:00,counter,hash_brown,2,2
2026-02-08 08:15:00,delivery,breakfast_wrap,1,1
2026-02-08 08:15:00,delivery,hash_brown,1,1
2026-02-08 08:15:00,drive_thru,breakfast_wrap,2,1
2026-02-08 08:30:00,counter,breakfast_wrap,2,2
2026-02-08 08:30:00,counter,hash_brown,4,4
2026-02-08 08:30:00,delivery,hash_brown,2,2
2026-02-08 08:30:00,drive_thru,hash_brown,1,1
2026-02-08 09:00:00,counter,breakfast_wrap,2,2
2026-02-08 09:00:00,counter,hash_brown,6,5
2026-02-08 09:00:00,delivery,breakfast_wrap,2,1
2026-02-08 09:00:00,delivery,hash_brown,1,1
2026-02-08 09:00:00,drive_thru,breakfast_wrap,3,3
2026-02-08 09:00:00,drive_thru,hash_brown,2,2
2026-02-08 09:15:00,counter,breakfast_wrap,1,1
2026-02-08 09:15:00,counter,hash_brown,4,2
2026-02-08 09:15:00,delivery,hash_brown,1,1
2026-02-08 09:15:00,drive_thru,breakfast_wrap,3,2
2026-02-08 09:15:00,drive_thru,hash_brown,1,1
2026-02-08 09:30:00,counter,hash_brown,1,1
2026-02-08 09:30:00,delivery,hash_brown,1,1
2026-02-08 09:30:00,drive_thru,breakfast_wrap,2,2
2026-02-08 09:45:00,counter,breakfast_wrap,2,2
2026-02-08 09:45:00,delivery,breakfast_wrap,1,1
2026-02-08 09:45:00,delivery,hash_brown,2,1
2026-02-08 09:45:00,drive_thru,hash_brown,1,1
2026-02-08 10:00:00,delivery,breakfast_wrap,3,1
2026-02-08 10:15:00,counter,breakfast_wrap,2,1
2026-02-08 10:30:00,delivery,hash_brown,1,1
2026-02-08 10:30:00,drive_thru,breakfast_wrap,1,1
2026-02-08 10:30:00,drive_thru,hash_brown,2,1
2026-02-08 10:45:00,counter,breakfast_wrap,3,2
2026-02-08 11:00:00,counter,chicken_tenders,2,2
2026-02-08 11:00:00,delivery,fries,2,1
2026-02-08 11:00:00,delivery,hash_brown,1,1
2026-02-08 11:00:00,drive_thru,chicken_tenders,2,2
2026-02-08 11:00:00,drive_thru,fries,3,2
2026-02-08 11:15:00,drive_thru,chicken_tenders,2,1
2026-02-08 11:15:00,drive_thru,fries,1,1
2026-02-08 11:30:00,delivery,chicken_tenders,1,1
2026-02-08 11:30:00,delivery,fries,1,1
2026-02-08 11:30:00,drive_thru,fries,1,1
2026-02-08 11:45:00,counter,chicken_tenders,1,1
2026-02-08 11:45:00,counter,fries,1,1
2026-02-08 12:00:00,counter,chicken_tenders,3,3
2026-02-08 12:00:00,delivery,chicken_tenders,2,2
2026-02-08 12:00:00,delivery,fries,2,2
2026-02-08 12:00:00,drive_thru,chicken_tenders,2,2
2026-02-08 12:00:00,drive_thru,fries,3,2
2026-02-08 12:15:00,counter,chicken_tenders,3,3
2026-02-08 12:15:00,counter,fries,5,3
2026-02-08 12:15:00,delivery,chicken_tenders,2,2
2026-02-08 12:15:00,delivery,fries,1,1
2026-02-08 12:15:00,drive_thru,chicken_tenders,1,1
2026-02-08 12:15:00,drive_thru,fries,1,1
2026-02-08 12:30:00,counter,chicken_tenders,2,2
2026-02-08 12:30:00,counter,fries,6,4
2026-02-08 12:30:00,drive_thru,chicken_tenders,3,1
2026-02-08 12:45:00,counter,chicken_tenders,1,1
2026-02-08 12:45:00,delivery,chicken_tenders,4,2
2026-02-08 12:45:00,delivery,fries,3,2
2026-02-08 12:45:00,drive_thru,chicken_tenders,2,1
2026-02-08 12:45:00,drive_thru,fries,2,2
2026-02-08 13:00:00,counter,chicken_tenders,2,2
2026-02-08 13:00:00,counter,fries,4,3
2026-02-08 13:00:00,delivery,chicken_tenders,4,2
2026-02-08 13:00:00,delivery,fries,5,3
2026-02-08 13:00:00,drive_thru,chicken_tenders,1,1
2026-02-08 13:15:00,counter,chicken_tenders,3,2
2026-02-08 13:15:00,counter,fries,1,1
2026-02-08 13:15:00,delivery,chicken_tenders,1,1
2026-02-08 13:15:00,delivery,fries,2,1
2026-02-08 13:30:00,counter,chicken_tenders,1,1
2026-02-08 13:30:00,counter,fries,2,2
2026-02-08 13:30:00,delivery,chicken_tenders,1,1
2026-02-08 13:30:00,drive_thru,chicken_tenders,3,3
2026-02-08 13:30:00,drive_thru,fries,5,3
2026-02-08 13:45:00,counter,chicken_tenders,1,1
2026-02-08 13:45:00,delivery,chicken_tenders,1,1
2026-02-08 13:45:00,delivery,fries,1,1
2026-02-08 13:45:00,drive_thru,chicken_tenders,2,2
2026-02-08 13:45:00,drive_thru,fries,2,2
2026-02-08 14:00:00,counter,fries,1,1
2026-02-08 14:00:00,drive_thru,fries,1,1
2026-02-08 14:15:00,counter,chicken_tenders,1,1
2026-02-08 14:15:00,delivery,fries,2,1
2026-02-08 14:30:00,counter,fries,1,1
2026-02-08 14:30:00,delivery,chicken_tenders,1,1
2026-02-08 14:30:00,drive_thru,chicken_tenders,1,1
2026-02-08 15:00:00,counter,chicken_tenders,2,2
2026-02-08 15:00:00,counter,fries,1,1
2026-02-08 15:00:00,drive_thru,fries,1,1
2026-02-08 15:15:00,delivery,fries,2,1
2026-02-08 15:30:00,delivery,chicken_tenders,1,1
2026-02-08 15:45:00,counter,fries,1,1
2026-02-08 16:00:00,counter,chicken_tenders,2,1
2026-02-08 16:00:00,drive_thru,chicken_tenders,2,2
2026-02-08 16:15:00,counter,fries,1,1
2026-02-08 16:30:00,counter,chicken_tenders,5,3
2026-02-08 16:30:00,counter,fries,1,1
2026-02-08 16:45:00,counter,chicken_tenders,1,1
2026-02-08 16:45:00,delivery,fries,2,1
2026-02-08 17:00:00,counter,chicken_tenders,4,3
2026-02-08 17:00:00,counter,fries,1,1
2026-02-08 17:00:00,drive_thru,chicken_tenders,1,1
2026-02-08 17:00:00,drive_thru,fries,1,1
2026-02-08 17:15:00,counter,chicken_tenders,2,2
2026-02-08 17:15:00,counter,fries,3,2
2026-02-08 17:15:00,drive_thru,chicken_tenders,1,1
2026-02-08 17:15:00,drive_thru,fries,2,2
2026-02-08 17:30:00,counter,chicken_tenders,1,1
2026-02-08 17:30:00,counter,fries,6,4
2026-02-08 17:30:00,drive_thru,fries,1,1
2026-02-08 17:45:00,counter,chicken_tenders,2,2
2026-02-08 17:45:00,counter,fries,2,2
2026-02-08 17:45:00,delivery,chicken_tenders,1,1
2026-02-08 17:45:00,delivery,fries,1,1
2026-02-08 18:00:00,counter,chicken_tenders,1,1
2026-02-08 18:00:00,counter,fries,1,1
2026-02-08 18:00:00,delivery,chicken_tenders,2,2
2026-02-08 18:15:00,counter,fries,1,1
2026-02-08 18:15:00,drive_thru,fries,1,1
2026-02-08 18:30:00,counter,chicken_tenders,6,4
2026-02-08 18:30:00,counter,fries,3,2
2026-02-08 18:30:00,delivery,chicken_tenders,2,2
2026-02-08 18:30:00,delivery,fries,4,3
2026-02-08 18:30:00,drive_thru,fries,3,2
2026-02-08 18:45:00,counter,chicken_tenders,3,2
2026-02-08 18:45:00,counter,fries,3,1
2026-02-08 18:45:00,delivery,chicken_tenders,2,2
2026-02-08 18:45:00,delivery,fries,1,1
2026-02-08 19:00:00,counter,chicken_tenders,2,1
2026-02-08 19:00:00,counter,fries,4,2
2026-02-08 19:00:00,delivery,fries,2,1
2026-02-08 19:00:00,drive_thru,chicken_tenders,1,1
2026-02-08 19:00:00,drive_thru,fries,1,1
2026-02-08 19:15:00,counter,chicken_tenders,2,2
2026-02-08 19:15:00,counter,fries,2,2
2026-02-08 19:30:00,counter,chicken_tenders,1,1
2026-02-08 19:30:00,delivery,chicken_tenders,1,1
2026-02-08 19:30:00,delivery,fries,2,1
2026-02-08 19:30:00,drive_thru,chicken_tenders,1,1
2026-02-08 19:30:00,drive_thru,fries,1,1
2026-02-08 19:45:00,counter,chicken_tenders,4,2
2026-02-08 19:45:00,counter,fries,1,1
2026-02-08 19:45:00,delivery,chicken_tenders,4,2
2026-02-08 19:45:00,delivery,fries,5,2
2026-02-08 20:00:00,delivery,fries,3,2
2026-02-08 20:15:00,delivery,chicken_tenders,2,1
2026-02-08 20:15:00,drive_thru,chicken_tenders,2,1
2026-02-08 20:30:00,counter,chicken_tenders,1,1
2026-02-08 20:30:00,counter,fries,2,1
2026-02-08 20:30:00,delivery,fries,1,1
2026-02-08 20:30:00,drive_thru,chicken_tenders,1,1
2026-02-08 20:30:00,drive_thru,fries,2,2
2026-02-08 20:45:00,drive_thru,fries,1,1
2026-02-08 21:15:00,counter,chicken_tenders,1,1
2026-02-08 21:15:00,counter,fries,2,1
2026-02-08 21:15:00,delivery,chicken_tenders,2,1
2026-02-08 21:15:00,drive_thru,chicken_tenders,2,1
2026-02-08 21:15:00,drive_thru,fries,1,1
2026-02-08 21:30:00,counter,chicken_tenders,2,1
2026-02-08 21:30:00,delivery,chicken_tenders,2,1
2026-02-08 21:30:00,drive_thru,fries,1,1
2026-02-08 21:45:00,counter,chicken_tenders,1,1
2026-02-08 21:45:00,delivery,chicken_tenders,1,1
2026-02-08 21:45:00,drive_thru,chicken_tenders,1,1
2026-02-08 21:45:00,drive_thru,fries,2,2
2026-02-09 06:15:00,counter,breakfast_wrap,1,1
2026-02-09 06:15:00,counter,hash_brown,1,1
2026-02-09 06:15:00,delivery,breakfast_wrap,1,1
2026-02-09 06:15:00,drive_thru,breakfast_wrap,1,1
2026-02-09 06:30:00,counter,breakfast_wrap,1,1
2026-02-09 06:30:00,delivery,breakfast_wrap,1,1
2026-02-09 06:30:00,delivery,hash_brown,2,2
2026-02-09 07:00:00,drive_thru,hash_brown,3,2
2026-02-09 07:15:00,counter,breakfast_wrap,2,2
2026-02-09 07:15:00,counter,hash_brown,1,1
2026-02-09 07:15:00,delivery,breakfast_wrap,4,2
2026-02-09 07:15:00,drive_thru,breakfast_wrap,1,1
2026-02-09 07:15:00,drive_thru,hash_brown,2,1
2026-02-09 07:30:00,counter,breakfast_wrap,1,1
2026-02-09 07:30:00,delivery,breakfast_wrap,1,1
2026-02-09 07:30:00,delivery,hash_brown,1,1
2026-02-09 07:30:00,drive_thru,hash_brown,3,1
2026-02-09 07:45:00,counter,breakfast_wrap,2,1
2026-02-09 07:45:00,counter,hash_brown,5,3
2026-02-09 07:45:00,drive_thru,breakfast_wrap,3,1
2026-02-09 07:45:00,drive_thru,hash_brown,2,2
2026-02-09 08:00:00,counter,breakfast_wrap,2,2
2026-02-09 08:00:00,counter,hash_brown,1,1
2026-02-09 08:00:00,drive_thru,breakfast_wrap,1,1
2026-02-09 08:00:00,drive_thru,hash_brown,1,1
2026-02-09 08:15:00,counter,breakfast_wrap,2,2
2026-02-09 08:15:00,counter,hash_brown,2,2
2026-02-09 08:15:00,delivery,breakfast_wrap,1,1
2026-02-09 08:15:00,drive_thru,breakfast_wrap,1,1
2026-02-09 08:15:00,drive_thru,hash_brown,2,1
2026-02-09 08:30:00,drive_thru,breakfast_wrap,1,1
2026-02-09 08:30:00,drive_thru,hash_brown,4,4
2026-02-09 08:45:00,counter,hash_brown,3,2
2026-02-09 08:45:00,delivery,breakfast_wrap,1,1
2026-02-09 08:45:00,drive_thru,breakfast_wrap,2,1
2026-02-09 08:45:00,drive_thru,hash_brown,1,1
2026-02-09 09:00:00,counter,breakfast_wrap,2,1
2026-02-09 09:00:00,counter,hash_brown,4,2
2026-02-09 09:00:00,delivery,breakfast_wrap,2,1
2026-02-09 09:00:00,drive_thru,hash_brown,1,1
2026-02-09 09:15:00,drive_thru,breakfast_wrap,4,4
2026-02-09 09:15:00,drive_thru,hash_brown,2,2
2026-02-09 09:30:00,counter,breakfast_wrap,2,1
2026-02-09 09:30:00,counter,hash_brown,2,2
2026-02-09 09:30:00,delivery,hash_brown,1,1
2026-02-09 09:30:00,drive_thru,breakfast_wrap,3,2
2026-02-09 09:30:00,drive_thru,hash_brown,1,1
2026-02-09 09:45:00,counter,hash_brown,1,1
2026-02-09 09:45:00,drive_thru,hash_brown,1,1
2026-02-09 10:00:00,drive_thru,breakfast_wrap,1,1
2026-02-09 10:00:00,drive_thru,hash_brown,3,2
2026-02-09 10:15:00,counter,breakfast_wrap,1,1
2026-02-09 10:15:00,counter,hash_brown,1,1
2026-02-09 10:30:00,counter,hash_brown,2,1
2026-02-09 10:45:00,counter,breakfast_wrap,1,1
2026-02-09 10:45:00,counter,hash_brown,5,3
2026-02-09 10:45:00,drive_thru,breakfast_wrap,1,1
2026-02-09 11:00:00,delivery,fries,1,1
2026-02-09 11:00:00,drive_thru,fries,1,1
2026-02-09 11:15:00,delivery,chicken_tenders,3,3
2026-02-09 11:30:00,counter,fries,1,1
2026-02-09 11:45:00,counter,chicken_tenders,1,1
2026-02-09 11:45:00,drive_thru,fries,1,1
2026-02-09 12:00:00,counter,fries,1,1
2026-02-09 12:00:00,delivery,fries,2,1
2026-02-09 12:00:00,drive_thru,chicken_tenders,1,1
2026-02-09 12:00:00,drive_thru,fries,3,2
2026-02-09 12:15:00,counter,fries,5,2
2026-02-09 12:15:00,delivery,fries,1,1
2026-02-09 12:15:00,drive_thru,chicken_tenders,3,2
2026-02-09 12:15:00,drive_thru,fries,1,1
2026-02-09 12:30:00,counter,chicken_tenders,2,2
2026-02-09 12:30:00,counter,fries,3,2
2026-02-09 12:30:00,drive_thru,chicken_tenders,1,1
2026-02-09 12:45:00,counter,chicken_tenders,1,1
2026-02-09 12:45:00,counter,fries,2,2
2026-02-09 12:45:00,drive_thru,chicken_tenders,3,3
2026-02-09 13:00:00,counter,chicken_tenders,5,2
2026-02-09 13:00:00,counter,fries,2,2
2026-02-09 13:00:00,delivery,chicken_tenders,1,1
2026-02-09 13:00:00,delivery,fries,2,2
2026-02-09 13:00:00,drive_thru,fries,1,1
2026-02-09 13:15:00,counter,chicken_tenders,2,1
2026-02-09 13:15:00,counter,fries,5,2
2026-02-09 13:15:00,delivery,fries,1,1
2026-02-09 13:15:00,drive_thru,chicken_tenders,6,5
2026-02-09 13:15:00,drive_thru,fries,3,2
2026-02-09 13:30:00,counter,chicken_tenders,3,3
2026-02-09 13:30:00,delivery,chicken_tenders,3,1
2026-02-09 13:30:00,drive_thru,chicken_tenders,2,1
2026-02-09 13:30:00,drive_thru,fries,1,1
2026-02-09 13:45:00,counter,chicken_tenders,2,1
2026-02-09 13:45:00,delivery,chicken_tenders,3,1
2026-02-09 13:45:00,delivery,fries,2,1
2026-02-09 13:45:00,drive_thru,fries,3,2
2026-02-09 14:15:00,counter,fries,1,1
2026-02-09 14:15:00,delivery,fries,1,1
2026-02-09 14:30:00,delivery,chicken_tenders,2,2
2026-02-09 14:30:00,drive_thru,fries,3,2
2026-02-09 14:45:00,counter,chicken_tenders,1,1
2026-02-09 14:45:00,delivery,chicken_tenders,3,2
2026-02-09 14:45:00,drive_thru,fries,3,2
2026-02-09 15:00:00,counter,fries,1,1
2026-02-09 15:15:00,delivery,chicken_tenders,2,2
2026-02-09 15:15:00,delivery,fries,1,1
2026-02-09 15:30:00,counter,fries,1,1
2026-02-09 15:30:00,delivery,fries,1,1
2026-02-09 15:30:00,drive_thru,fries,3,2
2026-02-09 15:45:00,counter,fries,2,1
2026-02-09 16:00:00,drive_thru,chicken_tenders,2,2
2026-02-09 16:00:00,drive_thru,fries,1,1
2026-02-09 16:15:00,counter,chicken_tenders,2,2
2026-02-09 16:15:00,counter,fries,4,4
2026-02-09 16:15:00,drive_thru,chicken_tenders,1,1
2026-02-09 16:15:00,drive_thru,fries,1,1
2026-02-09 16:30:00,delivery,chicken_tenders,1,1
2026-02-09 16:30:00,delivery,fries,1,1
2026-02-09 16:30:00,drive_thru,fries,1,1
2026-02-09 16:45:00,delivery,fries,1,1
2026-02-09 16:45:00,drive_thru,chicken_tenders,4,2
2026-02-09 17:00:00,delivery,fries,3,1
2026-02-09 17:00:00,drive_thru,chicken_tenders,3,2
2026-02-09 17:00:00,drive_thru,fries,2,2
2026-02-09 17:15:00,counter,fries,1,1
2026-02-09 17:15:00,delivery,chicken_tenders,3,1
2026-02-09 17:15:00,drive_thru,fries,3,2
2026-02-09 17:30:00,counter,chicken_tenders,1,1
2026-02-09 17:30:00,delivery,chicken_tenders,1,1
2026-02-09 17:45:00,counter,fries,4,2
2026-02-09 17:45:00,delivery,chicken_tenders,1,1
2026-02-09 17:45:00,drive_thru,chicken_tenders,2,2
2026-02-09 17:45:00,drive_thru,fries,1,1
2026-02-09 18:00:00,counter,chicken_tenders,1,1
2026-02-09 18:00:00,counter,fries,3,2
2026-02-09 18:00:00,delivery,chicken_tenders,1,1
2026-02-09 18:00:00,drive_thru,chicken_tenders,1,1
2026-02-09 18:15:00,counter,chicken_tenders,2,2
2026-02-09 18:15:00,counter,fries,1,1
2026-02-09 18:15:00,delivery,chicken_tenders,1,1
2026-02-09 18:15:00,drive_thru,chicken_tenders,2,1
2026-02-09 18:15:00,drive_thru,fries,2,2
2026-02-09 18:30:00,counter,fries,1,1
2026-02-09 18:30:00,drive_thru,chicken_tenders,1,1
2026-02-09 18:30:00,drive_thru,fries,1,1
2026-02-09 18:45:00,counter,fries,2,2
2026-02-09 18:45:00,delivery,chicken_tenders,2,1
2026-02-09 18:45:00,drive_thru,fries,1,1
2026-02-09 19:00:00,counter,fries,1,1
2026-02-09 19:00:00,drive_thru,chicken_tenders,1,1
2026-02-09 19:15:00,counter,chicken_tenders,4,2
2026-02-09 19:15:00,counter,fries,2,1
2026-02-09 19:15:00,delivery,fries,2,1
2026-02-09 19:15:00,drive_thru,chicken_tenders,2,1
2026-02-09 19:15:00,drive_thru,fries,1,1
2026-02-09 19:30:00,counter,chicken_tenders,1,1
2026-02-09 19:30:00,delivery,chicken_tenders,2,2
2026-02-09 19:45:00,counter,chicken_tenders,1,1
2026-02-09 19:45:00,delivery,fries,1,1
2026-02-09 20:00:00,counter,fries,2,1
2026-02-09 20:00:00,delivery,chicken_tenders,2,2
2026-02-09 20:00:00,drive_thru,chicken_tenders,1,1
2026-02-09 20:30:00,counter,fries,1,1
2026-02-09 20:30:00,delivery,chicken_tenders,2,1
2026-02-09 20:45:00,counter,fries,1,1
2026-02-09 20:45:00,drive_thru,fries,2,1
2026-02-09 21:00:00,counter,chicken_tenders,6,5
2026-02-09 21:00:00,counter,fries,4,3
2026-02-09 21:00:00,drive_thru,fries,2,2
2026-02-09 21:15:00,counter,fries,1,1
2026-02-09 21:30:00,drive_thru,chicken_tenders,2,2
2026-02-09 21:30:00,drive_thru,fries,1,1
2026-02-09 21:45:00,counter,fries,1,1
2026-02-10 06:00:00,counter,breakfast_wrap,1,1
2026-02-10 06:15:00,counter,breakfast_wrap,2,1
2026-02-10 06:15:00,counter,hash_brown,3,2
2026-02-10 06:15:00,delivery,breakfast_wrap,1,1
2026-02-10 06:15:00,drive_thru,breakfast_wrap,1,1
2026-02-10 06:30:00,delivery,breakfast_wrap,1,1
2026-02-10 06:30:00,delivery,hash_brown,2,2
2026-02-10 07:00:00,drive_thru,breakfast_wrap,3,3
2026-02-10 07:00:00,drive_thru,hash_brown,1,1
2026-02-10 07:15:00,counter,breakfast_wrap,1,1
2026-02-10 07:15:00,counter,hash_brown,1,1
2026-02-10 07:15:00,delivery,hash_brown,2,2
2026-02-10 07:15:00,drive_thru,breakfast_wrap,1,1
2026-02-10 07:15:00,drive_thru,hash_brown,1,1
2026-02-10 07:30:00,delivery,hash_brown,2,2
2026-02-10 07:30:00,drive_thru,breakfast_wrap,1,1
2026-02-10 07:30:00,drive_thru,hash_brown,1,1
2026-02-10 07:45:00,counter,hash_brown,2,2
2026-02-10 07:45:00,drive_thru,hash_brown,6,2
2026-02-10 08:00:00,drive_thru,breakfast_wrap,2,1
2026-02-10 08:00:00,drive_thru,hash_brown,1,1
2026-02-10 08:15:00,counter,hash_brown,1,1
2026-02-10 08:15:00,drive_thru,breakfast_wrap,2,1
2026-02-10 08:30:00,counter,hash_brown,3,2
2026-02-10 08:30:00,delivery,hash_brown,1,1
2026-02-10 08:30:00,drive_thru,breakfast_wrap,2,2
2026-02-10 08:30:00,drive_thru,hash_brown,1,1
2026-02-10 08:45:00,counter,breakfast_wrap,2,2
2026-02-10 08:45:00,counter,hash_brown,2,2
2026-02-10 08:45:00,delivery,hash_brown,4,3
2026-02-10 08:45:00,drive_thru,breakfast_wrap,1,1
2026-02-10 09:00:00,counter,hash_brown,1,1
2026-02-10 09:00:00,delivery,breakfast_wrap,1,1
2026-02-10 09:00:00,delivery,hash_brown,1,1
2026-02-10 09:15:00,counter,breakfast_wrap,1,1
2026-02-10 09:15:00,counter,hash_brown,2,1
2026-02-10 09:15:00,drive_thru,breakfast_wrap,1,1
2026-02-10 09:15:00,drive_thru,hash_brown,1,1
2026-02-10 09:30:00,counter,breakfast_wrap,1,1
2026-02-10 09:30:00,counter,hash_brown,2,1
2026-02-10 09:30:00,delivery,breakfast_wrap,1,1
2026-02-10 09:30:00,drive_thru,hash_brown,2,2
2026-02-10 09:45:00,delivery,hash_brown,2,1
2026-02-10 10:00:00,delivery,breakfast_wrap,3,2
2026-02-10 10:00:00,delivery,hash_brown,2,1
2026-02-10 10:00:00,drive_thru,hash_brown,1,1
2026-02-10 10:15:00,counter,hash_brown,1,1
2026-02-10 10:15:00,delivery,hash_brown,1,1
2026-02-10 10:30:00,drive_thru,breakfast_wrap,2,1
2026-02-10 10:45:00,drive_thru,breakfast_wrap,1,1
2026-02-10 10:45:00,drive_thru,hash_brown,2,2
2026-02-10 11:00:00,drive_thru,chicken_tenders,1,1
2026-02-10 11:15:00,delivery,fries,1,1
2026-02-10 11:15:00,drive_thru,chicken_tenders,1,1
2026-02-10 11:30:00,counter,chicken_tenders,4,2
2026-02-10 11:30:00,counter,fries,2,2
2026-02-10 11:45:00,counter,chicken_tenders,1,1
2026-02-10 11:45:00,counter,fries,4,3
2026-02-10 12:00:00,counter,chicken_tenders,2,2
2026-02-10 12:00:00,drive_thru,fries,1,1
2026-02-10 12:15:00,delivery,fries,1,1
2026-02-10 12:15:00,drive_thru,fries,2,2
2026-02-10 12:30:00,counter,chicken_tenders,3,2
2026-02-10 12:30:00,counter,fries,3,2
2026-02-10 12:30:00,drive_thru,chicken_tenders,1,1
2026-02-10 12:30:00,drive_thru,fries,2,2
2026-02-10 12:45:00,counter,chicken_tenders,3,3
2026-02-10 12:45:00,counter,fries,2,2
2026-02-10 12:45:00,delivery,fries,1,1
2026-02-10 12:45:00,drive_thru,chicken_tenders,2,1
2026-02-10 13:00:00,counter,fries,1,1
2026-02-10 13:15:00,counter,chicken_tenders,1,1
2026-02-10 13:15:00,counter,fries,1,1
2026-02-10 13:15:00,delivery,fries,3,2
2026-02-10 13:15:00,drive_thru,fries,2,2
2026-02-10 13:30:00,counter,chicken_tenders,3,3
2026-02-10 13:30:00,counter,fries,3,3
2026-02-10 13:30:00,delivery,fries,1,1
2026-02-10 13:30:00,drive_thru,chicken_tenders,1,1
2026-02-10 13:30:00,drive_thru,fries,2,2
2026-02-10 13:45:00,counter,chicken_tenders,5,3
2026-02-10 13:45:00,counter,fries,1,1
2026-02-10 13:45:00,drive_thru,chicken_tenders,2,1
2026-02-10 13:45:00,drive_thru,fries,1,1
2026-02-10 14:15:00,delivery,fries,1,1
2026-02-10 14:15:00,drive_thru,chicken_tenders,1,1
2026-02-10 14:15:00,drive_thru,fries,1,1
2026-02-10 14:30:00,counter,fries,1,1
2026-02-10 14:30:00,delivery,chicken_tenders,1,1
2026-02-10 15:00:00,drive_thru,chicken_tenders,2,1
2026-02-10 15:15:00,counter,chicken_tenders,2,1
2026-02-10 15:15:00,delivery,chicken_tenders,2,1
2026-02-10 15:15:00,delivery,fries,1,1
2026-02-10 15:15:00,drive_thru,chicken_tenders,1,1
2026-02-10 15:30:00,counter,chicken_tenders,2,1
2026-02-10 15:30:00,counter,fries,4,2
2026-02-10 15:45:00,counter,chicken_tenders,1,1
2026-02-10 15:45:00,delivery,fries,2,1
2026-02-10 15:45:00,drive_thru,chicken_tenders,1,1
2026-02-10 16:15:00,counter,chicken_tenders,1,1
2026-02-10 16:15:00,counter,fries,1,1
2026-02-10 16:30:00,counter,chicken_tenders,1,1
2026-02-10 16:30:00,delivery,chicken_tenders,1,1
2026-02-10 16:30:00,drive_thru,fries,1,1
2026-02-10 16:45:00,counter,fries,1,1
2026-02-10 16:45:00,drive_thru,fries,1,1
2026-02-10 17:00:00,drive_thru,chicken_tenders,2,2
2026-02-10 17:00:00,drive_thru,fries,5,2
2026-02-10 17:15:00,counter,chicken_tenders,4,1
2026-02-10 17:15:00,counter,fries,2,1
2026-02-10 17:30:00,counter,chicken_tenders,3,2
2026-02-10 17:30:00,counter,fries,2,1
2026-02-10 17:30:00,delivery,chicken_tenders,1,1
2026-02-10 17:30:00,delivery,fries,3,3
2026-02-10 17:30:00,drive_thru,chicken_tenders,1,1
2026-02-10 17:30:00,drive_thru,fries,3,2
2026-02-10 18:00:00,counter,fries,4,3
2026-02-10 18:00:00,delivery,chicken_tenders,4,3
2026-02-10 18:00:00,delivery,fries,1,1
2026-02-10 18:00:00,drive_thru,chicken_tenders,2,2
2026-02-10 18:00:00,drive_thru,fries,2,1
2026-02-10 18:15:00,counter,chicken_tenders,1,1
2026-02-10 18:15:00,delivery,chicken_tenders,1,1
2026-02-10 18:15:00,drive_thru,chicken_tenders,1,1
2026-02-10 18:15:00,drive_thru,fries,2,1
2026-02-10 18:30:00,delivery,fries,4,2
2026-02-10 18:30:00,drive_thru,chicken_tenders,5,3
2026-02-10 18:30:00,drive_thru,fries,2,2
2026-02-10 18:45:00,counter,chicken_tenders,1,1
2026-02-10 18:45:00,counter,fries,1,1
2026-02-10 18:45:00,delivery,fries,1,1
2026-02-10 19:00:00,counter,chicken_tenders,4,2
2026-02-10 19:00:00,counter,fries,1,1
2026-02-10 19:00:00,delivery,chicken_tenders,2,2
2026-02-10 19:00:00,delivery,fries,3,2
2026-02-10 19:00:00,drive_thru,fries,1,1
2026-02-10 19:15:00,counter,fries,4,2
2026-02-10 19:15:00,delivery,chicken_tenders,1,1
2026-02-10 19:15:00,delivery,fries,3,2
2026-02-10 19:30:00,delivery,chicken_tenders,1,1
2026-02-10 19:30:00,delivery,fries,1,1
2026-02-10 19:30:00,drive_thru,chicken_tenders,2,1
2026-02-10 19:30:00,drive_thru,fries,4,4
2026-02-10 19:45:00,delivery,chicken_tenders,1,1
2026-02-10 19:45:00,drive_thru,chicken_tenders,3,2
2026-02-10 19:45:00,drive_thru,fries,1,1
2026-02-10 20:00:00,drive_thru,chicken_tenders,4,3
2026-02-10 20:45:00,counter,fries,1,1
2026-02-10 21:00:00,counter,chicken_tenders,1,1
2026-02-10 21:00:00,counter,fries,1,1
2026-02-10 21:00:00,delivery,chicken_tenders,2,1
2026-02-10 21:00:00,drive_thru,chicken_tenders,1,1
2026-02-10 21:15:00,delivery,chicken_tenders,1,1
2026-02-10 21:15:00,delivery,fries,1,1
2026-02-10 21:15:00,drive_thru,chicken_tenders,1,1
2026-02-10 21:30:00,delivery,chicken_tenders,1,1
2026-02-10 21:30:00,delivery,fries,2,2
2026-02-10 21:45:00,counter,chicken_tenders,1,1
2026-02-10 21:45:00,counter,fries,2,2
2026-02-10 22:00:00,delivery,chicken_tenders,1,1
2026-02-11 06:00:00,delivery,breakfast_wrap,2,1
2026-02-11 06:15:00,counter,breakfast_wrap,4,2
2026-02-11 06:15:00,drive_thru,breakfast_wrap,3,2
2026-02-11 06:15:00,drive_thru,hash_brown,1,1
2026-02-11 06:30:00,drive_thru,breakfast_wrap,2,1
2026-02-11 06:45:00,counter,breakfast_wrap,1,1
2026-02-11 06:45:00,counter,hash_brown,1,1
2026-02-11 06:45:00,delivery,breakfast_wrap,1,1
2026-02-11 07:00:00,delivery,breakfast_wrap,1,1
2026-02-11 07:00:00,drive_thru,breakfast_wrap,2,1
2026-02-11 07:15:00,counter,breakfast_wrap,1,1
2026-02-11 07:15:00,delivery,breakfast_wrap,1,1
2026-02-11 07:15:00,delivery,hash_brown,1,1
2026-02-11 07:15:00,drive_thru,hash_brown,4,2
2026-02-11 07:30:00,delivery,breakfast_wrap,2,2
2026-02-11 07:30:00,delivery,hash_brown,2,1
2026-02-11 07:30:00,drive_thru,hash_brown,2,2
2026-02-11 07:45:00,counter,breakfast_wrap,1,1
2026-02-11 07:45:00,counter,hash_brown,3,3
2026-02-11 07:45:00,delivery,breakfast_wrap,2,2
2026-02-11 07:45:00,delivery,hash_brown,1,1
2026-02-11 07:45:00,drive_thru,breakfast_wrap,1,1
2026-02-11 07:45:00,drive_thru,hash_brown,2,2
2026-02-11 08:00:00,counter,breakfast_wrap,1,1
2026-02-11 08:00:00,drive_thru,breakfast_wrap,3,2
2026-02-11 08:15:00,counter,breakfast_wrap,2,2
2026-02-11 08:15:00,drive_thru,breakfast_wrap,2,2
2026-02-11 08:15:00,drive_thru,hash_brown,5,4
2026-02-11 08:30:00,counter,breakfast_wrap,4,3
2026-02-11 08:30:00,counter,hash_brown,1,1
2026-02-11 08:30:00,delivery,breakfast_wrap,1,1
2026-02-11 08:30:00,delivery,hash_brown,2,2
2026-02-11 08:30:00,drive_thru,breakfast_wrap,4,3
2026-02-11 08:45:00,counter,hash_brown,1,1
2026-02-11 08:45:00,delivery,breakfast_wrap,2,1
2026-02-11 08:45:00,delivery,hash_brown,2,1
2026-02-11 08:45:00,drive_thru,breakfast_wrap,1,1
2026-02-11 08:45:00,drive_thru,hash_brown,3,2
2026-02-11 09:00:00,counter,breakfast_wrap,3,3
2026-02-11 09:00:00,counter,hash_brown,2,2
2026-02-11 09:00:00,delivery,hash_brown,2,1
2026-02-11 09:00:00,drive_thru,breakfast_wrap,1,1
2026-02-11 09:00:00,drive_thru,hash_brown,2,2
2026-02-11 09:15:00,counter,breakfast_wrap,6,5
2026-02-11 09:15:00,counter,hash_brown,7,5
2026-02-11 09:15:00,drive_thru,breakfast_wrap,1,1
2026-02-11 09:30:00,delivery,breakfast_wrap,2,1
2026-02-11 09:30:00,drive_thru,hash_brown,2,2
2026-02-11 09:45:00,counter,hash_brown,2,1
2026-02-11 09:45:00,delivery,hash_brown,1,1
2026-02-11 09:45:00,drive_thru,breakfast_wrap,3,2
2026-02-11 09:45:00,drive_thru,hash_brown,1,1
2026-02-11 10:00:00,delivery,hash_brown,1,1
2026-02-11 10:15:00,counter,breakfast_wrap,1,1
2026-02-11 10:15:00,delivery,breakfast_wrap,1,1
2026-02-11 10:30:00,counter,breakfast_wrap,2,1
2026-02-11 10:30:00,counter,hash_brown,1,1
2026-02-11 10:30:00,drive_thru,breakfast_wrap,1,1
2026-02-11 10:45:00,counter,breakfast_wrap,2,1
2026-02-11 11:00:00,counter,chicken_tenders,4,2
2026-02-11 11:00:00,drive_thru,chicken_tenders,2,1
2026-02-11 11:00:00,drive_thru,fries,2,1
2026-02-11 11:15:00,counter,chicken_tenders,1,1
2026-02-11 11:15:00,delivery,chicken_tenders,1,1
2026-02-11 11:15:00,delivery,fries,2,1
2026-02-11 11:15:00,drive_thru,chicken_tenders,2,2
2026-02-11 11:15:00,drive_thru,fries,2,2
2026-02-11 12:00:00,counter,chicken_tenders,2,2
2026-02-11 12:00:00,counter,fries,5,3
2026-02-11 12:00:00,delivery,chicken_tenders,1,1
2026-02-11 12:00:00,drive_thru,chicken_tenders,2,1
2026-02-11 12:15:00,counter,chicken_tenders,3,3
2026-02-11 12:15:00,counter,fries,2,2
2026-02-11 12:15:00,drive_thru,chicken_tenders,1,1
2026-02-11 12:15:00,drive_thru,fries,2,2
2026-02-11 12:30:00,counter,chicken_tenders,3,3
2026-02-11 12:30:00,counter,fries,3,3
2026-02-11 12:30:00,delivery,chicken_tenders,4,3
2026-02-11 12:30:00,delivery,fries,2,2
2026-02-11 12:45:00,counter,chicken_tenders,1,1
2026-02-11 12:45:00,counter,fries,1,1
2026-02-11 12:45:00,delivery,chicken_tenders,3,1
2026-02-11 13:00:00,counter,chicken_tenders,1,1
2026-02-11 13:00:00,counter,fries,3,3
2026-02-11 13:00:00,delivery,chicken_tenders,1,1
2026-02-11 13:00:00,drive_thru,chicken_tenders,1,1
2026-02-11 13:15:00,counter,chicken_tenders,2,1
2026-02-11 13:15:00,delivery,chicken_tenders,1,1
2026-02-11 13:15:00,delivery,fries,1,1
2026-02-11 13:15:00,drive_thru,fries,3,2
2026-02-11 13:30:00,counter,fries,4,4
2026-02-11 13:30:00,delivery,chicken_tenders,2,2
2026-02-11 13:30:00,drive_thru,chicken_tenders,2,1
2026-02-11 13:45:00,counter,chicken_tenders,2,2
2026-02-11 13:45:00,delivery,chicken_tenders,1,1
2026-02-11 13:45:00,delivery,fries,1,1
2026-02-11 13:45:00,drive_thru,chicken_tenders,1,1
2026-02-11 13:45:00,drive_thru,fries,4,3
2026-02-11 14:00:00,counter,fries,2,1
2026-02-11 14:00:00,delivery,chicken_tenders,1,1
2026-02-11 14:00:00,delivery,fries,1,1
2026-02-11 14:30:00,counter,chicken_tenders,1,1
2026-02-11 14:30:00,counter,fries,1,1
2026-02-11 14:30:00,delivery,chicken_tenders,1,1
2026-02-11 14:30:00,drive_thru,fries,2,1
2026-02-11 14:45:00,counter,fries,1,1
2026-02-11 15:00:00,drive_thru,fries,2,1
2026-02-11 15:30:00,counter,chicken_tenders,3,2
2026-02-11 15:30:00,drive_thru,chicken_tenders,1,1
2026-02-11 15:45:00,counter,chicken_tenders,1,1
2026-02-11 15:45:00,delivery,chicken_tenders,1,1
2026-02-11 15:45:00,drive_thru,chicken_tenders,1,1
2026-02-11 15:45:00,drive_thru,fries,1,1
2026-02-11 16:00:00,counter,chicken_tenders,1,1
2026-02-11 16:00:00,counter,fries,3,2
2026-02-11 16:00:00,delivery,chicken_tenders,1,1
2026-02-11 16:00:00,delivery,fries,1,1
2026-02-11 16:00:00,drive_thru,chicken_tenders,2,1
2026-02-11 16:15:00,counter,chicken_tenders,3,1
2026-02-11 16:15:00,counter,fries,2,1
2026-02-11 16:15:00,drive_thru,chicken_tenders,2,1
2026-02-11 16:15:00,drive_thru,fries,1,1
2026-02-11 16:30:00,drive_thru,chicken_tenders,1,1
2026-02-11 17:00:00,counter,chicken_tenders,1,1
2026-02-11 17:00:00,delivery,fries,4,1
2026-02-11 17:00:00,drive_thru,chicken_tenders,1,1
2026-02-11 17:15:00,counter,chicken_tenders,1,1
2026-02-11 17:15:00,counter,fries,2,2
2026-02-11 17:15:00,drive_thru,chicken_tenders,2,1
2026-02-11 17:15:00,drive_thru,fries,1,1
2026-02-11 17:30:00,counter,fries,1,1
2026-02-11 17:30:00,delivery,chicken_tenders,1,1
2026-02-11 17:30:00,drive_thru,chicken_tenders,1,1
2026-02-11 17:30:00,drive_thru,fries,5,3
2026-02-11 17:45:00,counter,chicken_tenders,1,1
2026-02-11 17:45:00,delivery,chicken_tenders,2,2
2026-02-11 17:45:00,drive_thru,chicken_tenders,2,2
2026-02-11 17:45:00,drive_thru,fries,2,2
2026-02-11 18:00:00,counter,chicken_tenders,3,2
2026-02-11 18:00:00,counter,fries,2,1
2026-02-11 18:00:00,delivery,chicken_tenders,1,1
2026-02-11 18:00:00,drive_thru,chicken_tenders,3,3
2026-02-11 18:15:00,counter,chicken_tenders,2,1
2026-02-11 18:15:00,counter,fries,3,2
2026-02-11 18:15:00,delivery,chicken_tenders,1,1
2026-02-11 18:15:00,drive_thru,chicken_tenders,1,1
2026-02-11 18:15:00,drive_thru,fries,1,1
2026-02-11 18:30:00,counter,fries,2,1
2026-02-11 18:30:00,delivery,fries,1,1
2026-02-11 18:30:00,drive_thru,chicken_tenders,2,2
2026-02-11 18:30:00,drive_thru,fries,9,6
2026-02-11 18:45:00,counter,chicken_tenders,1,1
2026-02-11 18:45:00,counter,fries,3,2
2026-02-11 18:45:00,delivery,chicken_tenders,4,2
2026-02-11 18:45:00,delivery,fries,1,1
2026-02-11 19:00:00,counter,chicken_tenders,2,1
2026-02-11 19:00:00,delivery,chicken_tenders,4,2
2026-02-11 19:00:00,delivery,fries,2,2
2026-02-11 19:00:00,drive_thru,chicken_tenders,2,1
2026-02-11 19:00:00,drive_thru,fries,1,1
2026-02-11 19:15:00,counter,fries,2,1
2026-02-11 19:15:00,delivery,fries,2,1
2026-02-11 19:15:00,drive_thru,fries,1,1
2026-02-11 19:30:00,counter,fries,3,3
2026-02-11 19:30:00,delivery,chicken_tenders,1,1
2026-02-11 19:30:00,delivery,fries,2,1
2026-02-11 19:45:00,counter,chicken_tenders,2,1
2026-02-11 19:45:00,counter,fries,3,2
2026-02-11 20:00:00,delivery,chicken_tenders,2,2
2026-02-11 20:00:00,drive_thru,fries,1,1
2026-02-11 20:30:00,drive_thru,chicken_tenders,1,1
2026-02-11 20:45:00,counter,chicken_tenders,2,2
2026-02-11 20:45:00,counter,fries,1,1
2026-02-11 21:00:00,counter,fries,1,1
2026-02-11 21:00:00,drive_thru,chicken_tenders,1,1
2026-02-11 21:15:00,delivery,chicken_tenders,1,1
2026-02-11 21:15:00,delivery,fries,1,1
2026-02-11 21:15:00,drive_thru,fries,1,1
2026-02-11 21:30:00,counter,chicken_tenders,2,2
2026-02-11 21:30:00,counter,fries,1,1
2026-02-11 21:30:00,drive_thru,fries,1,1
2026-02-11 21:45:00,drive_thru,chicken_tenders,3,1
2026-02-12 06:30:00,counter,breakfast_wrap,1,1
2026-02-12 06:30:00,counter,hash_brown,1,1
2026-02-12 06:30:00,delivery,breakfast_wrap,1,1
2026-02-12 06:30:00,delivery,hash_brown,1,1
2026-02-12 06:30:00,drive_thru,breakfast_wrap,1,1
2026-02-12 07:00:00,counter,breakfast_wrap,2,2
2026-02-12 07:00:00,counter,hash_brown,1,1
2026-02-12 07:00:00,delivery,hash_brown,1,1
2026-02-12 07:00:00,drive_thru,hash_brown,1,1
2026-02-12 07:15:00,counter,breakfast_wrap,3,3
2026-02-12 07:15:00,delivery,breakfast_wrap,2,1
2026-02-12 07:15:00,drive_thru,hash_brown,2,2
2026-02-12 07:30:00,delivery,breakfast_wrap,1,1
2026-02-12 07:30:00,delivery,hash_brown,3,1
2026-02-12 07:30:00,drive_thru,breakfast_wrap,1,1
2026-02-12 07:30:00,drive_thru,hash_brown,2,2
2026-02-12 07:45:00,counter,breakfast_wrap,2,1
2026-02-12 07:45:00,counter,hash_brown,1,1
2026-02-12 07:45:00,delivery,breakfast_wrap,1,1
2026-02-12 07:45:00,drive_thru,hash_brown,1,1
2026-02-12 08:00:00,counter,breakfast_wrap,3,2
2026-02-12 08:00:00,counter,hash_brown,2,2
2026-02-12 08:00:00,delivery,breakfast_wrap,1,1
2026-02-12 08:00:00,delivery,hash_brown,3,3
2026-02-12 08:00:00,drive_thru,breakfast_wrap,4,3
2026-02-12 08:15:00,counter,breakfast_wrap,1,1
2026-02-12 08:15:00,counter,hash_brown,3,3
2026-02-12 08:15:00,delivery,breakfast_wrap,1,1
2026-02-12 08:15:00,drive_thru,hash_brown,1,1
2026-02-12 08:30:00,counter,breakfast_wrap,1,1
2026-02-12 08:30:00,counter,hash_brown,5,3
2026-02-12 08:30:00,delivery,breakfast_wrap,2,2
2026-02-12 08:30:00,drive_thru,breakfast_wrap,2,1
2026-02-12 08:45:00,counter,breakfast_wrap,3,3
2026-02-12 08:45:00,counter,hash_brown,3,3
2026-02-12 08:45:00,delivery,breakfast_wrap,1,1
2026-02-12 08:45:00,delivery,hash_brown,2,2
2026-02-12 08:45:00,drive_thru,hash_brown,2,1
2026-02-12 09:00:00,counter,breakfast_wrap,1,1
2026-02-12 09:00:00,counter,hash_brown,5,3
2026-02-12 09:00:00,delivery,hash_brown,1,1
2026-02-12 09:00:00,drive_thru,breakfast_wrap,1,1
2026-02-12 09:15:00,counter,hash_brown,1,1
2026-02-12 09:30:00,delivery,hash_brown,1,1
2026-02-12 09:30:00,drive_thru,breakfast_wrap,1,1
2026-02-12 09:30:00,drive_thru,hash_brown,2,2
2026-02-12 09:45:00,counter,breakfast_wrap,5,3
2026-02-12 09:45:00,counter,hash_brown,2,1
2026-02-12 10:00:00,counter,breakfast_wrap,1,1
2026-02-12 10:00:00,delivery,breakfast_wrap,2,1
2026-02-12 10:15:00,drive_thru,breakfast_wrap,3,3
2026-02-12 10:15:00,drive_thru,hash_brown,4,3
2026-02-12 10:30:00,delivery,breakfast_wrap,1,1
2026-02-12 10:30:00,drive_thru,breakfast_wrap,2,1
2026-02-12 10:30:00,drive_thru,hash_brown,1,1
2026-02-12 10:45:00,counter,breakfast_wrap,2,2
2026-02-12 10:45:00,delivery,hash_brown,1,1
2026-02-12 11:15:00,drive_thru,chicken_tenders,1,1
2026-02-12 11:15:00,drive_thru,fries,1,1
2026-02-12 11:45:00,delivery,fries,1,1
2026-02-12 12:00:00,counter,chicken_tenders,6,4
2026-02-12 12:00:00,counter,fries,3,3
2026-02-12 12:00:00,delivery,chicken_tenders,1,1
2026-02-12 12:00:00,delivery,fries,4,2
2026-02-12 12:00:00,drive_thru,fries,1,1
2026-02-12 12:15:00,counter,chicken_tenders,2,1
2026-02-12 12:15:00,counter,fries,2,2
2026-02-12 12:15:00,delivery,fries,2,2
2026-02-12 12:15:00,drive_thru,fries,1,1
2026-02-12 12:30:00,counter,chicken_tenders,1,1
2026-02-12 12:30:00,counter,fries,10,5
2026-02-12 12:30:00,delivery,chicken_tenders,1,1
2026-02-12 12:30:00,delivery,fries,2,2
2026-02-12 12:30:00,drive_thru,chicken_tenders,2,2
2026-02-12 12:45:00,counter,chicken_tenders,1,1
2026-02-12 12:45:00,delivery,chicken_tenders,3,2
2026-02-12 12:45:00,drive_thru,chicken_tenders,2,1
2026-02-12 12:45:00,drive_thru,fries,4,3
2026-02-12 13:00:00,counter,chicken_tenders,5,2
2026-02-12 13:00:00,delivery,chicken_tenders,2,1
2026-02-12 13:00:00,delivery,fries,1,1
2026-02-12 13:00:00,drive_thru,chicken_tenders,4,3
2026-02-12 13:00:00,drive_thru,fries,6,3
2026-02-12 13:15:00,counter,chicken_tenders,1,1
2026-02-12 13:15:00,counter,fries,1,1
2026-02-12 13:15:00,delivery,chicken_tenders,1,1
2026-02-12 13:15:00,delivery,fries,1,1
2026-02-12 13:15:00,drive_thru,chicken_tenders,1,1
2026-02-12 13:15:00,drive_thru,fries,2,1
2026-02-12 13:30:00,counter,chicken_tenders,6,3
2026-02-12 13:30:00,counter,fries,2,2
2026-02-12 13:30:00,delivery,chicken_tenders,5,3
2026-02-12 13:30:00,delivery,fries,2,2
2026-02-12 13:30:00,drive_thru,chicken_tenders,2,1
2026-02-12 13:30:00,drive_thru,fries,2,2
2026-02-12 13:45:00,delivery,chicken_tenders,2,2
2026-02-12 14:00:00,counter,fries,1,1
2026-02-12 14:00:00,delivery,chicken_tenders,1,1
2026-02-12 14:00:00,drive_thru,chicken_tenders,2,1
2026-02-12 14:15:00,counter,chicken_tenders,2,1
2026-02-12 14:15:00,counter,fries,3,2
2026-02-12 14:30:00,counter,chicken_tenders,1,1
2026-02-12 14:30:00,delivery,fries,3,1
2026-02-12 14:30:00,drive_thru,chicken_tenders,2,1
2026-02-12 14:45:00,counter,fries,2,2
2026-02-12 15:00:00,counter,fries,1,1
2026-02-12 15:00:00,delivery,fries,2,2
2026-02-12 15:15:00,counter,fries,1,1
2026-02-12 15:30:00,counter,fries,1,1
2026-02-12 15:30:00,delivery,chicken_tenders,1,1
2026-02-12 15:30:00,delivery,fries,1,1
2026-02-12 15:45:00,counter,fries,2,2
2026-02-12 15:45:00,drive_thru,chicken_tenders,3,1
2026-02-12 16:00:00,counter,chicken_tenders,3,1
2026-02-12 16:00:00,drive_thru,chicken_tenders,2,1
2026-02-12 16:15:00,delivery,chicken_tenders,1,1
2026-02-12 16:15:00,drive_thru,chicken_tenders,1,1
2026-02-12 16:30:00,counter,chicken_tenders,3,2
2026-02-12 16:45:00,counter,chicken_tenders,1,1
2026-02-12 16:45:00,counter,fries,2,1
2026-02-12 16:45:00,drive_thru,fries,2,1
2026-02-12 17:00:00,counter,chicken_tenders,1,1
2026-02-12 17:00:00,delivery,fries,2,1
2026-02-12 17:00:00,drive_thru,fries,2,1
2026-02-12 17:15:00,delivery,chicken_tenders,2,1
2026-02-12 17:15:00,delivery,fries,1,1
2026-02-12 17:15:00,drive_thru,chicken_tenders,2,2
2026-02-12 17:15:00,drive_thru,fries,4,2
2026-02-12 17:30:00,delivery,chicken_tenders,3,1
2026-02-12 17:30:00,delivery,fries,1,1
2026-02-12 17:30:00,drive_thru,fries,1,1
2026-02-12 17:45:00,counter,chicken_tenders,4,3
2026-02-12 17:45:00,counter,fries,1,1
2026-02-12 17:45:00,delivery,fries,4,1
2026-02-12 17:45:00,drive_thru,chicken_tenders,2,1
2026-02-12 17:45:00,drive_thru,fries,1,1
2026-02-12 18:00:00,counter,fries,1,1
2026-02-12 18:00:00,drive_thru,chicken_tenders,1,1
2026-02-12 18:15:00,delivery,chicken_tenders,1,1
2026-02-12 18:15:00,delivery,fries,2,1
2026-02-12 18:15:00,drive_thru,chicken_tenders,1,1
2026-02-12 18:15:00,drive_thru,fries,1,1
2026-02-12 18:30:00,counter,fries,2,2
2026-02-12 18:30:00,delivery,fries,2,1
2026-02-12 18:45:00,counter,fries,4,2
2026-02-12 18:45:00,drive_thru,chicken_tenders,1,1
2026-02-12 19:00:00,counter,chicken_tenders,1,1
2026-02-12 19:00:00,counter,fries,1,1
2026-02-12 19:00:00,delivery,chicken_tenders,2,1
2026-02-12 19:00:00,drive_thru,chicken_tenders,3,2
2026-02-12 19:00:00,drive_thru,fries,2,1
2026-02-12 19:15:00,counter,fries,1,1
2026-02-12 19:15:00,delivery,chicken_tenders,2,2
2026-02-12 19:15:00,drive_thru,chicken_tenders,3,2
2026-02-12 19:15:00,drive_thru,fries,1,1
2026-02-12 19:30:00,counter,chicken_tenders,1,1
2026-02-12 19:30:00,counter,fries,1,1
2026-02-12 19:45:00,counter,chicken_tenders,1,1
2026-02-12 19:45:00,counter,fries,1,1
2026-02-12 20:00:00,counter,fries,1,1
2026-02-12 20:15:00,drive_thru,fries,2,1
2026-02-12 20:30:00,drive_thru,chicken_tenders,1,1
2026-02-12 20:30:00,drive_thru,fries,2,1
2026-02-12 20:45:00,counter,chicken_tenders,1,1
2026-02-12 20:45:00,counter,fries,1,1
2026-02-12 20:45:00,delivery,chicken_tenders,1,1
2026-02-12 20:45:00,drive_thru,chicken_tenders,1,1
2026-02-12 21:00:00,counter,chicken_tenders,1,1
2026-02-12 21:00:00,counter,fries,1,1
2026-02-12 21:00:00,drive_thru,fries,2,1
2026-02-12 21:15:00,counter,fries,5,2
2026-02-12 21:15:00,drive_thru,chicken_tenders,1,1
2026-02-12 21:15:00,drive_thru,fries,1,1
2026-02-12 21:30:00,drive_thru,chicken_tenders,1,1
2026-02-12 21:30:00,drive_thru,fries,1,1
2026-02-12 21:45:00,counter,chicken_tenders,1,1
2026-02-12 21:45:00,counter,fries,1,1
2026-02-12 21:45:00,delivery,chicken_tenders,2,1
2026-02-12 21:45:00,drive_thru,chicken_tenders,2,1
2026-02-12 22:00:00,delivery,fries,2,1
2026-02-13 06:30:00,counter,breakfast_wrap,1,1
2026-02-13 06:30:00,counter,hash_brown,1,1
2026-02-13 06:30:00,delivery,hash_brown,1,1
2026-02-13 06:30:00,drive_thru,hash_brown,1,1
2026-02-13 07:00:00,counter,breakfast_wrap,3,2
2026-02-13 07:00:00,counter,hash_brown,1,1
2026-02-13 07:00:00,delivery,breakfast_wrap,1,1
2026-02-13 07:00:00,drive_thru,breakfast_wrap,4,2
2026-02-13 07:00:00,drive_thru,hash_brown,4,2
2026-02-13 07:15:00,counter,breakfast_wrap,2,2
2026-02-13 07:15:00,delivery,hash_brown,3,2
2026-02-13 07:15:00,drive_thru,breakfast_wrap,1,1
2026-02-13 07:30:00,delivery,breakfast_wrap,1,1
2026-02-13 07:30:00,delivery,hash_brown,1,1
2026-02-13 07:45:00,counter,breakfast_wrap,2,1
2026-02-13 07:45:00,counter,hash_brown,1,1
2026-02-13 07:45:00,delivery,breakfast_wrap,1,1
2026-02-13 07:45:00,drive_thru,breakfast_wrap,1,1
2026-02-13 07:45:00,drive_thru,hash_brown,1,1
2026-02-13 08:00:00,counter,breakfast_wrap,2,2
2026-02-13 08:00:00,drive_thru,breakfast_wrap,1,1
2026-02-13 08:15:00,counter,breakfast_wrap,2,2
2026-02-13 08:15:00,counter,hash_brown,1,1
2026-02-13 08:15:00,delivery,breakfast_wrap,1,1
2026-02-13 08:15:00,delivery,hash_brown,1,1
2026-02-13 08:30:00,counter,hash_brown,2,2
2026-02-13 08:30:00,drive_thru,breakfast_wrap,3,2
2026-02-13 08:45:00,counter,hash_brown,1,1
2026-02-13 08:45:00,delivery,breakfast_wrap,1,1
2026-02-13 08:45:00,drive_thru,breakfast_wrap,1,1
2026-02-13 08:45:00,drive_thru,hash_brown,1,1
2026-02-13 09:00:00,counter,breakfast_wrap,3,3
2026-02-13 09:00:00,counter,hash_brown,2,1
2026-02-13 09:00:00,delivery,breakfast_wrap,2,1
2026-02-13 09:00:00,drive_thru,breakfast_wrap,1,1
2026-02-13 09:00:00,drive_thru,hash_brown,2,1
2026-02-13 09:15:00,counter,breakfast_wrap,4,2
2026-02-13 09:15:00,delivery,breakfast_wrap,1,1
2026-02-13 09:15:00,delivery,hash_brown,1,1
2026-02-13 09:30:00,counter,breakfast_wrap,1,1
2026-02-13 09:30:00,counter,hash_brown,5,4
2026-02-13 09:30:00,delivery,breakfast_wrap,3,2
2026-02-13 09:30:00,delivery,hash_brown,1,1
2026-02-13 09:30:00,drive_thru,breakfast_wrap,4,3
2026-02-13 09:30:00,drive_thru,hash_brown,1,1
2026-02-13 09:45:00,counter,breakfast_wrap,3,2
2026-02-13 09:45:00,counter,hash_brown,1,1
2026-02-13 09:45:00,delivery,breakfast_wrap,2,2
2026-02-13 09:45:00,delivery,hash_brown,1,1
2026-02-13 10:00:00,delivery,breakfast_wrap,2,1
2026-02-13 10:15:00,drive_thru,hash_brown,2,1
2026-02-13 10:30:00,counter,breakfast_wrap,1,1
2026-02-13 10:30:00,drive_thru,breakfast_wrap,1,1
2026-02-13 10:30:00,drive_thru,hash_brown,2,1
2026-02-13 10:45:00,delivery,hash_brown,1,1
2026-02-13 11:00:00,counter,chicken_tenders,2,2
2026-02-13 11:00:00,counter,fries,1,1
2026-02-13 11:00:00,drive_thru,chicken_tenders,1,1
2026-02-13 11:00:00,drive_thru,fries,2,1
2026-02-13 11:15:00,delivery,chicken_tenders,3,2
2026-02-13 11:15:00,delivery,fries,1,1
2026-02-13 11:30:00,counter,chicken_tenders,1,1
2026-02-13 11:30:00,delivery,chicken_tenders,1,1
2026-02-13 11:45:00,delivery,fries,2,1
2026-02-13 11:45:00,drive_thru,chicken_tenders,4,2
2026-02-13 11:45:00,drive_thru,fries,1,1
2026-02-13 12:00:00,counter,chicken_tenders,1,1
2026-02-13 12:00:00,delivery,fries,1,1
2026-02-13 12:00:00,drive_thru,chicken_tenders,2,2
2026-02-13 12:00:00,drive_thru,fries,3,2
2026-02-13 12:15:00,counter,chicken_tenders,2,1
2026-02-13 12:15:00,counter,fries,2,2
2026-02-13 12:15:00,delivery,chicken_tenders,2,2
2026-02-13 12:15:00,delivery,fries,1,1
2026-02-13 12:30:00,counter,chicken_tenders,1,1
2026-02-13 12:30:00,delivery,chicken_tenders,1,1
2026-02-13 12:30:00,drive_thru,fries,6,3
2026-02-13 12:45:00,counter,fries,1,1
2026-02-13 12:45:00,delivery,chicken_tenders,1,1
2026-02-13 12:45:00,delivery,fries,1,1
2026-02-13 12:45:00,drive_thru,chicken_tenders,3,3
2026-02-13 12:45:00,drive_thru,fries,4,4
2026-02-13 13:00:00,counter,chicken_tenders,1,1
2026-02-13 13:00:00,counter,fries,2,1
2026-02-13 13:00:00,delivery,fries,1,1
2026-02-13 13:00:00,drive_thru,chicken_tenders,2,1
2026-02-13 13:00:00,drive_thru,fries,2,2
2026-02-13 13:15:00,counter,chicken_tenders,5,4
2026-02-13 13:15:00,counter,fries,5,2
2026-02-13 13:15:00,delivery,fries,3,2
2026-02-13 13:30:00,counter,chicken_tenders,1,1
2026-02-13 13:30:00,counter,fries,1,1
2026-02-13 13:30:00,delivery,chicken_tenders,5,2
2026-02-13 13:45:00,counter,chicken_tenders,1,1
2026-02-13 13:45:00,counter,fries,2,2
2026-02-13 13:45:00,drive_thru,chicken_tenders,2,2
2026-02-13 13:45:00,drive_thru,fries,4,2
2026-02-13 14:00:00,drive_thru,chicken_tenders,1,1
2026-02-13 14:15:00,counter,chicken_tenders,2,2
2026-02-13 14:30:00,drive_thru,chicken_tenders,2,2
2026-02-13 14:30:00,drive_thru,fries,1,1
2026-02-13 14:45:00,counter,chicken_tenders,1,1
2026-02-13 14:45:00,drive_thru,chicken_tenders,1,1
2026-02-13 15:00:00,counter,fries,3,1
2026-02-13 15:00:00,delivery,chicken_tenders,2,1
2026-02-13 15:00:00,drive_thru,chicken_tenders,1,1
2026-02-13 15:00:00,drive_thru,fries,2,1
2026-02-13 15:15:00,drive_thru,chicken_tenders,1,1
2026-02-13 15:30:00,counter,fries,2,1
2026-02-13 15:45:00,drive_thru,chicken_tenders,2,2
2026-02-13 15:45:00,drive_thru,fries,4,2
2026-02-13 16:00:00,counter,chicken_tenders,1,1
2026-02-13 16:00:00,counter,fries,1,1
2026-02-13 16:00:00,delivery,fries,1,1
2026-02-13 16:00:00,drive_thru,fries,3,3
2026-02-13 16:30:00,delivery,fries,1,1
2026-02-13 16:45:00,counter,chicken_tenders,2,2
2026-02-13 16:45:00,counter,fries,2,2
2026-02-13 16:45:00,delivery,fries,2,1
2026-02-13 17:00:00,delivery,fries,1,1
2026-02-13 17:00:00,drive_thru,fries,2,1
2026-02-13 17:15:00,delivery,chicken_tenders,1,1
2026-02-13 17:15:00,delivery,fries,2,1
2026-02-13 17:30:00,counter,chicken_tenders,4,3
2026-02-13 17:30:00,delivery,fries,1,1
2026-02-13 17:45:00,counter,fries,2,1
2026-02-13 18:00:00,counter,chicken_tenders,1,1
2026-02-13 18:00:00,counter,fries,1,1
2026-02-13 18:00:00,delivery,chicken_tenders,1,1
2026-02-13 18:00:00,drive_thru,chicken_tenders,4,2
2026-02-13 18:00:00,drive_thru,fries,1,1
2026-02-13 18:15:00,counter,chicken_tenders,2,2
2026-02-13 18:15:00,counter,fries,4,3
2026-02-13 18:15:00,delivery,fries,1,1
2026-02-13 18:15:00,drive_thru,chicken_tenders,1,1
2026-02-13 18:15:00,drive_thru,fries,1,1
2026-02-13 18:30:00,counter,chicken_tenders,1,1
2026-02-13 18:30:00,counter,fries,1,1
2026-02-13 18:45:00,counter,chicken_tenders,2,2
2026-02-13 18:45:00,delivery,fries,2,2
2026-02-13 18:45:00,drive_thru,chicken_tenders,3,3
2026-02-13 18:45:00,drive_thru,fries,1,1
2026-02-13 19:00:00,counter,fries,1,1
2026-02-13 19:00:00,delivery,fries,2,2
2026-02-13 19:00:00,drive_thru,chicken_tenders,1,1
2026-02-13 19:00:00,drive_thru,fries,3,2
2026-02-13 19:15:00,drive_thru,fries,2,2
2026-02-13 19:30:00,delivery,fries,1,1
2026-02-13 19:30:00,drive_thru,chicken_tenders,2,2
2026-02-13 19:30:00,drive_thru,fries,1,1
2026-02-13 19:45:00,counter,chicken_tenders,1,1
2026-02-13 19:45:00,counter,fries,1,1
2026-02-13 19:45:00,drive_thru,fries,2,1
2026-02-13 20:00:00,counter,fries,2,2
2026-02-13 20:00:00,delivery,chicken_tenders,1,1
2026-02-13 20:15:00,drive_thru,fries,2,1
2026-02-13 20:30:00,counter,chicken_tenders,2,1
2026-02-13 20:45:00,counter,fries,1,1
2026-02-13 20:45:00,drive_thru,chicken_tenders,2,1
2026-02-13 21:15:00,drive_thru,fries,3,1
2026-02-14 06:00:00,counter,breakfast_wrap,3,2
2026-02-14 06:00:00,counter,hash_brown,3,1
2026-02-14 06:15:00,drive_thru,breakfast_wrap,1,1
2026-02-14 06:30:00,counter,breakfast_wrap,1,1
2026-02-14 06:30:00,counter,hash_brown,4,2
2026-02-14 06:30:00,delivery,breakfast_wrap,2,1
2026-02-14 06:30:00,drive_thru,hash_brown,1,1
2026-02-14 06:45:00,counter,hash_brown,1,1
2026-02-14 07:00:00,counter,breakfast_wrap,2,2
2026-02-14 07:00:00,counter,hash_brown,1,1
2026-02-14 07:00:00,delivery,breakfast_wrap,2,2
2026-02-14 07:00:00,drive_thru,breakfast_wrap,1,1
2026-02-14 07:00:00,drive_thru,hash_brown,2,2
2026-02-14 07:15:00,counter,breakfast_wrap,1,1
2026-02-14 07:15:00,counter,hash_brown,2,1
2026-02-14 07:15:00,drive_thru,breakfast_wrap,3,3
2026-02-14 07:15:00,drive_thru,hash_brown,2,2
2026-02-14 07:30:00,counter,breakfast_wrap,1,1
2026-02-14 07:30:00,counter,hash_brown,1,1
2026-02-14 07:30:00,drive_thru,breakfast_wrap,1,1
2026-02-14 07:45:00,counter,breakfast_wrap,5,2
2026-02-14 07:45:00,counter,hash_brown,4,2
2026-02-14 07:45:00,delivery,hash_brown,5,3
2026-02-14 07:45:00,drive_thru,breakfast_wrap,2,1
2026-02-14 08:00:00,counter,breakfast_wrap,1,1
2026-02-14 08:00:00,counter,hash_brown,1,1
2026-02-14 08:00:00,delivery,breakfast_wrap,3,2
2026-02-14 08:00:00,delivery,hash_brown,1,1
2026-02-14 08:15:00,counter,breakfast_wrap,5,4
2026-02-14 08:15:00,counter,hash_brown,1,1
2026-02-14 08:15:00,delivery,breakfast_wrap,1,1
2026-02-14 08:15:00,delivery,hash_brown,1,1
2026-02-14 08:15:00,drive_thru,breakfast_wrap,2,1
2026-02-14 08:15:00,drive_thru,hash_brown,5,3
2026-02-14 08:30:00,delivery,breakfast_wrap,2,1
2026-02-14 08:30:00,delivery,hash_brown,1,1
2026-02-14 08:30:00,drive_thru,breakfast_wrap,1,1
2026-02-14 08:45:00,counter,breakfast_wrap,1,1
2026-02-14 08:45:00,counter,hash_brown,1,1
2026-02-14 08:45:00,delivery,breakfast_wrap,5,3
2026-02-14 08:45:00,delivery,hash_brown,4,2
2026-02-14 08:45:00,drive_thru,hash_brown,2,1
2026-02-14 09:00:00,counter,breakfast_wrap,2,1
2026-02-14 09:00:00,counter,hash_brown,2,2
2026-02-14 09:00:00,delivery,breakfast_wrap,2,2
2026-02-14 09:00:00,delivery,hash_brown,3,2
2026-02-14 09:00:00,drive_thru,hash_brown,1,1
2026-02-14 09:15:00,counter,breakfast_wrap,1,1
2026-02-14 09:15:00,counter,hash_brown,2,1
2026-02-14 09:15:00,delivery,breakfast_wrap,1,1
2026-02-14 09:15:00,delivery,hash_brown,1,1
2026-02-14 09:30:00,counter,breakfast_wrap,2,2
2026-02-14 09:30:00,counter,hash_brown,1,1
2026-02-14 09:30:00,delivery,hash_brown,1,1
2026-02-14 09:30:00,drive_thru,breakfast_wrap,2,1
2026-02-14 09:30:00,drive_thru,hash_brown,1,1
2026-02-14 09:45:00,counter,breakfast_wrap,3,3
2026-02-14 09:45:00,counter,hash_brown,4,3
2026-02-14 09:45:00,delivery,breakfast_wrap,3,2
2026-02-14 09:45:00,delivery,hash_brown,2,1
2026-02-14 09:45:00,drive_thru,breakfast_wrap,4,3
2026-02-14 09:45:00,drive_thru,hash_brown,4,3
2026-02-14 10:00:00,counter,breakfast_wrap,3,2
2026-02-14 10:00:00,drive_thru,breakfast_wrap,3,2
2026-02-14 10:00:00,drive_thru,hash_brown,3,3
2026-02-14 10:15:00,counter,breakfast_wrap,1,1
2026-02-14 10:15:00,counter,hash_brown,1,1
2026-02-14 10:15:00,drive_thru,breakfast_wrap,2,1
2026-02-14 10:30:00,delivery,breakfast_wrap,1,1
2026-02-14 10:30:00,drive_thru,breakfast_wrap,4,2
2026-02-14 10:30:00,drive_thru,hash_brown,1,1
2026-02-14 10:45:00,counter,hash_brown,1,1
2026-02-14 10:45:00,drive_thru,breakfast_wrap,2,2
2026-02-14 10:45:00,drive_thru,hash_brown,1,1
2026-02-14 11:00:00,counter,chicken_tenders,3,2
2026-02-14 11:00:00,delivery,chicken_tenders,1,1
2026-02-14 11:15:00,counter,fries,1,1
2026-02-14 11:15:00,drive_thru,fries,1,1
2026-02-14 11:30:00,delivery,fries,2,1
2026-02-14 11:30:00,drive_thru,chicken_tenders,3,2
2026-02-14 11:45:00,counter,chicken_tenders,1,1
2026-02-14 11:45:00,drive_thru,fries,1,1
2026-02-14 12:00:00,counter,chicken_tenders,2,2
2026-02-14 12:00:00,counter,fries,3,2
2026-02-14 12:00:00,delivery,chicken_tenders,1,1
2026-02-14 12:00:00,delivery,fries,1,1
2026-02-14 12:00:00,drive_thru,chicken_tenders,1,1
2026-02-14 12:00:00,drive_thru,fries,7,4
2026-02-14 12:15:00,counter,chicken_tenders,2,2
2026-02-14 12:15:00,counter,fries,2,2
2026-02-14 12:15:00,drive_thru,chicken_tenders,1,1
2026-02-14 12:30:00,counter,chicken_tenders,7,6
2026-02-14 12:30:00,counter,fries,5,3
2026-02-14 12:30:00,delivery,fries,2,2
2026-02-14 12:45:00,counter,chicken_tenders,3,2
2026-02-14 12:45:00,counter,fries,2,2
2026-02-14 12:45:00,delivery,chicken_tenders,1,1
2026-02-14 12:45:00,delivery,fries,1,1
2026-02-14 13:00:00,counter,chicken_tenders,4,4
2026-02-14 13:00:00,counter,fries,7,5
2026-02-14 13:00:00,drive_thru,chicken_tenders,3,2
2026-02-14 13:00:00,drive_thru,fries,2,2
2026-02-14 13:15:00,counter,chicken_tenders,1,1
2026-02-14 13:15:00,counter,fries,4,3
2026-02-14 13:15:00,drive_thru,chicken_tenders,2,1
2026-02-14 13:15:00,drive_thru,fries,1,1
2026-02-14 13:30:00,counter,chicken_tenders,1,1
2026-02-14 13:30:00,counter,fries,3,3
2026-02-14 13:30:00,delivery,chicken_tenders,1,1
2026-02-14 13:45:00,counter,fries,1,1
2026-02-14 13:45:00,delivery,chicken_tenders,3,2
2026-02-14 13:45:00,delivery,fries,2,2
2026-02-14 14:15:00,counter,fries,1,1
2026-02-14 14:30:00,drive_thru,fries,1,1
2026-02-14 14:45:00,counter,chicken_tenders,1,1
2026-02-14 14:45:00,counter,fries,3,2
2026-02-14 14:45:00,delivery,chicken_tenders,1,1
2026-02-14 14:45:00,drive_thru,chicken_tenders,2,1
2026-02-14 14:45:00,drive_thru,fries,1,1
2026-02-14 15:00:00,counter,chicken_tenders,2,1
2026-02-14 15:00:00,drive_thru,fries,1,1
2026-02-14 15:15:00,counter,chicken_tenders,1,1
2026-02-14 15:15:00,drive_thru,chicken_tenders,2,1
2026-02-14 15:15:00,drive_thru,fries,1,1
2026-02-14 15:30:00,drive_thru,chicken_tenders,1,1
2026-02-14 15:30:00,drive_thru,fries,3,2
2026-02-14 15:45:00,counter,chicken_tenders,1,1
2026-02-14 15:45:00,delivery,chicken_tenders,1,1
2026-02-14 16:00:00,counter,fries,1,1
2026-02-14 16:00:00,drive_thru,fries,5,3
2026-02-14 16:15:00,counter,fries,1,1
2026-02-14 16:15:00,drive_thru,chicken_tenders,2,1
2026-02-14 16:15:00,drive_thru,fries,2,2
2026-02-14 16:30:00,counter,chicken_tenders,1,1
2026-02-14 16:30:00,counter,fries,1,1
2026-02-14 16:30:00,delivery,chicken_tenders,2,1
2026-02-14 16:30:00,delivery,fries,1,1
2026-02-14 16:30:00,drive_thru,chicken_tenders,2,1
2026-02-14 16:45:00,counter,chicken_tenders,2,1
2026-02-14 16:45:00,counter,fries,3,2
2026-02-14 16:45:00,delivery,chicken_tenders,1,1
2026-02-14 16:45:00,delivery,fries,2,1
2026-02-14 16:45:00,drive_thru,chicken_tenders,4,2
2026-02-14 16:45:00,drive_thru,fries,1,1
2026-02-14 17:00:00,counter,chicken_tenders,1,1
2026-02-14 17:00:00,counter,fries,1,1
2026-02-14 17:00:00,delivery,chicken_tenders,1,1
2026-02-14 17:00:00,drive_thru,chicken_tenders,3,2
2026-02-14 17:15:00,delivery,chicken_tenders,1,1
2026-02-14 17:30:00,counter,chicken_tenders,3,3
2026-02-14 17:30:00,counter,fries,2,1
2026-02-14 17:45:00,counter,chicken_tenders,2,2
2026-02-14 17:45:00,counter,fries,2,2
2026-02-14 17:45:00,delivery,chicken_tenders,1,1
2026-02-14 17:45:00,drive_thru,chicken_tenders,4,3
2026-02-14 17:45:00,drive_thru,fries,2,2
2026-02-14 18:00:00,counter,chicken_tenders,5,2
2026-02-14 18:00:00,delivery,chicken_tenders,1,1
2026-02-14 18:00:00,delivery,fries,1,1
2026-02-14 18:00:00,drive_thru,fries,1,1
2026-02-14 18:15:00,counter,fries,1,1
2026-02-14 18:15:00,delivery,chicken_tenders,1,1
2026-02-14 18:15:00,delivery,fries,3,2
2026-02-14 18:15:00,drive_thru,chicken_tenders,2,1
2026-02-14 18:30:00,counter,chicken_tenders,4,2
2026-02-14 18:30:00,counter,fries,2,2
2026-02-14 18:30:00,delivery,chicken_tenders,3,2
2026-02-14 18:30:00,drive_thru,fries,1,1
2026-02-14 18:45:00,counter,chicken_tenders,1,1
2026-02-14 18:45:00,counter,fries,3,2
2026-02-14 18:45:00,delivery,fries,2,1
2026-02-14 19:00:00,counter,chicken_tenders,1,1
2026-02-14 19:00:00,drive_thru,chicken_tenders,2,2
2026-02-14 19:00:00,drive_thru,fries,2,2
2026-02-14 19:15:00,counter,fries,2,2
2026-02-14 19:15:00,delivery,chicken_tenders,1,1
2026-02-14 19:15:00,delivery,fries,2,1
2026-02-14 19:15:00,drive_thru,fries,5,4
2026-02-14 19:30:00,counter,fries,1,1
2026-02-14 19:30:00,delivery,chicken_tenders,2,1
2026-02-14 19:30:00,drive_thru,chicken_tenders,1,1
2026-02-14 19:30:00,drive_thru,fries,4,2
2026-02-14 19:45:00,counter,chicken_tenders,1,1
2026-02-14 19:45:00,counter,fries,1,1
2026-02-14 19:45:00,delivery,fries,3,2
2026-02-14 19:45:00,drive_thru,fries,1,1
2026-02-14 20:15:00,counter,chicken_tenders,1,1
2026-02-14 20:15:00,counter,fries,1,1
2026-02-14 20:15:00,delivery,fries,2,1
2026-02-14 20:15:00,drive_thru,chicken_tenders,1,1
2026-02-14 20:15:00,drive_thru,fries,1,1
2026-02-14 20:30:00,delivery,chicken_tenders,1,1
2026-02-14 20:45:00,drive_thru,chicken_tenders,3,2
2026-02-14 21:00:00,drive_thru,fries,3,2
2026-02-14 21:15:00,counter,chicken_tenders,1,1
2026-02-14 21:15:00,delivery,chicken_tenders,2,1
2026-02-14 21:15:00,drive_thru,chicken_tenders,2,2
2026-02-14 21:15:00,drive_thru,fries,1,1
2026-02-14 21:30:00,delivery,fries,1,1
2026-02-14 21:30:00,drive_thru,fries,2,1
2026-02-14 21:45:00,counter,chicken_tenders,2,2
2026-02-14 21:45:00,delivery,fries,1,1
2026-02-14 21:45:00,drive_thru,fries,1,1
2026-02-14 22:00:00,delivery,chicken_tenders,1,1
2026-02-15 06:00:00,counter,breakfast_wrap,1,1
2026-02-15 06:00:00,counter,hash_brown,1,1
2026-02-15 06:00:00,delivery,breakfast_wrap,1,1
2026-02-15 06:15:00,delivery,breakfast_wrap,2,1
2026-02-15 06:15:00,drive_thru,breakfast_wrap,1,1
2026-02-15 06:15:00,drive_thru,hash_brown,1,1
2026-02-15 06:30:00,counter,hash_brown,4,2
2026-02-15 06:30:00,drive_thru,breakfast_wrap,1,1
2026-02-15 06:30:00,drive_thru,hash_brown,1,1
2026-02-15 07:00:00,counter,hash_brown,2,2
2026-02-15 07:00:00,delivery,hash_brown,1,1
2026-02-15 07:15:00,counter,breakfast_wrap,4,3
2026-02-15 07:15:00,counter,hash_brown,5,5
2026-02-15 07:15:00,delivery,breakfast_wrap,1,1
2026-02-15 07:15:00,drive_thru,breakfast_wrap,4,2
2026-02-15 07:30:00,counter,hash_brown,2,2
2026-02-15 07:30:00,delivery,breakfast_wrap,3,1
2026-02-15 07:30:00,delivery,hash_brown,1,1
2026-02-15 07:30:00,drive_thru,hash_brown,2,1
2026-02-15 07:45:00,counter,breakfast_wrap,1,1
2026-02-15 07:45:00,counter,hash_brown,1,1
2026-02-15 07:45:00,delivery,breakfast_wrap,2,1
2026-02-15 07:45:00,delivery,hash_brown,1,1
2026-02-15 08:00:00,counter,breakfast_wrap,3,2
2026-02-15 08:00:00,delivery,breakfast_wrap,1,1
2026-02-15 08:00:00,delivery,hash_brown,4,2
2026-02-15 08:00:00,drive_thru,hash_brown,3,2
2026-02-15 08:15:00,counter,breakfast_wrap,2,2
2026-02-15 08:15:00,delivery,hash_brown,2,2
2026-02-15 08:15:00,drive_thru,breakfast_wrap,1,1
2026-02-15 08:15:00,drive_thru,hash_brown,1,1
2026-02-15 08:30:00,counter,breakfast_wrap,2,2
2026-02-15 08:30:00,counter,hash_brown,2,2
2026-02-15 08:30:00,delivery,breakfast_wrap,2,2
2026-02-15 08:30:00,drive_thru,breakfast_wrap,3,2
2026-02-15 08:30:00,drive_thru,hash_brown,2,1
2026-02-15 08:45:00,counter,breakfast_wrap,5,4
2026-02-15 08:45:00,counter,hash_brown,5,4
2026-02-15 08:45:00,delivery,breakfast_wrap,1,1
2026-02-15 08:45:00,delivery,hash_brown,2,2
2026-02-15 09:00:00,counter,breakfast_wrap,2,2
2026-02-15 09:00:00,counter,hash_brown,1,1
2026-02-15 09:00:00,delivery,hash_brown,1,1
2026-02-15 09:00:00,drive_thru,breakfast_wrap,4,2
2026-02-15 09:00:00,drive_thru,hash_brown,1,1
2026-02-15 09:15:00,counter,breakfast_wrap,1,1
2026-02-15 09:30:00,counter,hash_brown,2,1
2026-02-15 09:30:00,delivery,hash_brown,2,1
2026-02-15 09:30:00,drive_thru,breakfast_wrap,1,1
2026-02-15 09:30:00,drive_thru,hash_brown,2,2
2026-02-15 09:45:00,counter,breakfast_wrap,2,2
2026-02-15 09:45:00,counter,hash_brown,2,2
2026-02-15 09:45:00,drive_thru,breakfast_wrap,1,1
2026-02-15 10:00:00,counter,breakfast_wrap,1,1
2026-02-15 10:00:00,counter,hash_brown,1,1
2026-02-15 10:00:00,delivery,hash_brown,2,2
2026-02-15 10:15:00,counter,breakfast_wrap,3,2
2026-02-15 10:15:00,drive_thru,hash_brown,1,1
2026-02-15 10:30:00,counter,hash_brown,1,1
2026-02-15 10:30:00,delivery,breakfast_wrap,1,1
2026-02-15 10:30:00,delivery,hash_brown,1,1
2026-02-15 10:45:00,counter,hash_brown,2,1
2026-02-15 10:45:00,drive_thru,hash_brown,1,1
2026-02-15 11:00:00,counter,chicken_tenders,1,1
2026-02-15 11:00:00,counter,fries,1,1
2026-02-15 11:00:00,delivery,fries,1,1
2026-02-15 11:15:00,counter,chicken_tenders,1,1
2026-02-15 11:15:00,counter,fries,1,1
2026-02-15 11:15:00,drive_thru,chicken_tenders,1,1
2026-02-15 11:30:00,counter,chicken_tenders,1,1
2026-02-15 11:30:00,counter,fries,1,1
2026-02-15 11:45:00,counter,chicken_tenders,1,1
2026-02-15 11:45:00,drive_thru,chicken_tenders,1,1
2026-02-15 11:45:00,drive_thru,fries,1,1
2026-02-15 12:00:00,counter,chicken_tenders,1,1
2026-02-15 12:00:00,counter,fries,1,1
2026-02-15 12:00:00,delivery,chicken_tenders,1,1
2026-02-15 12:00:00,drive_thru,fries,4,2
2026-02-15 12:15:00,counter,chicken_tenders,2,1
2026-02-15 12:15:00,counter,fries,1,1
2026-02-15 12:15:00,delivery,chicken_tenders,3,2
2026-02-15 12:15:00,drive_thru,chicken_tenders,3,2
2026-02-15 12:15:00,drive_thru,fries,3,3
2026-02-15 12:30:00,counter,fries,2,2
2026-02-15 12:30:00,delivery,fries,1,1
2026-02-15 12:30:00,drive_thru,fries,1,1
2026-02-15 12:45:00,counter,chicken_tenders,6,4
2026-02-15 12:45:00,counter,fries,3,3
2026-02-15 12:45:00,delivery,chicken_tenders,3,2
2026-02-15 12:45:00,delivery,fries,1,1
2026-02-15 12:45:00,drive_thru,chicken_tenders,3,3
2026-02-15 12:45:00,drive_thru,fries,2,2
2026-02-15 13:00:00,counter,chicken_tenders,9,6
2026-02-15 13:00:00,counter,fries,6,5
2026-02-15 13:00:00,delivery,fries,1,1
2026-02-15 13:00:00,drive_thru,chicken_tenders,5,4
2026-02-15 13:00:00,drive_thru,fries,1,1
2026-02-15 13:15:00,counter,fries,2,2
2026-02-15 13:15:00,drive_thru,chicken_tenders,4,3
2026-02-15 13:15:00,drive_thru,fries,2,2
2026-02-15 13:30:00,counter,fries,3,1
2026-02-15 13:30:00,delivery,chicken_tenders,2,2
2026-02-15 13:30:00,delivery,fries,2,2
2026-02-15 13:30:00,drive_thru,chicken_tenders,3,3
2026-02-15 13:30:00,drive_thru,fries,1,1
2026-02-15 13:45:00,counter,chicken_tenders,2,2
2026-02-15 13:45:00,counter,fries,4,2
2026-02-15 13:45:00,delivery,chicken_tenders,2,1
2026-02-15 13:45:00,delivery,fries,3,3
2026-02-15 13:45:00,drive_thru,chicken_tenders,1,1
2026-02-15 13:45:00,drive_thru,fries,3,3
2026-02-15 14:00:00,counter,chicken_tenders,2,1
2026-02-15 14:00:00,counter,fries,1,1
2026-02-15 14:00:00,delivery,chicken_tenders,1,1
2026-02-15 14:00:00,delivery,fries,1,1
2026-02-15 14:15:00,counter,chicken_tenders,5,3
2026-02-15 14:15:00,delivery,chicken_tenders,1,1
2026-02-15 14:15:00,delivery,fries,3,2
2026-02-15 14:30:00,drive_thru,chicken_tenders,3,2
2026-02-15 15:00:00,counter,chicken_tenders,2,1
2026-02-15 15:00:00,drive_thru,chicken_tenders,3,3
2026-02-15 15:00:00,drive_thru,fries,2,2
2026-02-15 15:15:00,counter,chicken_tenders,1,1
2026-02-15 15:15:00,delivery,chicken_tenders,2,1
2026-02-15 15:45:00,drive_thru,fries,2,1
2026-02-15 16:00:00,delivery,chicken_tenders,1,1
2026-02-15 16:00:00,delivery,fries,1,1
2026-02-15 16:00:00,drive_thru,chicken_tenders,1,1
2026-02-15 16:15:00,counter,chicken_tenders,1,1
2026-02-15 16:15:00,delivery,chicken_tenders,2,1
2026-02-15 16:30:00,counter,chicken_tenders,1,1
2026-02-15 16:30:00,counter,fries,1,1
2026-02-15 16:30:00,drive_thru,chicken_tenders,1,1
2026-02-15 16:45:00,counter,fries,1,1
2026-02-15 16:45:00,delivery,fries,1,1
2026-02-15 16:45:00,drive_thru,fries,1,1
2026-02-15 17:00:00,counter,chicken_tenders,1,1
2026-02-15 17:00:00,counter,fries,2,2
2026-02-15 17:00:00,delivery,chicken_tenders,1,1
2026-02-15 17:00:00,delivery,fries,1,1
2026-02-15 17:00:00,drive_thru,chicken_tenders,3,3
2026-02-15 17:15:00,counter,fries,4,3
2026-02-15 17:15:00,delivery,fries,1,1
2026-02-15 17:15:00,drive_thru,chicken_tenders,1,1
2026-02-15 17:30:00,counter,chicken_tenders,1,1
2026-02-15 17:30:00,counter,fries,4,4
2026-02-15 17:30:00,drive_thru,chicken_tenders,2,1
2026-02-15 17:30:00,drive_thru,fries,1,1
2026-02-15 17:45:00,counter,chicken_tenders,6,3
2026-02-15 17:45:00,counter,fries,1,1
2026-02-15 17:45:00,drive_thru,fries,1,1
2026-02-15 18:00:00,counter,chicken_tenders,1,1
2026-02-15 18:00:00,counter,fries,2,1
2026-02-15 18:00:00,drive_thru,chicken_tenders,1,1
2026-02-15 18:00:00,drive_thru,fries,7,4
2026-02-15 18:15:00,counter,chicken_tenders,2,2
2026-02-15 18:15:00,delivery,chicken_tenders,1,1
2026-02-15 18:15:00,drive_thru,chicken_tenders,2,1
2026-02-15 18:15:00,drive_thru,fries,4,2
2026-02-15 18:30:00,counter,chicken_tenders,1,1
2026-02-15 18:30:00,counter,fries,2,2
2026-02-15 18:30:00,delivery,chicken_tenders,4,3
2026-02-15 18:30:00,drive_thru,chicken_tenders,2,2
2026-02-15 18:30:00,drive_thru,fries,1,1
2026-02-15 18:45:00,counter,chicken_tenders,5,4
2026-02-15 18:45:00,counter,fries,3,2
2026-02-15 18:45:00,delivery,chicken_tenders,2,2
2026-02-15 18:45:00,delivery,fries,5,4
2026-02-15 18:45:00,drive_thru,chicken_tenders,4,3
2026-02-15 18:45:00,drive_thru,fries,2,2
2026-02-15 19:00:00,counter,chicken_tenders,3,1
2026-02-15 19:00:00,counter,fries,2,1
2026-02-15 19:00:00,delivery,chicken_tenders,3,2
2026-02-15 19:00:00,delivery,fries,2,2
2026-02-15 19:15:00,counter,chicken_tenders,8,6
2026-02-15 19:15:00,counter,fries,3,3
2026-02-15 19:15:00,delivery,chicken_tenders,2,2
2026-02-15 19:15:00,drive_thru,chicken_tenders,3,2
2026-02-15 19:30:00,counter,fries,4,2
2026-02-15 19:30:00,delivery,chicken_tenders,1,1
2026-02-15 19:30:00,drive_thru,fries,4,2
2026-02-15 19:45:00,counter,fries,2,2
2026-02-15 19:45:00,delivery,fries,1,1
2026-02-15 19:45:00,drive_thru,fries,1,1
2026-02-15 20:00:00,counter,chicken_tenders,2,1
2026-02-15 20:00:00,drive_thru,chicken_tenders,3,2
2026-02-15 20:00:00,drive_thru,fries,1,1
2026-02-15 20:15:00,counter,chicken_tenders,2,1
2026-02-15 20:15:00,delivery,chicken_tenders,2,1
2026-02-15 20:30:00,counter,chicken_tenders,4,3
2026-02-15 20:30:00,counter,fries,1,1
2026-02-15 20:30:00,drive_thru,chicken_tenders,1,1
2026-02-15 20:30:00,drive_thru,fries,2,2
2026-02-15 20:45:00,drive_thru,chicken_tenders,1,1
2026-02-15 20:45:00,drive_thru,fries,1,1
2026-02-15 21:00:00,delivery,chicken_tenders,1,1
2026-02-15 21:00:00,drive_thru,fries,2,1
2026-02-15 21:15:00,counter,chicken_tenders,1,1
2026-02-15 21:15:00,delivery,chicken_tenders,1,1
2026-02-15 21:30:00,counter,chicken_tenders,1,1
2026-02-15 21:30:00,drive_thru,fries,1,1
2026-02-15 21:45:00,counter,chicken_tenders,3,2
2026-02-15 21:45:00,counter,fries,1,1
2026-02-15 21:45:00,drive_thru,chicken_tenders,1,1
2026-02-15 21:45:00,drive_thru,fries,3,2
2026-02-16 06:00:00,delivery,hash_brown,2,1
2026-02-16 06:15:00,counter,breakfast_wrap,1,1
2026-02-16 06:30:00,counter,breakfast_wrap,1,1
2026-02-16 06:30:00,counter,hash_brown,2,2
2026-02-16 06:45:00,counter,breakfast_wrap,2,2
2026-02-16 06:45:00,delivery,breakfast_wrap,2,1
2026-02-16 06:45:00,drive_thru,hash_brown,1,1
2026-02-16 07:00:00,counter,breakfast_wrap,6,5
2026-02-16 07:00:00,counter,hash_brown,2,2
2026-02-16 07:00:00,delivery,breakfast_wrap,2,1
2026-02-16 07:00:00,drive_thru,hash_brown,1,1
2026-02-16 07:15:00,counter,breakfast_wrap,1,1
2026-02-16 07:15:00,counter,hash_brown,1,1
2026-02-16 07:15:00,delivery,breakfast_wrap,2,2
2026-02-16 07:15:00,delivery,hash_brown,3,2
2026-02-16 07:15:00,drive_thru,hash_brown,1,1
2026-02-16 07:30:00,counter,breakfast_wrap,2,2
2026-02-16 07:30:00,drive_thru,breakfast_wrap,4,3
2026-02-16 07:45:00,counter,hash_brown,1,1
2026-02-16 07:45:00,delivery,breakfast_wrap,3,3
2026-02-16 07:45:00,drive_thru,breakfast_wrap,2,2
2026-02-16 07:45:00,drive_thru,hash_brown,1,1
2026-02-16 08:00:00,counter,breakfast_wrap,3,3
2026-02-16 08:00:00,counter,hash_brown,2,2
2026-02-16 08:00:00,delivery,hash_brown,3,1
2026-02-16 08:00:00,drive_thru,breakfast_wrap,2,2
2026-02-16 08:00:00,drive_thru,hash_brown,2,1
2026-02-16 08:15:00,counter,breakfast_wrap,2,1
2026-02-16 08:15:00,counter,hash_brown,2,1
2026-02-16 08:30:00,counter,breakfast_wrap,1,1
2026-02-16 08:30:00,counter,hash_brown,1,1
2026-02-16 08:30:00,drive_thru,breakfast_wrap,2,2
2026-02-16 08:30:00,drive_thru,hash_brown,3,2
2026-02-16 08:45:00,counter,breakfast_wrap,1,1
2026-02-16 08:45:00,counter,hash_brown,1,1
2026-02-16 08:45:00,delivery,breakfast_wrap,4,3
2026-02-16 08:45:00,delivery,hash_brown,1,1
2026-02-16 09:00:00,counter,breakfast_wrap,2,2
2026-02-16 09:00:00,counter,hash_brown,5,3
2026-02-16 09:00:00,delivery,hash_brown,1,1
2026-02-16 09:00:00,drive_thru,breakfast_wrap,1,1
2026-02-16 09:00:00,drive_thru,hash_brown,1,1
2026-02-16 09:15:00,counter,hash_brown,7,4
2026-02-16 09:15:00,delivery,hash_brown,1,1
2026-02-16 09:15:00,drive_thru,breakfast_wrap,1,1
2026-02-16 09:15:00,drive_thru,hash_brown,1,1
2026-02-16 09:30:00,counter,breakfast_wrap,3,2
2026-02-16 09:30:00,counter,hash_brown,2,2
2026-02-16 09:30:00,delivery,breakfast_wrap,1,1
2026-02-16 09:30:00,delivery,hash_brown,2,2
2026-02-16 09:30:00,drive_thru,breakfast_wrap,4,3
2026-02-16 09:30:00,drive_thru,hash_brown,1,1
2026-02-16 09:45:00,counter,breakfast_wrap,3,2
2026-02-16 09:45:00,delivery,breakfast_wrap,4,2
2026-02-16 09:45:00,drive_thru,breakfast_wrap,1,1
2026-02-16 09:45:00,drive_thru,hash_brown,1,1
2026-02-16 10:00:00,counter,hash_brown,1,1
2026-02-16 10:00:00,delivery,breakfast_wrap,3,2
2026-02-16 10:15:00,drive_thru,breakfast_wrap,1,1
2026-02-16 10:15:00,drive_thru,hash_brown,1,1
2026-02-16 10:30:00,delivery,breakfast_wrap,1,1
2026-02-16 11:15:00,counter,fries,2,1
2026-02-16 11:15:00,delivery,chicken_tenders,1,1
2026-02-16 11:30:00,counter,fries,1,1
2026-02-16 11:45:00,counter,chicken_tenders,1,1
2026-02-16 11:45:00,delivery,fries,1,1
2026-02-16 12:00:00,counter,chicken_tenders,7,4
2026-02-16 12:00:00,counter,fries,3,2
2026-02-16 12:00:00,delivery,chicken_tenders,2,2
2026-02-16 12:00:00,delivery,fries,1,1
2026-02-16 12:00:00,drive_thru,chicken_tenders,2,2
2026-02-16 12:15:00,counter,fries,2,1
2026-02-16 12:15:00,delivery,chicken_tenders,2,1
2026-02-16 12:15:00,drive_thru,fries,2,1
2026-02-16 12:30:00,counter,chicken_tenders,2,1
2026-02-16 12:30:00,counter,fries,2,1
2026-02-16 12:30:00,delivery,chicken_tenders,5,3
2026-02-16 12:30:00,delivery,fries,2,1
2026-02-16 12:30:00,drive_thru,chicken_tenders,3,3
2026-02-16 12:30:00,drive_thru,fries,4,3
2026-02-16 12:45:00,counter,chicken_tenders,3,2
2026-02-16 12:45:00,counter,fries,1,1
2026-02-16 12:45:00,delivery,chicken_tenders,1,1
2026-02-16 12:45:00,delivery,fries,5,3
2026-02-16 12:45:00,drive_thru,fries,1,1
2026-02-16 13:00:00,counter,chicken_tenders,6,4
2026-02-16 13:00:00,counter,fries,2,1
2026-02-16 13:00:00,delivery,chicken_tenders,2,1
2026-02-16 13:00:00,drive_thru,fries,2,1
2026-02-16 13:15:00,counter,chicken_tenders,2,2
2026-02-16 13:15:00,counter,fries,2,2
2026-02-16 13:15:00,delivery,chicken_tenders,4,2
2026-02-16 13:15:00,delivery,fries,5,3
2026-02-16 13:30:00,counter,chicken_tenders,2,2
2026-02-16 13:30:00,counter,fries,3,2
2026-02-16 13:30:00,delivery,fries,3,2
2026-02-16 13:45:00,counter,chicken_tenders,1,1
2026-02-16 13:45:00,counter,fries,1,1
2026-02-16 13:45:00,drive_thru,chicken_tenders,4,2
2026-02-16 13:45:00,drive_thru,fries,1,1
2026-02-16 14:00:00,drive_thru,fries,3,1
2026-02-16 14:15:00,counter,chicken_tenders,1,1
2026-02-16 14:15:00,counter,fries,4,2
2026-02-16 14:30:00,drive_thru,fries,3,1
2026-02-16 14:45:00,delivery,fries,1,1
2026-02-16 15:00:00,counter,chicken_tenders,2,1
2026-02-16 15:00:00,delivery,chicken_tenders,1,1
2026-02-16 15:00:00,drive_thru,fries,4,2
2026-02-16 15:15:00,counter,chicken_tenders,1,1
2026-02-16 15:15:00,delivery,fries,1,1
2026-02-16 15:30:00,delivery,chicken_tenders,2,1
2026-02-16 15:30:00,delivery,fries,1,1
2026-02-16 15:45:00,delivery,fries,3,1
2026-02-16 16:00:00,drive_thru,chicken_tenders,1,1
2026-02-16 16:00:00,drive_thru,fries,1,1
2026-02-16 16:15:00,drive_thru,chicken_tenders,1,1
2026-02-16 16:30:00,counter,chicken_tenders,4,3
2026-02-16 16:30:00,counter,fries,3,3
2026-02-16 16:45:00,counter,fries,2,1
2026-02-16 16:45:00,delivery,chicken_tenders,1,1
2026-02-16 17:00:00,counter,chicken_tenders,4,3
2026-02-16 17:00:00,delivery,chicken_tenders,3,3
2026-02-16 17:00:00,delivery,fries,1,1
2026-02-16 17:00:00,drive_thru,fries,1,1
2026-02-16 17:15:00,counter,fries,1,1
2026-02-16 17:15:00,delivery,chicken_tenders,2,2
2026-02-16 17:15:00,drive_thru,fries,2,1
2026-02-16 17:30:00,counter,fries,1,1
2026-02-16 17:30:00,drive_thru,chicken_tenders,1,1
2026-02-16 17:30:00,drive_thru,fries,1,1
2026-02-16 17:45:00,counter,fries,1,1
2026-02-16 17:45:00,drive_thru,chicken_tenders,2,1
2026-02-16 17:45:00,drive_thru,fries,4,3
2026-02-16 18:00:00,counter,chicken_tenders,2,1
2026-02-16 18:00:00,drive_thru,chicken_tenders,4,2
2026-02-16 18:15:00,counter,chicken_tenders,1,1
2026-02-16 18:15:00,counter,fries,2,2
2026-02-16 18:15:00,delivery,chicken_tenders,1,1
2026-02-16 18:15:00,delivery,fries,1,1
2026-02-16 18:15:00,drive_thru,fries,2,2
2026-02-16 18:30:00,counter,fries,6,3
2026-02-16 18:30:00,drive_thru,chicken_tenders,4,3
2026-02-16 18:30:00,drive_thru,fries,2,1
2026-02-16 18:45:00,counter,fries,2,1
2026-02-16 18:45:00,delivery,chicken_tenders,2,1
2026-02-16 19:00:00,delivery,chicken_tenders,2,1
2026-02-16 19:00:00,delivery,fries,1,1
2026-02-16 19:15:00,counter,chicken_tenders,3,2
2026-02-16 19:15:00,counter,fries,2,1
2026-02-16 19:30:00,counter,chicken_tenders,1,1
2026-02-16 19:30:00,delivery,chicken_tenders,2,2
2026-02-16 19:30:00,drive_thru,fries,1,1
2026-02-16 19:45:00,counter,chicken_tenders,1,1
2026-02-16 19:45:00,counter,fries,4,2
2026-02-16 19:45:00,delivery,chicken_tenders,2,2
2026-02-16 19:45:00,delivery,fries,2,2
2026-02-16 19:45:00,drive_thru,chicken_tenders,2,2
2026-02-16 19:45:00,drive_thru,fries,4,3
2026-02-16 20:00:00,counter,chicken_tenders,1,1
2026-02-16 20:15:00,counter,chicken_tenders,1,1
2026-02-16 20:15:00,counter,fries,1,1
2026-02-16 20:15:00,delivery,fries,3,1
2026-02-16 20:15:00,drive_thru,chicken_tenders,1,1
2026-02-16 20:30:00,counter,chicken_tenders,1,1
2026-02-16 20:30:00,counter,fries,1,1
2026-02-16 20:45:00,counter,chicken_tenders,2,1
2026-02-16 21:15:00,counter,chicken_tenders,1,1
2026-02-16 21:15:00,drive_thru,chicken_tenders,1,1
2026-02-16 21:15:00,drive_thru,fries,1,1
2026-02-16 21:30:00,delivery,fries,2,1
2026-02-16 21:30:00,drive_thru,fries,2,1
2026-02-16 21:45:00,drive_thru,chicken_tenders,2,1
2026-02-16 21:45:00,drive_thru,fries,3,2
2026-02-17 06:30:00,drive_thru,breakfast_wrap,1,1
2026-02-17 06:45:00,counter,breakfast_wrap,2,1
2026-02-17 06:45:00,delivery,hash_brown,1,1
2026-02-17 06:45:00,drive_thru,breakfast_wrap,1,1
2026-02-17 07:00:00,counter,breakfast_wrap,3,3
2026-02-17 07:00:00,counter,hash_brown,7,4
2026-02-17 07:00:00,delivery,breakfast_wrap,2,1
2026-02-17 07:00:00,drive_thru,breakfast_wrap,3,3
2026-02-17 07:00:00,drive_thru,hash_brown,1,1
2026-02-17 07:15:00,counter,hash_brown,1,1
2026-02-17 07:15:00,delivery,breakfast_wrap,1,1
2026-02-17 07:15:00,delivery,hash_brown,1,1
2026-02-17 07:15:00,drive_thru,breakfast_wrap,1,1
2026-02-17 07:15:00,drive_thru,hash_brown,2,1
2026-02-17 07:30:00,counter,breakfast_wrap,2,2
2026-02-17 07:30:00,delivery,breakfast_wrap,2,2
2026-02-17 07:30:00,delivery,hash_brown,3,3
2026-02-17 07:30:00,drive_thru,breakfast_wrap,3,3
2026-02-17 07:30:00,drive_thru,hash_brown,2,2
2026-02-17 07:45:00,counter,breakfast_wrap,2,2
2026-02-17 07:45:00,counter,hash_brown,2,2
2026-02-17 07:45:00,delivery,hash_brown,1,1
2026-02-17 07:45:00,drive_thru,breakfast_wrap,1,1
2026-02-17 07:45:00,drive_thru,hash_brown,3,3
2026-02-17 08:00:00,counter,breakfast_wrap,1,1
2026-02-17 08:00:00,drive_thru,breakfast_wrap,2,1
2026-02-17 08:00:00,drive_thru,hash_brown,2,1
2026-02-17 08:15:00,counter,breakfast_wrap,3,2
2026-02-17 08:15:00,counter,hash_brown,5,4
2026-02-17 08:15:00,delivery,breakfast_wrap,1,1
2026-02-17 08:15:00,drive_thru,hash_brown,1,1
2026-02-17 08:30:00,counter,breakfast_wrap,3,1
2026-02-17 08:30:00,counter,hash_brown,2,1
2026-02-17 08:30:00,delivery,breakfast_wrap,1,1
2026-02-17 08:30:00,drive_thru,breakfast_wrap,2,2
2026-02-17 08:30:00,drive_thru,hash_brown,1,1
2026-02-17 08:45:00,counter,breakfast_wrap,2,2
2026-02-17 08:45:00,counter,hash_brown,7,4
2026-02-17 08:45:00,delivery,breakfast_wrap,1,1
2026-02-17 08:45:00,drive_thru,breakfast_wrap,1,1
2026-02-17 08:45:00,drive_thru,hash_brown,3,2
2026-02-17 09:00:00,counter,hash_brown,2,1
2026-02-17 09:15:00,counter,breakfast_wrap,1,1
2026-02-17 09:15:00,counter,hash_brown,2,2
2026-02-17 09:15:00,delivery,hash_brown,1,1
2026-02-17 09:15:00,drive_thru,hash_brown,1,1
2026-02-17 09:30:00,counter,breakfast_wrap,4,1
2026-02-17 09:45:00,counter,breakfast_wrap,2,2
2026-02-17 09:45:00,counter,hash_brown,2,1
2026-02-17 09:45:00,delivery,hash_brown,3,3
2026-02-17 09:45:00,drive_thru,breakfast_wrap,5,3
2026-02-17 10:00:00,counter,breakfast_wrap,4,3
2026-02-17 10:00:00,counter,hash_brown,1,1
2026-02-17 10:00:00,delivery,breakfast_wrap,1,1
2026-02-17 10:00:00,drive_thru,hash_brown,1,1
2026-02-17 10:30:00,counter,hash_brown,1,1
2026-02-17 11:15:00,counter,chicken_tenders,1,1
2026-02-17 11:15:00,drive_thru,chicken_tenders,4,2
2026-02-17 11:15:00,drive_thru,fries,1,1
2026-02-17 11:30:00,delivery,fries,1,1
2026-02-17 11:45:00,counter,chicken_tenders,1,1
2026-02-17 11:45:00,counter,fries,2,1
2026-02-17 12:00:00,counter,chicken_tenders,2,2
2026-02-17 12:00:00,counter,fries,4,2
2026-02-17 12:00:00,drive_thru,chicken_tenders,3,2
2026-02-17 12:15:00,counter,chicken_tenders,1,1
2026-02-17 12:15:00,counter,fries,1,1
2026-02-17 12:15:00,delivery,chicken_tenders,2,1
2026-02-17 12:15:00,drive_thru,fries,1,1
2026-02-17 12:30:00,counter,chicken_tenders,4,2
2026-02-17 12:30:00,counter,fries,1,1
2026-02-17 12:30:00,delivery,chicken_tenders,1,1
2026-02-17 12:30:00,drive_thru,chicken_tenders,1,1
2026-02-17 12:30:00,drive_thru,fries,4,2
2026-02-17 12:45:00,counter,chicken_tenders,1,1
2026-02-17 12:45:00,delivery,fries,3,2
2026-02-17 13:00:00,counter,chicken_tenders,1,1
2026-02-17 13:00:00,counter,fries,5,3
2026-02-17 13:00:00,delivery,fries,1,1
2026-02-17 13:00:00,drive_thru,chicken_tenders,1,1
2026-02-17 13:15:00,counter,fries,2,1
2026-02-17 13:15:00,delivery,fries,1,1
2026-02-17 13:15:00,drive_thru,chicken_tenders,4,2
2026-02-17 13:15:00,drive_thru,fries,1,1
2026-02-17 13:30:00,counter,chicken_tenders,6,4
2026-02-17 13:30:00,counter,fries,3,2
2026-02-17 13:30:00,drive_thru,chicken_tenders,3,2
2026-02-17 13:30:00,drive_thru,fries,1,1
2026-02-17 13:45:00,counter,chicken_tenders,5,3
2026-02-17 13:45:00,counter,fries,3,2
2026-02-17 13:45:00,drive_thru,chicken_tenders,1,1
2026-02-17 13:45:00,drive_thru,fries,2,1
2026-02-17 14:00:00,drive_thru,chicken_tenders,1,1
2026-02-17 14:00:00,drive_thru,fries,1,1
2026-02-17 14:15:00,delivery,fries,1,1
2026-02-17 14:15:00,drive_thru,fries,2,1
2026-02-17 14:30:00,counter,chicken_tenders,1,1
2026-02-17 14:30:00,drive_thru,chicken_tenders,1,1
2026-02-17 14:30:00,drive_thru,fries,1,1
2026-02-17 14:45:00,counter,fries,3,2
2026-02-17 15:00:00,counter,fries,1,1
2026-02-17 15:15:00,counter,chicken_tenders,1,1
2026-02-17 15:30:00,drive_thru,chicken_tenders,1,1
2026-02-17 15:45:00,delivery,fries,1,1
2026-02-17 16:00:00,delivery,fries,1,1
2026-02-17 16:15:00,delivery,fries,1,1
2026-02-17 16:15:00,drive_thru,fries,2,1
2026-02-17 16:30:00,counter,chicken_tenders,1,1
2026-02-17 16:30:00,counter,fries,1,1
2026-02-17 16:30:00,delivery,chicken_tenders,1,1
2026-02-17 16:30:00,delivery,fries,2,2
2026-02-17 16:30:00,drive_thru,chicken_tenders,1,1
2026-02-17 16:30:00,drive_thru,fries,1,1
2026-02-17 16:45:00,counter,fries,1,1
2026-02-17 16:45:00,delivery,chicken_tenders,1,1
2026-02-17 16:45:00,drive_thru,fries,5,3
2026-02-17 17:00:00,counter,chicken_tenders,1,1
2026-02-17 17:00:00,counter,fries,1,1
2026-02-17 17:00:00,delivery,chicken_tenders,1,1
2026-02-17 17:00:00,delivery,fries,5,4
2026-02-17 17:00:00,drive_thru,chicken_tenders,6,3
2026-02-17 17:00:00,drive_thru,fries,1,1
2026-02-17 17:15:00,counter,chicken_tenders,2,1
2026-02-17 17:15:00,counter,fries,3,2
2026-02-17 17:15:00,delivery,chicken_tenders,3,1
2026-02-17 17:15:00,drive_thru,fries,1,1
2026-02-17 17:30:00,delivery,fries,2,2
2026-02-17 17:30:00,drive_thru,chicken_tenders,3,1
2026-02-17 17:45:00,counter,chicken_tenders,4,3
2026-02-17 17:45:00,counter,fries,2,1
2026-02-17 18:15:00,delivery,chicken_tenders,2,2
2026-02-17 18:30:00,counter,chicken_tenders,2,2
2026-02-17 18:30:00,counter,fries,1,1
2026-02-17 18:30:00,drive_thru,fries,5,3
2026-02-17 18:45:00,drive_thru,chicken_tenders,1,1
2026-02-17 19:00:00,counter,chicken_tenders,3,2
2026-02-17 19:00:00,counter,fries,1,1
2026-02-17 19:00:00,drive_thru,chicken_tenders,1,1
2026-02-17 19:00:00,drive_thru,fries,1,1
2026-02-17 19:15:00,counter,chicken_tenders,2,2
2026-02-17 19:15:00,counter,fries,5,3
2026-02-17 19:15:00,delivery,chicken_tenders,1,1
2026-02-17 19:15:00,drive_thru,chicken_tenders,1,1
2026-02-17 19:30:00,counter,chicken_tenders,2,2
2026-02-17 19:30:00,counter,fries,4,4
2026-02-17 19:30:00,delivery,chicken_tenders,4,2
2026-02-17 19:30:00,delivery,fries,2,1
2026-02-17 19:45:00,counter,fries,1,1
2026-02-17 19:45:00,drive_thru,chicken_tenders,1,1
2026-02-17 20:00:00,counter,fries,1,1
2026-02-17 20:00:00,delivery,chicken_tenders,2,1
2026-02-17 20:00:00,delivery,fries,1,1
2026-02-17 20:00:00,drive_thru,fries,4,2
2026-02-17 20:15:00,delivery,chicken_tenders,1,1
2026-02-17 20:30:00,drive_thru,chicken_tenders,1,1
2026-02-17 20:30:00,drive_thru,fries,1,1
2026-02-17 20:45:00,delivery,chicken_tenders,2,1
2026-02-17 21:00:00,drive_thru,chicken_tenders,1,1
2026-02-17 21:00:00,drive_thru,fries,1,1
2026-02-17 21:15:00,counter,chicken_tenders,3,2
2026-02-17 21:15:00,delivery,chicken_tenders,3,2
2026-02-17 21:15:00,drive_thru,chicken_tenders,1,1
2026-02-17 21:15:00,drive_thru,fries,1,1
2026-02-17 21:30:00,drive_thru,chicken_tenders,1,1
2026-02-17 21:45:00,counter,chicken_tenders,2,1
2026-02-17 21:45:00,delivery,chicken_tenders,3,1
2026-02-17 21:45:00,drive_thru,chicken_tenders,2,1
2026-02-17 22:00:00,delivery,fries,3,1
2026-02-18 06:00:00,drive_thru,hash_brown,1,1
2026-02-18 06:15:00,delivery,hash_brown,1,1
2026-02-18 06:15:00,drive_thru,breakfast_wrap,1,1
2026-02-18 06:30:00,counter,breakfast_wrap,1,1
2026-02-18 06:30:00,delivery,breakfast_wrap,1,1
2026-02-18 06:30:00,drive_thru,breakfast_wrap,1,1
2026-02-18 06:45:00,counter,breakfast_wrap,1,1
2026-02-18 06:45:00,drive_thru,hash_brown,1,1
2026-02-18 07:00:00,counter,hash_brown,1,1
2026-02-18 07:00:00,delivery,hash_brown,1,1
2026-02-18 07:00:00,drive_thru,breakfast_wrap,1,1
2026-02-18 07:00:00,drive_thru,hash_brown,4,3
2026-02-18 07:15:00,counter,breakfast_wrap,2,1
2026-02-18 07:15:00,delivery,hash_brown,2,2
2026-02-18 07:15:00,drive_thru,breakfast_wrap,1,1
2026-02-18 07:30:00,counter,breakfast_wrap,2,1
2026-02-18 07:30:00,counter,hash_brown,1,1
2026-02-18 07:30:00,drive_thru,hash_brown,2,2
2026-02-18 07:45:00,counter,breakfast_wrap,1,1
2026-02-18 07:45:00,counter,hash_brown,1,1
2026-02-18 07:45:00,delivery,hash_brown,2,1
2026-02-18 07:45:00,drive_thru,hash_brown,4,2
2026-02-18 08:00:00,counter,breakfast_wrap,1,1
2026-02-18 08:00:00,counter,hash_brown,1,1
2026-02-18 08:00:00,delivery,breakfast_wrap,1,1
2026-02-18 08:00:00,delivery,hash_brown,1,1
2026-02-18 08:00:00,drive_thru,hash_brown,2,2
2026-02-18 08:15:00,counter,breakfast_wrap,1,1
2026-02-18 08:15:00,counter,hash_brown,4,2
2026-02-18 08:15:00,delivery,breakfast_wrap,1,1
2026-02-18 08:15:00,drive_thru,breakfast_wrap,1,1
2026-02-18 08:30:00,counter,breakfast_wrap,5,2
2026-02-18 08:30:00,counter,hash_brown,7,4
2026-02-18 08:30:00,delivery,breakfast_wrap,1,1
2026-02-18 08:30:00,delivery,hash_brown,1,1
2026-02-18 08:30:00,drive_thru,hash_brown,2,1
2026-02-18 08:45:00,counter,breakfast_wrap,1,1
2026-02-18 08:45:00,counter,hash_brown,2,1
2026-02-18 08:45:00,delivery,breakfast_wrap,2,1
2026-02-18 08:45:00,delivery,hash_brown,2,1
2026-02-18 08:45:00,drive_thru,breakfast_wrap,1,1
2026-02-18 08:45:00,drive_thru,hash_brown,3,2
2026-02-18 09:00:00,counter,breakfast_wrap,1,1
2026-02-18 09:00:00,counter,hash_brown,2,2
2026-02-18 09:00:00,drive_thru,hash_brown,1,1
2026-02-18 09:15:00,counter,breakfast_wrap,1,1
2026-02-18 09:15:00,delivery,breakfast_wrap,1,1
2026-02-18 09:15:00,delivery,hash_brown,3,2
2026-02-18 09:15:00,drive_thru,breakfast_wrap,4,2
2026-02-18 09:30:00,counter,hash_brown,1,1
2026-02-18 09:30:00,drive_thru,breakfast_wrap,3,2
2026-02-18 09:30:00,drive_thru,hash_brown,5,3
2026-02-18 09:45:00,counter,breakfast_wrap,2,2
2026-02-18 09:45:00,counter,hash_brown,1,1
2026-02-18 09:45:00,drive_thru,breakfast_wrap,1,1
2026-02-18 09:45:00,drive_thru,hash_brown,2,1
2026-02-18 10:00:00,drive_thru,breakfast_wrap,1,1
2026-02-18 10:00:00,drive_thru,hash_brown,1,1
2026-02-18 10:15:00,delivery,breakfast_wrap,1,1
2026-02-18 10:15:00,drive_thru,breakfast_wrap,1,1
2026-02-18 10:15:00,drive_thru,hash_brown,4,3
2026-02-18 10:30:00,counter,breakfast_wrap,1,1
2026-02-18 10:30:00,counter,hash_brown,2,1
2026-02-18 10:45:00,counter,hash_brown,1,1
2026-02-18 11:00:00,counter,fries,1,1
2026-02-18 11:00:00,drive_thru,chicken_tenders,1,1
2026-02-18 11:15:00,counter,chicken_tenders,1,1
2026-02-18 11:15:00,counter,fries,1,1
2026-02-18 11:15:00,drive_thru,fries,1,1
2026-02-18 11:30:00,drive_thru,chicken_tenders,1,1
2026-02-18 11:45:00,counter,chicken_tenders,2,1
2026-02-18 11:45:00,counter,fries,1,1
2026-02-18 11:45:00,delivery,chicken_tenders,4,2
2026-02-18 11:45:00,delivery,fries,2,2
2026-02-18 11:45:00,drive_thru,chicken_tenders,3,2
2026-02-18 11:45:00,drive_thru,fries,2,1
2026-02-18 12:00:00,drive_thru,chicken_tenders,4,4
2026-02-18 12:00:00,drive_thru,fries,3,2
2026-02-18 12:15:00,counter,chicken_tenders,2,1
2026-02-18 12:15:00,counter,fries,1,1
2026-02-18 12:15:00,drive_thru,chicken_tenders,2,2
2026-02-18 12:15:00,drive_thru,fries,3,2
2026-02-18 12:30:00,counter,chicken_tenders,2,1
2026-02-18 12:30:00,counter,fries,1,1
2026-02-18 12:30:00,drive_thru,chicken_tenders,1,1
2026-02-18 12:30:00,drive_thru,fries,4,3
2026-02-18 12:45:00,counter,chicken_tenders,3,3
2026-02-18 12:45:00,counter,fries,1,1
2026-02-18 12:45:00,delivery,chicken_tenders,1,1
2026-02-18 12:45:00,drive_thru,chicken_tenders,4,3
2026-02-18 12:45:00,drive_thru,fries,2,1
2026-02-18 13:00:00,counter,chicken_tenders,1,1
2026-02-18 13:00:00,counter,fries,1,1
2026-02-18 13:00:00,delivery,chicken_tenders,1,1
2026-02-18 13:00:00,delivery,fries,3,3
2026-02-18 13:15:00,counter,chicken_tenders,3,2
2026-02-18 13:15:00,counter,fries,2,1
2026-02-18 13:30:00,counter,chicken_tenders,1,1
2026-02-18 13:30:00,counter,fries,3,2
2026-02-18 13:30:00,delivery,chicken_tenders,1,1
2026-02-18 13:30:00,delivery,fries,6,4
2026-02-18 13:45:00,counter,chicken_tenders,1,1
2026-02-18 13:45:00,counter,fries,2,2
2026-02-18 13:45:00,delivery,chicken_tenders,1,1
2026-02-18 13:45:00,drive_thru,chicken_tenders,1,1
2026-02-18 13:45:00,drive_thru,fries,4,4
2026-02-18 14:00:00,counter,fries,1,1
2026-02-18 14:15:00,drive_thru,chicken_tenders,1,1
2026-02-18 14:45:00,counter,chicken_tenders,1,1
2026-02-18 14:45:00,counter,fries,2,1
2026-02-18 14:45:00,drive_thru,chicken_tenders,1,1
2026-02-18 15:30:00,counter,chicken_tenders,1,1
2026-02-18 15:30:00,delivery,chicken_tenders,1,1
2026-02-18 15:30:00,delivery,fries,2,1
2026-02-18 15:45:00,counter,fries,1,1
2026-02-18 15:45:00,delivery,fries,2,1
2026-02-18 16:00:00,drive_thru,fries,1,1
2026-02-18 16:15:00,counter,fries,1,1
2026-02-18 16:15:00,delivery,chicken_tenders,1,1
2026-02-18 16:30:00,delivery,fries,2,1
2026-02-18 16:45:00,delivery,chicken_tenders,3,1
2026-02-18 16:45:00,drive_thru,chicken_tenders,1,1
2026-02-18 17:00:00,counter,fries,1,1
2026-02-18 17:00:00,delivery,chicken_tenders,1,1
2026-02-18 17:00:00,drive_thru,fries,1,1
2026-02-18 17:15:00,counter,chicken_tenders,1,1
2026-02-18 17:15:00,counter,fries,4,3
2026-02-18 17:15:00,delivery,chicken_tenders,2,2
2026-02-18 17:15:00,delivery,fries,1,1
2026-02-18 17:30:00,counter,fries,2,1
2026-02-18 17:30:00,delivery,chicken_tenders,1,1
2026-02-18 17:30:00,delivery,fries,1,1
2026-02-18 17:30:00,drive_thru,chicken_tenders,4,2
2026-02-18 17:45:00,counter,chicken_tenders,2,2
2026-02-18 17:45:00,drive_thru,chicken_tenders,1,1
2026-02-18 18:00:00,counter,chicken_tenders,1,1
2026-02-18 18:15:00,counter,fries,2,1
2026-02-18 18:15:00,drive_thru,chicken_tenders,2,2
2026-02-18 18:30:00,counter,chicken_tenders,1,1
2026-02-18 18:30:00,delivery,chicken_tenders,1,1
2026-02-18 18:30:00,delivery,fries,2,1
2026-02-18 18:45:00,counter,chicken_tenders,1,1
2026-02-18 18:45:00,counter,fries,1,1
2026-02-18 18:45:00,delivery,chicken_tenders,1,1
2026-02-18 18:45:00,delivery,fries,1,1
2026-02-18 18:45:00,drive_thru,fries,1,1
2026-02-18 19:00:00,counter,chicken_tenders,3,2
2026-02-18 19:00:00,counter,fries,1,1
2026-02-18 19:00:00,delivery,chicken_tenders,1,1
2026-02-18 19:00:00,drive_thru,chicken_tenders,4,2
2026-02-18 19:15:00,counter,chicken_tenders,4,2
2026-02-18 19:15:00,drive_thru,chicken_tenders,2,1
2026-02-18 19:15:00,drive_thru,fries,2,2
2026-02-18 19:30:00,delivery,fries,1,1
2026-02-18 19:30:00,drive_thru,fries,2,1
2026-02-18 19:45:00,counter,chicken_tenders,1,1
2026-02-18 19:45:00,delivery,chicken_tenders,1,1
2026-02-18 19:45:00,delivery,fries,2,1
2026-02-18 19:45:00,drive_thru,chicken_tenders,1,1
2026-02-18 20:00:00,counter,chicken_tenders,3,2
2026-02-18 20:00:00,counter,fries,1,1
2026-02-18 20:15:00,counter,chicken_tenders,2,2
2026-02-18 20:15:00,counter,fries,1,1
2026-02-18 20:15:00,drive_thru,chicken_tenders,1,1
2026-02-18 20:15:00,drive_thru,fries,4,2
2026-02-18 20:30:00,counter,chicken_tenders,1,1
2026-02-18 20:30:00,delivery,chicken_tenders,1,1
2026-02-18 20:30:00,drive_thru,chicken_tenders,2,2
2026-02-18 20:30:00,drive_thru,fries,2,2
2026-02-18 20:45:00,delivery,chicken_tenders,1,1
2026-02-18 20:45:00,drive_thru,chicken_tenders,1,1
2026-02-18 20:45:00,drive_thru,fries,1,1
2026-02-18 21:15:00,counter,fries,3,2
2026-02-18 21:15:00,delivery,chicken_tenders,1,1
2026-02-18 21:15:00,delivery,fries,1,1
2026-02-18 21:15:00,drive_thru,chicken_tenders,1,1
2026-02-18 21:30:00,counter,chicken_tenders,1,1
2026-02-18 21:45:00,counter,chicken_tenders,1,1
2026-02-18 21:45:00,counter,fries,2,1
2026-02-18 21:45:00,delivery,fries,1,1
2026-02-18 21:45:00,drive_thru,fries,1,1
2026-02-19 06:00:00,counter,breakfast_wrap,2,2
2026-02-19 06:00:00,counter,hash_brown,2,2
2026-02-19 06:15:00,delivery,breakfast_wrap,1,1
2026-02-19 06:15:00,delivery,hash_brown,1,1
2026-02-19 06:45:00,counter,breakfast_wrap,2,1
2026-02-19 06:45:00,drive_thru,hash_brown,1,1
2026-02-19 07:00:00,counter,breakfast_wrap,1,1
2026-02-19 07:00:00,counter,hash_brown,3,3
2026-02-19 07:00:00,delivery,breakfast_wrap,1,1
2026-02-19 07:00:00,delivery,hash_brown,1,1
2026-02-19 07:00:00,drive_thru,hash_brown,1,1
2026-02-19 07:15:00,counter,breakfast_wrap,2,1
2026-02-19 07:15:00,drive_thru,breakfast_wrap,1,1
2026-02-19 07:30:00,counter,breakfast_wrap,5,2
2026-02-19 07:30:00,counter,hash_brown,2,2
2026-02-19 07:45:00,counter,breakfast_wrap,3,3
2026-02-19 07:45:00,counter,hash_brown,4,3
2026-02-19 07:45:00,delivery,hash_brown,2,2
2026-02-19 07:45:00,drive_thru,hash_brown,3,2
2026-02-19 08:00:00,counter,breakfast_wrap,2,1
2026-02-19 08:00:00,delivery,breakfast_wrap,2,2
2026-02-19 08:00:00,delivery,hash_brown,1,1
2026-02-19 08:00:00,drive_thru,breakfast_wrap,3,2
2026-02-19 08:00:00,drive_thru,hash_brown,1,1
2026-02-19 08:15:00,counter,breakfast_wrap,4,3
2026-02-19 08:15:00,counter,hash_brown,1,1
2026-02-19 08:15:00,delivery,hash_brown,1,1
2026-02-19 08:15:00,drive_thru,breakfast_wrap,2,1
2026-02-19 08:30:00,drive_thru,breakfast_wrap,2,1
2026-02-19 08:45:00,counter,breakfast_wrap,3,3
2026-02-19 08:45:00,counter,hash_brown,2,1
2026-02-19 08:45:00,drive_thru,breakfast_wrap,2,2
2026-02-19 08:45:00,drive_thru,hash_brown,5,4
2026-02-19 09:00:00,counter,breakfast_wrap,2,1
2026-02-19 09:00:00,counter,hash_brown,2,2
2026-02-19 09:00:00,delivery,hash_brown,1,1
2026-02-19 09:00:00,drive_thru,hash_brown,1,1
2026-02-19 09:15:00,counter,breakfast_wrap,2,2
2026-02-19 09:15:00,counter,hash_brown,5,4
2026-02-19 09:15:00,delivery,hash_brown,1,1
2026-02-19 09:15:00,drive_thru,hash_brown,1,1
2026-02-19 09:30:00,counter,breakfast_wrap,1,1
2026-02-19 09:30:00,delivery,breakfast_wrap,2,1
2026-02-19 09:30:00,drive_thru,breakfast_wrap,1,1
2026-02-19 09:45:00,counter,breakfast_wrap,1,1
2026-02-19 09:45:00,counter,hash_brown,3,3
2026-02-19 09:45:00,delivery,breakfast_wrap,4,2
2026-02-19 09:45:00,drive_thru,breakfast_wrap,1,1
2026-02-19 10:00:00,counter,breakfast_wrap,1,1
2026-02-19 10:00:00,delivery,breakfast_wrap,1,1
2026-02-19 10:15:00,delivery,hash_brown,1,1
2026-02-19 10:30:00,counter,hash_brown,1,1
2026-02-19 10:45:00,delivery,hash_brown,1,1
2026-02-19 11:00:00,counter,chicken_tenders,1,1
2026-02-19 11:15:00,counter,chicken_tenders,1,1
2026-02-19 11:30:00,counter,chicken_tenders,1,1
2026-02-19 11:30:00,delivery,fries,2,1
2026-02-19 11:45:00,counter,fries,1,1
2026-02-19 12:00:00,counter,fries,5,3
2026-02-19 12:00:00,delivery,chicken_tenders,1,1
2026-02-19 12:00:00,drive_thru,chicken_tenders,2,1
2026-02-19 12:00:00,drive_thru,fries,1,1
2026-02-19 12:15:00,counter,chicken_tenders,1,1
2026-02-19 12:15:00,counter,fries,4,3
2026-02-19 12:15:00,drive_thru,chicken_tenders,2,2
2026-02-19 12:15:00,drive_thru,fries,1,1
2026-02-19 12:30:00,counter,chicken_tenders,2,2
2026-02-19 12:30:00,counter,fries,1,1
2026-02-19 12:45:00,counter,chicken_tenders,2,2
2026-02-19 12:45:00,counter,fries,3,2
2026-02-19 12:45:00,delivery,chicken_tenders,1,1
2026-02-19 12:45:00,delivery,fries,1,1
2026-02-19 12:45:00,drive_thru,chicken_tenders,1,1
2026-02-19 12:45:00,drive_thru,fries,4,3
2026-02-19 13:00:00,counter,chicken_tenders,4,3
2026-02-19 13:00:00,counter,fries,9,6
2026-02-19 13:00:00,delivery,fries,1,1
2026-02-19 13:15:00,counter,chicken_tenders,1,1
2026-02-19 13:15:00,drive_thru,chicken_tenders,1,1
2026-02-19 13:15:00,drive_thru,fries,3,3
2026-02-19 13:30:00,counter,chicken_tenders,1,1
2026-02-19 13:30:00,delivery,fries,1,1
2026-02-19 13:30:00,drive_thru,chicken_tenders,1,1
2026-02-19 13:45:00,counter,chicken_tenders,3,2
2026-02-19 13:45:00,counter,fries,2,2
2026-02-19 13:45:00,drive_thru,chicken_tenders,2,2
2026-02-19 13:45:00,drive_thru,fries,2,2
2026-02-19 14:00:00,drive_thru,fries,2,1
2026-02-19 14:15:00,counter,chicken_tenders,1,1
2026-02-19 14:15:00,delivery,fries,1,1
2026-02-19 14:30:00,counter,fries,3,2
2026-02-19 14:30:00,drive_thru,fries,1,1
2026-02-19 14:45:00,counter,fries,1,1
2026-02-19 15:00:00,counter,chicken_tenders,2,1
2026-02-19 15:00:00,counter,fries,1,1
2026-02-19 15:00:00,delivery,chicken_tenders,1,1
2026-02-19 15:00:00,delivery,fries,2,1
2026-02-19 15:00:00,drive_thru,fries,1,1
2026-02-19 15:15:00,drive_thru,chicken_tenders,3,2
2026-02-19 15:30:00,delivery,fries,4,1
2026-02-19 15:30:00,drive_thru,fries,1,1
2026-02-19 15:45:00,delivery,chicken_tenders,5,3
2026-02-19 15:45:00,delivery,fries,1,1
2026-02-19 15:45:00,drive_thru,chicken_tenders,1,1
2026-02-19 16:00:00,drive_thru,chicken_tenders,3,2
2026-02-19 16:00:00,drive_thru,fries,3,2
2026-02-19 16:15:00,delivery,chicken_tenders,1,1
2026-02-19 16:30:00,drive_thru,chicken_tenders,4,2
2026-02-19 16:30:00,drive_thru,fries,1,1
2026-02-19 16:45:00,counter,chicken_tenders,2,1
2026-02-19 16:45:00,counter,fries,3,2
2026-02-19 16:45:00,drive_thru,chicken_tenders,3,2
2026-02-19 17:00:00,counter,chicken_tenders,6,4
2026-02-19 17:00:00,counter,fries,2,2
2026-02-19 17:00:00,delivery,chicken_tenders,1,1
2026-02-19 17:00:00,drive_thru,chicken_tenders,1,1
2026-02-19 17:15:00,counter,chicken_tenders,1,1
2026-02-19 17:15:00,counter,fries,1,1
2026-02-19 17:15:00,drive_thru,chicken_tenders,6,5
2026-02-19 17:15:00,drive_thru,fries,1,1
2026-02-19 17:30:00,counter,chicken_tenders,8,5
2026-02-19 17:30:00,counter,fries,2,2
2026-02-19 17:30:00,drive_thru,chicken_tenders,3,2
2026-02-19 17:30:00,drive_thru,fries,2,2
2026-02-19 17:45:00,counter,chicken_tenders,1,1
2026-02-19 17:45:00,drive_thru,chicken_tenders,1,1
2026-02-19 17:45:00,drive_thru,fries,1,1
2026-02-19 18:00:00,counter,chicken_tenders,1,1
2026-02-19 18:00:00,counter,fries,1,1
2026-02-19 18:00:00,delivery,chicken_tenders,2,2
2026-02-19 18:00:00,drive_thru,chicken_tenders,5,3
2026-02-19 18:15:00,counter,chicken_tenders,1,1
2026-02-19 18:15:00,counter,fries,1,1
2026-02-19 18:15:00,delivery,fries,1,1
2026-02-19 18:15:00,drive_thru,chicken_tenders,1,1
2026-02-19 18:30:00,counter,chicken_tenders,1,1
2026-02-19 18:30:00,delivery,chicken_tenders,2,1
2026-02-19 18:30:00,delivery,fries,2,1
2026-02-19 18:30:00,drive_thru,fries,1,1
2026-02-19 18:45:00,counter,chicken_tenders,5,4
2026-02-19 18:45:00,counter,fries,1,1
2026-02-19 18:45:00,delivery,chicken_tenders,2,1
2026-02-19 18:45:00,delivery,fries,1,1
2026-02-19 18:45:00,drive_thru,fries,2,1
2026-02-19 19:00:00,counter,fries,4,3
2026-02-19 19:00:00,delivery,fries,1,1
2026-02-19 19:00:00,drive_thru,chicken_tenders,1,1
2026-02-19 19:00:00,drive_thru,fries,3,3
2026-02-19 19:15:00,counter,chicken_tenders,3,3
2026-02-19 19:15:00,delivery,chicken_tenders,2,2
2026-02-19 19:15:00,delivery,fries,1,1
2026-02-19 19:15:00,drive_thru,chicken_tenders,2,2
2026-02-19 19:30:00,counter,fries,2,2
2026-02-19 19:30:00,delivery,chicken_tenders,1,1
2026-02-19 19:30:00,delivery,fries,3,3
2026-02-19 19:30:00,drive_thru,fries,1,1
2026-02-19 19:45:00,counter,chicken_tenders,1,1
2026-02-19 19:45:00,counter,fries,1,1
2026-02-19 19:45:00,drive_thru,fries,3,2
2026-02-19 20:00:00,counter,chicken_tenders,1,1
2026-02-19 20:00:00,counter,fries,1,1
2026-02-19 20:15:00,counter,chicken_tenders,1,1
2026-02-19 20:15:00,counter,fries,1,1
2026-02-19 20:15:00,delivery,chicken_tenders,1,1
2026-02-19 20:15:00,drive_thru,fries,4,2
2026-02-19 20:30:00,counter,fries,3,2
2026-02-19 21:00:00,drive_thru,chicken_tenders,1,1
2026-02-19 21:15:00,counter,fries,1,1
2026-02-19 21:15:00,drive_thru,chicken_tenders,1,1
2026-02-19 21:15:00,drive_thru,fries,2,1
2026-02-19 21:30:00,counter,chicken_tenders,1,1
2026-02-19 21:30:00,counter,fries,1,1
2026-02-19 21:30:00,drive_thru,chicken_tenders,1,1
2026-02-19 21:30:00,drive_thru,fries,1,1
2026-02-19 21:45:00,counter,chicken_tenders,1,1
2026-02-19 22:00:00,delivery,chicken_tenders,1,1
2026-02-19 22:00:00,delivery,fries,1,1
2026-02-20 06:15:00,counter,breakfast_wrap,2,2
2026-02-20 06:30:00,counter,breakfast_wrap,4,2
2026-02-20 06:30:00,counter,hash_brown,2,1
2026-02-20 06:45:00,counter,breakfast_wrap,3,2
2026-02-20 06:45:00,counter,hash_brown,1,1
2026-02-20 06:45:00,drive_thru,breakfast_wrap,1,1
2026-02-20 06:45:00,drive_thru,hash_brown,1,1
2026-02-20 07:00:00,counter,hash_brown,1,1
2026-02-20 07:15:00,counter,breakfast_wrap,1,1
2026-02-20 07:15:00,counter,hash_brown,3,2
2026-02-20 07:15:00,delivery,hash_brown,1,1
2026-02-20 07:15:00,drive_thru,breakfast_wrap,3,2
2026-02-20 07:15:00,drive_thru,hash_brown,1,1
2026-02-20 07:30:00,counter,hash_brown,1,1
2026-02-20 07:45:00,counter,hash_brown,2,1
2026-02-20 07:45:00,delivery,hash_brown,1,1
2026-02-20 07:45:00,drive_thru,breakfast_wrap,2,1
2026-02-20 08:00:00,counter,breakfast_wrap,1,1
2026-02-20 08:00:00,counter,hash_brown,3,2
2026-02-20 08:00:00,delivery,breakfast_wrap,1,1
2026-02-20 08:00:00,delivery,hash_brown,1,1
2026-02-20 08:00:00,drive_thru,breakfast_wrap,1,1
2026-02-20 08:00:00,drive_thru,hash_brown,2,2
2026-02-20 08:15:00,drive_thru,hash_brown,2,1
2026-02-20 08:30:00,counter,breakfast_wrap,2,2
2026-02-20 08:30:00,counter,hash_brown,2,2
2026-02-20 08:30:00,drive_thru,breakfast_wrap,1,1
2026-02-20 08:30:00,drive_thru,hash_brown,1,1
2026-02-20 08:45:00,counter,breakfast_wrap,1,1
2026-02-20 08:45:00,counter,hash_brown,1,1
2026-02-20 09:00:00,counter,breakfast_wrap,1,1
2026-02-20 09:00:00,delivery,breakfast_wrap,1,1
2026-02-20 09:00:00,drive_thru,breakfast_wrap,3,2
2026-02-20 09:00:00,drive_thru,hash_brown,3,2
2026-02-20 09:15:00,drive_thru,breakfast_wrap,3,1
2026-02-20 09:30:00,delivery,hash_brown,5,2
2026-02-20 09:30:00,drive_thru,breakfast_wrap,1,1
2026-02-20 09:45:00,drive_thru,hash_brown,2,1
2026-02-20 10:00:00,drive_thru,breakfast_wrap,3,2
2026-02-20 10:15:00,counter,breakfast_wrap,1,1
2026-02-20 10:15:00,delivery,breakfast_wrap,3,1
2026-02-20 10:15:00,drive_thru,breakfast_wrap,1,1
2026-02-20 10:15:00,drive_thru,hash_brown,3,2
2026-02-20 10:30:00,counter,breakfast_wrap,1,1
2026-02-20 10:30:00,counter,hash_brown,1,1
2026-02-20 10:45:00,drive_thru,hash_brown,2,2
2026-02-20 11:15:00,counter,chicken_tenders,2,2
2026-02-20 11:15:00,counter,fries,1,1
2026-02-20 11:30:00,counter,chicken_tenders,3,2
2026-02-20 11:30:00,counter,fries,1,1
2026-02-20 11:45:00,drive_thru,fries,4,2
2026-02-20 12:00:00,counter,chicken_tenders,3,2
2026-02-20 12:00:00,delivery,fries,1,1
2026-02-20 12:00:00,drive_thru,chicken_tenders,3,3
2026-02-20 12:00:00,drive_thru,fries,3,2
2026-02-20 12:15:00,counter,fries,1,1
2026-02-20 12:15:00,delivery,chicken_tenders,4,2
2026-02-20 12:15:00,drive_thru,chicken_tenders,2,1
2026-02-20 12:15:00,drive_thru,fries,1,1
2026-02-20 12:30:00,counter,fries,3,2
2026-02-20 12:30:00,delivery,chicken_tenders,1,1
2026-02-20 12:30:00,delivery,fries,1,1
2026-02-20 12:30:00,drive_thru,chicken_tenders,3,2
2026-02-20 12:30:00,drive_thru,fries,3,3
2026-02-20 12:45:00,counter,chicken_tenders,1,1
2026-02-20 12:45:00,counter,fries,3,3
2026-02-20 12:45:00,delivery,chicken_tenders,4,2
2026-02-20 12:45:00,delivery,fries,4,3
2026-02-20 12:45:00,drive_thru,chicken_tenders,2,2
2026-02-20 12:45:00,drive_thru,fries,2,2
2026-02-20 13:00:00,counter,chicken_tenders,1,1
2026-02-20 13:00:00,counter,fries,3,2
2026-02-20 13:00:00,delivery,fries,2,1
2026-02-20 13:00:00,drive_thru,chicken_tenders,2,2
2026-02-20 13:00:00,drive_thru,fries,2,2
2026-02-20 13:15:00,counter,fries,2,2
2026-02-20 13:15:00,drive_thru,chicken_tenders,1,1
2026-02-20 13:30:00,counter,chicken_tenders,1,1
2026-02-20 13:30:00,counter,fries,2,2
2026-02-20 13:30:00,drive_thru,chicken_tenders,1,1
2026-02-20 13:30:00,drive_thru,fries,1,1
2026-02-20 13:45:00,counter,chicken_tenders,1,1
2026-02-20 13:45:00,delivery,fries,2,2
2026-02-20 13:45:00,drive_thru,chicken_tenders,1,1
2026-02-20 13:45:00,drive_thru,fries,1,1
2026-02-20 14:00:00,counter,chicken_tenders,1,1
2026-02-20 14:00:00,counter,fries,2,1
2026-02-20 14:00:00,delivery,chicken_tenders,3,2
2026-02-20 14:00:00,delivery,fries,3,1
2026-02-20 14:00:00,drive_thru,fries,2,1
2026-02-20 14:15:00,counter,chicken_tenders,3,2
2026-02-20 14:15:00,delivery,fries,2,1
2026-02-20 14:15:00,drive_thru,chicken_tenders,1,1
2026-02-20 14:15:00,drive_thru,fries,1,1
2026-02-20 14:30:00,delivery,chicken_tenders,1,1
2026-02-20 14:30:00,delivery,fries,1,1
2026-02-20 14:30:00,drive_thru,fries,1,1
2026-02-20 14:45:00,counter,chicken_tenders,4,3
2026-02-20 14:45:00,drive_thru,chicken_tenders,1,1
2026-02-20 14:45:00,drive_thru,fries,1,1
2026-02-20 15:00:00,counter,chicken_tenders,2,1
2026-02-20 15:15:00,counter,chicken_tenders,1,1
2026-02-20 15:30:00,counter,chicken_tenders,1,1
2026-02-20 15:30:00,delivery,chicken_tenders,1,1
2026-02-20 15:30:00,delivery,fries,2,2
2026-02-20 15:30:00,drive_thru,fries,1,1
2026-02-20 16:00:00,counter,fries,3,2
2026-02-20 16:00:00,drive_thru,chicken_tenders,1,1
2026-02-20 16:15:00,delivery,fries,1,1
2026-02-20 16:15:00,drive_thru,fries,2,1
2026-02-20 16:45:00,drive_thru,chicken_tenders,2,1
2026-02-20 17:00:00,counter,chicken_tenders,1,1
2026-02-20 17:15:00,counter,fries,3,2
2026-02-20 17:15:00,drive_thru,chicken_tenders,1,1
2026-02-20 17:30:00,counter,chicken_tenders,1,1
2026-02-20 17:30:00,delivery,chicken_tenders,1,1
2026-02-20 17:30:00,delivery,fries,1,1
2026-02-20 17:30:00,drive_thru,chicken_tenders,2,1
2026-02-20 17:30:00,drive_thru,fries,2,1
2026-02-20 17:45:00,counter,chicken_tenders,4,3
2026-02-20 17:45:00,counter,fries,2,2
2026-02-20 17:45:00,delivery,fries,1,1
2026-02-20 17:45:00,drive_thru,chicken_tenders,2,2
2026-02-20 17:45:00,drive_thru,fries,2,2
2026-02-20 18:00:00,counter,fries,1,1
2026-02-20 18:00:00,delivery,chicken_tenders,1,1
2026-02-20 18:00:00,delivery,fries,1,1
2026-02-20 18:00:00,drive_thru,chicken_tenders,2,1
2026-02-20 18:00:00,drive_thru,fries,1,1
2026-02-20 18:15:00,counter,chicken_tenders,4,3
2026-02-20 18:15:00,counter,fries,3,2
2026-02-20 18:30:00,delivery,chicken_tenders,1,1
2026-02-20 18:30:00,delivery,fries,2,1
2026-02-20 18:30:00,drive_thru,chicken_tenders,3,2
2026-02-20 18:30:00,drive_thru,fries,2,2
2026-02-20 18:45:00,counter,chicken_tenders,5,3
2026-02-20 18:45:00,counter,fries,2,2
2026-02-20 19:00:00,delivery,chicken_tenders,1,1
2026-02-20 19:00:00,drive_thru,fries,1,1
2026-02-20 19:15:00,counter,chicken_tenders,1,1
2026-02-20 19:15:00,counter,fries,1,1
2026-02-20 19:15:00,delivery,fries,3,1
2026-02-20 19:30:00,drive_thru,chicken_tenders,1,1
2026-02-20 19:30:00,drive_thru,fries,1,1
2026-02-20 19:45:00,counter,chicken_tenders,2,1
2026-02-20 19:45:00,counter,fries,1,1
2026-02-20 19:45:00,delivery,chicken_tenders,3,2
2026-02-20 19:45:00,delivery,fries,1,1
2026-02-20 19:45:00,drive_thru,chicken_tenders,1,1
2026-02-20 20:00:00,counter,fries,1,1
2026-02-20 20:15:00,counter,chicken_tenders,1,1
2026-02-20 20:15:00,counter,fries,1,1
2026-02-20 20:45:00,delivery,chicken_tenders,1,1
2026-02-20 21:00:00,counter,fries,1,1
2026-02-20 21:00:00,drive_thru,fries,3,2
2026-02-20 21:15:00,counter,chicken_tenders,1,1
2026-02-20 21:15:00,counter,fries,4,2
2026-02-20 21:15:00,drive_thru,fries,2,1
2026-02-20 21:30:00,delivery,chicken_tenders,2,2
2026-02-20 21:30:00,delivery,fries,1,1
2026-02-20 21:30:00,drive_thru,fries,1,1
2026-02-20 21:45:00,counter,fries,1,1
2026-02-20 21:45:00,delivery,chicken_tenders,1,1
2026-02-20 21:45:00,delivery,fries,2,2
2026-02-21 06:00:00,counter,hash_brown,1,1
2026-02-21 06:00:00,delivery,hash_brown,1,1
2026-02-21 06:00:00,drive_thru,breakfast_wrap,1,1
2026-02-21 06:00:00,drive_thru,hash_brown,2,1
2026-02-21 06:15:00,counter,breakfast_wrap,1,1
2026-02-21 06:15:00,delivery,breakfast_wrap,2,1
2026-02-21 06:15:00,drive_thru,hash_brown,3,2
2026-02-21 06:30:00,drive_thru,hash_brown,2,2
2026-02-21 06:45:00,counter,hash_brown,2,2
2026-02-21 06:45:00,drive_thru,hash_brown,1,1
2026-02-21 07:00:00,counter,breakfast_wrap,6,4
2026-02-21 07:00:00,counter,hash_brown,3,3
2026-02-21 07:00:00,delivery,breakfast_wrap,1,1
2026-02-21 07:00:00,delivery,hash_brown,1,1
2026-02-21 07:00:00,drive_thru,hash_brown,2,2
2026-02-21 07:15:00,counter,breakfast_wrap,2,2
2026-02-21 07:15:00,counter,hash_brown,3,3
2026-02-21 07:15:00,drive_thru,breakfast_wrap,3,3
2026-02-21 07:15:00,drive_thru,hash_brown,2,1
2026-02-21 07:30:00,counter,breakfast_wrap,1,1
2026-02-21 07:30:00,counter,hash_brown,2,2
2026-02-21 07:30:00,delivery,breakfast_wrap,1,1
2026-02-21 07:30:00,drive_thru,breakfast_wrap,3,3
2026-02-21 07:30:00,drive_thru,hash_brown,9,5
2026-02-21 07:45:00,counter,breakfast_wrap,1,1
2026-02-21 07:45:00,counter,hash_brown,4,2
2026-02-21 07:45:00,delivery,breakfast_wrap,1,1
2026-02-21 07:45:00,delivery,hash_brown,3,2
2026-02-21 07:45:00,drive_thru,hash_brown,4,3
2026-02-21 08:00:00,counter,breakfast_wrap,1,1
2026-02-21 08:00:00,counter,hash_brown,3,2
2026-02-21 08:00:00,delivery,breakfast_wrap,4,2
2026-02-21 08:00:00,drive_thru,breakfast_wrap,1,1
2026-02-21 08:00:00,drive_thru,hash_brown,2,2
2026-02-21 08:15:00,counter,breakfast_wrap,2,1
2026-02-21 08:15:00,counter,hash_brown,4,3
2026-02-21 08:15:00,delivery,hash_brown,2,1
2026-02-21 08:15:00,drive_thru,hash_brown,2,1
2026-02-21 08:30:00,counter,hash_brown,2,1
2026-02-21 08:30:00,delivery,hash_brown,1,1
2026-02-21 08:30:00,drive_thru,breakfast_wrap,2,2
2026-02-21 08:30:00,drive_thru,hash_brown,2,2
2026-02-21 08:45:00,counter,hash_brown,1,1
2026-02-21 08:45:00,delivery,hash_brown,2,1
2026-02-21 08:45:00,drive_thru,breakfast_wrap,3,3
2026-02-21 09:00:00,counter,breakfast_wrap,2,2
2026-02-21 09:00:00,counter,hash_brown,1,1
2026-02-21 09:00:00,delivery,breakfast_wrap,1,1
2026-02-21 09:00:00,delivery,hash_brown,2,1
2026-02-21 09:00:00,drive_thru,breakfast_wrap,1,1
2026-02-21 09:00:00,drive_thru,hash_brown,3,3
2026-02-21 09:15:00,counter,breakfast_wrap,2,2
2026-02-21 09:15:00,counter,hash_brown,2,2
2026-02-21 09:15:00,drive_thru,hash_brown,1,1
2026-02-21 09:30:00,counter,breakfast_wrap,3,2
2026-02-21 09:30:00,delivery,breakfast_wrap,1,1
2026-02-21 09:30:00,drive_thru,breakfast_wrap,3,3
2026-02-21 09:30:00,drive_thru,hash_brown,4,3
2026-02-21 09:45:00,counter,breakfast_wrap,2,1
2026-02-21 09:45:00,counter,hash_brown,1,1
2026-02-21 09:45:00,delivery,breakfast_wrap,1,1
2026-02-21 09:45:00,delivery,hash_brown,1,1
2026-02-21 09:45:00,drive_thru,breakfast_wrap,4,2
2026-02-21 10:00:00,counter,breakfast_wrap,1,1
2026-02-21 10:15:00,delivery,breakfast_wrap,4,2
2026-02-21 10:15:00,delivery,hash_brown,1,1
2026-02-21 10:30:00,counter,breakfast_wrap,1,1
2026-02-21 10:30:00,delivery,hash_brown,2,1
2026-02-21 10:30:00,drive_thru,hash_brown,4,2
2026-02-21 10:45:00,counter,breakfast_wrap,1,1
2026-02-21 10:45:00,delivery,breakfast_wrap,1,1
2026-02-21 10:45:00,drive_thru,breakfast_wrap,2,1
2026-02-21 11:00:00,drive_thru,chicken_tenders,1,1
2026-02-21 11:00:00,drive_thru,fries,2,1
2026-02-21 11:15:00,counter,chicken_tenders,1,1
2026-02-21 11:15:00,counter,fries,1,1
2026-02-21 11:15:00,delivery,fries,2,2
2026-02-21 11:30:00,counter,chicken_tenders,1,1
2026-02-21 11:30:00,counter,fries,1,1
2026-02-21 11:30:00,delivery,chicken_tenders,5,2
2026-02-21 11:45:00,counter,chicken_tenders,3,2
2026-02-21 11:45:00,counter,fries,1,1
2026-02-21 11:45:00,delivery,chicken_tenders,2,1
2026-02-21 11:45:00,drive_thru,fries,1,1
2026-02-21 12:00:00,counter,chicken_tenders,6,5
2026-02-21 12:00:00,counter,fries,1,1
2026-02-21 12:00:00,delivery,chicken_tenders,2,1
2026-02-21 12:00:00,delivery,fries,3,1
2026-02-21 12:00:00,drive_thru,chicken_tenders,5,3
2026-02-21 12:00:00,drive_thru,fries,3,3
2026-02-21 12:15:00,counter,fries,2,1
2026-02-21 12:15:00,delivery,chicken_tenders,1,1
2026-02-21 12:15:00,delivery,fries,1,1
2026-02-21 12:15:00,drive_thru,chicken_tenders,6,5
2026-02-21 12:15:00,drive_thru,fries,7,4
2026-02-21 12:30:00,counter,chicken_tenders,4,3
2026-02-21 12:30:00,counter,fries,1,1
2026-02-21 12:30:00,drive_thru,chicken_tenders,4,4
2026-02-21 12:30:00,drive_thru,fries,4,3
2026-02-21 12:45:00,counter,chicken_tenders,1,1
2026-02-21 12:45:00,delivery,fries,2,2
2026-02-21 12:45:00,drive_thru,chicken_tenders,1,1
2026-02-21 12:45:00,drive_thru,fries,3,3
2026-02-21 13:00:00,counter,fries,2,2
2026-02-21 13:00:00,delivery,chicken_tenders,1,1
2026-02-21 13:00:00,delivery,fries,1,1
2026-02-21 13:00:00,drive_thru,chicken_tenders,1,1
2026-02-21 13:15:00,counter,fries,3,2
2026-02-21 13:15:00,delivery,chicken_tenders,1,1
2026-02-21 13:30:00,counter,chicken_tenders,4,3
2026-02-21 13:30:00,counter,fries,4,4
2026-02-21 13:30:00,delivery,fries,1,1
2026-02-21 13:30:00,drive_thru,chicken_tenders,1,1
2026-02-21 13:45:00,counter,chicken_tenders,7,5
2026-02-21 13:45:00,counter,fries,6,4
2026-02-21 13:45:00,delivery,fries,1,1
2026-02-21 13:45:00,drive_thru,fries,2,1
2026-02-21 14:00:00,counter,chicken_tenders,1,1
2026-02-21 14:00:00,delivery,chicken_tenders,1,1
2026-02-21 14:00:00,drive_thru,chicken_tenders,1,1
2026-02-21 14:30:00,delivery,fries,1,1
2026-02-21 14:45:00,counter,chicken_tenders,3,2
2026-02-21 14:45:00,counter,fries,1,1
2026-02-21 14:45:00,delivery,fries,1,1
2026-02-21 14:45:00,drive_thru,chicken_tenders,2,2
2026-02-21 15:00:00,counter,chicken_tenders,1,1
2026-02-21 15:00:00,delivery,fries,1,1
2026-02-21 15:15:00,counter,chicken_tenders,2,1
2026-02-21 15:15:00,delivery,fries,1,1
2026-02-21 15:15:00,drive_thru,chicken_tenders,1,1
2026-02-21 15:15:00,drive_thru,fries,1,1
2026-02-21 15:30:00,counter,fries,3,2
2026-02-21 15:30:00,drive_thru,chicken_tenders,1,1
2026-02-21 15:30:00,drive_thru,fries,1,1
2026-02-21 15:45:00,counter,fries,1,1
2026-02-21 15:45:00,delivery,chicken_tenders,1,1
2026-02-21 16:00:00,counter,chicken_tenders,1,1
2026-02-21 16:00:00,counter,fries,2,2
2026-02-21 16:15:00,counter,chicken_tenders,1,1
2026-02-21 16:15:00,counter,fries,1,1
2026-02-21 16:15:00,delivery,chicken_tenders,2,2
2026-02-21 16:15:00,delivery,fries,1,1
2026-02-21 16:30:00,delivery,chicken_tenders,2,1
2026-02-21 16:45:00,drive_thru,fries,2,2
2026-02-21 17:00:00,counter,chicken_tenders,6,3
2026-02-21 17:00:00,counter,fries,1,1
2026-02-21 17:00:00,delivery,chicken_tenders,1,1
2026-02-21 17:00:00,delivery,fries,1,1
2026-02-21 17:00:00,drive_thru,chicken_tenders,1,1
2026-02-21 17:00:00,drive_thru,fries,1,1
2026-02-21 17:15:00,counter,chicken_tenders,6,5
2026-02-21 17:15:00,counter,fries,1,1
2026-02-21 17:15:00,drive_thru,chicken_tenders,1,1
2026-02-21 17:15:00,drive_thru,fries,2,2
2026-02-21 17:30:00,counter,chicken_tenders,1,1
2026-02-21 17:30:00,counter,fries,1,1
2026-02-21 17:30:00,delivery,fries,1,1
2026-02-21 17:30:00,drive_thru,chicken_tenders,1,1
2026-02-21 17:45:00,counter,chicken_tenders,3,3
2026-02-21 17:45:00,counter,fries,2,2
2026-02-21 17:45:00,drive_thru,fries,1,1
2026-02-21 18:00:00,counter,chicken_tenders,4,3
2026-02-21 18:00:00,counter,fries,2,2
2026-02-21 18:00:00,drive_thru,chicken_tenders,1,1
2026-02-21 18:00:00,drive_thru,fries,1,1
2026-02-21 18:15:00,counter,chicken_tenders,2,2
2026-02-21 18:15:00,drive_thru,chicken_tenders,2,1
2026-02-21 18:15:00,drive_thru,fries,1,1
2026-02-21 18:30:00,counter,chicken_tenders,3,1
2026-02-21 18:30:00,counter,fries,4,1
2026-02-21 18:30:00,delivery,chicken_tenders,1,1
2026-02-21 18:30:00,delivery,fries,3,2
2026-02-21 18:30:00,drive_thru,fries,6,3
2026-02-21 18:45:00,counter,chicken_tenders,2,1
2026-02-21 18:45:00,delivery,fries,2,2
2026-02-21 18:45:00,drive_thru,fries,2,2
2026-02-21 19:00:00,counter,chicken_tenders,2,1
2026-02-21 19:00:00,delivery,chicken_tenders,1,1
2026-02-21 19:00:00,delivery,fries,3,3
2026-02-21 19:00:00,drive_thru,chicken_tenders,5,4
2026-02-21 19:00:00,drive_thru,fries,3,2
2026-02-21 19:15:00,counter,chicken_tenders,4,2
2026-02-21 19:15:00,counter,fries,3,2
2026-02-21 19:15:00,delivery,chicken_tenders,1,1
2026-02-21 19:15:00,delivery,fries,3,3
2026-02-21 19:15:00,drive_thru,chicken_tenders,1,1
2026-02-21 19:30:00,counter,chicken_tenders,5,3
2026-02-21 19:30:00,counter,fries,2,2
2026-02-21 19:30:00,delivery,chicken_tenders,3,1
2026-02-21 19:30:00,drive_thru,chicken_tenders,1,1
2026-02-21 19:30:00,drive_thru,fries,2,2
2026-02-21 19:45:00,counter,chicken_tenders,1,1
2026-02-21 19:45:00,counter,fries,2,2
2026-02-21 19:45:00,delivery,chicken_tenders,1,1
2026-02-21 19:45:00,delivery,fries,2,1
2026-02-21 20:00:00,counter,chicken_tenders,1,1
2026-02-21 20:00:00,counter,fries,3,2
2026-02-21 20:00:00,delivery,fries,1,1
2026-02-21 20:00:00,drive_thru,fries,2,1
2026-02-21 20:15:00,drive_thru,chicken_tenders,1,1
2026-02-21 20:30:00,counter,chicken_tenders,3,2
2026-02-21 20:30:00,counter,fries,1,1
2026-02-21 20:30:00,delivery,chicken_tenders,1,1
2026-02-21 20:45:00,delivery,chicken_tenders,2,1
2026-02-21 20:45:00,drive_thru,fries,1,1
2026-02-21 21:00:00,counter,chicken_tenders,1,1
2026-02-21 21:00:00,counter,fries,2,1
2026-02-21 21:00:00,delivery,chicken_tenders,1,1
2026-02-21 21:00:00,delivery,fries,2,1
2026-02-21 21:00:00,drive_thru,fries,3,2
2026-02-21 21:15:00,counter,chicken_tenders,1,1
2026-02-21 21:15:00,delivery,chicken_tenders,1,1
2026-02-21 21:15:00,drive_thru,fries,2,2
2026-02-21 21:30:00,counter,chicken_tenders,2,1
2026-02-21 21:30:00,counter,fries,1,1
2026-02-21 21:45:00,counter,fries,4,3
2026-02-22 06:15:00,delivery,breakfast_wrap,2,1
2026-02-22 06:15:00,delivery,hash_brown,2,2
2026-02-22 06:15:00,drive_thru,breakfast_wrap,1,1
2026-02-22 06:15:00,drive_thru,hash_brown,1,1
2026-02-22 06:45:00,counter,hash_brown,2,1
2026-02-22 07:00:00,counter,hash_brown,3,2
2026-02-22 07:00:00,drive_thru,breakfast_wrap,1,1
2026-02-22 07:00:00,drive_thru,hash_brown,1,1
2026-02-22 07:15:00,counter,breakfast_wrap,2,2
2026-02-22 07:15:00,counter,hash_brown,3,3
2026-02-22 07:15:00,delivery,hash_brown,1,1
2026-02-22 07:15:00,drive_thru,breakfast_wrap,3,2
2026-02-22 07:15:00,drive_thru,hash_brown,3,3
2026-02-22 07:30:00,counter,breakfast_wrap,1,1
2026-02-22 07:30:00,counter,hash_brown,3,1
2026-02-22 07:30:00,drive_thru,breakfast_wrap,1,1
2026-02-22 07:45:00,counter,breakfast_wrap,3,1
2026-02-22 07:45:00,counter,hash_brown,1,1
2026-02-22 07:45:00,delivery,breakfast_wrap,2,1
2026-02-22 07:45:00,delivery,hash_brown,1,1
2026-02-22 07:45:00,drive_thru,breakfast_wrap,5,4
2026-02-22 07:45:00,drive_thru,hash_brown,7,5
2026-02-22 08:00:00,drive_thru,hash_brown,1,1
2026-02-22 08:15:00,counter,hash_brown,2,1
2026-02-22 08:15:00,drive_thru,breakfast_wrap,1,1
2026-02-22 08:30:00,counter,breakfast_wrap,1,1
2026-02-22 08:30:00,counter,hash_brown,4,3
2026-02-22 08:30:00,delivery,breakfast_wrap,1,1
2026-02-22 08:30:00,delivery,hash_brown,2,2
2026-02-22 08:45:00,counter,hash_brown,3,2
2026-02-22 08:45:00,delivery,breakfast_wrap,1,1
2026-02-22 09:00:00,counter,breakfast_wrap,1,1
2026-02-22 09:00:00,counter,hash_brown,1,1
2026-02-22 09:00:00,delivery,breakfast_wrap,1,1
2026-02-22 09:00:00,drive_thru,breakfast_wrap,1,1
2026-02-22 09:00:00,drive_thru,hash_brown,2,2
2026-02-22 09:15:00,counter,breakfast_wrap,1,1
2026-02-22 09:15:00,delivery,breakfast_wrap,1,1
2026-02-22 09:15:00,delivery,hash_brown,2,1
2026-02-22 09:15:00,drive_thru,breakfast_wrap,4,4
2026-02-22 09:15:00,drive_thru,hash_brown,5,3
2026-02-22 09:30:00,counter,breakfast_wrap,3,1
2026-02-22 09:30:00,delivery,hash_brown,1,1
2026-02-22 09:30:00,drive_thru,breakfast_wrap,2,2
2026-02-22 09:30:00,drive_thru,hash_brown,2,2
2026-02-22 09:45:00,counter,breakfast_wrap,2,1
2026-02-22 09:45:00,counter,hash_brown,1,1
2026-02-22 09:45:00,delivery,breakfast_wrap,1,1
2026-02-22 09:45:00,drive_thru,breakfast_wrap,2,2
2026-02-22 10:00:00,counter,breakfast_wrap,1,1
2026-02-22 10:00:00,counter,hash_brown,1,1
2026-02-22 10:00:00,drive_thru,hash_brown,2,2
2026-02-22 10:15:00,counter,breakfast_wrap,6,3
2026-02-22 10:15:00,counter,hash_brown,1,1
2026-02-22 10:15:00,delivery,hash_brown,1,1
2026-02-22 10:30:00,counter,hash_brown,2,1
2026-02-22 10:45:00,counter,breakfast_wrap,3,2
2026-02-22 10:45:00,counter,hash_brown,1,1
2026-02-22 10:45:00,drive_thru,breakfast_wrap,1,1
2026-02-22 11:00:00,counter,fries,1,1
2026-02-22 11:00:00,delivery,chicken_tenders,1,1
2026-02-22 11:30:00,counter,chicken_tenders,6,3
2026-02-22 11:30:00,counter,fries,1,1
2026-02-22 11:30:00,delivery,chicken_tenders,1,1
2026-02-22 11:30:00,delivery,fries,1,1
2026-02-22 11:30:00,drive_thru,chicken_tenders,3,3
2026-02-22 11:30:00,drive_thru,fries,2,1
2026-02-22 11:45:00,delivery,fries,2,1
2026-02-22 11:45:00,drive_thru,chicken_tenders,2,2
2026-02-22 12:00:00,counter,chicken_tenders,5,3
2026-02-22 12:00:00,counter,fries,1,1
2026-02-22 12:00:00,delivery,chicken_tenders,2,1
2026-02-22 12:15:00,counter,chicken_tenders,4,3
2026-02-22 12:15:00,counter,fries,5,3
2026-02-22 12:15:00,delivery,chicken_tenders,4,2
2026-02-22 12:15:00,drive_thru,chicken_tenders,2,1
2026-02-22 12:15:00,drive_thru,fries,1,1
2026-02-22 12:30:00,counter,fries,2,1
2026-02-22 12:30:00,delivery,chicken_tenders,2,2
2026-02-22 12:30:00,delivery,fries,2,1
2026-02-22 12:30:00,drive_thru,chicken_tenders,4,2
2026-02-22 12:30:00,drive_thru,fries,2,2
2026-02-22 12:45:00,counter,chicken_tenders,2,2
2026-02-22 12:45:00,counter,fries,5,3
2026-02-22 12:45:00,delivery,chicken_tenders,2,2
2026-02-22 12:45:00,delivery,fries,4,3
2026-02-22 12:45:00,drive_thru,chicken_tenders,1,1
2026-02-22 12:45:00,drive_thru,fries,5,4
2026-02-22 13:00:00,counter,fries,3,2
2026-02-22 13:00:00,delivery,chicken_tenders,4,3
2026-02-22 13:00:00,delivery,fries,3,1
2026-02-22 13:15:00,counter,chicken_tenders,3,2
2026-02-22 13:15:00,counter,fries,4,2
2026-02-22 13:15:00,drive_thru,fries,3,3
2026-02-22 13:30:00,counter,chicken_tenders,2,2
2026-02-22 13:30:00,counter,fries,2,2
2026-02-22 13:30:00,delivery,chicken_tenders,1,1
2026-02-22 13:30:00,delivery,fries,2,2
2026-02-22 13:30:00,drive_thru,chicken_tenders,2,2
2026-02-22 13:45:00,counter,chicken_tenders,3,2
2026-02-22 13:45:00,counter,fries,1,1
2026-02-22 13:45:00,delivery,fries,2,2
2026-02-22 13:45:00,drive_thru,chicken_tenders,1,1
2026-02-22 14:00:00,delivery,chicken_tenders,1,1
2026-02-22 14:00:00,drive_thru,chicken_tenders,1,1
2026-02-22 14:15:00,drive_thru,chicken_tenders,1,1
2026-02-22 14:15:00,drive_thru,fries,1,1
2026-02-22 14:30:00,counter,chicken_tenders,1,1
2026-02-22 14:30:00,drive_thru,chicken_tenders,1,1
2026-02-22 14:30:00,drive_thru,fries,2,2
2026-02-22 14:45:00,counter,chicken_tenders,5,4
2026-02-22 14:45:00,counter,fries,1,1
2026-02-22 14:45:00,drive_thru,chicken_tenders,2,1
2026-02-22 15:00:00,delivery,fries,2,2
2026-02-22 15:15:00,delivery,fries,4,2
2026-02-22 15:15:00,drive_thru,chicken_tenders,2,1
2026-02-22 15:15:00,drive_thru,fries,1,1
2026-02-22 15:30:00,counter,chicken_tenders,1,1
2026-02-22 15:45:00,drive_thru,chicken_tenders,1,1
2026-02-22 15:45:00,drive_thru,fries,2,1
2026-02-22 16:00:00,counter,chicken_tenders,1,1
2026-02-22 16:00:00,counter,fries,4,2
2026-02-22 16:00:00,delivery,chicken_tenders,2,1
2026-02-22 16:00:00,delivery,fries,1,1
2026-02-22 16:00:00,drive_thru,fries,2,2
2026-02-22 16:15:00,counter,fries,1,1
2026-02-22 16:15:00,delivery,fries,1,1
2026-02-22 16:30:00,counter,chicken_tenders,1,1
2026-02-22 16:30:00,counter,fries,1,1
2026-02-22 16:45:00,counter,fries,1,1
2026-02-22 16:45:00,drive_thru,chicken_tenders,1,1
2026-02-22 16:45:00,drive_thru,fries,1,1
2026-02-22 17:00:00,counter,fries,1,1
2026-02-22 17:00:00,drive_thru,chicken_tenders,5,3
2026-02-22 17:00:00,drive_thru,fries,1,1
2026-02-22 17:15:00,counter,fries,2,2
2026-02-22 17:15:00,delivery,chicken_tenders,1,1
2026-02-22 17:15:00,delivery,fries,3,2
2026-02-22 17:15:00,drive_thru,chicken_tenders,5,4
2026-02-22 17:15:00,drive_thru,fries,1,1
2026-02-22 17:30:00,delivery,fries,2,1
2026-02-22 17:45:00,counter,chicken_tenders,2,2
2026-02-22 17:45:00,drive_thru,chicken_tenders,1,1
2026-02-22 18:00:00,counter,chicken_tenders,6,3
2026-02-22 18:00:00,counter,fries,3,3
2026-02-22 18:00:00,delivery,fries,1,1
2026-02-22 18:00:00,drive_thru,fries,3,2
2026-02-22 18:15:00,counter,fries,1,1
2026-02-22 18:15:00,delivery,chicken_tenders,1,1
2026-02-22 18:15:00,delivery,fries,3,2
2026-02-22 18:15:00,drive_thru,chicken_tenders,2,1
2026-02-22 18:30:00,counter,fries,1,1
2026-02-22 18:30:00,drive_thru,chicken_tenders,2,1
2026-02-22 18:45:00,counter,chicken_tenders,1,1
2026-02-22 18:45:00,delivery,chicken_tenders,3,2
2026-02-22 18:45:00,drive_thru,chicken_tenders,3,3
2026-02-22 18:45:00,drive_thru,fries,2,2
2026-02-22 19:00:00,counter,chicken_tenders,1,1
2026-02-22 19:00:00,delivery,chicken_tenders,6,4
2026-02-22 19:00:00,delivery,fries,2,1
2026-02-22 19:00:00,drive_thru,chicken_tenders,1,1
2026-02-22 19:00:00,drive_thru,fries,1,1
2026-02-22 19:15:00,counter,chicken_tenders,3,2
2026-02-22 19:15:00,counter,fries,5,4
2026-02-22 19:15:00,drive_thru,chicken_tenders,2,2
2026-02-22 19:15:00,drive_thru,fries,1,1
2026-02-22 19:30:00,counter,chicken_tenders,4,3
2026-02-22 19:30:00,delivery,chicken_tenders,1,1
2026-02-22 19:30:00,delivery,fries,2,2
2026-02-22 19:30:00,drive_thru,fries,2,2
2026-02-22 19:45:00,counter,chicken_tenders,2,2
2026-02-22 19:45:00,counter,fries,2,1
2026-02-22 19:45:00,delivery,fries,1,1
2026-02-22 19:45:00,drive_thru,chicken_tenders,1,1
2026-02-22 20:00:00,counter,chicken_tenders,1,1
2026-02-22 20:00:00,delivery,chicken_tenders,1,1
2026-02-22 20:00:00,delivery,fries,4,2
2026-02-22 20:15:00,counter,fries,4,2
2026-02-22 20:30:00,counter,chicken_tenders,1,1
2026-02-22 20:30:00,counter,fries,1,1
2026-02-22 20:30:00,drive_thru,fries,1,1
2026-02-22 20:45:00,delivery,chicken_tenders,1,1
2026-02-22 21:00:00,delivery,chicken_tenders,1,1
2026-02-22 21:00:00,delivery,fries,2,2
2026-02-22 21:00:00,drive_thru,fries,1,1
2026-02-22 21:15:00,counter,fries,1,1
2026-02-22 21:15:00,drive_thru,fries,1,1
2026-02-22 21:30:00,drive_thru,fries,2,2
2026-02-22 21:45:00,counter,chicken_tenders,1,1
2026-02-22 21:45:00,counter,fries,3,2
2026-02-22 21:45:00,delivery,fries,2,1
2026-02-22 21:45:00,drive_thru,fries,2,1
2026-02-23 06:15:00,counter,hash_brown,4,2
2026-02-23 06:30:00,drive_thru,hash_brown,1,1
2026-02-23 06:45:00,delivery,breakfast_wrap,2,2
2026-02-23 07:00:00,counter,breakfast_wrap,4,2
2026-02-23 07:00:00,counter,hash_brown,2,1
2026-02-23 07:00:00,delivery,hash_brown,1,1
2026-02-23 07:00:00,drive_thru,hash_brown,2,1
2026-02-23 07:15:00,counter,breakfast_wrap,1,1
2026-02-23 07:15:00,counter,hash_brown,1,1
2026-02-23 07:15:00,delivery,breakfast_wrap,1,1
2026-02-23 07:15:00,delivery,hash_brown,1,1
2026-02-23 07:15:00,drive_thru,hash_brown,4,2
2026-02-23 07:30:00,counter,breakfast_wrap,8,4
2026-02-23 07:30:00,counter,hash_brown,4,2
2026-02-23 07:30:00,delivery,breakfast_wrap,2,2
2026-02-23 07:30:00,drive_thru,breakfast_wrap,1,1
2026-02-23 07:30:00,drive_thru,hash_brown,1,1
2026-02-23 07:45:00,counter,hash_brown,1,1
2026-02-23 07:45:00,drive_thru,breakfast_wrap,2,1
2026-02-23 07:45:00,drive_thru,hash_brown,1,1
2026-02-23 08:00:00,counter,breakfast_wrap,1,1
2026-02-23 08:00:00,counter,hash_brown,1,1
2026-02-23 08:00:00,delivery,breakfast_wrap,1,1
2026-02-23 08:00:00,drive_thru,breakfast_wrap,5,3
2026-02-23 08:00:00,drive_thru,hash_brown,1,1
2026-02-23 08:15:00,counter,breakfast_wrap,4,3
2026-02-23 08:15:00,counter,hash_brown,4,4
2026-02-23 08:15:00,drive_thru,hash_brown,1,1
2026-02-23 08:30:00,counter,breakfast_wrap,2,1
2026-02-23 08:30:00,counter,hash_brown,5,2
2026-02-23 08:30:00,drive_thru,breakfast_wrap,1,1
2026-02-23 08:45:00,counter,breakfast_wrap,2,2
2026-02-23 08:45:00,counter,hash_brown,1,1
2026-02-23 08:45:00,drive_thru,hash_brown,3,3
2026-02-23 09:00:00,counter,breakfast_wrap,1,1
2026-02-23 09:00:00,counter,hash_brown,1,1
2026-02-23 09:00:00,delivery,hash_brown,1,1
2026-02-23 09:00:00,drive_thru,breakfast_wrap,1,1
2026-02-23 09:00:00,drive_thru,hash_brown,1,1
2026-02-23 09:15:00,counter,hash_brown,1,1
2026-02-23 09:15:00,delivery,breakfast_wrap,1,1
2026-02-23 09:30:00,counter,hash_brown,1,1
2026-02-23 09:30:00,delivery,breakfast_wrap,3,1
2026-02-23 09:30:00,delivery,hash_brown,2,1
2026-02-23 09:30:00,drive_thru,breakfast_wrap,2,2
2026-02-23 09:45:00,counter,hash_brown,1,1
2026-02-23 09:45:00,delivery,breakfast_wrap,2,2
2026-02-23 10:00:00,delivery,breakfast_wrap,1,1
2026-02-23 10:00:00,delivery,hash_brown,1,1
2026-02-23 10:00:00,drive_thru,breakfast_wrap,1,1
2026-02-23 10:15:00,drive_thru,breakfast_wrap,2,2
2026-02-23 10:15:00,drive_thru,hash_brown,1,1
2026-02-23 10:30:00,counter,breakfast_wrap,1,1
2026-02-23 10:45:00,delivery,hash_brown,1,1
2026-02-23 10:45:00,drive_thru,hash_brown,4,2
2026-02-23 11:00:00,drive_thru,chicken_tenders,2,2
2026-02-23 11:00:00,drive_thru,fries,4,3
2026-02-23 11:15:00,counter,fries,1,1
2026-02-23 11:30:00,counter,chicken_tenders,2,1
2026-02-23 11:30:00,counter,fries,1,1
2026-02-23 11:30:00,delivery,chicken_tenders,1,1
2026-02-23 11:30:00,delivery,fries,2,2
2026-02-23 11:45:00,counter,chicken_tenders,1,1
2026-02-23 11:45:00,delivery,fries,1,1
2026-02-23 11:45:00,drive_thru,chicken_tenders,1,1
2026-02-23 12:00:00,counter,chicken_tenders,3,3
2026-02-23 12:00:00,counter,fries,2,2
2026-02-23 12:00:00,drive_thru,chicken_tenders,2,1
2026-02-23 12:15:00,counter,chicken_tenders,8,5
2026-02-23 12:15:00,counter,fries,10,7
2026-02-23 12:15:00,delivery,chicken_tenders,1,1
2026-02-23 12:15:00,delivery,fries,1,1
2026-02-23 12:15:00,drive_thru,fries,1,1
2026-02-23 12:30:00,delivery,fries,4,2
2026-02-23 12:30:00,drive_thru,fries,2,2
2026-02-23 12:45:00,counter,chicken_tenders,1,1
2026-02-23 12:45:00,counter,fries,1,1
2026-02-23 12:45:00,delivery,chicken_tenders,1,1
2026-02-23 12:45:00,delivery,fries,1,1
2026-02-23 13:00:00,counter,chicken_tenders,2,2
2026-02-23 13:00:00,counter,fries,2,1
2026-02-23 13:00:00,drive_thru,chicken_tenders,4,3
2026-02-23 13:00:00,drive_thru,fries,2,1
2026-02-23 13:15:00,counter,fries,4,2
2026-02-23 13:15:00,delivery,chicken_tenders,3,2
2026-02-23 13:15:00,delivery,fries,2,2
2026-02-23 13:30:00,counter,fries,3,3
2026-02-23 13:30:00,delivery,chicken_tenders,1,1
2026-02-23 13:30:00,delivery,fries,3,3
2026-02-23 13:30:00,drive_thru,fries,1,1
2026-02-23 13:45:00,counter,chicken_tenders,3,2
2026-02-23 13:45:00,counter,fries,4,2
2026-02-23 13:45:00,drive_thru,chicken_tenders,3,1
2026-02-23 14:00:00,counter,fries,2,1
2026-02-23 14:00:00,delivery,fries,2,1
2026-02-23 14:30:00,drive_thru,chicken_tenders,1,1
2026-02-23 14:45:00,delivery,chicken_tenders,1,1
2026-02-23 14:45:00,delivery,fries,2,1
2026-02-23 14:45:00,drive_thru,fries,2,2
2026-02-23 15:00:00,counter,chicken_tenders,1,1
2026-02-23 15:00:00,counter,fries,3,2
2026-02-23 15:15:00,drive_thru,chicken_tenders,3,2
2026-02-23 15:30:00,counter,chicken_tenders,1,1
2026-02-23 15:30:00,delivery,chicken_tenders,1,1
2026-02-23 15:30:00,delivery,fries,2,2
2026-02-23 15:30:00,drive_thru,chicken_tenders,2,1
2026-02-23 15:45:00,counter,chicken_tenders,3,3
2026-02-23 15:45:00,counter,fries,2,2
2026-02-23 16:00:00,delivery,chicken_tenders,1,1
2026-02-23 16:15:00,counter,chicken_tenders,2,2
2026-02-23 16:15:00,counter,fries,1,1
2026-02-23 16:30:00,counter,fries,1,1
2026-02-23 16:30:00,delivery,chicken_tenders,1,1
2026-02-23 16:30:00,delivery,fries,2,1
2026-02-23 16:30:00,drive_thru,fries,1,1
2026-02-23 16:45:00,counter,chicken_tenders,1,1
2026-02-23 17:00:00,counter,chicken_tenders,1,1
2026-02-23 17:00:00,counter,fries,2,1
2026-02-23 17:00:00,drive_thru,chicken_tenders,1,1
2026-02-23 17:15:00,counter,fries,3,1
2026-02-23 17:15:00,delivery,chicken_tenders,3,3
2026-02-23 17:15:00,drive_thru,chicken_tenders,2,2
2026-02-23 17:15:00,drive_thru,fries,2,2
2026-02-23 17:30:00,counter,fries,2,2
2026-02-23 17:30:00,drive_thru,chicken_tenders,1,1
2026-02-23 17:45:00,counter,chicken_tenders,2,2
2026-02-23 17:45:00,counter,fries,6,5
2026-02-23 17:45:00,delivery,fries,1,1
2026-02-23 18:00:00,counter,chicken_tenders,4,2
2026-02-23 18:00:00,counter,fries,4,3
2026-02-23 18:00:00,delivery,chicken_tenders,1,1
2026-02-23 18:00:00,drive_thru,chicken_tenders,1,1
2026-02-23 18:15:00,counter,chicken_tenders,1,1
2026-02-23 18:15:00,counter,fries,1,1
2026-02-23 18:15:00,delivery,chicken_tenders,2,1
2026-02-23 18:30:00,counter,fries,2,2
2026-02-23 18:30:00,delivery,chicken_tenders,1,1
2026-02-23 18:30:00,delivery,fries,1,1
2026-02-23 18:30:00,drive_thru,chicken_tenders,1,1
2026-02-23 18:30:00,drive_thru,fries,4,3
2026-02-23 18:45:00,counter,chicken_tenders,2,2
2026-02-23 18:45:00,delivery,chicken_tenders,2,1
2026-02-23 18:45:00,delivery,fries,3,2
2026-02-23 18:45:00,drive_thru,chicken_tenders,1,1
2026-02-23 18:45:00,drive_thru,fries,2,2
2026-02-23 19:00:00,counter,chicken_tenders,4,1
2026-02-23 19:00:00,delivery,fries,1,1
2026-02-23 19:00:00,drive_thru,chicken_tenders,2,1
2026-02-23 19:15:00,delivery,chicken_tenders,2,2
2026-02-23 19:15:00,delivery,fries,1,1
2026-02-23 19:15:00,drive_thru,chicken_tenders,4,2
2026-02-23 19:15:00,drive_thru,fries,3,2
2026-02-23 19:30:00,counter,chicken_tenders,1,1
2026-02-23 19:30:00,counter,fries,1,1
2026-02-23 19:30:00,delivery,chicken_tenders,1,1
2026-02-23 19:30:00,drive_thru,chicken_tenders,1,1
2026-02-23 19:45:00,counter,fries,4,2
2026-02-23 19:45:00,delivery,fries,4,3
2026-02-23 19:45:00,drive_thru,chicken_tenders,1,1
2026-02-23 20:00:00,drive_thru,fries,1,1
2026-02-23 20:30:00,counter,chicken_tenders,2,1
2026-02-23 20:45:00,drive_thru,chicken_tenders,3,2
2026-02-23 20:45:00,drive_thru,fries,2,2
2026-02-23 21:00:00,counter,fries,2,1
2026-02-23 21:00:00,delivery,fries,4,2
2026-02-23 21:00:00,drive_thru,fries,4,2
2026-02-23 21:15:00,counter,fries,2,2
2026-02-23 21:30:00,counter,fries,1,1
2026-02-23 21:45:00,drive_thru,fries,1,1
2026-02-24 06:15:00,delivery,breakfast_wrap,2,1
2026-02-24 06:15:00,drive_thru,hash_brown,2,1
2026-02-24 06:30:00,counter,hash_brown,1,1
2026-02-24 06:45:00,counter,breakfast_wrap,2,2
2026-02-24 06:45:00,counter,hash_brown,3,2
2026-02-24 06:45:00,delivery,hash_brown,3,1
2026-02-24 07:00:00,counter,hash_brown,1,1
2026-02-24 07:15:00,counter,hash_brown,1,1
2026-02-24 07:15:00,drive_thru,breakfast_wrap,2,2
2026-02-24 07:15:00,drive_thru,hash_brown,1,1
2026-02-24 07:30:00,counter,breakfast_wrap,7,4
2026-02-24 07:30:00,counter,hash_brown,2,2
2026-02-24 07:30:00,delivery,breakfast_wrap,1,1
2026-02-24 07:30:00,delivery,hash_brown,4,2
2026-02-24 07:30:00,drive_thru,hash_brown,2,1
2026-02-24 07:45:00,counter,breakfast_wrap,2,2
2026-02-24 07:45:00,delivery,breakfast_wrap,1,1
2026-02-24 08:00:00,counter,breakfast_wrap,4,3
2026-02-24 08:00:00,counter,hash_brown,1,1
2026-02-24 08:00:00,delivery,breakfast_wrap,1,1
2026-02-24 08:00:00,drive_thru,hash_brown,1,1
2026-02-24 08:15:00,counter,breakfast_wrap,1,1
2026-02-24 08:15:00,counter,hash_brown,1,1
2026-02-24 08:15:00,drive_thru,breakfast_wrap,4,3
2026-02-24 08:15:00,drive_thru,hash_brown,3,3
2026-02-24 08:30:00,delivery,breakfast_wrap,1,1
2026-02-24 08:30:00,drive_thru,hash_brown,2,2
2026-02-24 08:45:00,counter,breakfast_wrap,1,1
2026-02-24 08:45:00,counter,hash_brown,4,3
2026-02-24 08:45:00,delivery,hash_brown,2,1
2026-02-24 08:45:00,drive_thru,breakfast_wrap,1,1
2026-02-24 08:45:00,drive_thru,hash_brown,3,2
2026-02-24 09:00:00,counter,hash_brown,1,1
2026-02-24 09:00:00,delivery,breakfast_wrap,1,1
2026-02-24 09:00:00,drive_thru,breakfast_wrap,5,4
2026-02-24 09:00:00,drive_thru,hash_brown,2,2
2026-02-24 09:15:00,delivery,hash_brown,2,1
2026-02-24 09:15:00,drive_thru,breakfast_wrap,3,2
2026-02-24 09:15:00,drive_thru,hash_brown,3,2
2026-02-24 09:30:00,counter,breakfast_wrap,3,3
2026-02-24 09:30:00,counter,hash_brown,3,2
2026-02-24 09:45:00,drive_thru,hash_brown,1,1
2026-02-24 10:00:00,counter,breakfast_wrap,1,1
2026-02-24 10:00:00,delivery,breakfast_wrap,3,1
2026-02-24 10:15:00,counter,hash_brown,2,1
2026-02-24 10:15:00,delivery,breakfast_wrap,4,2
2026-02-24 10:30:00,counter,breakfast_wrap,1,1
2026-02-24 10:30:00,delivery,breakfast_wrap,1,1
2026-02-24 10:30:00,delivery,hash_brown,2,1
2026-02-24 10:30:00,drive_thru,hash_brown,1,1
2026-02-24 10:45:00,counter,breakfast_wrap,3,2
2026-02-24 10:45:00,counter,hash_brown,1,1
2026-02-24 11:00:00,counter,chicken_tenders,2,1
2026-02-24 11:00:00,delivery,breakfast_wrap,1,1
2026-02-24 11:00:00,delivery,hash_brown,2,1
2026-02-24 11:15:00,counter,chicken_tenders,2,1
2026-02-24 11:45:00,drive_thru,fries,1,1
2026-02-24 12:00:00,counter,chicken_tenders,4,3
2026-02-24 12:00:00,counter,fries,3,3
2026-02-24 12:00:00,drive_thru,fries,2,2
2026-02-24 12:15:00,counter,chicken_tenders,3,2
2026-02-24 12:15:00,counter,fries,2,1
2026-02-24 12:15:00,drive_thru,chicken_tenders,5,3
2026-02-24 12:15:00,drive_thru,fries,2,1
2026-02-24 12:30:00,counter,fries,1,1
2026-02-24 12:30:00,delivery,chicken_tenders,4,3
2026-02-24 12:30:00,delivery,fries,4,3
2026-02-24 12:30:00,drive_thru,chicken_tenders,1,1
2026-02-24 12:30:00,drive_thru,fries,5,4
2026-02-24 12:45:00,counter,chicken_tenders,2,2
2026-02-24 12:45:00,counter,fries,1,1
2026-02-24 12:45:00,drive_thru,chicken_tenders,1,1
2026-02-24 12:45:00,drive_thru,fries,1,1
2026-02-24 13:00:00,counter,chicken_tenders,1,1
2026-02-24 13:00:00,counter,fries,1,1
2026-02-24 13:15:00,delivery,chicken_tenders,2,2
2026-02-24 13:15:00,delivery,fries,1,1
2026-02-24 13:15:00,drive_thru,fries,1,1
2026-02-24 13:30:00,counter,chicken_tenders,1,1
2026-02-24 13:30:00,delivery,chicken_tenders,3,2
2026-02-24 13:30:00,delivery,fries,3,2
2026-02-24 13:30:00,drive_thru,chicken_tenders,1,1
2026-02-24 13:30:00,drive_thru,fries,4,2
2026-02-24 13:45:00,counter,chicken_tenders,1,1
2026-02-24 13:45:00,counter,fries,1,1
2026-02-24 13:45:00,delivery,chicken_tenders,1,1
2026-02-24 13:45:00,delivery,fries,2,2
2026-02-24 13:45:00,drive_thru,fries,3,1
2026-02-24 14:00:00,counter,chicken_tenders,2,1
2026-02-24 14:30:00,counter,chicken_tenders,1,1
2026-02-24 14:30:00,drive_thru,chicken_tenders,1,1
2026-02-24 14:45:00,counter,fries,1,1
2026-02-24 15:00:00,counter,chicken_tenders,5,3
2026-02-24 15:00:00,counter,fries,1,1
2026-02-24 15:00:00,delivery,fries,1,1
2026-02-24 15:30:00,delivery,fries,3,1
2026-02-24 15:45:00,counter,fries,1,1
2026-02-24 16:00:00,counter,chicken_tenders,2,1
2026-02-24 16:00:00,delivery,chicken_tenders,1,1
2026-02-24 16:00:00,delivery,fries,2,2
2026-02-24 16:00:00,drive_thru,chicken_tenders,1,1
2026-02-24 16:00:00,drive_thru,fries,1,1
2026-02-24 16:15:00,delivery,fries,1,1
2026-02-24 16:30:00,counter,fries,1,1
2026-02-24 16:30:00,delivery,fries,2,1
2026-02-24 16:30:00,drive_thru,chicken_tenders,6,2
2026-02-24 16:45:00,drive_thru,chicken_tenders,1,1
2026-02-24 17:00:00,drive_thru,fries,2,1
2026-02-24 17:15:00,delivery,fries,2,2
2026-02-24 17:15:00,drive_thru,chicken_tenders,2,1
2026-02-24 17:30:00,counter,chicken_tenders,1,1
2026-02-24 17:30:00,counter,fries,2,1
2026-02-24 17:30:00,delivery,chicken_tenders,1,1
2026-02-24 17:30:00,delivery,fries,1,1
2026-02-24 17:30:00,drive_thru,chicken_tenders,1,1
2026-02-24 17:30:00,drive_thru,fries,4,3
2026-02-24 17:45:00,counter,chicken_tenders,1,1
2026-02-24 17:45:00,counter,fries,1,1
2026-02-24 17:45:00,drive_thru,fries,1,1
2026-02-24 18:15:00,counter,fries,1,1
2026-02-24 18:15:00,delivery,chicken_tenders,1,1
2026-02-24 18:15:00,drive_thru,chicken_tenders,3,1
2026-02-24 18:30:00,counter,chicken_tenders,1,1
2026-02-24 18:30:00,counter,fries,1,1
2026-02-24 18:30:00,delivery,chicken_tenders,3,3
2026-02-24 18:30:00,delivery,fries,1,1
2026-02-24 18:30:00,drive_thru,fries,4,2
2026-02-24 18:45:00,counter,chicken_tenders,2,2
2026-02-24 18:45:00,drive_thru,chicken_tenders,3,1
2026-02-24 18:45:00,drive_thru,fries,2,2
2026-02-24 19:00:00,counter,chicken_tenders,1,1
2026-02-24 19:00:00,counter,fries,2,1
2026-02-24 19:00:00,delivery,fries,1,1
2026-02-24 19:00:00,drive_thru,chicken_tenders,1,1
2026-02-24 19:00:00,drive_thru,fries,1,1
2026-02-24 19:15:00,counter,chicken_tenders,1,1
2026-02-24 19:15:00,delivery,chicken_tenders,1,1
2026-02-24 19:15:00,delivery,fries,1,1
2026-02-24 19:15:00,drive_thru,chicken_tenders,1,1
2026-02-24 19:15:00,drive_thru,fries,2,1
2026-02-24 19:30:00,counter,chicken_tenders,4,2
2026-02-24 19:30:00,counter,fries,1,1
2026-02-24 19:30:00,delivery,fries,3,1
2026-02-24 19:45:00,counter,chicken_tenders,2,1
2026-02-24 19:45:00,drive_thru,chicken_tenders,1,1
2026-02-24 19:45:00,drive_thru,fries,2,2
2026-02-24 20:00:00,counter,chicken_tenders,1,1
2026-02-24 20:00:00,counter,fries,2,1
2026-02-24 20:00:00,delivery,chicken_tenders,1,1
2026-02-24 20:00:00,delivery,fries,2,1
2026-02-24 20:00:00,drive_thru,chicken_tenders,1,1
2026-02-24 20:15:00,drive_thru,fries,1,1
2026-02-24 20:30:00,drive_thru,chicken_tenders,2,1
2026-02-24 20:45:00,counter,chicken_tenders,1,1
2026-02-24 20:45:00,counter,fries,1,1
2026-02-24 20:45:00,drive_thru,chicken_tenders,5,3
2026-02-24 21:15:00,drive_thru,chicken_tenders,1,1
2026-02-24 21:30:00,counter,fries,2,1
2026-02-24 21:30:00,drive_thru,fries,1,1
2026-02-25 06:00:00,drive_thru,hash_brown,2,1
2026-02-25 06:15:00,counter,breakfast_wrap,5,2
2026-02-25 06:15:00,counter,hash_brown,2,1
2026-02-25 06:30:00,counter,breakfast_wrap,2,2
2026-02-25 06:30:00,counter,hash_brown,2,2
2026-02-25 06:30:00,delivery,breakfast_wrap,3,1
2026-02-25 06:30:00,delivery,hash_brown,2,1
2026-02-25 06:30:00,drive_thru,breakfast_wrap,1,1
2026-02-25 06:30:00,drive_thru,hash_brown,1,1
2026-02-25 06:45:00,drive_thru,breakfast_wrap,1,1
2026-02-25 07:00:00,counter,breakfast_wrap,1,1
2026-02-25 07:00:00,counter,hash_brown,1,1
2026-02-25 07:00:00,drive_thru,breakfast_wrap,1,1
2026-02-25 07:00:00,drive_thru,hash_brown,1,1
2026-02-25 07:15:00,counter,breakfast_wrap,1,1
2026-02-25 07:15:00,counter,hash_brown,5,3
2026-02-25 07:15:00,delivery,breakfast_wrap,1,1
2026-02-25 07:15:00,delivery,hash_brown,1,1
2026-02-25 07:30:00,counter,breakfast_wrap,2,2
2026-02-25 07:30:00,counter,hash_brown,4,3
2026-02-25 07:30:00,delivery,hash_brown,2,1
2026-02-25 07:30:00,drive_thru,breakfast_wrap,1,1
2026-02-25 07:30:00,drive_thru,hash_brown,1,1
2026-02-25 07:45:00,counter,breakfast_wrap,2,1
2026-02-25 07:45:00,drive_thru,breakfast_wrap,2,2
2026-02-25 07:45:00,drive_thru,hash_brown,5,3
2026-02-25 08:00:00,counter,hash_brown,1,1
2026-02-25 08:00:00,delivery,hash_brown,1,1
2026-02-25 08:00:00,drive_thru,breakfast_wrap,1,1
2026-02-25 08:00:00,drive_thru,hash_brown,5,3
2026-02-25 08:15:00,counter,breakfast_wrap,6,4
2026-02-25 08:15:00,counter,hash_brown,3,2
2026-02-25 08:15:00,delivery,breakfast_wrap,3,3
2026-02-25 08:15:00,drive_thru,breakfast_wrap,3,2
2026-02-25 08:15:00,drive_thru,hash_brown,1,1
2026-02-25 08:30:00,counter,hash_brown,1,1
2026-02-25 08:30:00,drive_thru,breakfast_wrap,1,1
2026-02-25 08:30:00,drive_thru,hash_brown,2,1
2026-02-25 08:45:00,delivery,breakfast_wrap,1,1
2026-02-25 08:45:00,drive_thru,breakfast_wrap,3,2
2026-02-25 09:00:00,counter,breakfast_wrap,3,3
2026-02-25 09:00:00,counter,hash_brown,3,2
2026-02-25 09:00:00,drive_thru,breakfast_wrap,2,1
2026-02-25 09:00:00,drive_thru,hash_brown,3,2
2026-02-25 09:15:00,counter,breakfast_wrap,3,3
2026-02-25 09:15:00,counter,hash_brown,4,3
2026-02-25 09:15:00,delivery,breakfast_wrap,1,1
2026-02-25 09:30:00,counter,breakfast_wrap,1,1
2026-02-25 09:30:00,counter,hash_brown,2,2
2026-02-25 09:30:00,delivery,breakfast_wrap,1,1
2026-02-25 09:30:00,delivery,hash_brown,1,1
2026-02-25 09:45:00,counter,hash_brown,1,1
2026-02-25 09:45:00,delivery,breakfast_wrap,1,1
2026-02-25 09:45:00,delivery,hash_brown,1,1
2026-02-25 09:45:00,drive_thru,breakfast_wrap,1,1
2026-02-25 09:45:00,drive_thru,hash_brown,1,1
2026-02-25 10:00:00,delivery,hash_brown,1,1
2026-02-25 10:00:00,drive_thru,hash_brown,1,1
2026-02-25 10:45:00,counter,breakfast_wrap,1,1
2026-02-25 11:00:00,counter,fries,1,1
2026-02-25 11:00:00,delivery,fries,1,1
2026-02-25 11:00:00,drive_thru,chicken_tenders,1,1
2026-02-25 11:00:00,drive_thru,fries,2,2
2026-02-25 11:15:00,drive_thru,chicken_tenders,1,1
2026-02-25 11:30:00,counter,chicken_tenders,4,2
2026-02-25 11:30:00,counter,fries,4,2
2026-02-25 11:30:00,delivery,fries,2,2
2026-02-25 11:30:00,drive_thru,chicken_tenders,1,1
2026-02-25 11:45:00,counter,chicken_tenders,1,1
2026-02-25 11:45:00,counter,fries,1,1
2026-02-25 11:45:00,drive_thru,chicken_tenders,3,2
2026-02-25 12:00:00,counter,chicken_tenders,2,1
2026-02-25 12:00:00,counter,fries,1,1
2026-02-25 12:00:00,delivery,fries,3,1
2026-02-25 12:00:00,drive_thru,chicken_tenders,1,1
2026-02-25 12:15:00,counter,chicken_tenders,4,4
2026-02-25 12:15:00,counter,fries,1,1
2026-02-25 12:15:00,delivery,fries,1,1
2026-02-25 12:15:00,drive_thru,chicken_tenders,1,1
2026-02-25 12:15:00,drive_thru,fries,1,1
2026-02-25 12:30:00,counter,chicken_tenders,1,1
2026-02-25 12:30:00,delivery,chicken_tenders,3,3
2026-02-25 12:30:00,delivery,fries,2,2
2026-02-25 12:30:00,drive_thru,chicken_tenders,1,1
2026-02-25 12:30:00,drive_thru,fries,2,2
2026-02-25 12:45:00,counter,chicken_tenders,2,2
2026-02-25 12:45:00,delivery,fries,1,1
2026-02-25 12:45:00,drive_thru,chicken_tenders,3,1
2026-02-25 12:45:00,drive_thru,fries,3,2
2026-02-25 13:00:00,counter,chicken_tenders,2,1
2026-02-25 13:00:00,counter,fries,2,2
2026-02-25 13:00:00,delivery,fries,2,1
2026-02-25 13:00:00,drive_thru,chicken_tenders,1,1
2026-02-25 13:15:00,counter,chicken_tenders,2,2
2026-02-25 13:15:00,counter,fries,1,1
2026-02-25 13:15:00,delivery,fries,1,1
2026-02-25 13:15:00,drive_thru,chicken_tenders,2,1
2026-02-25 13:30:00,counter,chicken_tenders,3,3
2026-02-25 13:30:00,counter,fries,3,3
2026-02-25 13:30:00,delivery,fries,2,1
2026-02-25 13:30:00,drive_thru,chicken_tenders,2,2
2026-02-25 13:30:00,drive_thru,fries,2,2
2026-02-25 13:45:00,counter,chicken_tenders,2,2
2026-02-25 13:45:00,counter,fries,1,1
2026-02-25 13:45:00,delivery,chicken_tenders,3,3
2026-02-25 13:45:00,delivery,fries,2,2
2026-02-25 13:45:00,drive_thru,chicken_tenders,1,1
2026-02-25 13:45:00,drive_thru,fries,3,3
2026-02-25 14:00:00,counter,chicken_tenders,1,1
2026-02-25 14:15:00,drive_thru,chicken_tenders,2,2
2026-02-25 14:45:00,counter,chicken_tenders,1,1
2026-02-25 14:45:00,counter,fries,1,1
2026-02-25 15:00:00,counter,chicken_tenders,1,1
2026-02-25 15:00:00,counter,fries,1,1
2026-02-25 15:00:00,drive_thru,fries,2,1
2026-02-25 15:15:00,drive_thru,chicken_tenders,1,1
2026-02-25 15:15:00,drive_thru,fries,1,1
2026-02-25 15:30:00,counter,chicken_tenders,2,2
2026-02-25 15:45:00,counter,chicken_tenders,2,1
2026-02-25 15:45:00,counter,fries,3,3
2026-02-25 15:45:00,delivery,fries,1,1
2026-02-25 15:45:00,drive_thru,fries,1,1
2026-02-25 16:15:00,counter,chicken_tenders,1,1
2026-02-25 16:15:00,delivery,chicken_tenders,2,1
2026-02-25 16:15:00,delivery,fries,1,1
2026-02-25 16:30:00,counter,chicken_tenders,1,1
2026-02-25 16:30:00,drive_thru,chicken_tenders,1,1
2026-02-25 16:45:00,counter,chicken_tenders,1,1
2026-02-25 16:45:00,counter,fries,2,2
2026-02-25 16:45:00,delivery,chicken_tenders,2,2
2026-02-25 16:45:00,delivery,fries,1,1
2026-02-25 16:45:00,drive_thru,fries,1,1
2026-02-25 17:00:00,counter,chicken_tenders,2,1
2026-02-25 17:00:00,delivery,chicken_tenders,1,1
2026-02-25 17:00:00,delivery,fries,1,1
2026-02-25 17:00:00,drive_thru,fries,3,1
2026-02-25 17:15:00,counter,chicken_tenders,1,1
2026-02-25 17:15:00,counter,fries,5,3
2026-02-25 17:15:00,delivery,chicken_tenders,1,1
2026-02-25 17:15:00,drive_thru,fries,3,2
2026-02-25 17:30:00,counter,chicken_tenders,1,1
2026-02-25 17:45:00,counter,chicken_tenders,4,4
2026-02-25 17:45:00,delivery,fries,2,2
2026-02-25 17:45:00,drive_thru,fries,1,1
2026-02-25 18:00:00,counter,chicken_tenders,5,3
2026-02-25 18:00:00,counter,fries,3,3
2026-02-25 18:00:00,drive_thru,chicken_tenders,1,1
2026-02-25 18:00:00,drive_thru,fries,1,1
2026-02-25 18:15:00,counter,fries,4,2
2026-02-25 18:15:00,delivery,fries,1,1
2026-02-25 18:30:00,counter,chicken_tenders,4,2
2026-02-25 18:30:00,counter,fries,1,1
2026-02-25 18:30:00,drive_thru,chicken_tenders,4,3
2026-02-25 18:30:00,drive_thru,fries,2,2
2026-02-25 18:45:00,counter,fries,4,3
2026-02-25 18:45:00,drive_thru,fries,4,2
2026-02-25 19:00:00,counter,chicken_tenders,1,1
2026-02-25 19:00:00,counter,fries,1,1
2026-02-25 19:00:00,delivery,chicken_tenders,2,1
2026-02-25 19:00:00,delivery,fries,1,1
2026-02-25 19:00:00,drive_thru,chicken_tenders,2,1
2026-02-25 19:00:00,drive_thru,fries,4,2
2026-02-25 19:15:00,counter,fries,1,1
2026-02-25 19:15:00,delivery,fries,2,1
2026-02-25 19:15:00,drive_thru,chicken_tenders,1,1
2026-02-25 19:30:00,delivery,chicken_tenders,3,2
2026-02-25 19:30:00,delivery,fries,1,1
2026-02-25 19:30:00,drive_thru,chicken_tenders,2,2
2026-02-25 19:30:00,drive_thru,fries,2,2
2026-02-25 19:45:00,counter,fries,2,1
2026-02-25 19:45:00,drive_thru,chicken_tenders,2,1
2026-02-25 19:45:00,drive_thru,fries,4,2
2026-02-25 20:15:00,counter,chicken_tenders,1,1
2026-02-25 20:15:00,drive_thru,chicken_tenders,1,1
2026-02-25 20:15:00,drive_thru,fries,3,2
2026-02-25 20:30:00,counter,chicken_tenders,1,1
2026-02-25 20:30:00,delivery,fries,1,1
2026-02-25 20:45:00,delivery,fries,1,1
2026-02-25 21:00:00,counter,chicken_tenders,1,1
2026-02-25 21:00:00,counter,fries,1,1
2026-02-25 21:00:00,drive_thru,chicken_tenders,1,1
2026-02-25 21:00:00,drive_thru,fries,1,1
2026-02-25 21:15:00,drive_thru,chicken_tenders,1,1
2026-02-25 21:30:00,counter,fries,1,1
2026-02-25 21:45:00,counter,chicken_tenders,1,1
2026-02-26 06:00:00,delivery,hash_brown,1,1
2026-02-26 06:15:00,drive_thru,breakfast_wrap,2,2
2026-02-26 06:15:00,drive_thru,hash_brown,3,2
2026-02-26 06:30:00,delivery,breakfast_wrap,1,1
2026-02-26 06:30:00,drive_thru,breakfast_wrap,1,1
2026-02-26 06:30:00,drive_thru,hash_brown,1,1
2026-02-26 06:45:00,counter,hash_brown,1,1
2026-02-26 06:45:00,delivery,breakfast_wrap,1,1
2026-02-26 06:45:00,delivery,hash_brown,1,1
2026-02-26 06:45:00,drive_thru,breakfast_wrap,1,1
2026-02-26 06:45:00,drive_thru,hash_brown,1,1
2026-02-26 07:00:00,counter,breakfast_wrap,2,1
2026-02-26 07:00:00,counter,hash_brown,5,3
2026-02-26 07:15:00,counter,breakfast_wrap,3,2
2026-02-26 07:15:00,drive_thru,hash_brown,3,3
2026-02-26 07:30:00,counter,breakfast_wrap,2,2
2026-02-26 07:30:00,counter,hash_brown,1,1
2026-02-26 07:30:00,delivery,hash_brown,5,3
2026-02-26 07:30:00,drive_thru,breakfast_wrap,1,1
2026-02-26 07:45:00,counter,breakfast_wrap,1,1
2026-02-26 07:45:00,counter,hash_brown,3,2
2026-02-26 07:45:00,delivery,hash_brown,1,1
2026-02-26 07:45:00,drive_thru,breakfast_wrap,1,1
2026-02-26 07:45:00,drive_thru,hash_brown,2,1
2026-02-26 08:00:00,counter,breakfast_wrap,1,1
2026-02-26 08:00:00,counter,hash_brown,4,2
2026-02-26 08:00:00,delivery,hash_brown,2,1
2026-02-26 08:00:00,drive_thru,breakfast_wrap,2,2
2026-02-26 08:00:00,drive_thru,hash_brown,1,1
2026-02-26 08:15:00,counter,hash_brown,2,2
2026-02-26 08:15:00,delivery,hash_brown,1,1
2026-02-26 08:15:00,drive_thru,hash_brown,1,1
2026-02-26 08:30:00,counter,breakfast_wrap,4,3
2026-02-26 08:30:00,counter,hash_brown,4,3
2026-02-26 08:30:00,delivery,breakfast_wrap,3,2
2026-02-26 08:30:00,delivery,hash_brown,3,3
2026-02-26 08:30:00,drive_thru,breakfast_wrap,3,2
2026-02-26 08:30:00,drive_thru,hash_brown,1,1
2026-02-26 08:45:00,counter,hash_brown,1,1
2026-02-26 08:45:00,delivery,breakfast_wrap,1,1
2026-02-26 08:45:00,drive_thru,breakfast_wrap,2,1
2026-02-26 08:45:00,drive_thru,hash_brown,1,1
2026-02-26 09:00:00,counter,breakfast_wrap,2,2
2026-02-26 09:00:00,counter,hash_brown,1,1
2026-02-26 09:00:00,delivery,breakfast_wrap,2,1
2026-02-26 09:00:00,delivery,hash_brown,3,2
2026-02-26 09:00:00,drive_thru,hash_brown,1,1
2026-02-26 09:15:00,delivery,breakfast_wrap,2,2
2026-02-26 09:15:00,drive_thru,hash_brown,3,2
2026-02-26 09:30:00,counter,breakfast_wrap,2,1
2026-02-26 09:30:00,counter,hash_brown,3,2
2026-02-26 09:30:00,delivery,breakfast_wrap,1,1
2026-02-26 09:30:00,drive_thru,breakfast_wrap,1,1
2026-02-26 09:30:00,drive_thru,hash_brown,2,2
2026-02-26 09:45:00,counter,breakfast_wrap,3,2
2026-02-26 09:45:00,counter,hash_brown,3,2
2026-02-26 09:45:00,drive_thru,breakfast_wrap,4,3
2026-02-26 10:00:00,delivery,breakfast_wrap,4,2
2026-02-26 10:00:00,delivery,hash_brown,1,1
2026-02-26 10:00:00,drive_thru,hash_brown,1,1
2026-02-26 10:15:00,drive_thru,hash_brown,1,1
2026-02-26 10:30:00,counter,breakfast_wrap,2,1
2026-02-26 10:30:00,drive_thru,hash_brown,1,1
2026-02-26 10:45:00,drive_thru,breakfast_wrap,2,1
2026-02-26 11:30:00,delivery,chicken_tenders,2,1
2026-02-26 11:30:00,delivery,fries,2,1
2026-02-26 11:45:00,delivery,chicken_tenders,2,1
2026-02-26 12:00:00,counter,chicken_tenders,4,3
2026-02-26 12:00:00,counter,fries,2,2
2026-02-26 12:00:00,delivery,fries,1,1
2026-02-26 12:00:00,drive_thru,chicken_tenders,1,1
2026-02-26 12:00:00,drive_thru,fries,1,1
2026-02-26 12:15:00,counter,chicken_tenders,1,1
2026-02-26 12:15:00,counter,fries,3,2
2026-02-26 12:15:00,drive_thru,chicken_tenders,1,1
2026-02-26 12:15:00,drive_thru,fries,1,1
2026-02-26 12:30:00,counter,fries,4,4
2026-02-26 12:30:00,delivery,chicken_tenders,1,1
2026-02-26 12:30:00,delivery,fries,1,1
2026-02-26 12:30:00,drive_thru,chicken_tenders,2,2
2026-02-26 12:30:00,drive_thru,fries,2,2
2026-02-26 12:45:00,counter,chicken_tenders,4,3
2026-02-26 12:45:00,counter,fries,3,2
2026-02-26 12:45:00,drive_thru,chicken_tenders,1,1
2026-02-26 12:45:00,drive_thru,fries,2,2
2026-02-26 13:00:00,counter,fries,2,1
2026-02-26 13:00:00,drive_thru,chicken_tenders,3,2
2026-02-26 13:00:00,drive_thru,fries,1,1
2026-02-26 13:15:00,counter,chicken_tenders,2,1
2026-02-26 13:15:00,counter,fries,3,2
2026-02-26 13:15:00,delivery,fries,1,1
2026-02-26 13:15:00,drive_thru,chicken_tenders,2,2
2026-02-26 13:30:00,counter,chicken_tenders,1,1
2026-02-26 13:30:00,counter,fries,1,1
2026-02-26 13:30:00,drive_thru,fries,2,1
2026-02-26 13:45:00,counter,chicken_tenders,1,1
2026-02-26 13:45:00,counter,fries,2,2
2026-02-26 13:45:00,delivery,fries,3,1
2026-02-26 13:45:00,drive_thru,chicken_tenders,4,3
2026-02-26 13:45:00,drive_thru,fries,3,2
2026-02-26 14:00:00,drive_thru,chicken_tenders,1,1
2026-02-26 14:00:00,drive_thru,fries,1,1
2026-02-26 14:30:00,counter,chicken_tenders,2,1
2026-02-26 14:30:00,counter,fries,1,1
2026-02-26 14:30:00,drive_thru,chicken_tenders,1,1
2026-02-26 14:45:00,counter,fries,5,3
2026-02-26 14:45:00,drive_thru,chicken_tenders,1,1
2026-02-26 15:00:00,drive_thru,chicken_tenders,2,1
2026-02-26 15:00:00,drive_thru,fries,1,1
2026-02-26 15:15:00,counter,fries,2,2
2026-02-26 15:30:00,drive_thru,chicken_tenders,1,1
2026-02-26 15:45:00,counter,fries,2,1
2026-02-26 15:45:00,delivery,fries,1,1
2026-02-26 16:00:00,counter,chicken_tenders,2,1
2026-02-26 16:15:00,counter,chicken_tenders,2,1
2026-02-26 16:15:00,drive_thru,chicken_tenders,5,3
2026-02-26 16:15:00,drive_thru,fries,1,1
2026-02-26 16:30:00,counter,fries,1,1
2026-02-26 16:45:00,drive_thru,fries,2,1
2026-02-26 17:00:00,counter,chicken_tenders,2,1
2026-02-26 17:00:00,delivery,chicken_tenders,1,1
2026-02-26 17:00:00,delivery,fries,1,1
2026-02-26 17:00:00,drive_thru,fries,2,1
2026-02-26 17:15:00,counter,fries,1,1
2026-02-26 17:15:00,delivery,chicken_tenders,4,2
2026-02-26 17:15:00,delivery,fries,1,1
2026-02-26 17:15:00,drive_thru,chicken_tenders,1,1
2026-02-26 17:30:00,counter,fries,2,1
2026-02-26 17:30:00,drive_thru,chicken_tenders,1,1
2026-02-26 17:30:00,drive_thru,fries,1,1
2026-02-26 17:45:00,counter,chicken_tenders,2,2
2026-02-26 17:45:00,counter,fries,3,2
2026-02-26 17:45:00,drive_thru,fries,3,3
2026-02-26 18:00:00,counter,chicken_tenders,1,1
2026-02-26 18:00:00,counter,fries,1,1
2026-02-26 18:00:00,drive_thru,chicken_tenders,1,1
2026-02-26 18:15:00,counter,chicken_tenders,3,3
2026-02-26 18:15:00,counter,fries,1,1
2026-02-26 18:15:00,delivery,fries,3,2
2026-02-26 18:15:00,drive_thru,chicken_tenders,2,1
2026-02-26 18:15:00,drive_thru,fries,1,1
2026-02-26 18:30:00,counter,fries,2,1
2026-02-26 18:30:00,drive_thru,fries,1,1
2026-02-26 18:45:00,counter,fries,1,1
2026-02-26 18:45:00,delivery,chicken_tenders,4,2
2026-02-26 18:45:00,delivery,fries,2,1
2026-02-26 19:00:00,counter,chicken_tenders,1,1
2026-02-26 19:00:00,counter,fries,1,1
2026-02-26 19:00:00,delivery,chicken_tenders,1,1
2026-02-26 19:00:00,delivery,fries,1,1
2026-02-26 19:15:00,drive_thru,chicken_tenders,2,2
2026-02-26 19:15:00,drive_thru,fries,5,4
2026-02-26 19:30:00,counter,fries,1,1
2026-02-26 19:30:00,drive_thru,chicken_tenders,2,1
2026-02-26 19:45:00,counter,chicken_tenders,1,1
2026-02-26 19:45:00,delivery,chicken_tenders,2,1
2026-02-26 19:45:00,drive_thru,fries,1,1
2026-02-26 20:00:00,delivery,fries,1,1
2026-02-26 20:00:00,drive_thru,chicken_tenders,1,1
2026-02-26 20:00:00,drive_thru,fries,1,1
2026-02-26 20:15:00,counter,fries,2,1
2026-02-26 20:30:00,counter,fries,1,1
2026-02-26 20:30:00,delivery,chicken_tenders,1,1
2026-02-26 20:30:00,delivery,fries,1,1
2026-02-26 20:45:00,counter,fries,1,1
2026-02-26 20:45:00,drive_thru,chicken_tenders,1,1
2026-02-26 21:00:00,delivery,chicken_tenders,4,3
2026-02-26 21:00:00,drive_thru,fries,1,1
2026-02-26 21:15:00,counter,chicken_tenders,3,1
2026-02-26 21:15:00,drive_thru,chicken_tenders,1,1
2026-02-26 21:15:00,drive_thru,fries,2,1
2026-02-26 21:30:00,counter,chicken_tenders,1,1
2026-02-26 21:30:00,counter,fries,1,1
2026-02-26 21:30:00,delivery,chicken_tenders,1,1
2026-02-26 21:30:00,delivery,fries,2,1
2026-02-26 21:30:00,drive_thru,chicken_tenders,1,1
2026-02-27 06:00:00,counter,breakfast_wrap,1,1
2026-02-27 06:00:00,drive_thru,breakfast_wrap,2,1
2026-02-27 06:00:00,drive_thru,hash_brown,1,1
2026-02-27 06:15:00,counter,breakfast_wrap,1,1
2026-02-27 06:15:00,counter,hash_brown,2,1
2026-02-27 06:15:00,delivery,breakfast_wrap,1,1
2026-02-27 06:30:00,drive_thru,hash_brown,2,1
2026-02-27 06:45:00,delivery,breakfast_wrap,2,2
2026-02-27 06:45:00,delivery,hash_brown,3,2
2026-02-27 06:45:00,drive_thru,hash_brown,3,2
2026-02-27 07:00:00,counter,breakfast_wrap,2,2
2026-02-27 07:00:00,counter,hash_brown,2,1
2026-02-27 07:00:00,delivery,breakfast_wrap,1,1
2026-02-27 07:00:00,drive_thru,breakfast_wrap,1,1
2026-02-27 07:00:00,drive_thru,hash_brown,5,3
2026-02-27 07:15:00,counter,breakfast_wrap,2,1
2026-02-27 07:15:00,counter,hash_brown,4,3
2026-02-27 07:15:00,delivery,breakfast_wrap,2,1
2026-02-27 07:15:00,drive_thru,breakfast_wrap,1,1
2026-02-27 07:15:00,drive_thru,hash_brown,6,4
2026-02-27 07:30:00,counter,breakfast_wrap,4,2
2026-02-27 07:30:00,counter,hash_brown,1,1
2026-02-27 07:30:00,delivery,breakfast_wrap,5,2
2026-02-27 07:45:00,counter,breakfast_wrap,4,3
2026-02-27 07:45:00,counter,hash_brown,3,3
2026-02-27 07:45:00,delivery,breakfast_wrap,2,2
2026-02-27 07:45:00,delivery,hash_brown,4,3
2026-02-27 07:45:00,drive_thru,breakfast_wrap,4,3
2026-02-27 08:00:00,counter,hash_brown,2,2
2026-02-27 08:00:00,delivery,breakfast_wrap,1,1
2026-02-27 08:00:00,delivery,hash_brown,1,1
2026-02-27 08:00:00,drive_thru,hash_brown,1,1
2026-02-27 08:15:00,counter,breakfast_wrap,1,1
2026-02-27 08:15:00,counter,hash_brown,2,2
2026-02-27 08:15:00,delivery,hash_brown,3,3
2026-02-27 08:15:00,drive_thru,breakfast_wrap,1,1
2026-02-27 08:15:00,drive_thru,hash_brown,1,1
2026-02-27 08:30:00,counter,breakfast_wrap,4,3
2026-02-27 08:30:00,counter,hash_brown,4,4
2026-02-27 08:30:00,delivery,hash_brown,2,2
2026-02-27 08:30:00,drive_thru,breakfast_wrap,4,3
2026-02-27 08:45:00,counter,breakfast_wrap,2,2
2026-02-27 08:45:00,counter,hash_brown,4,3
2026-02-27 08:45:00,delivery,breakfast_wrap,2,1
2026-02-27 08:45:00,delivery,hash_brown,1,1
2026-02-27 08:45:00,drive_thru,hash_brown,3,1
2026-02-27 09:00:00,counter,breakfast_wrap,1,1
2026-02-27 09:00:00,counter,hash_brown,1,1
2026-02-27 09:00:00,delivery,breakfast_wrap,5,4
2026-02-27 09:00:00,delivery,hash_brown,5,3
2026-02-27 09:00:00,drive_thru,hash_brown,3,1
2026-02-27 09:15:00,counter,breakfast_wrap,1,1
2026-02-27 09:15:00,delivery,hash_brown,1,1
2026-02-27 09:15:00,drive_thru,breakfast_wrap,2,2
2026-02-27 09:45:00,counter,breakfast_wrap,2,2
2026-02-27 09:45:00,counter,hash_brown,1,1
2026-02-27 09:45:00,delivery,breakfast_wrap,3,2
2026-02-27 09:45:00,drive_thru,breakfast_wrap,3,2
2026-02-27 10:15:00,delivery,breakfast_wrap,2,1
2026-02-27 10:15:00,drive_thru,breakfast_wrap,2,1
2026-02-27 10:30:00,counter,breakfast_wrap,1,1
2026-02-27 10:30:00,drive_thru,breakfast_wrap,1,1
2026-02-27 10:30:00,drive_thru,hash_brown,1,1
2026-02-27 10:45:00,counter,hash_brown,2,1
2026-02-27 10:45:00,drive_thru,hash_brown,1,1
2026-02-27 11:00:00,counter,chicken_tenders,4,3
2026-02-27 11:00:00,drive_thru,chicken_tenders,1,1
2026-02-27 11:15:00,counter,chicken_tenders,1,1
2026-02-27 11:15:00,counter,fries,1,1
2026-02-27 11:15:00,drive_thru,chicken_tenders,1,1
2026-02-27 11:15:00,drive_thru,fries,2,2
2026-02-27 11:30:00,drive_thru,chicken_tenders,4,3
2026-02-27 11:30:00,drive_thru,fries,1,1
2026-02-27 11:45:00,drive_thru,chicken_tenders,3,2
2026-02-27 12:00:00,counter,chicken_tenders,1,1
2026-02-27 12:00:00,counter,fries,2,2
2026-02-27 12:00:00,delivery,chicken_tenders,2,2
2026-02-27 12:00:00,drive_thru,chicken_tenders,2,1
2026-02-27 12:00:00,drive_thru,fries,2,2
2026-02-27 12:15:00,counter,chicken_tenders,2,2
2026-02-27 12:15:00,counter,fries,2,2
2026-02-27 12:15:00,delivery,chicken_tenders,3,2
2026-02-27 12:15:00,delivery,fries,3,3
2026-02-27 12:15:00,drive_thru,chicken_tenders,4,3
2026-02-27 12:15:00,drive_thru,fries,4,2
2026-02-27 12:30:00,counter,chicken_tenders,5,4
2026-02-27 12:30:00,counter,fries,1,1
2026-02-27 12:30:00,delivery,chicken_tenders,1,1
2026-02-27 12:30:00,delivery,fries,1,1
2026-02-27 12:30:00,drive_thru,fries,2,2
2026-02-27 12:45:00,counter,chicken_tenders,1,1
2026-02-27 12:45:00,counter,fries,2,2
2026-02-27 12:45:00,delivery,chicken_tenders,3,2
2026-02-27 12:45:00,drive_thru,fries,4,3
2026-02-27 13:00:00,counter,chicken_tenders,5,4
2026-02-27 13:00:00,counter,fries,3,3
2026-02-27 13:00:00,delivery,chicken_tenders,1,1
2026-02-27 13:00:00,delivery,fries,1,1
2026-02-27 13:00:00,drive_thru,chicken_tenders,2,1
2026-02-27 13:00:00,drive_thru,fries,1,1
2026-02-27 13:15:00,counter,fries,4,2
2026-02-27 13:15:00,delivery,chicken_tenders,1,1
2026-02-27 13:15:00,delivery,fries,2,2
2026-02-27 13:15:00,drive_thru,chicken_tenders,1,1
2026-02-27 13:15:00,drive_thru,fries,2,1
2026-02-27 13:30:00,counter,chicken_tenders,3,2
2026-02-27 13:30:00,counter,fries,2,2
2026-02-27 13:30:00,drive_thru,chicken_tenders,2,1
2026-02-27 13:45:00,delivery,chicken_tenders,2,1
2026-02-27 13:45:00,delivery,fries,1,1
2026-02-27 13:45:00,drive_thru,chicken_tenders,3,3
2026-02-27 13:45:00,drive_thru,fries,3,3
2026-02-27 14:00:00,counter,chicken_tenders,1,1
2026-02-27 14:00:00,counter,fries,1,1
2026-02-27 14:15:00,counter,chicken_tenders,2,1
2026-02-27 14:15:00,counter,fries,3,3
2026-02-27 14:15:00,delivery,chicken_tenders,1,1
2026-02-27 14:15:00,delivery,fries,1,1
2026-02-27 14:15:00,drive_thru,chicken_tenders,4,3
2026-02-27 14:15:00,drive_thru,fries,3,3
2026-02-27 14:30:00,counter,chicken_tenders,1,1
2026-02-27 14:45:00,counter,chicken_tenders,1,1
2026-02-27 15:00:00,counter,chicken_tenders,1,1
2026-02-27 15:15:00,counter,chicken_tenders,1,1
2026-02-27 15:15:00,counter,fries,2,2
2026-02-27 15:15:00,delivery,fries,1,1
2026-02-27 15:30:00,counter,fries,1,1
2026-02-27 15:30:00,drive_thru,fries,2,1
2026-02-27 15:45:00,drive_thru,chicken_tenders,2,1
2026-02-27 16:00:00,delivery,fries,2,2
2026-02-27 16:15:00,counter,chicken_tenders,1,1
2026-02-27 16:15:00,delivery,chicken_tenders,2,2
2026-02-27 16:15:00,delivery,fries,1,1
2026-02-27 16:15:00,drive_thru,chicken_tenders,1,1
2026-02-27 16:30:00,counter,chicken_tenders,1,1
2026-02-27 16:30:00,counter,fries,2,2
2026-02-27 16:30:00,delivery,chicken_tenders,3,2
2026-02-27 16:30:00,delivery,fries,1,1
2026-02-27 16:45:00,counter,chicken_tenders,1,1
2026-02-27 16:45:00,delivery,chicken_tenders,2,1
2026-02-27 17:00:00,counter,chicken_tenders,1,1
2026-02-27 17:00:00,counter,fries,1,1
2026-02-27 17:00:00,drive_thru,fries,1,1
2026-02-27 17:15:00,counter,chicken_tenders,2,2
2026-02-27 17:15:00,counter,fries,1,1
2026-02-27 17:15:00,delivery,fries,1,1
2026-02-27 17:30:00,counter,chicken_tenders,1,1
2026-02-27 17:30:00,counter,fries,4,3
2026-02-27 17:30:00,delivery,chicken_tenders,2,1
2026-02-27 17:30:00,delivery,fries,2,2
2026-02-27 17:30:00,drive_thru,fries,2,1
2026-02-27 17:45:00,counter,chicken_tenders,3,3
2026-02-27 17:45:00,counter,fries,2,1
2026-02-27 17:45:00,delivery,chicken_tenders,3,2
2026-02-27 17:45:00,drive_thru,chicken_tenders,2,2
2026-02-27 18:00:00,counter,chicken_tenders,2,1
2026-02-27 18:00:00,counter,fries,1,1
2026-02-27 18:00:00,delivery,chicken_tenders,1,1
2026-02-27 18:15:00,drive_thru,chicken_tenders,1,1
2026-02-27 18:15:00,drive_thru,fries,4,2
2026-02-27 18:30:00,counter,chicken_tenders,1,1
2026-02-27 18:30:00,delivery,chicken_tenders,1,1
2026-02-27 18:30:00,delivery,fries,1,1
2026-02-27 18:45:00,counter,chicken_tenders,4,4
2026-02-27 18:45:00,counter,fries,1,1
2026-02-27 18:45:00,delivery,fries,1,1
2026-02-27 19:00:00,counter,fries,1,1
2026-02-27 19:00:00,drive_thru,chicken_tenders,5,2
2026-02-27 19:00:00,drive_thru,fries,1,1
2026-02-27 19:15:00,counter,chicken_tenders,1,1
2026-02-27 19:15:00,counter,fries,1,1
2026-02-27 19:15:00,drive_thru,chicken_tenders,1,1
2026-02-27 19:15:00,drive_thru,fries,1,1
2026-02-27 19:30:00,counter,chicken_tenders,2,2
2026-02-27 19:30:00,counter,fries,2,2
2026-02-27 19:30:00,drive_thru,chicken_tenders,2,2
2026-02-27 19:30:00,drive_thru,fries,1,1
2026-02-27 19:45:00,counter,chicken_tenders,4,2
2026-02-27 19:45:00,counter,fries,5,3
2026-02-27 19:45:00,delivery,fries,3,3
2026-02-27 19:45:00,drive_thru,chicken_tenders,2,2
2026-02-27 20:00:00,counter,chicken_tenders,3,1
2026-02-27 20:00:00,drive_thru,chicken_tenders,1,1
2026-02-27 20:15:00,delivery,chicken_tenders,1,1
2026-02-27 20:15:00,delivery,fries,1,1
2026-02-27 20:30:00,counter,fries,1,1
2026-02-27 20:30:00,drive_thru,chicken_tenders,2,1
2026-02-27 20:45:00,counter,chicken_tenders,1,1
2026-02-27 20:45:00,counter,fries,1,1
2026-02-27 21:00:00,counter,fries,1,1
2026-02-27 21:15:00,drive_thru,chicken_tenders,1,1
2026-02-27 21:15:00,drive_thru,fries,2,2
2026-02-27 21:30:00,counter,chicken_tenders,1,1
2026-02-27 21:30:00,counter,fries,1,1
2026-02-27 21:45:00,drive_thru,chicken_tenders,1,1
2026-02-27 21:45:00,drive_thru,fries,2,1
2026-02-27 22:00:00,delivery,fries,2,1
2026-02-28 06:00:00,drive_thru,breakfast_wrap,1,1
2026-02-28 06:00:00,drive_thru,hash_brown,2,1
2026-02-28 06:15:00,counter,hash_brown,2,2
2026-02-28 06:15:00,drive_thru,breakfast_wrap,1,1
2026-02-28 06:15:00,drive_thru,hash_brown,1,1
2026-02-28 06:30:00,drive_thru,breakfast_wrap,1,1
2026-02-28 06:45:00,drive_thru,hash_brown,1,1
2026-02-28 07:00:00,counter,breakfast_wrap,4,2
2026-02-28 07:00:00,counter,hash_brown,3,2
2026-02-28 07:00:00,delivery,breakfast_wrap,2,1
2026-02-28 07:00:00,delivery,hash_brown,1,1
2026-02-28 07:15:00,counter,breakfast_wrap,1,1
2026-02-28 07:15:00,counter,hash_brown,1,1
2026-02-28 07:15:00,drive_thru,hash_brown,2,1
2026-02-28 07:30:00,counter,breakfast_wrap,2,2
2026-02-28 07:30:00,counter,hash_brown,3,2
2026-02-28 07:30:00,delivery,breakfast_wrap,1,1
2026-02-28 07:30:00,delivery,hash_brown,1,1
2026-02-28 07:30:00,drive_thru,hash_brown,1,1
2026-02-28 07:45:00,counter,breakfast_wrap,2,2
2026-02-28 07:45:00,counter,hash_brown,1,1
2026-02-28 07:45:00,drive_thru,breakfast_wrap,2,2
2026-02-28 07:45:00,drive_thru,hash_brown,5,4
2026-02-28 08:00:00,counter,breakfast_wrap,1,1
2026-02-28 08:00:00,counter,hash_brown,2,1
2026-02-28 08:00:00,drive_thru,breakfast_wrap,1,1
2026-02-28 08:00:00,drive_thru,hash_brown,1,1
2026-02-28 08:15:00,counter,hash_brown,1,1
2026-02-28 08:15:00,drive_thru,breakfast_wrap,2,2
2026-02-28 08:15:00,drive_thru,hash_brown,1,1
2026-02-28 08:30:00,counter,breakfast_wrap,1,1
2026-02-28 08:30:00,counter,hash_brown,4,2
2026-02-28 08:30:00,delivery,breakfast_wrap,2,1
2026-02-28 08:30:00,delivery,hash_brown,1,1
2026-02-28 08:30:00,drive_thru,breakfast_wrap,3,2
2026-02-28 08:45:00,counter,breakfast_wrap,3,2
2026-02-28 08:45:00,delivery,hash_brown,1,1
2026-02-28 08:45:00,drive_thru,breakfast_wrap,1,1
2026-02-28 09:00:00,counter,breakfast_wrap,2,2
2026-02-28 09:00:00,counter,hash_brown,2,2
2026-02-28 09:00:00,delivery,breakfast_wrap,2,2
2026-02-28 09:00:00,delivery,hash_brown,2,2
2026-02-28 09:00:00,drive_thru,hash_brown,3,2
2026-02-28 09:15:00,counter,breakfast_wrap,1,1
2026-02-28 09:15:00,counter,hash_brown,4,2
2026-02-28 09:15:00,drive_thru,breakfast_wrap,2,2
2026-02-28 09:15:00,drive_thru,hash_brown,3,2
2026-02-28 09:30:00,delivery,breakfast_wrap,4,3
2026-02-28 09:30:00,delivery,hash_brown,1,1
2026-02-28 09:30:00,drive_thru,breakfast_wrap,3,2
2026-02-28 09:30:00,drive_thru,hash_brown,2,2
2026-02-28 09:45:00,delivery,breakfast_wrap,1,1
2026-02-28 09:45:00,delivery,hash_brown,2,2
2026-02-28 09:45:00,drive_thru,breakfast_wrap,1,1
2026-02-28 09:45:00,drive_thru,hash_brown,2,2
2026-02-28 10:00:00,counter,breakfast_wrap,1,1
2026-02-28 10:00:00,delivery,hash_brown,1,1
2026-02-28 10:15:00,counter,hash_brown,1,1
2026-02-28 10:15:00,drive_thru,breakfast_wrap,1,1
2026-02-28 10:15:00,drive_thru,hash_brown,1,1
2026-02-28 10:30:00,delivery,hash_brown,1,1
2026-02-28 10:45:00,counter,hash_brown,2,1
2026-02-28 10:45:00,drive_thru,hash_brown,1,1
2026-02-28 11:00:00,drive_thru,chicken_tenders,1,1
2026-02-28 11:15:00,drive_thru,chicken_tenders,4,2
2026-02-28 11:30:00,counter,chicken_tenders,1,1
2026-02-28 11:30:00,delivery,chicken_tenders,1,1
2026-02-28 11:30:00,drive_thru,chicken_tenders,1,1
2026-02-28 11:45:00,counter,chicken_tenders,2,1
2026-02-28 12:00:00,counter,chicken_tenders,3,3
2026-02-28 12:00:00,delivery,chicken_tenders,1,1
2026-02-28 12:00:00,drive_thru,chicken_tenders,2,1
2026-02-28 12:00:00,drive_thru,fries,3,2
2026-02-28 12:15:00,counter,chicken_tenders,4,3
2026-02-28 12:15:00,counter,fries,4,3
2026-02-28 12:15:00,delivery,fries,3,2
2026-02-28 12:15:00,drive_thru,chicken_tenders,5,2
2026-02-28 12:30:00,counter,chicken_tenders,6,5
2026-02-28 12:30:00,counter,fries,2,1
2026-02-28 12:30:00,delivery,chicken_tenders,2,1
2026-02-28 12:30:00,drive_thru,fries,5,3
2026-02-28 12:45:00,counter,chicken_tenders,3,1
2026-02-28 12:45:00,counter,fries,1,1
2026-02-28 12:45:00,delivery,chicken_tenders,2,1
2026-02-28 12:45:00,drive_thru,chicken_tenders,1,1
2026-02-28 12:45:00,drive_thru,fries,1,1
2026-02-28 13:00:00,counter,chicken_tenders,1,1
2026-02-28 13:00:00,counter,fries,2,2
2026-02-28 13:00:00,delivery,fries,2,2
2026-02-28 13:00:00,drive_thru,chicken_tenders,2,2
2026-02-28 13:00:00,drive_thru,fries,4,3
2026-02-28 13:15:00,counter,chicken_tenders,1,1
2026-02-28 13:15:00,counter,fries,1,1
2026-02-28 13:15:00,delivery,chicken_tenders,6,3
2026-02-28 13:15:00,delivery,fries,3,2
2026-02-28 13:15:00,drive_thru,chicken_tenders,1,1
2026-02-28 13:30:00,counter,chicken_tenders,3,3
2026-02-28 13:30:00,drive_thru,chicken_tenders,1,1
2026-02-28 13:30:00,drive_thru,fries,1,1
2026-02-28 13:45:00,counter,chicken_tenders,2,1
2026-02-28 13:45:00,delivery,chicken_tenders,2,1
2026-02-28 13:45:00,delivery,fries,5,4
2026-02-28 13:45:00,drive_thru,fries,1,1
2026-02-28 14:00:00,counter,chicken_tenders,2,1
2026-02-28 14:15:00,counter,chicken_tenders,1,1
2026-02-28 14:15:00,delivery,fries,3,2
2026-02-28 14:30:00,counter,fries,4,1
2026-02-28 14:30:00,drive_thru,chicken_tenders,1,1
2026-02-28 14:30:00,drive_thru,fries,2,1
2026-02-28 14:45:00,counter,chicken_tenders,1,1
2026-02-28 14:45:00,delivery,chicken_tenders,1,1
2026-02-28 14:45:00,drive_thru,chicken_tenders,2,1
2026-02-28 15:15:00,drive_thru,chicken_tenders,2,1
2026-02-28 15:30:00,drive_thru,chicken_tenders,1,1
2026-02-28 15:30:00,drive_thru,fries,1,1
2026-02-28 15:45:00,counter,chicken_tenders,2,2
2026-02-28 15:45:00,drive_thru,fries,1,1
2026-02-28 16:00:00,counter,chicken_tenders,3,2
2026-02-28 16:00:00,counter,fries,1,1
2026-02-28 16:15:00,counter,fries,1,1
2026-02-28 16:15:00,delivery,chicken_tenders,2,2
2026-02-28 16:15:00,delivery,fries,1,1
2026-02-28 16:15:00,drive_thru,chicken_tenders,1,1
2026-02-28 16:15:00,drive_thru,fries,2,2
2026-02-28 16:30:00,counter,chicken_tenders,1,1
2026-02-28 16:30:00,counter,fries,2,2
2026-02-28 16:30:00,drive_thru,chicken_tenders,3,2
2026-02-28 17:00:00,counter,chicken_tenders,1,1
2026-02-28 17:00:00,counter,fries,2,2
2026-02-28 17:00:00,delivery,chicken_tenders,1,1
2026-02-28 17:00:00,drive_thru,chicken_tenders,4,3
2026-02-28 17:00:00,drive_thru,fries,1,1
2026-02-28 17:15:00,counter,fries,1,1
2026-02-28 17:15:00,delivery,chicken_tenders,1,1
2026-02-28 17:15:00,drive_thru,chicken_tenders,1,1
2026-02-28 17:30:00,counter,chicken_tenders,1,1
2026-02-28 17:30:00,counter,fries,2,2
2026-02-28 17:30:00,delivery,chicken_tenders,2,1
2026-02-28 17:30:00,delivery,fries,1,1
2026-02-28 17:30:00,drive_thru,chicken_tenders,2,1
2026-02-28 17:45:00,counter,chicken_tenders,1,1
2026-02-28 17:45:00,counter,fries,1,1
2026-02-28 17:45:00,drive_thru,chicken_tenders,1,1
2026-02-28 17:45:00,drive_thru,fries,2,2
2026-02-28 18:00:00,drive_thru,fries,2,2
2026-02-28 18:15:00,counter,chicken_tenders,1,1
2026-02-28 18:15:00,delivery,chicken_tenders,2,2
2026-02-28 18:15:00,delivery,fries,3,2
2026-02-28 18:15:00,drive_thru,chicken_tenders,2,1
2026-02-28 18:30:00,counter,chicken_tenders,1,1
2026-02-28 18:30:00,counter,fries,1,1
2026-02-28 18:30:00,delivery,fries,1,1
2026-02-28 18:30:00,drive_thru,chicken_tenders,3,2
2026-02-28 18:30:00,drive_thru,fries,2,2
2026-02-28 18:45:00,counter,chicken_tenders,2,2
2026-02-28 18:45:00,counter,fries,1,1
2026-02-28 18:45:00,delivery,chicken_tenders,2,1
2026-02-28 18:45:00,delivery,fries,4,2
2026-02-28 19:00:00,counter,chicken_tenders,3,2
2026-02-28 19:00:00,counter,fries,2,2
2026-02-28 19:00:00,delivery,chicken_tenders,3,2
2026-02-28 19:00:00,drive_thru,fries,2,1
2026-02-28 19:15:00,counter,chicken_tenders,2,2
2026-02-28 19:15:00,counter,fries,4,3
2026-02-28 19:15:00,delivery,chicken_tenders,2,1
2026-02-28 19:15:00,drive_thru,chicken_tenders,1,1
2026-02-28 19:15:00,drive_thru,fries,1,1
2026-02-28 19:30:00,delivery,fries,1,1
2026-02-28 19:45:00,counter,chicken_tenders,4,2
2026-02-28 19:45:00,counter,fries,3,2
2026-02-28 19:45:00,delivery,chicken_tenders,1,1
2026-02-28 19:45:00,delivery,fries,1,1
2026-02-28 19:45:00,drive_thru,chicken_tenders,2,1
2026-02-28 20:00:00,counter,chicken_tenders,2,2
2026-02-28 20:00:00,counter,fries,2,1
2026-02-28 20:15:00,counter,fries,2,2
2026-02-28 20:30:00,delivery,fries,1,1
2026-02-28 20:45:00,counter,chicken_tenders,1,1
2026-02-28 20:45:00,counter,fries,1,1
2026-02-28 20:45:00,drive_thru,fries,3,2
2026-02-28 21:00:00,counter,chicken_tenders,1,1
2026-02-28 21:00:00,delivery,chicken_tenders,2,1
2026-02-28 21:15:00,delivery,chicken_tenders,2,2
2026-02-28 21:15:00,delivery,fries,1,1
2026-02-28 21:15:00,drive_thru,chicken_tenders,1,1
2026-02-28 21:30:00,drive_thru,chicken_tenders,1,1
2026-03-01 06:00:00,counter,hash_brown,1,1
2026-03-01 06:00:00,drive_thru,breakfast_wrap,1,1
2026-03-01 06:15:00,delivery,breakfast_wrap,2,2
2026-03-01 06:30:00,drive_thru,hash_brown,1,1
2026-03-01 06:45:00,drive_thru,breakfast_wrap,1,1
2026-03-01 06:45:00,drive_thru,hash_brown,2,1
2026-03-01 07:00:00,counter,breakfast_wrap,2,1
2026-03-01 07:00:00,counter,hash_brown,1,1
2026-03-01 07:00:00,delivery,breakfast_wrap,1,1
2026-03-01 07:00:00,delivery,hash_brown,2,1
2026-03-01 07:00:00,drive_thru,breakfast_wrap,4,2
2026-03-01 07:00:00,drive_thru,hash_brown,5,2
2026-03-01 07:15:00,counter,breakfast_wrap,6,4
2026-03-01 07:15:00,counter,hash_brown,5,3
2026-03-01 07:30:00,delivery,hash_brown,1,1
2026-03-01 07:45:00,counter,breakfast_wrap,2,2
2026-03-01 07:45:00,counter,hash_brown,1,1
2026-03-01 07:45:00,delivery,hash_brown,4,3
2026-03-01 07:45:00,drive_thru,breakfast_wrap,3,2
2026-03-01 07:45:00,drive_thru,hash_brown,1,1
2026-03-01 08:00:00,counter,breakfast_wrap,1,1
2026-03-01 08:00:00,delivery,breakfast_wrap,1,1
2026-03-01 08:00:00,delivery,hash_brown,3,2
2026-03-01 08:00:00,drive_thru,breakfast_wrap,3,2
2026-03-01 08:00:00,drive_thru,hash_brown,2,2
2026-03-01 08:15:00,drive_thru,hash_brown,4,2
2026-03-01 08:30:00,counter,breakfast_wrap,2,2
2026-03-01 08:30:00,delivery,breakfast_wrap,2,1
2026-03-01 08:30:00,delivery,hash_brown,2,1
2026-03-01 08:45:00,counter,breakfast_wrap,2,2
2026-03-01 08:45:00,counter,hash_brown,2,2
2026-03-01 08:45:00,delivery,breakfast_wrap,1,1
2026-03-01 08:45:00,delivery,hash_brown,1,1
2026-03-01 08:45:00,drive_thru,breakfast_wrap,1,1
2026-03-01 08:45:00,drive_thru,hash_brown,1,1
2026-03-01 09:00:00,counter,breakfast_wrap,1,1
2026-03-01 09:00:00,delivery,hash_brown,1,1
2026-03-01 09:00:00,drive_thru,breakfast_wrap,4,3
2026-03-01 09:15:00,counter,breakfast_wrap,2,1
2026-03-01 09:15:00,counter,hash_brown,1,1
2026-03-01 09:15:00,delivery,hash_brown,2,1
2026-03-01 09:15:00,drive_thru,hash_brown,4,3
2026-03-01 09:30:00,counter,breakfast_wrap,1,1
2026-03-01 09:30:00,counter,hash_brown,1,1
2026-03-01 09:30:00,drive_thru,hash_brown,1,1
2026-03-01 09:45:00,counter,breakfast_wrap,2,2
2026-03-01 09:45:00,counter,hash_brown,3,3
2026-03-01 09:45:00,delivery,breakfast_wrap,1,1
2026-03-01 09:45:00,delivery,hash_brown,3,3
2026-03-01 10:00:00,drive_thru,hash_brown,1,1
2026-03-01 10:15:00,counter,breakfast_wrap,2,1
2026-03-01 10:15:00,drive_thru,hash_brown,1,1
2026-03-01 10:30:00,counter,breakfast_wrap,3,2
2026-03-01 10:30:00,counter,hash_brown,7,3
2026-03-01 10:30:00,delivery,breakfast_wrap,1,1
2026-03-01 10:30:00,drive_thru,hash_brown,1,1
2026-03-01 10:45:00,delivery,breakfast_wrap,2,1
2026-03-01 11:00:00,delivery,fries,2,2
2026-03-01 11:00:00,drive_thru,chicken_tenders,2,1
2026-03-01 11:30:00,counter,fries,1,1
2026-03-01 11:30:00,delivery,fries,2,1
2026-03-01 11:45:00,drive_thru,chicken_tenders,1,1
2026-03-01 11:45:00,drive_thru,fries,1,1
2026-03-01 12:00:00,counter,chicken_tenders,3,2
2026-03-01 12:00:00,counter,fries,2,2
2026-03-01 12:00:00,delivery,fries,2,1
2026-03-01 12:00:00,drive_thru,chicken_tenders,2,2
2026-03-01 12:00:00,drive_thru,fries,1,1
2026-03-01 12:15:00,counter,chicken_tenders,3,2
2026-03-01 12:15:00,delivery,chicken_tenders,2,1
2026-03-01 12:15:00,delivery,fries,3,2
2026-03-01 12:15:00,drive_thru,chicken_tenders,1,1
2026-03-01 12:15:00,drive_thru,fries,3,1
2026-03-01 12:30:00,counter,chicken_tenders,4,3
2026-03-01 12:30:00,counter,fries,3,2
2026-03-01 12:30:00,delivery,chicken_tenders,1,1
2026-03-01 12:30:00,drive_thru,chicken_tenders,3,2
2026-03-01 12:30:00,drive_thru,fries,3,3
2026-03-01 12:45:00,counter,chicken_tenders,2,1
2026-03-01 12:45:00,counter,fries,2,2
2026-03-01 12:45:00,delivery,fries,2,2
2026-03-01 12:45:00,drive_thru,chicken_tenders,6,5
2026-03-01 12:45:00,drive_thru,fries,3,3
2026-03-01 13:00:00,counter,chicken_tenders,2,2
2026-03-01 13:00:00,counter,fries,5,4
2026-03-01 13:00:00,drive_thru,fries,3,3
2026-03-01 13:15:00,counter,chicken_tenders,3,3
2026-03-01 13:15:00,counter,fries,2,2
2026-03-01 13:15:00,delivery,chicken_tenders,1,1
2026-03-01 13:15:00,delivery,fries,1,1
2026-03-01 13:15:00,drive_thru,chicken_tenders,3,2
2026-03-01 13:15:00,drive_thru,fries,2,1
2026-03-01 13:30:00,counter,chicken_tenders,3,3
2026-03-01 13:30:00,counter,fries,1,1
2026-03-01 13:30:00,drive_thru,chicken_tenders,1,1
2026-03-01 13:30:00,drive_thru,fries,1,1
2026-03-01 13:45:00,counter,chicken_tenders,6,3
2026-03-01 13:45:00,counter,fries,6,5
2026-03-01 13:45:00,delivery,chicken_tenders,2,1
2026-03-01 13:45:00,drive_thru,chicken_tenders,1,1
2026-03-01 13:45:00,drive_thru,fries,1,1
2026-03-01 14:00:00,counter,chicken_tenders,2,1
2026-03-01 14:15:00,counter,chicken_tenders,1,1
2026-03-01 14:15:00,counter,fries,2,1
2026-03-01 14:15:00,drive_thru,chicken_tenders,1,1
2026-03-01 14:30:00,drive_thru,fries,1,1
2026-03-01 14:45:00,counter,chicken_tenders,1,1
2026-03-01 14:45:00,counter,fries,2,2
2026-03-01 15:00:00,counter,chicken_tenders,1,1
2026-03-01 15:15:00,delivery,chicken_tenders,1,1
2026-03-01 15:30:00,counter,chicken_tenders,1,1
2026-03-01 15:30:00,delivery,chicken_tenders,4,1
2026-03-01 15:45:00,delivery,fries,3,1
2026-03-01 15:45:00,drive_thru,chicken_tenders,1,1
2026-03-01 16:00:00,counter,chicken_tenders,2,2
2026-03-01 16:15:00,drive_thru,chicken_tenders,1,1
2026-03-01 16:15:00,drive_thru,fries,1,1
2026-03-01 16:30:00,drive_thru,chicken_tenders,4,2
2026-03-01 16:30:00,drive_thru,fries,3,2
2026-03-01 16:45:00,counter,chicken_tenders,2,2
2026-03-01 17:00:00,counter,chicken_tenders,2,2
2026-03-01 17:00:00,counter,fries,2,2
2026-03-01 17:00:00,drive_thru,chicken_tenders,1,1
2026-03-01 17:00:00,drive_thru,fries,2,1
2026-03-01 17:15:00,counter,chicken_tenders,1,1
2026-03-01 17:15:00,counter,fries,1,1
2026-03-01 17:15:00,delivery,chicken_tenders,1,1
2026-03-01 17:15:00,delivery,fries,1,1
2026-03-01 17:30:00,counter,chicken_tenders,2,1
2026-03-01 17:30:00,counter,fries,2,1
2026-03-01 17:30:00,drive_thru,chicken_tenders,4,3
2026-03-01 17:45:00,counter,fries,1,1
2026-03-01 17:45:00,delivery,chicken_tenders,2,1
2026-03-01 17:45:00,drive_thru,chicken_tenders,3,2
2026-03-01 18:00:00,counter,chicken_tenders,2,1
2026-03-01 18:00:00,counter,fries,3,1
2026-03-01 18:00:00,delivery,chicken_tenders,2,1
2026-03-01 18:00:00,drive_thru,chicken_tenders,2,2
2026-03-01 18:00:00,drive_thru,fries,7,6
2026-03-01 18:15:00,counter,chicken_tenders,3,2
2026-03-01 18:15:00,counter,fries,2,1
2026-03-01 18:15:00,delivery,chicken_tenders,2,2
2026-03-01 18:15:00,drive_thru,chicken_tenders,3,1
2026-03-01 18:15:00,drive_thru,fries,4,3
2026-03-01 18:30:00,counter,chicken_tenders,2,2
2026-03-01 18:30:00,counter,fries,2,1
2026-03-01 18:30:00,drive_thru,chicken_tenders,3,2
2026-03-01 18:30:00,drive_thru,fries,1,1
2026-03-01 18:45:00,counter,chicken_tenders,2,2
2026-03-01 18:45:00,counter,fries,5,3
2026-03-01 18:45:00,delivery,fries,1,1
2026-03-01 18:45:00,drive_thru,chicken_tenders,1,1
2026-03-01 18:45:00,drive_thru,fries,2,2
2026-03-01 19:00:00,counter,chicken_tenders,2,1
2026-03-01 19:00:00,counter,fries,3,1
2026-03-01 19:00:00,drive_thru,chicken_tenders,1,1
2026-03-01 19:00:00,drive_thru,fries,1,1
2026-03-01 19:15:00,counter,chicken_tenders,1,1
2026-03-01 19:15:00,drive_thru,chicken_tenders,3,3
2026-03-01 19:15:00,drive_thru,fries,2,1
2026-03-01 19:30:00,counter,chicken_tenders,3,2
2026-03-01 19:30:00,counter,fries,2,1
2026-03-01 19:30:00,delivery,chicken_tenders,1,1
2026-03-01 19:30:00,delivery,fries,2,1
2026-03-01 19:30:00,drive_thru,chicken_tenders,2,2
2026-03-01 19:30:00,drive_thru,fries,3,2
2026-03-01 19:45:00,counter,fries,5,2
2026-03-01 19:45:00,drive_thru,chicken_tenders,2,2
2026-03-01 19:45:00,drive_thru,fries,4,2
2026-03-01 20:00:00,drive_thru,fries,1,1
2026-03-01 20:15:00,drive_thru,chicken_tenders,1,1
2026-03-01 20:15:00,drive_thru,fries,1,1
2026-03-01 20:30:00,counter,chicken_tenders,3,2
2026-03-01 20:30:00,counter,fries,1,1
2026-03-01 20:30:00,drive_thru,chicken_tenders,3,2
2026-03-01 21:00:00,counter,chicken_tenders,4,2
2026-03-01 21:00:00,counter,fries,1,1
2026-03-01 21:00:00,delivery,chicken_tenders,4,1
2026-03-01 21:15:00,delivery,fries,3,2
2026-03-01 21:15:00,drive_thru,fries,2,1
2026-03-01 21:30:00,counter,chicken_tenders,3,3
2026-03-01 21:30:00,counter,fries,1,1
2026-03-01 21:30:00,delivery,chicken_tenders,1,1
2026-03-01 21:30:00,delivery,fries,1,1
2026-03-01 21:30:00,drive_thru,chicken_tenders,1,1
2026-03-01 21:30:00,drive_thru,fries,1,1
2026-03-01 21:45:00,counter,chicken_tenders,1,1
2026-03-01 21:45:00,delivery,chicken_tenders,1,1
2026-03-01 21:45:00,drive_thru,fries,1,1
2026-03-02 06:00:00,counter,breakfast_wrap,1,1
2026-03-02 06:00:00,counter,hash_brown,2,2
2026-03-02 06:00:00,drive_thru,breakfast_wrap,1,1
2026-03-02 06:15:00,counter,hash_brown,1,1
2026-03-02 06:15:00,delivery,hash_brown,4,2
2026-03-02 06:15:00,drive_thru,hash_brown,1,1
2026-03-02 06:30:00,delivery,hash_brown,2,1
2026-03-02 06:45:00,delivery,breakfast_wrap,1,1
2026-03-02 07:00:00,delivery,hash_brown,1,1
2026-03-02 07:00:00,drive_thru,breakfast_wrap,5,2
2026-03-02 07:15:00,counter,hash_brown,1,1
2026-03-02 07:15:00,delivery,hash_brown,1,1
2026-03-02 07:15:00,drive_thru,breakfast_wrap,2,2
2026-03-02 07:15:00,drive_thru,hash_brown,2,1
2026-03-02 07:30:00,counter,breakfast_wrap,2,1
2026-03-02 07:30:00,counter,hash_brown,4,2
2026-03-02 07:30:00,delivery,breakfast_wrap,3,3
2026-03-02 07:30:00,delivery,hash_brown,3,3
2026-03-02 07:45:00,delivery,breakfast_wrap,1,1
2026-03-02 07:45:00,delivery,hash_brown,2,2
2026-03-02 08:00:00,counter,breakfast_wrap,1,1
2026-03-02 08:00:00,counter,hash_brown,3,3
2026-03-02 08:00:00,drive_thru,hash_brown,2,1
2026-03-02 08:15:00,counter,breakfast_wrap,2,2
2026-03-02 08:15:00,delivery,breakfast_wrap,1,1
2026-03-02 08:15:00,delivery,hash_brown,1,1
2026-03-02 08:30:00,counter,hash_brown,1,1
2026-03-02 08:30:00,delivery,breakfast_wrap,2,2
2026-03-02 08:30:00,delivery,hash_brown,1,1
2026-03-02 08:30:00,drive_thru,breakfast_wrap,3,2
2026-03-02 08:30:00,drive_thru,hash_brown,1,1
2026-03-02 08:45:00,counter,breakfast_wrap,1,1
2026-03-02 08:45:00,counter,hash_brown,2,2
2026-03-02 08:45:00,drive_thru,breakfast_wrap,3,2
2026-03-02 08:45:00,drive_thru,hash_brown,2,2
2026-03-02 09:00:00,counter,breakfast_wrap,1,1
2026-03-02 09:00:00,counter,hash_brown,2,2
2026-03-02 09:00:00,delivery,breakfast_wrap,2,2
2026-03-02 09:00:00,delivery,hash_brown,1,1
2026-03-02 09:00:00,drive_thru,breakfast_wrap,3,1
2026-03-02 09:00:00,drive_thru,hash_brown,1,1
2026-03-02 09:15:00,counter,breakfast_wrap,3,2
2026-03-02 09:15:00,delivery,breakfast_wrap,2,1
2026-03-02 09:15:00,drive_thru,hash_brown,2,2
2026-03-02 09:30:00,counter,breakfast_wrap,3,3
2026-03-02 09:30:00,counter,hash_brown,1,1
2026-03-02 09:30:00,delivery,breakfast_wrap,2,1
2026-03-02 09:30:00,delivery,hash_brown,3,2
2026-03-02 09:30:00,drive_thru,hash_brown,1,1
2026-03-02 09:45:00,counter,breakfast_wrap,2,1
2026-03-02 09:45:00,counter,hash_brown,4,3
2026-03-02 09:45:00,delivery,breakfast_wrap,1,1
2026-03-02 09:45:00,delivery,hash_brown,2,2
2026-03-02 09:45:00,drive_thru,breakfast_wrap,3,2
2026-03-02 09:45:00,drive_thru,hash_brown,1,1
2026-03-02 10:00:00,counter,hash_brown,1,1
2026-03-02 10:00:00,delivery,breakfast_wrap,1,1
2026-03-02 10:00:00,delivery,hash_brown,1,1
2026-03-02 10:15:00,counter,breakfast_wrap,1,1
2026-03-02 10:15:00,counter,hash_brown,2,2
2026-03-02 10:15:00,drive_thru,breakfast_wrap,1,1
2026-03-02 10:15:00,drive_thru,hash_brown,1,1
2026-03-02 10:30:00,counter,breakfast_wrap,3,2
2026-03-02 10:30:00,counter,hash_brown,2,2
2026-03-02 10:45:00,drive_thru,breakfast_wrap,2,2
2026-03-02 10:45:00,drive_thru,hash_brown,1,1
2026-03-02 11:00:00,drive_thru,fries,1,1
2026-03-02 11:30:00,drive_thru,chicken_tenders,1,1
2026-03-02 11:45:00,drive_thru,chicken_tenders,1,1
2026-03-02 12:00:00,counter,fries,2,1
2026-03-02 12:00:00,delivery,chicken_tenders,1,1
2026-03-02 12:00:00,delivery,fries,4,2
2026-03-02 12:00:00,drive_thru,chicken_tenders,1,1
2026-03-02 12:00:00,drive_thru,fries,1,1
2026-03-02 12:15:00,counter,fries,2,1
2026-03-02 12:15:00,drive_thru,chicken_tenders,3,1
2026-03-02 12:15:00,drive_thru,fries,4,3
2026-03-02 12:30:00,counter,chicken_tenders,4,2
2026-03-02 12:30:00,delivery,chicken_tenders,3,2
2026-03-02 12:30:00,drive_thru,fries,5,4
2026-03-02 12:45:00,counter,chicken_tenders,2,1
2026-03-02 12:45:00,counter,fries,1,1
2026-03-02 12:45:00,delivery,fries,1,1
2026-03-02 13:00:00,counter,chicken_tenders,3,2
2026-03-02 13:00:00,counter,fries,1,1
2026-03-02 13:00:00,delivery,chicken_tenders,2,2
2026-03-02 13:00:00,delivery,fries,1,1
2026-03-02 13:00:00,drive_thru,fries,2,1
2026-03-02 13:15:00,drive_thru,chicken_tenders,4,3
2026-03-02 13:15:00,drive_thru,fries,1,1
2026-03-02 13:30:00,counter,fries,1,1
2026-03-02 13:30:00,drive_thru,chicken_tenders,4,3
2026-03-02 13:45:00,counter,chicken_tenders,1,1
2026-03-02 13:45:00,delivery,fries,1,1
2026-03-02 13:45:00,drive_thru,chicken_tenders,3,2
2026-03-02 13:45:00,drive_thru,fries,1,1
2026-03-02 14:00:00,counter,chicken_tenders,1,1
2026-03-02 14:00:00,delivery,fries,1,1
2026-03-02 14:00:00,drive_thru,chicken_tenders,1,1
2026-03-02 14:00:00,drive_thru,fries,2,1
2026-03-02 14:30:00,counter,chicken_tenders,1,1
2026-03-02 14:30:00,counter,fries,2,1
2026-03-02 14:45:00,counter,fries,1,1
2026-03-02 14:45:00,drive_thru,chicken_tenders,1,1
2026-03-02 15:00:00,counter,chicken_tenders,1,1
2026-03-02 15:00:00,drive_thru,fries,2,1
2026-03-02 15:45:00,delivery,chicken_tenders,2,1
2026-03-02 15:45:00,drive_thru,chicken_tenders,1,1
2026-03-02 15:45:00,drive_thru,fries,2,1
2026-03-02 16:00:00,counter,chicken_tenders,4,2
2026-03-02 16:00:00,delivery,chicken_tenders,2,1
2026-03-02 16:15:00,delivery,chicken_tenders,1,1
2026-03-02 16:30:00,delivery,fries,1,1
2026-03-02 16:45:00,drive_thru,fries,1,1
2026-03-02 17:00:00,counter,fries,1,1
2026-03-02 17:15:00,counter,chicken_tenders,2,1
2026-03-02 17:15:00,counter,fries,1,1
2026-03-02 17:15:00,delivery,fries,4,2
2026-03-02 17:15:00,drive_thru,chicken_tenders,3,3
2026-03-02 17:15:00,drive_thru,fries,1,1
2026-03-02 17:30:00,counter,chicken_tenders,1,1
2026-03-02 17:30:00,counter,fries,1,1
2026-03-02 17:30:00,delivery,chicken_tenders,1,1
2026-03-02 17:30:00,delivery,fries,1,1
2026-03-02 17:30:00,drive_thru,chicken_tenders,2,2
2026-03-02 17:30:00,drive_thru,fries,4,4
2026-03-02 17:45:00,counter,chicken_tenders,1,1
2026-03-02 17:45:00,counter,fries,4,3
2026-03-02 17:45:00,delivery,chicken_tenders,1,1
2026-03-02 17:45:00,delivery,fries,2,1
2026-03-02 17:45:00,drive_thru,fries,2,2
2026-03-02 18:00:00,counter,chicken_tenders,7,4
2026-03-02 18:15:00,counter,fries,1,1
2026-03-02 18:15:00,drive_thru,chicken_tenders,2,2
2026-03-02 18:15:00,drive_thru,fries,4,3
2026-03-02 18:30:00,delivery,chicken_tenders,2,1
2026-03-02 18:30:00,drive_thru,chicken_tenders,2,1
2026-03-02 18:30:00,drive_thru,fries,2,1
2026-03-02 18:45:00,counter,chicken_tenders,3,1
2026-03-02 18:45:00,drive_thru,chicken_tenders,1,1
2026-03-02 19:00:00,counter,chicken_tenders,1,1
2026-03-02 19:00:00,counter,fries,4,4
2026-03-02 19:00:00,delivery,chicken_tenders,1,1
2026-03-02 19:00:00,delivery,fries,1,1
2026-03-02 19:15:00,counter,chicken_tenders,1,1
2026-03-02 19:15:00,counter,fries,1,1
2026-03-02 19:15:00,delivery,chicken_tenders,1,1
2026-03-02 19:15:00,drive_thru,chicken_tenders,1,1
2026-03-02 19:15:00,drive_thru,fries,4,3
2026-03-02 19:30:00,counter,fries,3,3
2026-03-02 19:30:00,delivery,chicken_tenders,3,2
2026-03-02 19:30:00,delivery,fries,4,3
2026-03-02 19:45:00,counter,chicken_tenders,1,1
2026-03-02 19:45:00,delivery,fries,1,1
2026-03-02 19:45:00,drive_thru,chicken_tenders,2,1
2026-03-02 19:45:00,drive_thru,fries,1,1
2026-03-02 20:00:00,counter,chicken_tenders,1,1
2026-03-02 20:15:00,drive_thru,fries,3,2
2026-03-02 20:30:00,counter,chicken_tenders,2,2
2026-03-02 20:45:00,drive_thru,chicken_tenders,1,1
2026-03-02 21:00:00,counter,chicken_tenders,1,1
2026-03-02 21:00:00,counter,fries,1,1
2026-03-02 21:00:00,delivery,chicken_tenders,1,1
2026-03-02 21:00:00,drive_thru,chicken_tenders,1,1
2026-03-02 21:00:00,drive_thru,fries,1,1
2026-03-02 21:30:00,counter,chicken_tenders,1,1
2026-03-02 21:30:00,delivery,fries,1,1
2026-03-02 21:45:00,counter,fries,2,1
2026-03-03 06:00:00,counter,breakfast_wrap,1,1
2026-03-03 06:00:00,delivery,hash_brown,1,1
2026-03-03 06:15:00,counter,hash_brown,4,2
2026-03-03 06:15:00,drive_thru,breakfast_wrap,1,1
2026-03-03 06:30:00,delivery,hash_brown,1,1
2026-03-03 06:30:00,drive_thru,breakfast_wrap,2,2
2026-03-03 06:30:00,drive_thru,hash_brown,2,2
2026-03-03 06:45:00,counter,breakfast_wrap,1,1
2026-03-03 06:45:00,counter,hash_brown,1,1
2026-03-03 06:45:00,drive_thru,breakfast_wrap,1,1
2026-03-03 07:00:00,counter,hash_brown,1,1
2026-03-03 07:00:00,delivery,breakfast_wrap,1,1
2026-03-03 07:00:00,delivery,hash_brown,1,1
2026-03-03 07:15:00,counter,breakfast_wrap,1,1
2026-03-03 07:15:00,counter,hash_brown,2,1
2026-03-03 07:15:00,delivery,breakfast_wrap,1,1
2026-03-03 07:15:00,drive_thru,breakfast_wrap,2,2
2026-03-03 07:15:00,drive_thru,hash_brown,2,2
2026-03-03 07:30:00,delivery,breakfast_wrap,3,2
2026-03-03 07:30:00,delivery,hash_brown,2,2
2026-03-03 07:30:00,drive_thru,breakfast_wrap,7,4
2026-03-03 07:30:00,drive_thru,hash_brown,3,2
2026-03-03 07:45:00,counter,breakfast_wrap,1,1
2026-03-03 07:45:00,counter,hash_brown,2,2
2026-03-03 07:45:00,delivery,breakfast_wrap,1,1
2026-03-03 07:45:00,delivery,hash_brown,1,1
2026-03-03 08:00:00,counter,breakfast_wrap,4,3
2026-03-03 08:00:00,counter,hash_brown,2,1
2026-03-03 08:00:00,drive_thru,breakfast_wrap,2,2
2026-03-03 08:00:00,drive_thru,hash_brown,1,1
2026-03-03 08:15:00,counter,breakfast_wrap,2,2
2026-03-03 08:15:00,counter,hash_brown,2,1
2026-03-03 08:15:00,delivery,breakfast_wrap,1,1
2026-03-03 08:30:00,counter,breakfast_wrap,2,2
2026-03-03 08:30:00,counter,hash_brown,3,3
2026-03-03 08:30:00,delivery,breakfast_wrap,1,1
2026-03-03 08:30:00,delivery,hash_brown,4,2
2026-03-03 08:30:00,drive_thru,breakfast_wrap,1,1
2026-03-03 08:30:00,drive_thru,hash_brown,2,2
2026-03-03 08:45:00,counter,hash_brown,3,2
2026-03-03 08:45:00,delivery,breakfast_wrap,1,1
2026-03-03 08:45:00,drive_thru,breakfast_wrap,1,1
2026-03-03 09:00:00,counter,breakfast_wrap,5,4
2026-03-03 09:00:00,counter,hash_brown,1,1
2026-03-03 09:00:00,drive_thru,breakfast_wrap,1,1
2026-03-03 09:15:00,counter,breakfast_wrap,1,1
2026-03-03 09:15:00,counter,hash_brown,1,1
2026-03-03 09:15:00,drive_thru,hash_brown,2,2
2026-03-03 09:30:00,counter,hash_brown,2,1
2026-03-03 09:30:00,delivery,hash_brown,1,1
2026-03-03 09:30:00,drive_thru,hash_brown,2,2
2026-03-03 09:45:00,counter,breakfast_wrap,3,3
2026-03-03 09:45:00,counter,hash_brown,4,3
2026-03-03 09:45:00,delivery,hash_brown,2,2
2026-03-03 09:45:00,drive_thru,breakfast_wrap,2,2
2026-03-03 09:45:00,drive_thru,hash_brown,2,2
2026-03-03 10:15:00,drive_thru,breakfast_wrap,1,1
2026-03-03 10:30:00,drive_thru,breakfast_wrap,1,1
2026-03-03 10:30:00,drive_thru,hash_brown,1,1
2026-03-03 10:45:00,counter,breakfast_wrap,1,1
2026-03-03 10:45:00,drive_thru,breakfast_wrap,1,1
2026-03-03 11:00:00,counter,fries,5,3
2026-03-03 11:00:00,delivery,chicken_tenders,3,2
2026-03-03 11:00:00,drive_thru,chicken_tenders,2,1
2026-03-03 11:00:00,drive_thru,fries,1,1
2026-03-03 11:30:00,counter,chicken_tenders,1,1
2026-03-03 11:30:00,delivery,chicken_tenders,1,1
2026-03-03 11:30:00,delivery,fries,2,1
2026-03-03 11:30:00,drive_thru,chicken_tenders,4,4
2026-03-03 11:30:00,drive_thru,fries,1,1
2026-03-03 11:45:00,counter,chicken_tenders,1,1
2026-03-03 12:00:00,counter,chicken_tenders,1,1
2026-03-03 12:00:00,counter,fries,3,2
2026-03-03 12:00:00,delivery,fries,1,1
2026-03-03 12:00:00,drive_thru,fries,3,3
2026-03-03 12:15:00,counter,chicken_tenders,6,4
2026-03-03 12:15:00,delivery,chicken_tenders,1,1
2026-03-03 12:30:00,counter,chicken_tenders,2,2
2026-03-03 12:30:00,counter,fries,3,2
2026-03-03 12:30:00,delivery,chicken_tenders,2,2
2026-03-03 12:30:00,drive_thru,fries,1,1
2026-03-03 12:45:00,counter,chicken_tenders,3,2
2026-03-03 12:45:00,counter,fries,2,1
2026-03-03 12:45:00,delivery,fries,3,2
2026-03-03 12:45:00,drive_thru,chicken_tenders,2,2
2026-03-03 12:45:00,drive_thru,fries,2,2
2026-03-03 13:00:00,counter,chicken_tenders,4,3
2026-03-03 13:00:00,counter,fries,2,2
2026-03-03 13:00:00,delivery,fries,1,1
2026-03-03 13:00:00,drive_thru,chicken_tenders,1,1
2026-03-03 13:00:00,drive_thru,fries,1,1
2026-03-03 13:15:00,counter,chicken_tenders,2,2
2026-03-03 13:15:00,delivery,chicken_tenders,4,3
2026-03-03 13:15:00,drive_thru,chicken_tenders,1,1
2026-03-03 13:15:00,drive_thru,fries,1,1
2026-03-03 13:30:00,drive_thru,fries,2,1
2026-03-03 13:45:00,counter,chicken_tenders,2,2
2026-03-03 13:45:00,delivery,chicken_tenders,1,1
2026-03-03 13:45:00,drive_thru,chicken_tenders,3,2
2026-03-03 13:45:00,drive_thru,fries,2,2
2026-03-03 14:00:00,counter,chicken_tenders,2,1
2026-03-03 14:00:00,counter,fries,1,1
2026-03-03 14:00:00,drive_thru,fries,1,1
2026-03-03 14:15:00,delivery,chicken_tenders,1,1
2026-03-03 14:30:00,counter,chicken_tenders,1,1
2026-03-03 14:30:00,delivery,fries,1,1
2026-03-03 14:30:00,drive_thru,chicken_tenders,1,1
2026-03-03 14:30:00,drive_thru,fries,1,1
2026-03-03 15:00:00,delivery,chicken_tenders,1,1
2026-03-03 15:00:00,delivery,fries,1,1
2026-03-03 15:00:00,drive_thru,fries,1,1
2026-03-03 15:15:00,counter,chicken_tenders,2,1
2026-03-03 15:15:00,drive_thru,chicken_tenders,1,1
2026-03-03 15:15:00,drive_thru,fries,2,2
2026-03-03 15:30:00,counter,chicken_tenders,1,1
2026-03-03 15:30:00,counter,fries,1,1
2026-03-03 15:30:00,delivery,chicken_tenders,1,1
2026-03-03 15:30:00,drive_thru,chicken_tenders,1,1
2026-03-03 15:45:00,drive_thru,chicken_tenders,4,2
2026-03-03 16:15:00,counter,fries,1,1
2026-03-03 16:15:00,delivery,chicken_tenders,1,1
2026-03-03 16:15:00,drive_thru,chicken_tenders,1,1
2026-03-03 16:15:00,drive_thru,fries,1,1
2026-03-03 16:30:00,counter,chicken_tenders,1,1
2026-03-03 16:30:00,counter,fries,1,1
2026-03-03 16:30:00,drive_thru,chicken_tenders,2,2
2026-03-03 16:30:00,drive_thru,fries,2,2
2026-03-03 16:45:00,counter,chicken_tenders,1,1
2026-03-03 16:45:00,counter,fries,1,1
2026-03-03 16:45:00,drive_thru,fries,3,2
2026-03-03 17:00:00,counter,chicken_tenders,1,1
2026-03-03 17:00:00,counter,fries,1,1
2026-03-03 17:00:00,drive_thru,chicken_tenders,1,1
2026-03-03 17:00:00,drive_thru,fries,4,3
2026-03-03 17:15:00,counter,chicken_tenders,2,1
2026-03-03 17:15:00,delivery,fries,2,2
2026-03-03 17:15:00,drive_thru,chicken_tenders,2,2
2026-03-03 17:15:00,drive_thru,fries,2,2
2026-03-03 17:30:00,counter,chicken_tenders,1,1
2026-03-03 17:30:00,counter,fries,3,2
2026-03-03 17:30:00,delivery,chicken_tenders,4,2
2026-03-03 17:45:00,counter,chicken_tenders,4,2
2026-03-03 17:45:00,counter,fries,1,1
2026-03-03 17:45:00,delivery,chicken_tenders,2,1
2026-03-03 17:45:00,delivery,fries,1,1
2026-03-03 17:45:00,drive_thru,chicken_tenders,2,2
2026-03-03 17:45:00,drive_thru,fries,1,1
2026-03-03 18:00:00,counter,chicken_tenders,2,2
2026-03-03 18:00:00,drive_thru,fries,5,2
2026-03-03 18:15:00,counter,chicken_tenders,2,2
2026-03-03 18:15:00,counter,fries,4,4
2026-03-03 18:15:00,drive_thru,chicken_tenders,1,1
2026-03-03 18:30:00,counter,fries,4,2
2026-03-03 18:45:00,counter,chicken_tenders,1,1
2026-03-03 18:45:00,delivery,chicken_tenders,3,3
2026-03-03 18:45:00,delivery,fries,3,3
2026-03-03 18:45:00,drive_thru,chicken_tenders,2,2
2026-03-03 19:00:00,counter,chicken_tenders,3,2
2026-03-03 19:00:00,counter,fries,1,1
2026-03-03 19:00:00,drive_thru,chicken_tenders,1,1
2026-03-03 19:15:00,counter,chicken_tenders,3,1
2026-03-03 19:15:00,delivery,fries,1,1
2026-03-03 19:15:00,drive_thru,chicken_tenders,5,3
2026-03-03 19:15:00,drive_thru,fries,2,2
2026-03-03 19:30:00,counter,chicken_tenders,2,1
2026-03-03 19:30:00,drive_thru,chicken_tenders,3,2
2026-03-03 19:30:00,drive_thru,fries,1,1
2026-03-03 19:45:00,counter,chicken_tenders,3,1
2026-03-03 19:45:00,counter,fries,2,1
2026-03-03 20:00:00,delivery,chicken_tenders,4,2
2026-03-03 20:15:00,counter,chicken_tenders,1,1
2026-03-03 20:15:00,drive_thru,fries,1,1
2026-03-03 20:30:00,counter,chicken_tenders,3,2
2026-03-03 20:30:00,counter,fries,1,1
2026-03-03 20:30:00,drive_thru,chicken_tenders,1,1
2026-03-03 20:30:00,drive_thru,fries,1,1
2026-03-03 20:45:00,drive_thru,chicken_tenders,1,1
2026-03-03 20:45:00,drive_thru,fries,3,2
2026-03-03 21:15:00,counter,chicken_tenders,3,2
2026-03-03 21:30:00,counter,chicken_tenders,2,1
2026-03-03 21:30:00,counter,fries,1,1
2026-03-03 21:30:00,delivery,fries,3,1
2026-03-03 21:30:00,drive_thru,chicken_tenders,1,1
2026-03-03 21:30:00,drive_thru,fries,2,1
2026-03-03 21:45:00,counter,fries,1,1
2026-03-03 21:45:00,delivery,chicken_tenders,1,1
2026-03-03 21:45:00,delivery,fries,1,1
2026-03-04 06:15:00,counter,breakfast_wrap,2,1
2026-03-04 06:30:00,counter,breakfast_wrap,3,1
2026-03-04 06:30:00,delivery,breakfast_wrap,3,2
2026-03-04 06:30:00,delivery,hash_brown,1,1
2026-03-04 06:45:00,counter,breakfast_wrap,3,2
2026-03-04 06:45:00,counter,hash_brown,2,2
2026-03-04 06:45:00,delivery,breakfast_wrap,1,1
2026-03-04 06:45:00,delivery,hash_brown,3,2
2026-03-04 06:45:00,drive_thru,breakfast_wrap,1,1
2026-03-04 06:45:00,drive_thru,hash_brown,2,2
2026-03-04 07:00:00,drive_thru,breakfast_wrap,2,1
2026-03-04 07:15:00,counter,hash_brown,1,1
2026-03-04 07:15:00,delivery,breakfast_wrap,1,1
2026-03-04 07:15:00,delivery,hash_brown,1,1
2026-03-04 07:30:00,counter,breakfast_wrap,1,1
2026-03-04 07:30:00,counter,hash_brown,1,1
2026-03-04 07:30:00,delivery,hash_brown,2,1
2026-03-04 07:30:00,drive_thru,hash_brown,1,1
2026-03-04 07:45:00,counter,breakfast_wrap,2,1
2026-03-04 07:45:00,counter,hash_brown,2,2
2026-03-04 07:45:00,drive_thru,breakfast_wrap,6,6
2026-03-04 07:45:00,drive_thru,hash_brown,1,1
2026-03-04 08:00:00,counter,hash_brown,1,1
2026-03-04 08:00:00,delivery,breakfast_wrap,1,1
2026-03-04 08:00:00,drive_thru,breakfast_wrap,5,3
2026-03-04 08:00:00,drive_thru,hash_brown,2,2
2026-03-04 08:15:00,counter,breakfast_wrap,1,1
2026-03-04 08:30:00,counter,hash_brown,1,1
2026-03-04 08:45:00,counter,breakfast_wrap,1,1
2026-03-04 08:45:00,drive_thru,breakfast_wrap,1,1
2026-03-04 09:00:00,counter,breakfast_wrap,3,3
2026-03-04 09:00:00,delivery,breakfast_wrap,1,1
2026-03-04 09:00:00,delivery,hash_brown,1,1
2026-03-04 09:00:00,drive_thru,breakfast_wrap,2,1
2026-03-04 09:00:00,drive_thru,hash_brown,3,2
2026-03-04 09:15:00,counter,breakfast_wrap,2,2
2026-03-04 09:15:00,counter,hash_brown,5,2
2026-03-04 09:15:00,delivery,breakfast_wrap,1,1
2026-03-04 09:15:00,delivery,hash_brown,2,2
2026-03-04 09:30:00,counter,breakfast_wrap,5,3
2026-03-04 09:30:00,counter,hash_brown,2,2
2026-03-04 09:30:00,delivery,hash_brown,2,1
2026-03-04 09:30:00,drive_thru,breakfast_wrap,2,1
2026-03-04 09:30:00,drive_thru,hash_brown,2,1
2026-03-04 09:45:00,counter,breakfast_wrap,2,2
2026-03-04 09:45:00,counter,hash_brown,2,2
2026-03-04 09:45:00,drive_thru,breakfast_wrap,1,1
2026-03-04 09:45:00,drive_thru,hash_brown,5,2
2026-03-04 10:00:00,counter,breakfast_wrap,1,1
2026-03-04 10:00:00,counter,hash_brown,1,1
2026-03-04 10:00:00,drive_thru,hash_brown,1,1
2026-03-04 10:15:00,counter,breakfast_wrap,2,1
2026-03-04 10:15:00,drive_thru,breakfast_wrap,1,1
2026-03-04 10:30:00,counter,breakfast_wrap,1,1
2026-03-04 10:30:00,drive_thru,breakfast_wrap,1,1
2026-03-04 10:45:00,counter,hash_brown,1,1
2026-03-04 10:45:00,delivery,breakfast_wrap,2,1
2026-03-04 10:45:00,drive_thru,breakfast_wrap,2,1
2026-03-04 10:45:00,drive_thru,hash_brown,3,2
2026-03-04 11:00:00,counter,chicken_tenders,1,1
2026-03-04 11:00:00,counter,fries,1,1
2026-03-04 11:30:00,counter,chicken_tenders,3,1
2026-03-04 11:30:00,delivery,chicken_tenders,1,1
2026-03-04 11:30:00,delivery,fries,1,1
2026-03-04 11:30:00,drive_thru,chicken_tenders,1,1
2026-03-04 11:45:00,drive_thru,chicken_tenders,2,2
2026-03-04 11:45:00,drive_thru,fries,1,1
2026-03-04 12:00:00,counter,chicken_tenders,2,1
2026-03-04 12:00:00,delivery,fries,2,2
2026-03-04 12:00:00,drive_thru,chicken_tenders,1,1
2026-03-04 12:15:00,counter,fries,4,3
2026-03-04 12:15:00,delivery,chicken_tenders,4,2
2026-03-04 12:15:00,drive_thru,chicken_tenders,2,2
2026-03-04 12:15:00,drive_thru,fries,2,1
2026-03-04 12:30:00,counter,chicken_tenders,3,1
2026-03-04 12:30:00,delivery,fries,1,1
2026-03-04 12:30:00,drive_thru,chicken_tenders,3,2
2026-03-04 12:30:00,drive_thru,fries,3,2
2026-03-04 12:45:00,counter,chicken_tenders,1,1
2026-03-04 12:45:00,counter,fries,1,1
2026-03-04 12:45:00,delivery,fries,2,1
2026-03-04 13:00:00,counter,chicken_tenders,5,4
2026-03-04 13:00:00,counter,fries,4,4
2026-03-04 13:00:00,delivery,chicken_tenders,1,1
2026-03-04 13:00:00,drive_thru,fries,3,2
2026-03-04 13:15:00,counter,chicken_tenders,5,5
2026-03-04 13:15:00,counter,fries,3,2
2026-03-04 13:15:00,delivery,chicken_tenders,1,1
2026-03-04 13:15:00,delivery,fries,4,3
2026-03-04 13:15:00,drive_thru,chicken_tenders,2,2
2026-03-04 13:15:00,drive_thru,fries,3,2
2026-03-04 13:30:00,delivery,fries,1,1
2026-03-04 13:30:00,drive_thru,fries,2,2
2026-03-04 13:45:00,counter,chicken_tenders,1,1
2026-03-04 13:45:00,drive_thru,chicken_tenders,5,3
2026-03-04 13:45:00,drive_thru,fries,5,3
2026-03-04 14:00:00,delivery,chicken_tenders,3,2
2026-03-04 14:00:00,delivery,fries,2,1
2026-03-04 14:15:00,drive_thru,chicken_tenders,2,1
2026-03-04 14:15:00,drive_thru,fries,1,1
2026-03-04 14:30:00,drive_thru,chicken_tenders,3,2
2026-03-04 14:30:00,drive_thru,fries,2,2
2026-03-04 14:45:00,counter,fries,1,1
2026-03-04 14:45:00,drive_thru,chicken_tenders,2,1
2026-03-04 15:00:00,drive_thru,chicken_tenders,1,1
2026-03-04 15:00:00,drive_thru,fries,1,1
2026-03-04 15:15:00,drive_thru,chicken_tenders,1,1
2026-03-04 15:30:00,drive_thru,chicken_tenders,1,1
2026-03-04 15:30:00,drive_thru,fries,1,1
2026-03-04 15:45:00,counter,chicken_tenders,1,1
2026-03-04 16:00:00,drive_thru,fries,1,1
2026-03-04 16:15:00,counter,chicken_tenders,1,1
2026-03-04 16:15:00,counter,fries,1,1
2026-03-04 16:15:00,drive_thru,fries,1,1
2026-03-04 16:30:00,counter,chicken_tenders,1,1
2026-03-04 16:30:00,drive_thru,fries,1,1
2026-03-04 16:45:00,drive_thru,chicken_tenders,2,1
2026-03-04 17:00:00,counter,chicken_tenders,1,1
2026-03-04 17:00:00,counter,fries,2,1
2026-03-04 17:00:00,drive_thru,chicken_tenders,1,1
2026-03-04 17:00:00,drive_thru,fries,3,2
2026-03-04 17:15:00,counter,fries,1,1
2026-03-04 17:15:00,delivery,chicken_tenders,2,1
2026-03-04 17:15:00,delivery,fries,1,1
2026-03-04 17:15:00,drive_thru,chicken_tenders,5,2
2026-03-04 17:30:00,counter,chicken_tenders,3,2
2026-03-04 17:30:00,counter,fries,2,2
2026-03-04 17:30:00,drive_thru,chicken_tenders,1,1
2026-03-04 17:30:00,drive_thru,fries,1,1
2026-03-04 17:45:00,delivery,fries,1,1
2026-03-04 17:45:00,drive_thru,chicken_tenders,1,1
2026-03-04 17:45:00,drive_thru,fries,2,1
2026-03-04 18:00:00,counter,chicken_tenders,1,1
2026-03-04 18:00:00,delivery,fries,2,1
2026-03-04 18:00:00,drive_thru,fries,1,1
2026-03-04 18:15:00,delivery,fries,3,2
2026-03-04 18:30:00,drive_thru,chicken_tenders,1,1
2026-03-04 18:30:00,drive_thru,fries,3,3
2026-03-04 18:45:00,counter,chicken_tenders,5,3
2026-03-04 18:45:00,counter,fries,3,2
2026-03-04 18:45:00,drive_thru,chicken_tenders,2,1
2026-03-04 18:45:00,drive_thru,fries,2,1
2026-03-04 19:00:00,counter,fries,1,1
2026-03-04 19:00:00,delivery,chicken_tenders,1,1
2026-03-04 19:00:00,delivery,fries,5,3
2026-03-04 19:00:00,drive_thru,fries,3,3
2026-03-04 19:15:00,drive_thru,chicken_tenders,1,1
2026-03-04 19:15:00,drive_thru,fries,1,1
2026-03-04 19:30:00,counter,chicken_tenders,6,5
2026-03-04 19:30:00,counter,fries,3,2
2026-03-04 19:30:00,delivery,chicken_tenders,2,2
2026-03-04 19:30:00,delivery,fries,2,2
2026-03-04 19:30:00,drive_thru,chicken_tenders,1,1
2026-03-04 19:30:00,drive_thru,fries,1,1
2026-03-04 19:45:00,counter,chicken_tenders,2,2
2026-03-04 19:45:00,delivery,chicken_tenders,1,1
2026-03-04 19:45:00,drive_thru,chicken_tenders,2,2
2026-03-04 19:45:00,drive_thru,fries,1,1
2026-03-04 20:00:00,counter,chicken_tenders,1,1
2026-03-04 20:00:00,drive_thru,fries,3,2
2026-03-04 20:15:00,counter,chicken_tenders,2,1
2026-03-04 20:15:00,counter,fries,1,1
2026-03-04 20:15:00,drive_thru,chicken_tenders,1,1
2026-03-04 20:30:00,delivery,chicken_tenders,2,1
2026-03-04 20:45:00,counter,chicken_tenders,1,1
2026-03-04 20:45:00,delivery,chicken_tenders,1,1
2026-03-04 20:45:00,drive_thru,chicken_tenders,1,1
2026-03-04 20:45:00,drive_thru,fries,1,1
2026-03-04 21:00:00,counter,fries,2,1
2026-03-04 21:15:00,drive_thru,fries,2,1
2026-03-04 21:30:00,counter,fries,2,1
2026-03-04 21:45:00,counter,chicken_tenders,1,1
2026-03-04 21:45:00,counter,fries,1,1
2026-03-04 21:45:00,drive_thru,fries,1,1
2026-03-04 22:00:00,delivery,fries,1,1
2026-03-05 06:00:00,counter,breakfast_wrap,1,1
2026-03-05 06:15:00,delivery,breakfast_wrap,1,1
2026-03-05 06:30:00,counter,breakfast_wrap,1,1
2026-03-05 06:30:00,drive_thru,breakfast_wrap,2,1
2026-03-05 06:45:00,delivery,hash_brown,1,1
2026-03-05 07:00:00,counter,breakfast_wrap,2,1
2026-03-05 07:00:00,counter,hash_brown,9,5
2026-03-05 07:00:00,delivery,hash_brown,3,2
2026-03-05 07:15:00,counter,breakfast_wrap,1,1
2026-03-05 07:15:00,counter,hash_brown,1,1
2026-03-05 07:15:00,delivery,breakfast_wrap,1,1
2026-03-05 07:15:00,drive_thru,breakfast_wrap,1,1
2026-03-05 07:15:00,drive_thru,hash_brown,1,1
2026-03-05 07:30:00,counter,hash_brown,2,1
2026-03-05 07:30:00,delivery,breakfast_wrap,2,2
2026-03-05 07:30:00,delivery,hash_brown,1,1
2026-03-05 07:45:00,counter,hash_brown,1,1
2026-03-05 07:45:00,drive_thru,breakfast_wrap,2,2
2026-03-05 07:45:00,drive_thru,hash_brown,1,1
2026-03-05 08:00:00,counter,breakfast_wrap,1,1
2026-03-05 08:00:00,delivery,hash_brown,3,2
2026-03-05 08:15:00,counter,hash_brown,3,3
2026-03-05 08:15:00,delivery,breakfast_wrap,2,1
2026-03-05 08:30:00,counter,hash_brown,1,1
2026-03-05 08:30:00,drive_thru,breakfast_wrap,3,2
2026-03-05 08:30:00,drive_thru,hash_brown,3,2
2026-03-05 08:45:00,delivery,breakfast_wrap,2,2
2026-03-05 08:45:00,delivery,hash_brown,2,1
2026-03-05 08:45:00,drive_thru,breakfast_wrap,1,1
2026-03-05 09:00:00,counter,breakfast_wrap,1,1
2026-03-05 09:00:00,delivery,hash_brown,1,1
2026-03-05 09:00:00,drive_thru,hash_brown,6,3
2026-03-05 09:15:00,counter,breakfast_wrap,3,3
2026-03-05 09:15:00,counter,hash_brown,3,2
2026-03-05 09:30:00,counter,breakfast_wrap,2,1
2026-03-05 09:30:00,counter,hash_brown,1,1
2026-03-05 09:30:00,delivery,breakfast_wrap,1,1
2026-03-05 09:45:00,counter,breakfast_wrap,2,1
2026-03-05 09:45:00,counter,hash_brown,2,1
2026-03-05 09:45:00,drive_thru,breakfast_wrap,1,1
2026-03-05 09:45:00,drive_thru,hash_brown,1,1
2026-03-05 10:00:00,counter,breakfast_wrap,2,1
2026-03-05 10:00:00,counter,hash_brown,2,1
2026-03-05 10:15:00,counter,breakfast_wrap,1,1
2026-03-05 10:15:00,counter,hash_brown,1,1
2026-03-05 10:15:00,drive_thru,breakfast_wrap,3,2
2026-03-05 10:30:00,counter,breakfast_wrap,1,1
2026-03-05 10:30:00,counter,hash_brown,1,1
2026-03-05 10:30:00,drive_thru,hash_brown,1,1
2026-03-05 10:45:00,counter,breakfast_wrap,2,1
2026-03-05 10:45:00,drive_thru,breakfast_wrap,1,1
2026-03-05 10:45:00,drive_thru,hash_brown,3,2
2026-03-05 11:00:00,counter,fries,1,1
2026-03-05 11:15:00,counter,chicken_tenders,1,1
2026-03-05 11:15:00,drive_thru,fries,2,2
2026-03-05 11:30:00,counter,fries,2,2
2026-03-05 11:30:00,drive_thru,chicken_tenders,2,1
2026-03-05 11:45:00,counter,chicken_tenders,3,2
2026-03-05 11:45:00,delivery,chicken_tenders,1,1
2026-03-05 12:00:00,counter,chicken_tenders,7,5
2026-03-05 12:00:00,counter,fries,4,4
2026-03-05 12:00:00,delivery,fries,1,1
2026-03-05 12:00:00,drive_thru,chicken_tenders,3,2
2026-03-05 12:15:00,delivery,chicken_tenders,3,3
2026-03-05 12:15:00,delivery,fries,3,2
2026-03-05 12:15:00,drive_thru,chicken_tenders,2,1
2026-03-05 12:15:00,drive_thru,fries,1,1
2026-03-05 12:30:00,counter,chicken_tenders,9,7
2026-03-05 12:30:00,counter,fries,4,4
2026-03-05 12:30:00,delivery,fries,1,1
2026-03-05 12:30:00,drive_thru,chicken_tenders,2,1
2026-03-05 12:30:00,drive_thru,fries,2,1
2026-03-05 12:45:00,counter,chicken_tenders,1,1
2026-03-05 12:45:00,counter,fries,1,1
2026-03-05 12:45:00,delivery,chicken_tenders,2,2
2026-03-05 12:45:00,drive_thru,chicken_tenders,6,3
2026-03-05 12:45:00,drive_thru,fries,1,1
2026-03-05 13:00:00,counter,fries,2,1
2026-03-05 13:00:00,drive_thru,chicken_tenders,2,2
2026-03-05 13:15:00,counter,chicken_tenders,1,1
2026-03-05 13:15:00,counter,fries,3,2
2026-03-05 13:15:00,drive_thru,chicken_tenders,3,1
2026-03-05 13:30:00,counter,chicken_tenders,1,1
2026-03-05 13:30:00,delivery,chicken_tenders,2,2
2026-03-05 13:30:00,drive_thru,chicken_tenders,2,2
2026-03-05 13:30:00,drive_thru,fries,2,2
2026-03-05 13:45:00,counter,chicken_tenders,3,2
2026-03-05 13:45:00,counter,fries,1,1
2026-03-05 13:45:00,delivery,chicken_tenders,1,1
2026-03-05 13:45:00,drive_thru,chicken_tenders,1,1
2026-03-05 13:45:00,drive_thru,fries,1,1
2026-03-05 14:00:00,drive_thru,fries,2,1
2026-03-05 14:15:00,counter,chicken_tenders,1,1
2026-03-05 14:15:00,counter,fries,1,1
2026-03-05 14:15:00,drive_thru,chicken_tenders,2,1
2026-03-05 14:30:00,drive_thru,fries,2,1
2026-03-05 14:45:00,counter,chicken_tenders,1,1
2026-03-05 14:45:00,counter,fries,1,1
2026-03-05 15:15:00,delivery,chicken_tenders,2,1
2026-03-05 15:15:00,delivery,fries,1,1
2026-03-05 15:15:00,drive_thru,chicken_tenders,2,1
2026-03-05 15:15:00,drive_thru,fries,2,2
2026-03-05 15:30:00,counter,fries,1,1
2026-03-05 15:30:00,delivery,chicken_tenders,1,1
2026-03-05 15:30:00,drive_thru,chicken_tenders,1,1
2026-03-05 15:45:00,counter,chicken_tenders,3,2
2026-03-05 15:45:00,counter,fries,1,1
2026-03-05 15:45:00,delivery,fries,3,1
2026-03-05 15:45:00,drive_thru,fries,1,1
2026-03-05 16:00:00,counter,chicken_tenders,1,1
2026-03-05 16:00:00,drive_thru,chicken_tenders,1,1
2026-03-05 16:15:00,delivery,fries,1,1
2026-03-05 16:30:00,counter,chicken_tenders,3,2
2026-03-05 16:30:00,counter,fries,2,1
2026-03-05 16:30:00,delivery,fries,1,1
2026-03-05 16:30:00,drive_thru,chicken_tenders,1,1
2026-03-05 16:45:00,counter,fries,1,1
2026-03-05 16:45:00,delivery,chicken_tenders,1,1
2026-03-05 16:45:00,drive_thru,chicken_tenders,3,1
2026-03-05 17:00:00,counter,chicken_tenders,3,1
2026-03-05 17:00:00,counter,fries,1,1
2026-03-05 17:15:00,counter,chicken_tenders,4,3
2026-03-05 17:15:00,counter,fries,1,1
2026-03-05 17:15:00,delivery,chicken_tenders,1,1
2026-03-05 17:15:00,delivery,fries,2,2
2026-03-05 17:30:00,counter,fries,1,1
2026-03-05 17:30:00,delivery,chicken_tenders,2,1
2026-03-05 17:30:00,drive_thru,chicken_tenders,4,3
2026-03-05 17:30:00,drive_thru,fries,5,3
2026-03-05 17:45:00,counter,fries,4,3
2026-03-05 17:45:00,delivery,fries,3,2
2026-03-05 17:45:00,drive_thru,chicken_tenders,1,1
2026-03-05 17:45:00,drive_thru,fries,1,1
2026-03-05 18:00:00,delivery,fries,1,1
2026-03-05 18:00:00,drive_thru,chicken_tenders,2,2
2026-03-05 18:15:00,counter,fries,6,4
2026-03-05 18:15:00,delivery,fries,3,2
2026-03-05 18:15:00,drive_thru,chicken_tenders,2,1
2026-03-05 18:15:00,drive_thru,fries,2,1
2026-03-05 18:30:00,counter,chicken_tenders,4,3
2026-03-05 18:30:00,counter,fries,2,2
2026-03-05 18:30:00,delivery,fries,2,1
2026-03-05 18:45:00,counter,chicken_tenders,3,3
2026-03-05 18:45:00,counter,fries,3,2
2026-03-05 18:45:00,delivery,chicken_tenders,1,1
2026-03-05 18:45:00,drive_thru,chicken_tenders,1,1
2026-03-05 18:45:00,drive_thru,fries,1,1
2026-03-05 19:00:00,counter,chicken_tenders,2,2
2026-03-05 19:00:00,delivery,fries,1,1
2026-03-05 19:00:00,drive_thru,chicken_tenders,3,3
2026-03-05 19:00:00,drive_thru,fries,3,2
2026-03-05 19:15:00,counter,chicken_tenders,1,1
2026-03-05 19:15:00,counter,fries,3,2
2026-03-05 19:15:00,drive_thru,chicken_tenders,4,3
2026-03-05 19:30:00,counter,chicken_tenders,4,4
2026-03-05 19:30:00,counter,fries,4,4
2026-03-05 19:30:00,delivery,chicken_tenders,1,1
2026-03-05 19:30:00,delivery,fries,1,1
2026-03-05 19:45:00,counter,chicken_tenders,1,1
2026-03-05 20:15:00,counter,chicken_tenders,2,1
2026-03-05 20:15:00,delivery,chicken_tenders,2,1
2026-03-05 20:15:00,delivery,fries,1,1
2026-03-05 20:15:00,drive_thru,fries,3,2
2026-03-05 20:30:00,counter,fries,2,1
2026-03-05 20:30:00,delivery,chicken_tenders,1,1
2026-03-05 20:30:00,delivery,fries,1,1
2026-03-05 21:00:00,delivery,chicken_tenders,1,1
2026-03-05 21:15:00,counter,fries,1,1
2026-03-05 21:15:00,delivery,fries,2,1
2026-03-05 21:30:00,counter,fries,1,1
2026-03-05 21:30:00,delivery,chicken_tenders,1,1
2026-03-05 21:30:00,drive_thru,fries,2,2
2026-03-05 21:45:00,drive_thru,chicken_tenders,1,1
2026-03-06 06:00:00,counter,breakfast_wrap,1,1
2026-03-06 06:00:00,counter,hash_brown,1,1
2026-03-06 06:00:00,drive_thru,hash_brown,1,1
2026-03-06 06:15:00,delivery,hash_brown,1,1
2026-03-06 06:30:00,counter,hash_brown,1,1
2026-03-06 06:30:00,drive_thru,hash_brown,1,1
2026-03-06 07:00:00,delivery,breakfast_wrap,1,1
2026-03-06 07:00:00,delivery,hash_brown,4,3
2026-03-06 07:00:00,drive_thru,breakfast_wrap,2,2
2026-03-06 07:00:00,drive_thru,hash_brown,1,1
2026-03-06 07:15:00,counter,breakfast_wrap,2,1
2026-03-06 07:15:00,counter,hash_brown,1,1
2026-03-06 07:15:00,delivery,breakfast_wrap,1,1
2026-03-06 07:15:00,delivery,hash_brown,2,2
2026-03-06 07:15:00,drive_thru,breakfast_wrap,1,1
2026-03-06 07:15:00,drive_thru,hash_brown,2,2
2026-03-06 07:30:00,counter,breakfast_wrap,3,1
2026-03-06 07:30:00,counter,hash_brown,1,1
2026-03-06 07:30:00,drive_thru,breakfast_wrap,1,1
2026-03-06 07:30:00,drive_thru,hash_brown,1,1
2026-03-06 07:45:00,counter,breakfast_wrap,2,1
2026-03-06 07:45:00,counter,hash_brown,3,3
2026-03-06 07:45:00,delivery,breakfast_wrap,1,1
2026-03-06 08:00:00,counter,breakfast_wrap,2,2
2026-03-06 08:00:00,delivery,hash_brown,1,1
2026-03-06 08:00:00,drive_thru,hash_brown,3,2
2026-03-06 08:15:00,drive_thru,breakfast_wrap,1,1
2026-03-06 08:15:00,drive_thru,hash_brown,3,2
2026-03-06 08:30:00,delivery,breakfast_wrap,2,2
2026-03-06 08:30:00,delivery,hash_brown,1,1
2026-03-06 08:30:00,drive_thru,hash_brown,1,1
2026-03-06 08:45:00,counter,hash_brown,1,1
2026-03-06 09:00:00,counter,breakfast_wrap,3,2
2026-03-06 09:00:00,delivery,breakfast_wrap,1,1
2026-03-06 09:00:00,drive_thru,breakfast_wrap,1,1
2026-03-06 09:15:00,counter,breakfast_wrap,2,1
2026-03-06 09:15:00,counter,hash_brown,2,1
2026-03-06 09:15:00,delivery,breakfast_wrap,2,1
2026-03-06 09:15:00,drive_thru,breakfast_wrap,4,4
2026-03-06 09:15:00,drive_thru,hash_brown,2,2
2026-03-06 09:30:00,counter,breakfast_wrap,3,1
2026-03-06 09:30:00,counter,hash_brown,1,1
2026-03-06 09:30:00,delivery,breakfast_wrap,2,2
2026-03-06 09:30:00,drive_thru,breakfast_wrap,1,1
2026-03-06 09:45:00,counter,hash_brown,1,1
2026-03-06 09:45:00,delivery,breakfast_wrap,1,1
2026-03-06 09:45:00,drive_thru,breakfast_wrap,1,1
2026-03-06 10:00:00,counter,breakfast_wrap,1,1
2026-03-06 10:15:00,drive_thru,breakfast_wrap,1,1
2026-03-06 10:15:00,drive_thru,hash_brown,1,1
2026-03-06 10:30:00,counter,breakfast_wrap,2,2
2026-03-06 10:30:00,counter,hash_brown,5,3
2026-03-06 10:30:00,drive_thru,hash_brown,1,1
2026-03-06 10:45:00,counter,hash_brown,1,1
2026-03-06 10:45:00,drive_thru,breakfast_wrap,1,1
2026-03-06 11:00:00,drive_thru,fries,3,2
2026-03-06 11:15:00,drive_thru,fries,2,2
2026-03-06 12:00:00,counter,fries,1,1
2026-03-06 12:00:00,drive_thru,chicken_tenders,1,1
2026-03-06 12:00:00,drive_thru,fries,1,1
2026-03-06 12:15:00,counter,chicken_tenders,6,5
2026-03-06 12:15:00,counter,fries,3,3
2026-03-06 12:15:00,delivery,chicken_tenders,1,1
2026-03-06 12:15:00,delivery,fries,2,1
2026-03-06 12:15:00,drive_thru,fries,2,1
2026-03-06 12:30:00,counter,chicken_tenders,1,1
2026-03-06 12:30:00,counter,fries,1,1
2026-03-06 12:30:00,drive_thru,chicken_tenders,2,2
2026-03-06 12:30:00,drive_thru,fries,3,3
2026-03-06 12:45:00,counter,chicken_tenders,1,1
2026-03-06 12:45:00,counter,fries,3,2
2026-03-06 12:45:00,delivery,chicken_tenders,1,1
2026-03-06 12:45:00,delivery,fries,3,1
2026-03-06 12:45:00,drive_thru,fries,4,2
2026-03-06 13:00:00,counter,chicken_tenders,3,3
2026-03-06 13:00:00,counter,fries,4,3
2026-03-06 13:00:00,delivery,chicken_tenders,3,2
2026-03-06 13:00:00,delivery,fries,1,1
2026-03-06 13:00:00,drive_thru,chicken_tenders,2,1
2026-03-06 13:00:00,drive_thru,fries,2,2
2026-03-06 13:15:00,counter,chicken_tenders,3,2
2026-03-06 13:15:00,counter,fries,8,5
2026-03-06 13:15:00,drive_thru,chicken_tenders,1,1
2026-03-06 13:30:00,counter,fries,1,1
2026-03-06 13:30:00,delivery,fries,2,2
2026-03-06 13:30:00,drive_thru,chicken_tenders,2,1
2026-03-06 13:45:00,counter,chicken_tenders,1,1
2026-03-06 13:45:00,counter,fries,1,1
2026-03-06 13:45:00,delivery,chicken_tenders,2,1
2026-03-06 13:45:00,delivery,fries,1,1
2026-03-06 13:45:00,drive_thru,fries,1,1
2026-03-06 14:15:00,delivery,fries,1,1
2026-03-06 14:15:00,drive_thru,chicken_tenders,3,2
2026-03-06 14:30:00,counter,chicken_tenders,1,1
2026-03-06 14:30:00,delivery,chicken_tenders,1,1
2026-03-06 14:45:00,delivery,chicken_tenders,2,1
2026-03-06 15:30:00,counter,chicken_tenders,2,2
2026-03-06 15:30:00,counter,fries,2,1
2026-03-06 15:30:00,drive_thru,chicken_tenders,1,1
2026-03-06 15:30:00,drive_thru,fries,2,1
2026-03-06 15:45:00,counter,fries,2,2
2026-03-06 15:45:00,drive_thru,chicken_tenders,1,1
2026-03-06 16:00:00,counter,fries,1,1
2026-03-06 16:00:00,drive_thru,chicken_tenders,1,1
2026-03-06 16:15:00,counter,chicken_tenders,2,2
2026-03-06 16:15:00,counter,fries,2,1
2026-03-06 16:30:00,counter,chicken_tenders,1,1
2026-03-06 16:30:00,drive_thru,chicken_tenders,3,3
2026-03-06 16:45:00,counter,fries,1,1
2026-03-06 16:45:00,drive_thru,fries,1,1
2026-03-06 17:00:00,counter,chicken_tenders,3,2
2026-03-06 17:00:00,counter,fries,2,1
2026-03-06 17:00:00,delivery,chicken_tenders,1,1
2026-03-06 17:00:00,delivery,fries,1,1
2026-03-06 17:00:00,drive_thru,chicken_tenders,1,1
2026-03-06 17:00:00,drive_thru,fries,3,2
2026-03-06 17:15:00,counter,fries,3,1
2026-03-06 17:15:00,drive_thru,chicken_tenders,2,2
2026-03-06 17:15:00,drive_thru,fries,2,1
2026-03-06 17:30:00,counter,chicken_tenders,1,1
2026-03-06 17:30:00,drive_thru,chicken_tenders,2,2
2026-03-06 17:30:00,drive_thru,fries,1,1
2026-03-06 17:45:00,counter,chicken_tenders,3,2
2026-03-06 17:45:00,counter,fries,1,1
2026-03-06 17:45:00,delivery,chicken_tenders,3,3
2026-03-06 17:45:00,delivery,fries,1,1
2026-03-06 17:45:00,drive_thru,fries,1,1
2026-03-06 18:00:00,counter,fries,3,2
2026-03-06 18:30:00,counter,chicken_tenders,1,1
2026-03-06 18:30:00,counter,fries,1,1
2026-03-06 18:30:00,drive_thru,fries,1,1
2026-03-06 18:45:00,counter,chicken_tenders,1,1
2026-03-06 18:45:00,counter,fries,2,2
2026-03-06 18:45:00,drive_thru,chicken_tenders,2,1
2026-03-06 19:00:00,counter,fries,5,3
2026-03-06 19:00:00,delivery,chicken_tenders,1,1
2026-03-06 19:00:00,drive_thru,chicken_tenders,1,1
2026-03-06 19:00:00,drive_thru,fries,2,1
2026-03-06 19:15:00,counter,chicken_tenders,3,3
2026-03-06 19:15:00,delivery,chicken_tenders,1,1
2026-03-06 19:30:00,drive_thru,chicken_tenders,2,2
2026-03-06 19:30:00,drive_thru,fries,1,1
2026-03-06 19:45:00,counter,chicken_tenders,3,1
2026-03-06 19:45:00,counter,fries,1,1
2026-03-06 19:45:00,delivery,chicken_tenders,3,3
2026-03-06 19:45:00,delivery,fries,1,1
2026-03-06 19:45:00,drive_thru,fries,6,3
2026-03-06 20:00:00,counter,chicken_tenders,2,1
2026-03-06 20:00:00,drive_thru,chicken_tenders,1,1
2026-03-06 20:00:00,drive_thru,fries,4,2
2026-03-06 20:30:00,counter,fries,2,2
2026-03-06 20:45:00,delivery,chicken_tenders,1,1
2026-03-06 20:45:00,delivery,fries,1,1
2026-03-06 21:00:00,counter,chicken_tenders,1,1
2026-03-06 21:00:00,drive_thru,chicken_tenders,1,1
2026-03-06 21:15:00,counter,chicken_tenders,2,1
2026-03-06 21:15:00,counter,fries,1,1
2026-03-06 21:15:00,drive_thru,chicken_tenders,2,1
2026-03-06 21:15:00,drive_thru,fries,1,1
2026-03-06 21:30:00,drive_thru,fries,2,1
2026-03-06 21:45:00,counter,fries,1,1
2026-03-06 21:45:00,drive_thru,fries,2,2
2026-03-07 06:00:00,drive_thru,breakfast_wrap,1,1
2026-03-07 06:30:00,counter,hash_brown,1,1
2026-03-07 06:30:00,drive_thru,hash_brown,2,1
2026-03-07 06:45:00,counter,breakfast_wrap,1,1
2026-03-07 06:45:00,counter,hash_brown,2,2
2026-03-07 07:00:00,counter,breakfast_wrap,1,1
2026-03-07 07:00:00,counter,hash_brown,2,2
2026-03-07 07:00:00,delivery,breakfast_wrap,1,1
2026-03-07 07:00:00,delivery,hash_brown,1,1
2026-03-07 07:00:00,drive_thru,breakfast_wrap,1,1
2026-03-07 07:00:00,drive_thru,hash_brown,2,2
2026-03-07 07:15:00,counter,hash_brown,2,2
2026-03-07 07:15:00,delivery,breakfast_wrap,1,1
2026-03-07 07:15:00,delivery,hash_brown,1,1
2026-03-07 07:15:00,drive_thru,breakfast_wrap,3,2
2026-03-07 07:30:00,delivery,breakfast_wrap,2,1
2026-03-07 07:30:00,delivery,hash_brown,1,1
2026-03-07 07:30:00,drive_thru,hash_brown,2,2
2026-03-07 07:45:00,counter,hash_brown,2,1
2026-03-07 07:45:00,delivery,breakfast_wrap,1,1
2026-03-07 07:45:00,delivery,hash_brown,2,1
2026-03-07 07:45:00,drive_thru,breakfast_wrap,4,4
2026-03-07 08:00:00,counter,breakfast_wrap,1,1
2026-03-07 08:00:00,counter,hash_brown,2,2
2026-03-07 08:00:00,delivery,breakfast_wrap,1,1
2026-03-07 08:00:00,drive_thru,breakfast_wrap,5,4
2026-03-07 08:00:00,drive_thru,hash_brown,2,2
2026-03-07 08:15:00,counter,breakfast_wrap,4,3
2026-03-07 08:15:00,counter,hash_brown,4,3
2026-03-07 08:15:00,delivery,hash_brown,2,1
2026-03-07 08:15:00,drive_thru,hash_brown,1,1
2026-03-07 08:30:00,delivery,breakfast_wrap,2,1
2026-03-07 08:30:00,drive_thru,breakfast_wrap,2,2
2026-03-07 08:30:00,drive_thru,hash_brown,1,1
2026-03-07 08:45:00,counter,hash_brown,1,1
2026-03-07 08:45:00,delivery,breakfast_wrap,3,2
2026-03-07 08:45:00,delivery,hash_brown,3,2
2026-03-07 08:45:00,drive_thru,breakfast_wrap,2,2
2026-03-07 09:00:00,counter,breakfast_wrap,4,3
2026-03-07 09:00:00,delivery,breakfast_wrap,5,4
2026-03-07 09:00:00,delivery,hash_brown,1,1
2026-03-07 09:00:00,drive_thru,breakfast_wrap,2,1
2026-03-07 09:15:00,counter,breakfast_wrap,3,1
2026-03-07 09:15:00,counter,hash_brown,6,4
2026-03-07 09:15:00,delivery,breakfast_wrap,2,2
2026-03-07 09:15:00,delivery,hash_brown,2,1
2026-03-07 09:15:00,drive_thru,breakfast_wrap,1,1
2026-03-07 09:15:00,drive_thru,hash_brown,1,1
2026-03-07 09:30:00,counter,breakfast_wrap,2,2
2026-03-07 09:30:00,counter,hash_brown,1,1
2026-03-07 09:30:00,delivery,breakfast_wrap,2,2
2026-03-07 09:30:00,delivery,hash_brown,3,2
2026-03-07 09:30:00,drive_thru,hash_brown,1,1
2026-03-07 09:45:00,counter,hash_brown,1,1
2026-03-07 09:45:00,delivery,breakfast_wrap,3,3
2026-03-07 09:45:00,delivery,hash_brown,2,2
2026-03-07 09:45:00,drive_thru,breakfast_wrap,2,1
2026-03-07 09:45:00,drive_thru,hash_brown,1,1
2026-03-07 10:00:00,delivery,breakfast_wrap,2,1
2026-03-07 10:15:00,counter,breakfast_wrap,1,1
2026-03-07 10:30:00,counter,breakfast_wrap,2,2
2026-03-07 10:30:00,delivery,breakfast_wrap,1,1
2026-03-07 10:45:00,counter,hash_brown,2,1
2026-03-07 11:00:00,drive_thru,chicken_tenders,3,2
2026-03-07 11:00:00,drive_thru,fries,1,1
2026-03-07 11:30:00,counter,fries,4,2
2026-03-07 11:45:00,counter,chicken_tenders,1,1
2026-03-07 11:45:00,counter,fries,1,1
2026-03-07 12:00:00,counter,fries,2,2
2026-03-07 12:00:00,drive_thru,chicken_tenders,1,1
2026-03-07 12:00:00,drive_thru,fries,2,2
2026-03-07 12:15:00,counter,chicken_tenders,2,2
2026-03-07 12:15:00,counter,fries,2,2
2026-03-07 12:30:00,counter,chicken_tenders,3,2
2026-03-07 12:30:00,counter,fries,2,2
2026-03-07 12:30:00,delivery,chicken_tenders,1,1
2026-03-07 12:30:00,delivery,fries,2,1
2026-03-07 12:30:00,drive_thru,chicken_tenders,1,1
2026-03-07 12:30:00,drive_thru,fries,1,1
2026-03-07 12:45:00,counter,chicken_tenders,5,4
2026-03-07 12:45:00,counter,fries,4,3
2026-03-07 12:45:00,delivery,chicken_tenders,1,1
2026-03-07 12:45:00,drive_thru,chicken_tenders,11,6
2026-03-07 13:00:00,counter,chicken_tenders,3,3
2026-03-07 13:00:00,counter,fries,1,1
2026-03-07 13:00:00,delivery,chicken_tenders,2,1
2026-03-07 13:00:00,drive_thru,chicken_tenders,3,2
2026-03-07 13:15:00,counter,chicken_tenders,7,3
2026-03-07 13:15:00,counter,fries,2,2
2026-03-07 13:15:00,delivery,chicken_tenders,2,2
2026-03-07 13:30:00,counter,chicken_tenders,2,2
2026-03-07 13:30:00,counter,fries,3,2
2026-03-07 13:30:00,delivery,chicken_tenders,1,1
2026-03-07 13:30:00,delivery,fries,4,4
2026-03-07 13:30:00,drive_thru,chicken_tenders,5,2
2026-03-07 13:30:00,drive_thru,fries,5,4
2026-03-07 13:45:00,counter,chicken_tenders,6,5
2026-03-07 13:45:00,counter,fries,4,4
2026-03-07 13:45:00,delivery,chicken_tenders,2,1
2026-03-07 13:45:00,drive_thru,chicken_tenders,2,2
2026-03-07 14:00:00,delivery,chicken_tenders,2,1
2026-03-07 14:00:00,drive_thru,chicken_tenders,1,1
2026-03-07 14:15:00,counter,fries,1,1
2026-03-07 14:15:00,delivery,fries,1,1
2026-03-07 14:15:00,drive_thru,chicken_tenders,2,1
2026-03-07 14:30:00,drive_thru,chicken_tenders,3,1
2026-03-07 14:30:00,drive_thru,fries,2,1
2026-03-07 14:45:00,counter,chicken_tenders,1,1
2026-03-07 14:45:00,counter,fries,1,1
2026-03-07 14:45:00,delivery,chicken_tenders,5,3
2026-03-07 14:45:00,delivery,fries,1,1
2026-03-07 15:00:00,counter,chicken_tenders,1,1
2026-03-07 15:00:00,counter,fries,2,1
2026-03-07 15:00:00,drive_thru,chicken_tenders,2,1
2026-03-07 15:15:00,counter,fries,1,1
2026-03-07 15:15:00,drive_thru,chicken_tenders,1,1
2026-03-07 15:30:00,delivery,chicken_tenders,2,1
2026-03-07 15:30:00,drive_thru,chicken_tenders,3,1
2026-03-07 15:30:00,drive_thru,fries,1,1
2026-03-07 16:00:00,counter,chicken_tenders,1,1
2026-03-07 16:00:00,counter,fries,2,1
2026-03-07 16:00:00,drive_thru,chicken_tenders,1,1
2026-03-07 16:30:00,counter,fries,1,1
2026-03-07 16:30:00,drive_thru,chicken_tenders,2,1
2026-03-07 16:45:00,counter,chicken_tenders,1,1
2026-03-07 16:45:00,delivery,chicken_tenders,1,1
2026-03-07 16:45:00,delivery,fries,1,1
2026-03-07 16:45:00,drive_thru,chicken_tenders,1,1
2026-03-07 16:45:00,drive_thru,fries,2,1
2026-03-07 17:00:00,counter,fries,2,1
2026-03-07 17:00:00,delivery,fries,1,1
2026-03-07 17:00:00,drive_thru,chicken_tenders,3,3
2026-03-07 17:00:00,drive_thru,fries,3,2
2026-03-07 17:15:00,counter,chicken_tenders,2,1
2026-03-07 17:15:00,counter,fries,5,3
2026-03-07 17:15:00,drive_thru,fries,2,2
2026-03-07 17:30:00,delivery,fries,1,1
2026-03-07 17:30:00,drive_thru,chicken_tenders,6,3
2026-03-07 17:30:00,drive_thru,fries,1,1
2026-03-07 17:45:00,counter,chicken_tenders,2,2
2026-03-07 17:45:00,counter,fries,2,2
2026-03-07 17:45:00,drive_thru,chicken_tenders,1,1
2026-03-07 17:45:00,drive_thru,fries,4,3
2026-03-07 18:00:00,counter,fries,1,1
2026-03-07 18:00:00,delivery,chicken_tenders,1,1
2026-03-07 18:00:00,delivery,fries,1,1
2026-03-07 18:00:00,drive_thru,chicken_tenders,3,2
2026-03-07 18:00:00,drive_thru,fries,2,2
2026-03-07 18:15:00,delivery,chicken_tenders,1,1
2026-03-07 18:15:00,delivery,fries,2,2
2026-03-07 18:15:00,drive_thru,fries,1,1
2026-03-07 18:30:00,counter,fries,1,1
2026-03-07 18:30:00,drive_thru,chicken_tenders,3,2
2026-03-07 18:30:00,drive_thru,fries,3,1
2026-03-07 18:45:00,counter,chicken_tenders,2,1
2026-03-07 18:45:00,counter,fries,2,2
2026-03-07 18:45:00,delivery,fries,2,2
2026-03-07 18:45:00,drive_thru,chicken_tenders,1,1
2026-03-07 19:00:00,drive_thru,chicken_tenders,3,2
2026-03-07 19:15:00,counter,chicken_tenders,1,1
2026-03-07 19:15:00,delivery,chicken_tenders,1,1
2026-03-07 19:15:00,delivery,fries,2,1
2026-03-07 19:15:00,drive_thru,chicken_tenders,1,1
2026-03-07 19:30:00,counter,fries,4,3
2026-03-07 19:30:00,delivery,fries,4,3
2026-03-07 19:30:00,drive_thru,chicken_tenders,1,1
2026-03-07 19:45:00,counter,chicken_tenders,2,1
2026-03-07 19:45:00,counter,fries,2,1
2026-03-07 19:45:00,delivery,chicken_tenders,1,1
2026-03-07 19:45:00,delivery,fries,2,2
2026-03-07 20:00:00,delivery,fries,2,1
2026-03-07 20:00:00,drive_thru,chicken_tenders,1,1
2026-03-07 20:15:00,counter,chicken_tenders,3,1
2026-03-07 20:15:00,drive_thru,chicken_tenders,1,1
2026-03-07 20:30:00,counter,chicken_tenders,1,1
2026-03-07 20:45:00,drive_thru,chicken_tenders,1,1
2026-03-07 21:00:00,counter,chicken_tenders,1,1
2026-03-07 21:00:00,counter,fries,1,1
2026-03-07 21:15:00,delivery,fries,1,1
2026-03-07 21:15:00,drive_thru,chicken_tenders,2,1
2026-03-07 21:15:00,drive_thru,fries,2,1
2026-03-07 21:30:00,counter,chicken_tenders,4,2
2026-03-08 06:00:00,counter,breakfast_wrap,2,2
2026-03-08 06:00:00,delivery,breakfast_wrap,1,1
2026-03-08 06:00:00,delivery,hash_brown,3,2
2026-03-08 06:15:00,delivery,hash_brown,2,1
2026-03-08 06:30:00,counter,breakfast_wrap,3,2
2026-03-08 06:30:00,counter,hash_brown,1,1
2026-03-08 06:45:00,drive_thru,breakfast_wrap,1,1
2026-03-08 06:45:00,drive_thru,hash_brown,1,1
2026-03-08 07:00:00,delivery,breakfast_wrap,1,1
2026-03-08 07:00:00,drive_thru,hash_brown,1,1
2026-03-08 07:15:00,drive_thru,hash_brown,2,2
2026-03-08 07:30:00,counter,breakfast_wrap,4,2
2026-03-08 07:30:00,counter,hash_brown,5,2
2026-03-08 07:30:00,delivery,breakfast_wrap,1,1
2026-03-08 07:30:00,delivery,hash_brown,4,2
2026-03-08 07:30:00,drive_thru,breakfast_wrap,1,1
2026-03-08 07:30:00,drive_thru,hash_brown,2,2
2026-03-08 07:45:00,counter,breakfast_wrap,1,1
2026-03-08 07:45:00,counter,hash_brown,3,2
2026-03-08 07:45:00,delivery,hash_brown,2,1
2026-03-08 07:45:00,drive_thru,breakfast_wrap,3,2
2026-03-08 07:45:00,drive_thru,hash_brown,1,1
2026-03-08 08:00:00,counter,breakfast_wrap,1,1
2026-03-08 08:00:00,counter,hash_brown,2,2
2026-03-08 08:00:00,delivery,breakfast_wrap,1,1
2026-03-08 08:00:00,delivery,hash_brown,2,2
2026-03-08 08:00:00,drive_thru,hash_brown,2,2
2026-03-08 08:15:00,delivery,breakfast_wrap,3,2
2026-03-08 08:15:00,drive_thru,breakfast_wrap,3,2
2026-03-08 08:30:00,counter,breakfast_wrap,2,2
2026-03-08 08:30:00,delivery,breakfast_wrap,2,1
2026-03-08 08:30:00,delivery,hash_brown,1,1
2026-03-08 08:30:00,drive_thru,hash_brown,2,1
2026-03-08 08:45:00,counter,breakfast_wrap,1,1
2026-03-08 08:45:00,counter,hash_brown,2,1
2026-03-08 08:45:00,drive_thru,breakfast_wrap,1,1
2026-03-08 09:00:00,counter,breakfast_wrap,2,2
2026-03-08 09:00:00,counter,hash_brown,1,1
2026-03-08 09:00:00,delivery,hash_brown,1,1
2026-03-08 09:00:00,drive_thru,breakfast_wrap,1,1
2026-03-08 09:00:00,drive_thru,hash_brown,4,3
2026-03-08 09:15:00,counter,breakfast_wrap,1,1
2026-03-08 09:15:00,counter,hash_brown,3,2
2026-03-08 09:15:00,delivery,breakfast_wrap,2,2
2026-03-08 09:15:00,drive_thru,breakfast_wrap,2,2
2026-03-08 09:15:00,drive_thru,hash_brown,4,3
2026-03-08 09:30:00,counter,breakfast_wrap,2,1
2026-03-08 09:30:00,counter,hash_brown,5,3
2026-03-08 09:30:00,delivery,hash_brown,2,1
2026-03-08 09:30:00,drive_thru,breakfast_wrap,1,1
2026-03-08 09:45:00,counter,hash_brown,2,1
2026-03-08 09:45:00,delivery,breakfast_wrap,1,1
2026-03-08 09:45:00,drive_thru,breakfast_wrap,3,3
2026-03-08 09:45:00,drive_thru,hash_brown,4,3
2026-03-08 10:00:00,counter,breakfast_wrap,3,2
2026-03-08 10:15:00,counter,breakfast_wrap,1,1
2026-03-08 10:15:00,counter,hash_brown,4,2
2026-03-08 10:15:00,delivery,hash_brown,1,1
2026-03-08 10:30:00,counter,breakfast_wrap,1,1
2026-03-08 10:30:00,counter,hash_brown,2,1
2026-03-08 10:30:00,delivery,breakfast_wrap,2,2
2026-03-08 10:30:00,drive_thru,breakfast_wrap,1,1
2026-03-08 10:30:00,drive_thru,hash_brown,2,1
2026-03-08 10:45:00,counter,breakfast_wrap,2,1
2026-03-08 10:45:00,counter,hash_brown,2,1
2026-03-08 10:45:00,delivery,hash_brown,1,1
2026-03-08 10:45:00,drive_thru,breakfast_wrap,3,2
2026-03-08 11:15:00,counter,chicken_tenders,2,1
2026-03-08 11:15:00,drive_thru,chicken_tenders,2,2
2026-03-08 11:30:00,counter,chicken_tenders,1,1
2026-03-08 11:30:00,counter,fries,6,3
2026-03-08 11:30:00,delivery,chicken_tenders,2,1
2026-03-08 11:30:00,drive_thru,fries,3,1
2026-03-08 11:45:00,counter,chicken_tenders,2,2
2026-03-08 11:45:00,counter,fries,1,1
2026-03-08 11:45:00,drive_thru,chicken_tenders,2,2
2026-03-08 11:45:00,drive_thru,fries,1,1
2026-03-08 12:00:00,counter,chicken_tenders,2,2
2026-03-08 12:00:00,counter,fries,2,2
2026-03-08 12:00:00,delivery,chicken_tenders,1,1
2026-03-08 12:00:00,delivery,fries,1,1
2026-03-08 12:00:00,drive_thru,chicken_tenders,2,2
2026-03-08 12:00:00,drive_thru,fries,5,2
2026-03-08 12:15:00,counter,chicken_tenders,5,4
2026-03-08 12:15:00,counter,fries,1,1
2026-03-08 12:15:00,delivery,chicken_tenders,2,2
2026-03-08 12:30:00,counter,chicken_tenders,3,3
2026-03-08 12:30:00,counter,fries,2,2
2026-03-08 12:30:00,delivery,chicken_tenders,2,2
2026-03-08 12:30:00,delivery,fries,2,2
2026-03-08 12:45:00,counter,chicken_tenders,1,1
2026-03-08 12:45:00,counter,fries,5,2
2026-03-08 12:45:00,delivery,fries,2,2
2026-03-08 12:45:00,drive_thru,fries,3,2
2026-03-08 13:00:00,counter,chicken_tenders,1,1
2026-03-08 13:00:00,counter,fries,1,1
2026-03-08 13:00:00,delivery,fries,3,3
2026-03-08 13:15:00,counter,chicken_tenders,2,2
2026-03-08 13:15:00,counter,fries,8,5
2026-03-08 13:15:00,delivery,chicken_tenders,1,1
2026-03-08 13:15:00,delivery,fries,3,2
2026-03-08 13:15:00,drive_thru,fries,2,2
2026-03-08 13:30:00,counter,chicken_tenders,1,1
2026-03-08 13:30:00,counter,fries,2,2
2026-03-08 13:30:00,drive_thru,chicken_tenders,2,1
2026-03-08 13:30:00,drive_thru,fries,1,1
2026-03-08 13:45:00,counter,chicken_tenders,1,1
2026-03-08 13:45:00,counter,fries,5,3
2026-03-08 13:45:00,drive_thru,chicken_tenders,4,3
2026-03-08 14:00:00,drive_thru,chicken_tenders,2,1
2026-03-08 14:15:00,drive_thru,chicken_tenders,2,1
2026-03-08 14:30:00,delivery,fries,1,1
2026-03-08 14:30:00,drive_thru,fries,1,1
2026-03-08 14:45:00,counter,chicken_tenders,5,4
2026-03-08 14:45:00,counter,fries,3,3
2026-03-08 14:45:00,drive_thru,chicken_tenders,1,1
2026-03-08 14:45:00,drive_thru,fries,2,1
2026-03-08 15:00:00,counter,fries,2,2
2026-03-08 15:00:00,delivery,chicken_tenders,1,1
2026-03-08 15:15:00,counter,fries,1,1
2026-03-08 15:15:00,drive_thru,chicken_tenders,1,1
2026-03-08 15:15:00,drive_thru,fries,1,1
2026-03-08 15:30:00,drive_thru,fries,1,1
2026-03-08 15:45:00,counter,fries,3,2
2026-03-08 15:45:00,delivery,chicken_tenders,3,1
2026-03-08 15:45:00,drive_thru,chicken_tenders,2,1
2026-03-08 16:00:00,counter,chicken_tenders,1,1
2026-03-08 16:00:00,counter,fries,5,2
2026-03-08 16:00:00,delivery,chicken_tenders,3,2
2026-03-08 16:15:00,delivery,fries,1,1
2026-03-08 16:30:00,counter,chicken_tenders,1,1
2026-03-08 16:30:00,counter,fries,1,1
2026-03-08 16:30:00,drive_thru,chicken_tenders,1,1
2026-03-08 16:45:00,counter,chicken_tenders,1,1
2026-03-08 16:45:00,delivery,chicken_tenders,3,2
2026-03-08 16:45:00,delivery,fries,1,1
2026-03-08 17:00:00,delivery,chicken_tenders,1,1
2026-03-08 17:00:00,delivery,fries,3,2
2026-03-08 17:00:00,drive_thru,chicken_tenders,1,1
2026-03-08 17:00:00,drive_thru,fries,1,1
2026-03-08 17:15:00,counter,chicken_tenders,4,3
2026-03-08 17:15:00,delivery,chicken_tenders,4,2
2026-03-08 17:15:00,delivery,fries,1,1
2026-03-08 17:15:00,drive_thru,fries,1,1
2026-03-08 17:30:00,counter,chicken_tenders,3,2
2026-03-08 17:30:00,counter,fries,2,2
2026-03-08 17:30:00,delivery,fries,1,1
2026-03-08 17:30:00,drive_thru,chicken_tenders,1,1
2026-03-08 17:30:00,drive_thru,fries,4,3
2026-03-08 17:45:00,counter,fries,2,1
2026-03-08 17:45:00,delivery,chicken_tenders,1,1
2026-03-08 17:45:00,delivery,fries,2,1
2026-03-08 17:45:00,drive_thru,chicken_tenders,1,1
2026-03-08 18:00:00,counter,chicken_tenders,1,1
2026-03-08 18:00:00,delivery,chicken_tenders,1,1
2026-03-08 18:00:00,delivery,fries,3,2
2026-03-08 18:15:00,counter,chicken_tenders,2,2
2026-03-08 18:15:00,counter,fries,8,3
2026-03-08 18:15:00,delivery,fries,3,2
2026-03-08 18:30:00,counter,chicken_tenders,4,3
2026-03-08 18:30:00,counter,fries,1,1
2026-03-08 18:30:00,delivery,chicken_tenders,1,1
2026-03-08 18:30:00,delivery,fries,2,2
2026-03-08 18:30:00,drive_thru,chicken_tenders,6,4
2026-03-08 18:45:00,counter,fries,5,3
2026-03-08 18:45:00,delivery,chicken_tenders,2,1
2026-03-08 18:45:00,drive_thru,chicken_tenders,1,1
2026-03-08 18:45:00,drive_thru,fries,1,1
2026-03-08 19:00:00,counter,chicken_tenders,2,2
2026-03-08 19:00:00,counter,fries,1,1
2026-03-08 19:00:00,delivery,fries,4,2
2026-03-08 19:00:00,drive_thru,chicken_tenders,1,1
2026-03-08 19:00:00,drive_thru,fries,2,2
2026-03-08 19:15:00,counter,fries,2,1
2026-03-08 19:15:00,delivery,chicken_tenders,1,1
2026-03-08 19:15:00,delivery,fries,3,2
2026-03-08 19:15:00,drive_thru,chicken_tenders,3,2
2026-03-08 19:15:00,drive_thru,fries,3,2
2026-03-08 19:30:00,counter,chicken_tenders,1,1
2026-03-08 19:30:00,counter,fries,4,2
2026-03-08 19:30:00,delivery,chicken_tenders,2,2
2026-03-08 19:45:00,counter,chicken_tenders,2,2
2026-03-08 19:45:00,counter,fries,1,1
2026-03-08 19:45:00,drive_thru,chicken_tenders,1,1
2026-03-08 19:45:00,drive_thru,fries,1,1
2026-03-08 20:00:00,counter,fries,1,1
2026-03-08 20:15:00,delivery,chicken_tenders,1,1
2026-03-08 20:15:00,delivery,fries,3,3
2026-03-08 20:30:00,counter,fries,3,1
2026-03-08 20:45:00,drive_thru,chicken_tenders,2,2
2026-03-08 20:45:00,drive_thru,fries,1,1
2026-03-08 21:15:00,counter,fries,2,1
2026-03-08 21:15:00,delivery,fries,4,2
2026-03-08 21:15:00,drive_thru,fries,1,1
2026-03-08 21:45:00,counter,chicken_tenders,2,1
2026-03-08 21:45:00,counter,fries,1,1
2026-03-08 21:45:00,delivery,chicken_tenders,1,1
2026-03-09 06:00:00,counter,breakfast_wrap,2,2
2026-03-09 06:00:00,counter,hash_brown,1,1
2026-03-09 06:00:00,delivery,breakfast_wrap,1,1
2026-03-09 06:00:00,delivery,hash_brown,1,1
2026-03-09 06:15:00,drive_thru,breakfast_wrap,1,1
2026-03-09 06:45:00,counter,breakfast_wrap,2,1
2026-03-09 06:45:00,counter,hash_brown,1,1
2026-03-09 07:00:00,counter,breakfast_wrap,1,1
2026-03-09 07:00:00,delivery,hash_brown,2,1
2026-03-09 07:00:00,drive_thru,breakfast_wrap,4,2
2026-03-09 07:00:00,drive_thru,hash_brown,2,2
2026-03-09 07:15:00,counter,breakfast_wrap,1,1
2026-03-09 07:15:00,counter,hash_brown,5,4
2026-03-09 07:15:00,drive_thru,hash_brown,3,3
2026-03-09 07:30:00,counter,hash_brown,1,1
2026-03-09 07:30:00,delivery,breakfast_wrap,2,2
2026-03-09 07:30:00,delivery,hash_brown,1,1
2026-03-09 07:30:00,drive_thru,breakfast_wrap,4,3
2026-03-09 07:30:00,drive_thru,hash_brown,3,2
2026-03-09 07:45:00,delivery,hash_brown,4,2
2026-03-09 07:45:00,drive_thru,breakfast_wrap,3,3
2026-03-09 08:00:00,counter,breakfast_wrap,3,1
2026-03-09 08:00:00,counter,hash_brown,2,2
2026-03-09 08:15:00,counter,breakfast_wrap,4,3
2026-03-09 08:15:00,counter,hash_brown,2,2
2026-03-09 08:15:00,delivery,breakfast_wrap,1,1
2026-03-09 08:15:00,drive_thru,hash_brown,4,3
2026-03-09 08:30:00,counter,breakfast_wrap,2,1
2026-03-09 08:30:00,drive_thru,breakfast_wrap,1,1
2026-03-09 08:45:00,counter,breakfast_wrap,4,2
2026-03-09 08:45:00,counter,hash_brown,2,2
2026-03-09 08:45:00,delivery,breakfast_wrap,1,1
2026-03-09 08:45:00,delivery,hash_brown,2,1
2026-03-09 08:45:00,drive_thru,breakfast_wrap,1,1
2026-03-09 09:00:00,counter,breakfast_wrap,1,1
2026-03-09 09:00:00,delivery,breakfast_wrap,3,2
2026-03-09 09:00:00,delivery,hash_brown,1,1
2026-03-09 09:00:00,drive_thru,breakfast_wrap,1,1
2026-03-09 09:00:00,drive_thru,hash_brown,1,1
2026-03-09 09:15:00,drive_thru,breakfast_wrap,2,2
2026-03-09 09:15:00,drive_thru,hash_brown,2,2
2026-03-09 09:30:00,delivery,breakfast_wrap,2,2
2026-03-09 09:30:00,drive_thru,breakfast_wrap,2,2
2026-03-09 09:45:00,counter,breakfast_wrap,2,2
2026-03-09 09:45:00,delivery,hash_brown,3,2
2026-03-09 09:45:00,drive_thru,breakfast_wrap,1,1
2026-03-09 09:45:00,drive_thru,hash_brown,1,1
2026-03-09 10:00:00,counter,breakfast_wrap,1,1
2026-03-09 10:15:00,counter,breakfast_wrap,3,2
2026-03-09 10:15:00,counter,hash_brown,2,2
2026-03-09 10:15:00,delivery,breakfast_wrap,1,1
2026-03-09 10:15:00,drive_thru,breakfast_wrap,2,1
2026-03-09 10:15:00,drive_thru,hash_brown,1,1
2026-03-09 10:45:00,delivery,hash_brown,1,1
2026-03-09 11:00:00,counter,chicken_tenders,3,2
2026-03-09 11:00:00,delivery,breakfast_wrap,1,1
2026-03-09 11:00:00,delivery,chicken_tenders,1,1
2026-03-09 11:00:00,delivery,hash_brown,1,1
2026-03-09 11:00:00,drive_thru,chicken_tenders,1,1
2026-03-09 11:15:00,counter,fries,2,2
2026-03-09 11:15:00,drive_thru,chicken_tenders,2,1
2026-03-09 11:15:00,drive_thru,fries,1,1
2026-03-09 11:30:00,drive_thru,chicken_tenders,2,2
2026-03-09 11:30:00,drive_thru,fries,1,1
2026-03-09 11:45:00,counter,fries,1,1
2026-03-09 11:45:00,drive_thru,chicken_tenders,1,1
2026-03-09 11:45:00,drive_thru,fries,1,1
2026-03-09 12:00:00,counter,chicken_tenders,2,2
2026-03-09 12:00:00,counter,fries,5,2
2026-03-09 12:00:00,delivery,fries,1,1
2026-03-09 12:00:00,drive_thru,fries,2,1
2026-03-09 12:15:00,counter,chicken_tenders,3,2
2026-03-09 12:15:00,counter,fries,3,2
2026-03-09 12:15:00,drive_thru,chicken_tenders,6,4
2026-03-09 12:15:00,drive_thru,fries,4,3
2026-03-09 12:30:00,counter,chicken_tenders,6,4
2026-03-09 12:30:00,counter,fries,5,3
2026-03-09 12:30:00,delivery,chicken_tenders,2,2
2026-03-09 12:30:00,delivery,fries,1,1
2026-03-09 12:30:00,drive_thru,chicken_tenders,1,1
2026-03-09 12:30:00,drive_thru,fries,1,1
2026-03-09 12:45:00,counter,chicken_tenders,1,1
2026-03-09 12:45:00,counter,fries,3,2
2026-03-09 12:45:00,delivery,chicken_tenders,1,1
2026-03-09 12:45:00,drive_thru,fries,1,1
2026-03-09 13:00:00,counter,chicken_tenders,4,2
2026-03-09 13:00:00,counter,fries,2,2
2026-03-09 13:00:00,delivery,chicken_tenders,2,1
2026-03-09 13:00:00,delivery,fries,2,2
2026-03-09 13:00:00,drive_thru,chicken_tenders,1,1
2026-03-09 13:00:00,drive_thru,fries,1,1
2026-03-09 13:15:00,drive_thru,chicken_tenders,2,2
2026-03-09 13:15:00,drive_thru,fries,2,2
2026-03-09 13:30:00,counter,fries,2,2
2026-03-09 13:30:00,delivery,fries,1,1
2026-03-09 13:45:00,counter,chicken_tenders,3,3
2026-03-09 13:45:00,delivery,chicken_tenders,2,2
2026-03-09 13:45:00,delivery,fries,3,3
2026-03-09 13:45:00,drive_thru,fries,1,1
2026-03-09 14:00:00,delivery,fries,1,1
2026-03-09 14:15:00,drive_thru,fries,1,1
2026-03-09 14:30:00,counter,fries,1,1
2026-03-09 14:30:00,delivery,chicken_tenders,1,1
2026-03-09 14:30:00,delivery,fries,1,1
2026-03-09 14:45:00,drive_thru,chicken_tenders,1,1
2026-03-09 14:45:00,drive_thru,fries,1,1
2026-03-09 15:00:00,counter,chicken_tenders,1,1
2026-03-09 15:00:00,counter,fries,1,1
2026-03-09 15:00:00,delivery,fries,1,1
2026-03-09 15:00:00,drive_thru,fries,1,1
2026-03-09 15:15:00,drive_thru,fries,1,1
2026-03-09 15:45:00,delivery,chicken_tenders,1,1
2026-03-09 15:45:00,drive_thru,fries,1,1
2026-03-09 16:00:00,counter,chicken_tenders,2,1
2026-03-09 16:00:00,counter,fries,1,1
2026-03-09 16:15:00,counter,chicken_tenders,1,1
2026-03-09 16:15:00,counter,fries,1,1
2026-03-09 16:30:00,counter,chicken_tenders,1,1
2026-03-09 16:30:00,drive_thru,chicken_tenders,3,2
2026-03-09 16:45:00,counter,chicken_tenders,2,1
2026-03-09 16:45:00,delivery,chicken_tenders,1,1
2026-03-09 16:45:00,drive_thru,fries,2,2
2026-03-09 17:00:00,delivery,chicken_tenders,1,1
2026-03-09 17:00:00,drive_thru,chicken_tenders,1,1
2026-03-09 17:00:00,drive_thru,fries,1,1
2026-03-09 17:15:00,counter,chicken_tenders,3,2
2026-03-09 17:15:00,counter,fries,1,1
2026-03-09 17:15:00,delivery,chicken_tenders,1,1
2026-03-09 17:15:00,delivery,fries,1,1
2026-03-09 17:15:00,drive_thru,fries,1,1
2026-03-09 17:30:00,counter,chicken_tenders,2,1
2026-03-09 17:30:00,delivery,chicken_tenders,2,2
2026-03-09 17:30:00,delivery,fries,1,1
2026-03-09 17:30:00,drive_thru,fries,3,3
2026-03-09 17:45:00,counter,chicken_tenders,3,3
2026-03-09 17:45:00,counter,fries,10,6
2026-03-09 17:45:00,delivery,chicken_tenders,2,2
2026-03-09 18:00:00,counter,chicken_tenders,1,1
2026-03-09 18:00:00,counter,fries,1,1
2026-03-09 18:00:00,delivery,fries,1,1
2026-03-09 18:00:00,drive_thru,chicken_tenders,1,1
2026-03-09 18:00:00,drive_thru,fries,4,3
2026-03-09 18:15:00,counter,chicken_tenders,1,1
2026-03-09 18:15:00,counter,fries,1,1
2026-03-09 18:15:00,delivery,chicken_tenders,1,1
2026-03-09 18:15:00,delivery,fries,2,2
2026-03-09 18:15:00,drive_thru,chicken_tenders,2,2
2026-03-09 18:15:00,drive_thru,fries,1,1
2026-03-09 18:30:00,counter,chicken_tenders,2,1
2026-03-09 18:30:00,counter,fries,4,2
2026-03-09 18:30:00,drive_thru,chicken_tenders,3,2
2026-03-09 18:30:00,drive_thru,fries,3,1
2026-03-09 18:45:00,counter,chicken_tenders,2,2
2026-03-09 18:45:00,counter,fries,2,2
2026-03-09 18:45:00,delivery,chicken_tenders,1,1
2026-03-09 18:45:00,delivery,fries,2,2
2026-03-09 18:45:00,drive_thru,chicken_tenders,2,1
2026-03-09 18:45:00,drive_thru,fries,3,2
2026-03-09 19:00:00,counter,fries,4,2
2026-03-09 19:00:00,delivery,fries,1,1
2026-03-09 19:15:00,counter,fries,2,2
2026-03-09 19:15:00,delivery,chicken_tenders,2,1
2026-03-09 19:15:00,drive_thru,chicken_tenders,2,2
2026-03-09 19:15:00,drive_thru,fries,3,3
2026-03-09 19:30:00,counter,fries,1,1
2026-03-09 19:30:00,delivery,chicken_tenders,2,2
2026-03-09 19:30:00,delivery,fries,3,2
2026-03-09 19:30:00,drive_thru,fries,1,1
2026-03-09 19:45:00,counter,chicken_tenders,4,2
2026-03-09 19:45:00,counter,fries,4,3
2026-03-09 19:45:00,delivery,chicken_tenders,1,1
2026-03-09 19:45:00,delivery,fries,2,1
2026-03-09 19:45:00,drive_thru,chicken_tenders,6,4
2026-03-09 20:00:00,counter,chicken_tenders,1,1
2026-03-09 20:00:00,counter,fries,2,2
2026-03-09 20:00:00,drive_thru,chicken_tenders,1,1
2026-03-09 20:15:00,counter,chicken_tenders,3,2
2026-03-09 20:15:00,counter,fries,1,1
2026-03-09 20:15:00,delivery,fries,1,1
2026-03-09 20:30:00,counter,chicken_tenders,3,3
2026-03-09 20:30:00,counter,fries,1,1
2026-03-09 20:45:00,counter,chicken_tenders,1,1
2026-03-09 20:45:00,delivery,fries,1,1
2026-03-09 20:45:00,drive_thru,fries,2,1
2026-03-09 21:00:00,counter,fries,1,1
2026-03-09 21:15:00,counter,chicken_tenders,1,1
2026-03-09 21:15:00,counter,fries,1,1
2026-03-09 21:30:00,counter,chicken_tenders,2,1
2026-03-09 21:30:00,drive_thru,chicken_tenders,1,1
2026-03-10 06:00:00,counter,breakfast_wrap,1,1
2026-03-10 06:00:00,counter,hash_brown,1,1
2026-03-10 06:15:00,counter,breakfast_wrap,1,1
2026-03-10 06:15:00,drive_thru,breakfast_wrap,3,1
2026-03-10 06:45:00,counter,breakfast_wrap,2,2
2026-03-10 06:45:00,counter,hash_brown,1,1
2026-03-10 06:45:00,delivery,hash_brown,1,1
2026-03-10 07:00:00,counter,breakfast_wrap,1,1
2026-03-10 07:00:00,drive_thru,breakfast_wrap,3,2
2026-03-10 07:00:00,drive_thru,hash_brown,6,5
2026-03-10 07:15:00,counter,breakfast_wrap,4,4
2026-03-10 07:15:00,counter,hash_brown,1,1
2026-03-10 07:15:00,delivery,breakfast_wrap,4,3
2026-03-10 07:15:00,delivery,hash_brown,4,3
2026-03-10 07:15:00,drive_thru,breakfast_wrap,1,1
2026-03-10 07:30:00,counter,hash_brown,2,2
2026-03-10 07:30:00,drive_thru,breakfast_wrap,1,1
2026-03-10 07:30:00,drive_thru,hash_brown,6,4
2026-03-10 07:45:00,counter,hash_brown,1,1
2026-03-10 07:45:00,drive_thru,breakfast_wrap,3,2
2026-03-10 07:45:00,drive_thru,hash_brown,3,2
2026-03-10 08:00:00,counter,hash_brown,2,1
2026-03-10 08:00:00,delivery,breakfast_wrap,1,1
2026-03-10 08:00:00,delivery,hash_brown,1,1
2026-03-10 08:00:00,drive_thru,hash_brown,3,2
2026-03-10 08:15:00,counter,breakfast_wrap,2,2
2026-03-10 08:15:00,counter,hash_brown,4,3
2026-03-10 08:15:00,delivery,breakfast_wrap,1,1
2026-03-10 08:15:00,delivery,hash_brown,1,1
2026-03-10 08:15:00,drive_thru,breakfast_wrap,1,1
2026-03-10 08:15:00,drive_thru,hash_brown,2,2
2026-03-10 08:30:00,counter,hash_brown,1,1
2026-03-10 08:30:00,delivery,hash_brown,1,1
2026-03-10 08:30:00,drive_thru,breakfast_wrap,3,3
2026-03-10 08:30:00,drive_thru,hash_brown,2,2
2026-03-10 08:45:00,counter,breakfast_wrap,1,1
2026-03-10 08:45:00,counter,hash_brown,1,1
2026-03-10 08:45:00,drive_thru,breakfast_wrap,1,1
2026-03-10 08:45:00,drive_thru,hash_brown,1,1
2026-03-10 09:00:00,counter,breakfast_wrap,1,1
2026-03-10 09:00:00,counter,hash_brown,2,1
2026-03-10 09:00:00,delivery,breakfast_wrap,1,1
2026-03-10 09:00:00,delivery,hash_brown,2,2
2026-03-10 09:15:00,counter,breakfast_wrap,6,5
2026-03-10 09:15:00,counter,hash_brown,1,1
2026-03-10 09:15:00,delivery,breakfast_wrap,1,1
2026-03-10 09:15:00,delivery,hash_brown,2,2
2026-03-10 09:30:00,counter,breakfast_wrap,3,2
2026-03-10 09:30:00,counter,hash_brown,1,1
2026-03-10 09:30:00,drive_thru,breakfast_wrap,4,4
2026-03-10 09:30:00,drive_thru,hash_brown,2,1
2026-03-10 09:45:00,counter,breakfast_wrap,6,3
2026-03-10 09:45:00,counter,hash_brown,5,3
2026-03-10 09:45:00,drive_thru,breakfast_wrap,1,1
2026-03-10 10:15:00,delivery,breakfast_wrap,1,1
2026-03-10 10:15:00,delivery,hash_brown,1,1
2026-03-10 10:30:00,counter,breakfast_wrap,1,1
2026-03-10 10:30:00,counter,hash_brown,2,2
2026-03-10 10:30:00,delivery,breakfast_wrap,1,1
2026-03-10 10:45:00,drive_thru,breakfast_wrap,1,1
2026-03-10 10:45:00,drive_thru,hash_brown,2,1
2026-03-10 11:15:00,counter,chicken_tenders,4,3
2026-03-10 11:15:00,counter,fries,2,2
2026-03-10 11:15:00,delivery,fries,1,1
2026-03-10 11:30:00,drive_thru,chicken_tenders,1,1
2026-03-10 11:30:00,drive_thru,fries,2,1
2026-03-10 11:45:00,counter,fries,1,1
2026-03-10 11:45:00,drive_thru,chicken_tenders,1,1
2026-03-10 11:45:00,drive_thru,fries,2,1
2026-03-10 12:00:00,counter,chicken_tenders,2,2
2026-03-10 12:00:00,counter,fries,3,2
2026-03-10 12:00:00,delivery,fries,1,1
2026-03-10 12:15:00,counter,chicken_tenders,3,2
2026-03-10 12:15:00,delivery,fries,2,1
2026-03-10 12:30:00,counter,chicken_tenders,4,3
2026-03-10 12:30:00,counter,fries,2,1
2026-03-10 12:30:00,delivery,chicken_tenders,1,1
2026-03-10 12:30:00,delivery,fries,3,2
2026-03-10 12:30:00,drive_thru,chicken_tenders,1,1
2026-03-10 12:45:00,counter,fries,3,2
2026-03-10 12:45:00,delivery,fries,1,1
2026-03-10 12:45:00,drive_thru,chicken_tenders,1,1
2026-03-10 12:45:00,drive_thru,fries,1,1
2026-03-10 13:00:00,counter,chicken_tenders,7,5
2026-03-10 13:00:00,counter,fries,3,2
2026-03-10 13:15:00,counter,chicken_tenders,1,1
2026-03-10 13:15:00,counter,fries,5,4
2026-03-10 13:15:00,drive_thru,chicken_tenders,2,2
2026-03-10 13:15:00,drive_thru,fries,4,2
2026-03-10 13:30:00,counter,chicken_tenders,2,2
2026-03-10 13:30:00,counter,fries,1,1
2026-03-10 13:30:00,delivery,chicken_tenders,1,1
2026-03-10 13:30:00,delivery,fries,2,1
2026-03-10 13:30:00,drive_thru,chicken_tenders,1,1
2026-03-10 13:30:00,drive_thru,fries,2,2
2026-03-10 13:45:00,counter,chicken_tenders,2,2
2026-03-10 13:45:00,counter,fries,3,2
2026-03-10 13:45:00,delivery,chicken_tenders,6,5
2026-03-10 13:45:00,delivery,fries,3,3
2026-03-10 14:00:00,delivery,chicken_tenders,1,1
2026-03-10 14:15:00,counter,fries,2,2
2026-03-10 14:15:00,delivery,chicken_tenders,1,1
2026-03-10 15:00:00,counter,chicken_tenders,3,3
2026-03-10 15:00:00,counter,fries,1,1
2026-03-10 15:00:00,drive_thru,fries,2,2
2026-03-10 15:15:00,drive_thru,chicken_tenders,1,1
2026-03-10 15:30:00,counter,chicken_tenders,2,1
2026-03-10 15:30:00,counter,fries,3,1
2026-03-10 15:30:00,drive_thru,fries,1,1
2026-03-10 15:45:00,counter,fries,1,1
2026-03-10 15:45:00,drive_thru,fries,2,1
2026-03-10 16:15:00,counter,fries,2,1
2026-03-10 16:15:00,delivery,chicken_tenders,2,1
2026-03-10 16:15:00,delivery,fries,2,1
2026-03-10 16:15:00,drive_thru,chicken_tenders,1,1
2026-03-10 16:45:00,drive_thru,chicken_tenders,2,1
2026-03-10 16:45:00,drive_thru,fries,1,1
2026-03-10 17:00:00,delivery,chicken_tenders,1,1
2026-03-10 17:00:00,drive_thru,chicken_tenders,2,1
2026-03-10 17:00:00,drive_thru,fries,1,1
2026-03-10 17:15:00,counter,chicken_tenders,1,1
2026-03-10 17:15:00,counter,fries,1,1
2026-03-10 17:15:00,delivery,chicken_tenders,1,1
2026-03-10 17:15:00,delivery,fries,1,1
2026-03-10 17:30:00,counter,chicken_tenders,2,1
2026-03-10 17:30:00,counter,fries,1,1
2026-03-10 17:30:00,delivery,chicken_tenders,1,1
2026-03-10 17:30:00,delivery,fries,3,2
2026-03-10 17:30:00,drive_thru,fries,1,1
2026-03-10 17:45:00,delivery,chicken_tenders,1,1
2026-03-10 17:45:00,drive_thru,fries,3,3
2026-03-10 18:00:00,counter,chicken_tenders,2,1
2026-03-10 18:00:00,counter,fries,5,5
2026-03-10 18:00:00,drive_thru,chicken_tenders,1,1
2026-03-10 18:15:00,counter,chicken_tenders,1,1
2026-03-10 18:15:00,drive_thru,fries,1,1
2026-03-10 18:30:00,counter,fries,1,1
2026-03-10 18:30:00,delivery,fries,4,2
2026-03-10 18:30:00,drive_thru,chicken_tenders,6,2
2026-03-10 18:45:00,counter,chicken_tenders,1,1
2026-03-10 18:45:00,counter,fries,2,2
2026-03-10 18:45:00,delivery,fries,1,1
2026-03-10 18:45:00,drive_thru,chicken_tenders,2,2
2026-03-10 18:45:00,drive_thru,fries,1,1
2026-03-10 19:00:00,counter,fries,2,1
2026-03-10 19:00:00,delivery,chicken_tenders,1,1
2026-03-10 19:00:00,drive_thru,fries,1,1
2026-03-10 19:15:00,counter,chicken_tenders,4,3
2026-03-10 19:15:00,counter,fries,2,2
2026-03-10 19:15:00,delivery,fries,1,1
2026-03-10 19:15:00,drive_thru,chicken_tenders,1,1
2026-03-10 19:30:00,delivery,chicken_tenders,1,1
2026-03-10 19:45:00,delivery,chicken_tenders,2,1
2026-03-10 19:45:00,delivery,fries,1,1
2026-03-10 19:45:00,drive_thru,chicken_tenders,2,2
2026-03-10 20:00:00,drive_thru,fries,2,2
2026-03-10 20:15:00,delivery,chicken_tenders,2,1
2026-03-10 20:15:00,delivery,fries,1,1
2026-03-10 20:45:00,counter,fries,1,1
2026-03-10 21:00:00,counter,chicken_tenders,2,2
2026-03-10 21:15:00,delivery,chicken_tenders,2,1
2026-03-10 21:15:00,delivery,fries,2,1
2026-03-10 21:15:00,drive_thru,chicken_tenders,2,2
2026-03-10 21:30:00,drive_thru,chicken_tenders,1,1
2026-03-10 21:45:00,counter,chicken_tenders,3,2
2026-03-10 21:45:00,counter,fries,2,2
2026-03-10 21:45:00,delivery,fries,3,2
2026-03-10 21:45:00,drive_thru,fries,1,1
2026-03-11 06:00:00,counter,breakfast_wrap,1,1
2026-03-11 06:00:00,counter,hash_brown,1,1
2026-03-11 06:15:00,delivery,breakfast_wrap,2,1
2026-03-11 06:15:00,delivery,hash_brown,1,1
2026-03-11 06:15:00,drive_thru,breakfast_wrap,1,1
2026-03-11 06:15:00,drive_thru,hash_brown,1,1
2026-03-11 06:30:00,delivery,breakfast_wrap,1,1
2026-03-11 06:30:00,delivery,hash_brown,3,1
2026-03-11 06:30:00,drive_thru,breakfast_wrap,1,1
2026-03-11 06:45:00,delivery,breakfast_wrap,1,1
2026-03-11 07:00:00,counter,breakfast_wrap,2,2
2026-03-11 07:00:00,counter,hash_brown,3,2
2026-03-11 07:00:00,drive_thru,hash_brown,2,1
2026-03-11 07:15:00,counter,breakfast_wrap,2,2
2026-03-11 07:15:00,counter,hash_brown,1,1
2026-03-11 07:30:00,counter,breakfast_wrap,2,2
2026-03-11 07:30:00,counter,hash_brown,4,4
2026-03-11 07:30:00,delivery,hash_brown,2,1
2026-03-11 07:30:00,drive_thru,breakfast_wrap,1,1
2026-03-11 07:30:00,drive_thru,hash_brown,1,1
2026-03-11 07:45:00,counter,hash_brown,2,2
2026-03-11 07:45:00,delivery,breakfast_wrap,4,3
2026-03-11 07:45:00,delivery,hash_brown,1,1
2026-03-11 07:45:00,drive_thru,hash_brown,2,1
2026-03-11 08:00:00,delivery,breakfast_wrap,3,2
2026-03-11 08:15:00,counter,breakfast_wrap,1,1
2026-03-11 08:15:00,counter,hash_brown,5,3
2026-03-11 08:15:00,delivery,breakfast_wrap,1,1
2026-03-11 08:15:00,delivery,hash_brown,2,2
2026-03-11 08:30:00,counter,breakfast_wrap,2,1
2026-03-11 08:30:00,counter,hash_brown,2,2
2026-03-11 08:30:00,delivery,breakfast_wrap,1,1
2026-03-11 08:45:00,delivery,breakfast_wrap,2,2
2026-03-11 09:00:00,counter,breakfast_wrap,1,1
2026-03-11 09:00:00,counter,hash_brown,1,1
2026-03-11 09:00:00,drive_thru,hash_brown,3,2
2026-03-11 09:15:00,counter,breakfast_wrap,1,1
2026-03-11 09:15:00,counter,hash_brown,2,1
2026-03-11 09:15:00,delivery,breakfast_wrap,4,2
2026-03-11 09:15:00,drive_thru,breakfast_wrap,1,1
2026-03-11 09:15:00,drive_thru,hash_brown,2,2
2026-03-11 09:30:00,counter,breakfast_wrap,1,1
2026-03-11 09:30:00,drive_thru,hash_brown,1,1
2026-03-11 09:45:00,counter,hash_brown,1,1
2026-03-11 09:45:00,delivery,breakfast_wrap,2,2
2026-03-11 09:45:00,delivery,hash_brown,2,2
2026-03-11 09:45:00,drive_thru,breakfast_wrap,2,1
2026-03-11 09:45:00,drive_thru,hash_brown,1,1
2026-03-11 10:00:00,counter,breakfast_wrap,1,1
2026-03-11 10:00:00,counter,hash_brown,3,1
2026-03-11 10:00:00,drive_thru,hash_brown,2,2
2026-03-11 10:15:00,drive_thru,breakfast_wrap,1,1
2026-03-11 10:15:00,drive_thru,hash_brown,1,1
2026-03-11 10:45:00,drive_thru,breakfast_wrap,1,1
2026-03-11 10:45:00,drive_thru,hash_brown,1,1
2026-03-11 11:15:00,counter,chicken_tenders,4,2
2026-03-11 11:15:00,drive_thru,chicken_tenders,1,1
2026-03-11 11:30:00,counter,chicken_tenders,2,1
2026-03-11 11:30:00,counter,fries,1,1
2026-03-11 11:30:00,delivery,fries,1,1
2026-03-11 11:30:00,drive_thru,chicken_tenders,1,1
2026-03-11 11:45:00,counter,chicken_tenders,3,2
2026-03-11 12:00:00,counter,chicken_tenders,5,3
2026-03-11 12:00:00,drive_thru,chicken_tenders,2,2
2026-03-11 12:00:00,drive_thru,fries,1,1
2026-03-11 12:15:00,counter,chicken_tenders,2,2
2026-03-11 12:15:00,counter,fries,2,2
2026-03-11 12:15:00,delivery,chicken_tenders,1,1
2026-03-11 12:15:00,drive_thru,chicken_tenders,6,4
2026-03-11 12:30:00,counter,fries,3,1
2026-03-11 12:30:00,delivery,fries,2,2
2026-03-11 12:30:00,drive_thru,chicken_tenders,2,2
2026-03-11 12:30:00,drive_thru,fries,2,2
2026-03-11 12:45:00,counter,chicken_tenders,3,3
2026-03-11 12:45:00,counter,fries,1,1
2026-03-11 12:45:00,delivery,chicken_tenders,1,1
2026-03-11 12:45:00,delivery,fries,2,2
2026-03-11 12:45:00,drive_thru,chicken_tenders,3,3
2026-03-11 13:00:00,counter,chicken_tenders,4,2
2026-03-11 13:00:00,delivery,chicken_tenders,2,1
2026-03-11 13:00:00,drive_thru,chicken_tenders,5,3
2026-03-11 13:00:00,drive_thru,fries,4,3
2026-03-11 13:15:00,counter,fries,2,2
2026-03-11 13:15:00,delivery,fries,1,1
2026-03-11 13:15:00,drive_thru,chicken_tenders,1,1
2026-03-11 13:15:00,drive_thru,fries,2,2
2026-03-11 13:30:00,counter,fries,2,1
2026-03-11 13:30:00,drive_thru,chicken_tenders,3,2
2026-03-11 13:30:00,drive_thru,fries,5,3
2026-03-11 13:45:00,counter,chicken_tenders,1,1
2026-03-11 13:45:00,counter,fries,2,1
2026-03-11 13:45:00,delivery,chicken_tenders,4,3
2026-03-11 13:45:00,drive_thru,chicken_tenders,1,1
2026-03-11 14:00:00,counter,fries,1,1
2026-03-11 14:00:00,delivery,fries,3,2
2026-03-11 14:15:00,counter,fries,4,2
2026-03-11 14:15:00,drive_thru,fries,1,1
2026-03-11 14:30:00,delivery,chicken_tenders,1,1
2026-03-11 14:30:00,drive_thru,chicken_tenders,1,1
2026-03-11 14:30:00,drive_thru,fries,1,1
2026-03-11 15:30:00,drive_thru,chicken_tenders,2,1
2026-03-11 15:30:00,drive_thru,fries,2,1
2026-03-11 15:45:00,delivery,chicken_tenders,2,1
2026-03-11 16:00:00,drive_thru,fries,2,2
2026-03-11 16:30:00,counter,chicken_tenders,1,1
2026-03-11 16:30:00,counter,fries,2,2
2026-03-11 16:30:00,drive_thru,chicken_tenders,1,1
2026-03-11 16:45:00,counter,chicken_tenders,2,2
2026-03-11 16:45:00,counter,fries,2,2
2026-03-11 17:00:00,counter,fries,2,2
2026-03-11 17:00:00,drive_thru,chicken_tenders,2,2
2026-03-11 17:15:00,counter,chicken_tenders,1,1
2026-03-11 17:15:00,counter,fries,3,2
2026-03-11 17:15:00,delivery,chicken_tenders,2,2
2026-03-11 17:15:00,delivery,fries,1,1
2026-03-11 17:15:00,drive_thru,fries,2,1
2026-03-11 17:30:00,counter,chicken_tenders,5,3
2026-03-11 17:30:00,counter,fries,2,2
2026-03-11 17:30:00,delivery,chicken_tenders,1,1
2026-03-11 17:30:00,delivery,fries,5,3
2026-03-11 17:30:00,drive_thru,fries,1,1
2026-03-11 17:45:00,counter,chicken_tenders,2,2
2026-03-11 17:45:00,counter,fries,4,2
2026-03-11 17:45:00,delivery,chicken_tenders,1,1
2026-03-11 17:45:00,delivery,fries,1,1
2026-03-11 17:45:00,drive_thru,fries,1,1
2026-03-11 18:00:00,counter,chicken_tenders,1,1
2026-03-11 18:00:00,counter,fries,5,4
2026-03-11 18:00:00,delivery,chicken_tenders,1,1
2026-03-11 18:00:00,drive_thru,fries,1,1
2026-03-11 18:15:00,counter,fries,1,1
2026-03-11 18:15:00,delivery,chicken_tenders,1,1
2026-03-11 18:15:00,drive_thru,fries,2,2
2026-03-11 18:30:00,counter,fries,2,1
2026-03-11 18:30:00,drive_thru,chicken_tenders,3,1
2026-03-11 18:45:00,counter,chicken_tenders,1,1
2026-03-11 18:45:00,counter,fries,2,1
2026-03-11 18:45:00,delivery,fries,1,1
2026-03-11 18:45:00,drive_thru,chicken_tenders,1,1
2026-03-11 18:45:00,drive_thru,fries,2,1
2026-03-11 19:00:00,counter,chicken_tenders,2,1
2026-03-11 19:00:00,counter,fries,2,1
2026-03-11 19:00:00,delivery,chicken_tenders,1,1
2026-03-11 19:00:00,delivery,fries,1,1
2026-03-11 19:00:00,drive_thru,chicken_tenders,1,1
2026-03-11 19:15:00,counter,chicken_tenders,1,1
2026-03-11 19:15:00,counter,fries,2,1
2026-03-11 19:15:00,delivery,chicken_tenders,1,1
2026-03-11 19:15:00,delivery,fries,1,1
2026-03-11 19:15:00,drive_thru,chicken_tenders,1,1
2026-03-11 19:30:00,counter,chicken_tenders,3,1
2026-03-11 19:30:00,delivery,fries,1,1
2026-03-11 19:45:00,drive_thru,fries,1,1
2026-03-11 20:00:00,delivery,fries,1,1
2026-03-11 20:00:00,drive_thru,fries,1,1
2026-03-11 20:15:00,counter,fries,1,1
2026-03-11 20:30:00,counter,chicken_tenders,1,1
2026-03-11 20:30:00,drive_thru,chicken_tenders,2,1
2026-03-11 20:45:00,drive_thru,fries,2,1
2026-03-11 21:00:00,counter,fries,2,1
2026-03-11 21:15:00,counter,fries,1,1
2026-03-11 21:30:00,counter,chicken_tenders,1,1
2026-03-11 21:30:00,counter,fries,1,1
2026-03-11 21:30:00,drive_thru,chicken_tenders,1,1
2026-03-11 21:45:00,counter,chicken_tenders,1,1
2026-03-11 21:45:00,delivery,chicken_tenders,1,1
2026-03-11 21:45:00,delivery,fries,3,2
2026-03-12 06:00:00,counter,breakfast_wrap,1,1
2026-03-12 06:00:00,counter,hash_brown,1,1
2026-03-12 06:15:00,delivery,hash_brown,1,1
2026-03-12 06:30:00,counter,breakfast_wrap,1,1
2026-03-12 06:30:00,delivery,breakfast_wrap,1,1
2026-03-12 06:30:00,delivery,hash_brown,3,2
2026-03-12 06:45:00,delivery,breakfast_wrap,1,1
2026-03-12 06:45:00,drive_thru,breakfast_wrap,2,1
2026-03-12 07:00:00,counter,breakfast_wrap,3,2
2026-03-12 07:00:00,drive_thru,hash_brown,2,1
2026-03-12 07:15:00,counter,breakfast_wrap,2,1
2026-03-12 07:15:00,counter,hash_brown,2,2
2026-03-12 07:15:00,delivery,hash_brown,1,1
2026-03-12 07:15:00,drive_thru,breakfast_wrap,2,2
2026-03-12 07:30:00,counter,breakfast_wrap,1,1
2026-03-12 07:30:00,delivery,breakfast_wrap,1,1
2026-03-12 07:30:00,delivery,hash_brown,2,1
2026-03-12 07:30:00,drive_thru,breakfast_wrap,3,2
2026-03-12 07:30:00,drive_thru,hash_brown,1,1
2026-03-12 07:45:00,counter,breakfast_wrap,3,2
2026-03-12 07:45:00,counter,hash_brown,2,2
2026-03-12 07:45:00,delivery,breakfast_wrap,2,2
2026-03-12 07:45:00,delivery,hash_brown,1,1
2026-03-12 08:00:00,counter,breakfast_wrap,2,1
2026-03-12 08:00:00,counter,hash_brown,3,2
2026-03-12 08:15:00,counter,breakfast_wrap,3,3
2026-03-12 08:15:00,drive_thru,breakfast_wrap,2,1
2026-03-12 08:30:00,delivery,breakfast_wrap,3,2
2026-03-12 08:45:00,counter,breakfast_wrap,1,1
2026-03-12 08:45:00,counter,hash_brown,2,2
2026-03-12 08:45:00,drive_thru,breakfast_wrap,4,3
2026-03-12 08:45:00,drive_thru,hash_brown,1,1
2026-03-12 09:00:00,counter,breakfast_wrap,3,3
2026-03-12 09:00:00,counter,hash_brown,4,3
2026-03-12 09:00:00,delivery,hash_brown,2,1
2026-03-12 09:00:00,drive_thru,breakfast_wrap,1,1
2026-03-12 09:00:00,drive_thru,hash_brown,1,1
2026-03-12 09:15:00,delivery,breakfast_wrap,1,1
2026-03-12 09:15:00,drive_thru,breakfast_wrap,4,3
2026-03-12 09:30:00,counter,breakfast_wrap,3,2
2026-03-12 09:30:00,counter,hash_brown,3,2
2026-03-12 09:30:00,drive_thru,breakfast_wrap,1,1
2026-03-12 09:45:00,counter,breakfast_wrap,3,2
2026-03-12 09:45:00,counter,hash_brown,2,1
2026-03-12 09:45:00,delivery,breakfast_wrap,2,1
2026-03-12 09:45:00,drive_thru,breakfast_wrap,1,1
2026-03-12 09:45:00,drive_thru,hash_brown,3,2
2026-03-12 10:00:00,drive_thru,breakfast_wrap,1,1
2026-03-12 10:15:00,counter,breakfast_wrap,1,1
2026-03-12 10:15:00,delivery,breakfast_wrap,2,2
2026-03-12 10:15:00,delivery,hash_brown,2,2
2026-03-12 10:30:00,counter,breakfast_wrap,1,1
2026-03-12 10:30:00,counter,hash_brown,3,1
2026-03-12 10:30:00,delivery,breakfast_wrap,1,1
2026-03-12 10:30:00,drive_thru,breakfast_wrap,1,1
2026-03-12 10:45:00,counter,breakfast_wrap,1,1
2026-03-12 10:45:00,counter,hash_brown,1,1
2026-03-12 11:00:00,drive_thru,chicken_tenders,2,1
2026-03-12 11:00:00,drive_thru,fries,2,1
2026-03-12 11:15:00,drive_thru,chicken_tenders,1,1
2026-03-12 11:15:00,drive_thru,fries,3,1
2026-03-12 11:30:00,drive_thru,fries,3,2
2026-03-12 11:45:00,counter,chicken_tenders,3,2
2026-03-12 11:45:00,delivery,chicken_tenders,1,1
2026-03-12 11:45:00,delivery,fries,1,1
2026-03-12 11:45:00,drive_thru,chicken_tenders,2,1
2026-03-12 12:00:00,counter,fries,1,1
2026-03-12 12:00:00,delivery,chicken_tenders,2,2
2026-03-12 12:00:00,delivery,fries,3,2
2026-03-12 12:00:00,drive_thru,chicken_tenders,1,1
2026-03-12 12:00:00,drive_thru,fries,1,1
2026-03-12 12:15:00,counter,chicken_tenders,1,1
2026-03-12 12:15:00,counter,fries,1,1
2026-03-12 12:15:00,delivery,fries,1,1
2026-03-12 12:15:00,drive_thru,fries,1,1
2026-03-12 12:30:00,counter,chicken_tenders,3,2
2026-03-12 12:30:00,counter,fries,4,3
2026-03-12 12:30:00,delivery,chicken_tenders,2,2
2026-03-12 12:30:00,drive_thru,chicken_tenders,2,2
2026-03-12 12:30:00,drive_thru,fries,2,2
2026-03-12 12:45:00,counter,chicken_tenders,2,2
2026-03-12 12:45:00,counter,fries,3,2
2026-03-12 12:45:00,delivery,chicken_tenders,1,1
2026-03-12 12:45:00,drive_thru,fries,1,1
2026-03-12 13:00:00,counter,chicken_tenders,1,1
2026-03-12 13:00:00,counter,fries,1,1
2026-03-12 13:00:00,delivery,chicken_tenders,2,2
2026-03-12 13:00:00,drive_thru,chicken_tenders,1,1
2026-03-12 13:00:00,drive_thru,fries,1,1
2026-03-12 13:15:00,counter,chicken_tenders,5,2
2026-03-12 13:15:00,counter,fries,5,3
2026-03-12 13:15:00,delivery,chicken_tenders,1,1
2026-03-12 13:15:00,drive_thru,chicken_tenders,1,1
2026-03-12 13:15:00,drive_thru,fries,3,2
2026-03-12 13:30:00,counter,chicken_tenders,3,2
2026-03-12 13:30:00,delivery,chicken_tenders,3,2
2026-03-12 13:30:00,delivery,fries,3,1
2026-03-12 13:30:00,drive_thru,chicken_tenders,2,2
2026-03-12 13:30:00,drive_thru,fries,2,1
2026-03-12 13:45:00,delivery,chicken_tenders,4,3
2026-03-12 13:45:00,delivery,fries,1,1
2026-03-12 14:00:00,counter,chicken_tenders,1,1
2026-03-12 14:00:00,counter,fries,1,1
2026-03-12 14:00:00,delivery,fries,2,1
2026-03-12 14:15:00,counter,chicken_tenders,2,1
2026-03-12 14:15:00,counter,fries,1,1
2026-03-12 14:45:00,counter,chicken_tenders,2,1
2026-03-12 14:45:00,drive_thru,chicken_tenders,2,2
2026-03-12 15:00:00,counter,chicken_tenders,2,1
2026-03-12 15:00:00,delivery,fries,1,1
2026-03-12 15:00:00,drive_thru,chicken_tenders,2,1
2026-03-12 15:45:00,drive_thru,chicken_tenders,1,1
2026-03-12 15:45:00,drive_thru,fries,1,1
2026-03-12 16:00:00,counter,fries,1,1
2026-03-12 16:00:00,drive_thru,chicken_tenders,3,1
2026-03-12 16:15:00,drive_thru,fries,1,1
2026-03-12 16:30:00,counter,fries,1,1
2026-03-12 16:30:00,drive_thru,chicken_tenders,1,1
2026-03-12 16:45:00,delivery,chicken_tenders,1,1
2026-03-12 17:00:00,counter,fries,1,1
2026-03-12 17:00:00,drive_thru,fries,2,1
2026-03-12 17:15:00,counter,chicken_tenders,1,1
2026-03-12 17:15:00,counter,fries,1,1
2026-03-12 17:15:00,delivery,fries,4,2
2026-03-12 17:15:00,drive_thru,fries,4,2
2026-03-12 17:30:00,counter,chicken_tenders,4,2
2026-03-12 17:30:00,delivery,chicken_tenders,1,1
2026-03-12 17:45:00,counter,chicken_tenders,2,1
2026-03-12 17:45:00,counter,fries,1,1
2026-03-12 17:45:00,delivery,fries,2,1
2026-03-12 17:45:00,drive_thru,fries,2,1
2026-03-12 18:00:00,counter,chicken_tenders,1,1
2026-03-12 18:00:00,drive_thru,chicken_tenders,3,1
2026-03-12 18:00:00,drive_thru,fries,2,2
2026-03-12 18:15:00,counter,fries,2,1
2026-03-12 18:15:00,drive_thru,fries,3,2
2026-03-12 18:30:00,counter,chicken_tenders,1,1
2026-03-12 18:30:00,counter,fries,1,1
2026-03-12 18:30:00,delivery,fries,2,1
2026-03-12 18:30:00,drive_thru,chicken_tenders,4,2
2026-03-12 18:30:00,drive_thru,fries,1,1
2026-03-12 18:45:00,counter,chicken_tenders,1,1
2026-03-12 18:45:00,delivery,fries,1,1
2026-03-12 19:00:00,counter,chicken_tenders,3,2
2026-03-12 19:00:00,counter,fries,1,1
2026-03-12 19:00:00,drive_thru,chicken_tenders,1,1
2026-03-12 19:15:00,counter,chicken_tenders,2,2
2026-03-12 19:15:00,counter,fries,5,3
2026-03-12 19:15:00,delivery,chicken_tenders,1,1
2026-03-12 19:15:00,delivery,fries,3,1
2026-03-12 19:30:00,counter,chicken_tenders,1,1
2026-03-12 19:30:00,counter,fries,1,1
2026-03-12 19:45:00,counter,chicken_tenders,1,1
2026-03-12 19:45:00,counter,fries,2,1
2026-03-12 19:45:00,delivery,fries,1,1
2026-03-12 19:45:00,drive_thru,chicken_tenders,1,1
2026-03-12 19:45:00,drive_thru,fries,1,1
2026-03-12 20:00:00,delivery,chicken_tenders,2,1
2026-03-12 20:15:00,counter,chicken_tenders,1,1
2026-03-12 20:15:00,counter,fries,3,2
2026-03-12 20:15:00,drive_thru,chicken_tenders,1,1
2026-03-12 20:30:00,counter,chicken_tenders,1,1
2026-03-12 20:30:00,delivery,fries,1,1
2026-03-12 20:45:00,counter,fries,2,1
2026-03-12 21:00:00,counter,chicken_tenders,1,1
2026-03-12 21:15:00,counter,chicken_tenders,1,1
2026-03-12 21:15:00,drive_thru,chicken_tenders,1,1
2026-03-12 21:30:00,counter,chicken_tenders,1,1
2026-03-12 21:30:00,delivery,chicken_tenders,1,1
2026-03-12 21:45:00,delivery,chicken_tenders,1,1
2026-03-13 06:00:00,drive_thru,hash_brown,1,1
2026-03-13 06:15:00,delivery,hash_brown,1,1
2026-03-13 06:15:00,drive_thru,breakfast_wrap,1,1
2026-03-13 06:30:00,drive_thru,breakfast_wrap,2,2
2026-03-13 06:30:00,drive_thru,hash_brown,3,2
2026-03-13 06:45:00,counter,breakfast_wrap,1,1
2026-03-13 06:45:00,delivery,breakfast_wrap,1,1
2026-03-13 07:00:00,counter,breakfast_wrap,5,3
2026-03-13 07:00:00,counter,hash_brown,1,1
2026-03-13 07:00:00,drive_thru,hash_brown,4,2
2026-03-13 07:15:00,delivery,breakfast_wrap,1,1
2026-03-13 07:15:00,delivery,hash_brown,1,1
2026-03-13 07:15:00,drive_thru,hash_brown,1,1
2026-03-13 07:30:00,counter,breakfast_wrap,1,1
2026-03-13 07:30:00,counter,hash_brown,4,2
2026-03-13 07:30:00,delivery,breakfast_wrap,2,1
2026-03-13 07:30:00,drive_thru,breakfast_wrap,1,1
2026-03-13 07:30:00,drive_thru,hash_brown,1,1
2026-03-13 07:45:00,counter,breakfast_wrap,3,3
2026-03-13 07:45:00,delivery,breakfast_wrap,1,1
2026-03-13 08:00:00,counter,breakfast_wrap,6,4
2026-03-13 08:00:00,counter,hash_brown,1,1
2026-03-13 08:00:00,delivery,breakfast_wrap,1,1
2026-03-13 08:00:00,drive_thru,breakfast_wrap,2,1
2026-03-13 08:00:00,drive_thru,hash_brown,1,1
2026-03-13 08:15:00,counter,breakfast_wrap,1,1
2026-03-13 08:15:00,counter,hash_brown,1,1
2026-03-13 08:15:00,drive_thru,breakfast_wrap,1,1
2026-03-13 08:30:00,delivery,breakfast_wrap,1,1
2026-03-13 08:30:00,drive_thru,breakfast_wrap,3,2
2026-03-13 08:30:00,drive_thru,hash_brown,2,2
2026-03-13 08:45:00,counter,breakfast_wrap,2,1
2026-03-13 08:45:00,counter,hash_brown,2,1
2026-03-13 08:45:00,delivery,hash_brown,4,2
2026-03-13 08:45:00,drive_thru,hash_brown,1,1
2026-03-13 09:00:00,counter,breakfast_wrap,2,1
2026-03-13 09:00:00,counter,hash_brown,2,2
2026-03-13 09:00:00,delivery,breakfast_wrap,2,1
2026-03-13 09:00:00,drive_thru,hash_brown,1,1
2026-03-13 09:15:00,counter,breakfast_wrap,2,2
2026-03-13 09:15:00,counter,hash_brown,2,2
2026-03-13 09:15:00,delivery,breakfast_wrap,1,1
2026-03-13 09:15:00,drive_thru,breakfast_wrap,1,1
2026-03-13 09:15:00,drive_thru,hash_brown,1,1
2026-03-13 09:30:00,counter,hash_brown,2,2
2026-03-13 09:30:00,drive_thru,hash_brown,3,2
2026-03-13 09:45:00,counter,hash_brown,2,1
2026-03-13 09:45:00,delivery,breakfast_wrap,3,1
2026-03-13 09:45:00,delivery,hash_brown,3,1
2026-03-13 09:45:00,drive_thru,hash_brown,1,1
2026-03-13 10:00:00,counter,breakfast_wrap,1,1
2026-03-13 10:00:00,counter,hash_brown,4,3
2026-03-13 10:00:00,delivery,breakfast_wrap,1,1
2026-03-13 10:15:00,delivery,breakfast_wrap,1,1
2026-03-13 10:15:00,drive_thru,hash_brown,1,1
2026-03-13 10:45:00,counter,breakfast_wrap,1,1
2026-03-13 10:45:00,delivery,breakfast_wrap,2,1
2026-03-13 10:45:00,delivery,hash_brown,1,1
2026-03-13 11:00:00,counter,chicken_tenders,1,1
2026-03-13 11:00:00,counter,fries,4,2
2026-03-13 11:00:00,drive_thru,chicken_tenders,1,1
2026-03-13 11:15:00,counter,chicken_tenders,3,2
2026-03-13 11:15:00,counter,fries,1,1
2026-03-13 11:15:00,drive_thru,fries,2,1
2026-03-13 11:30:00,counter,fries,1,1
2026-03-13 11:45:00,counter,chicken_tenders,4,2
2026-03-13 11:45:00,drive_thru,chicken_tenders,1,1
2026-03-13 12:00:00,delivery,fries,2,2
2026-03-13 12:15:00,counter,chicken_tenders,2,2
2026-03-13 12:15:00,delivery,chicken_tenders,1,1
2026-03-13 12:15:00,delivery,fries,3,2
2026-03-13 12:15:00,drive_thru,chicken_tenders,3,2
2026-03-13 12:15:00,drive_thru,fries,1,1
2026-03-13 12:30:00,counter,chicken_tenders,1,1
2026-03-13 12:30:00,counter,fries,2,1
2026-03-13 12:30:00,delivery,chicken_tenders,1,1
2026-03-13 12:30:00,delivery,fries,1,1
2026-03-13 12:30:00,drive_thru,chicken_tenders,4,4
2026-03-13 12:30:00,drive_thru,fries,2,1
2026-03-13 12:45:00,counter,chicken_tenders,6,3
2026-03-13 12:45:00,counter,fries,2,1
2026-03-13 12:45:00,drive_thru,chicken_tenders,1,1
2026-03-13 12:45:00,drive_thru,fries,2,1
2026-03-13 13:00:00,counter,fries,1,1
2026-03-13 13:00:00,delivery,chicken_tenders,1,1
2026-03-13 13:00:00,delivery,fries,2,2
2026-03-13 13:00:00,drive_thru,chicken_tenders,1,1
2026-03-13 13:15:00,counter,chicken_tenders,1,1
2026-03-13 13:15:00,counter,fries,1,1
2026-03-13 13:15:00,delivery,chicken_tenders,1,1
2026-03-13 13:15:00,drive_thru,chicken_tenders,1,1
2026-03-13 13:30:00,counter,chicken_tenders,1,1
2026-03-13 13:30:00,counter,fries,1,1
2026-03-13 13:30:00,delivery,fries,3,2
2026-03-13 13:30:00,drive_thru,chicken_tenders,2,2
2026-03-13 13:30:00,drive_thru,fries,3,2
2026-03-13 13:45:00,counter,chicken_tenders,1,1
2026-03-13 13:45:00,counter,fries,2,1
2026-03-13 13:45:00,drive_thru,chicken_tenders,3,2
2026-03-13 13:45:00,drive_thru,fries,2,2
2026-03-13 14:00:00,counter,chicken_tenders,2,2
2026-03-13 14:00:00,counter,fries,1,1
2026-03-13 14:15:00,drive_thru,fries,1,1
2026-03-13 14:30:00,delivery,fries,1,1
2026-03-13 14:45:00,drive_thru,fries,3,2
2026-03-13 15:00:00,counter,fries,1,1
2026-03-13 15:00:00,delivery,chicken_tenders,1,1
2026-03-13 15:00:00,delivery,fries,1,1
2026-03-13 15:00:00,drive_thru,chicken_tenders,1,1
2026-03-13 15:15:00,delivery,chicken_tenders,2,1
2026-03-13 16:00:00,counter,chicken_tenders,1,1
2026-03-13 16:00:00,counter,fries,1,1
2026-03-13 16:00:00,delivery,fries,2,1
2026-03-13 16:15:00,counter,chicken_tenders,1,1
2026-03-13 16:30:00,counter,fries,1,1
2026-03-13 16:45:00,counter,chicken_tenders,1,1
2026-03-13 16:45:00,drive_thru,chicken_tenders,2,1
2026-03-13 17:00:00,counter,chicken_tenders,1,1
2026-03-13 17:00:00,counter,fries,1,1
2026-03-13 17:00:00,delivery,chicken_tenders,1,1
2026-03-13 17:00:00,delivery,fries,2,1
2026-03-13 17:15:00,drive_thru,chicken_tenders,3,2
2026-03-13 17:30:00,counter,fries,2,2
2026-03-13 17:30:00,delivery,chicken_tenders,1,1
2026-03-13 17:30:00,drive_thru,chicken_tenders,1,1
2026-03-13 17:30:00,drive_thru,fries,2,2
2026-03-13 17:45:00,delivery,chicken_tenders,2,2
2026-03-13 17:45:00,delivery,fries,4,4
2026-03-13 18:00:00,counter,fries,4,3
2026-03-13 18:00:00,delivery,chicken_tenders,1,1
2026-03-13 18:15:00,delivery,chicken_tenders,3,2
2026-03-13 18:15:00,drive_thru,chicken_tenders,3,2
2026-03-13 18:30:00,counter,chicken_tenders,2,1
2026-03-13 18:30:00,drive_thru,fries,2,1
2026-03-13 18:45:00,counter,chicken_tenders,2,1
2026-03-13 18:45:00,drive_thru,fries,1,1
2026-03-13 19:00:00,counter,chicken_tenders,3,2
2026-03-13 19:00:00,counter,fries,3,3
2026-03-13 19:00:00,delivery,fries,3,1
2026-03-13 19:00:00,drive_thru,chicken_tenders,5,2
2026-03-13 19:00:00,drive_thru,fries,2,2
2026-03-13 19:15:00,counter,chicken_tenders,2,2
2026-03-13 19:15:00,counter,fries,3,3
2026-03-13 19:15:00,delivery,chicken_tenders,1,1
2026-03-13 19:15:00,delivery,fries,6,3
2026-03-13 19:15:00,drive_thru,chicken_tenders,2,2
2026-03-13 19:15:00,drive_thru,fries,3,3
2026-03-13 19:30:00,counter,chicken_tenders,1,1
2026-03-13 19:30:00,counter,fries,2,1
2026-03-13 19:30:00,delivery,chicken_tenders,1,1
2026-03-13 19:30:00,delivery,fries,2,2
2026-03-13 19:30:00,drive_thru,chicken_tenders,1,1
2026-03-13 19:30:00,drive_thru,fries,2,2
2026-03-13 19:45:00,counter,chicken_tenders,1,1
2026-03-13 19:45:00,counter,fries,4,4
2026-03-13 19:45:00,delivery,fries,1,1
2026-03-13 19:45:00,drive_thru,chicken_tenders,3,3
2026-03-13 19:45:00,drive_thru,fries,2,2
2026-03-13 20:00:00,delivery,fries,1,1
2026-03-13 20:15:00,counter,chicken_tenders,3,2
2026-03-13 20:15:00,counter,fries,4,4
2026-03-13 20:15:00,drive_thru,fries,4,2
2026-03-13 20:30:00,delivery,chicken_tenders,1,1
2026-03-13 20:45:00,counter,chicken_tenders,1,1
2026-03-13 20:45:00,drive_thru,fries,2,1
2026-03-13 21:00:00,delivery,chicken_tenders,1,1
2026-03-13 21:00:00,drive_thru,fries,5,3
2026-03-13 21:15:00,counter,fries,1,1
2026-03-13 21:30:00,counter,fries,3,2
2026-03-13 21:45:00,drive_thru,chicken_tenders,1,1
2026-03-14 06:00:00,counter,breakfast_wrap,2,2
2026-03-14 06:00:00,counter,hash_brown,2,2
2026-03-14 06:00:00,delivery,breakfast_wrap,1,1
2026-03-14 06:00:00,delivery,hash_brown,1,1
2026-03-14 06:15:00,counter,hash_brown,2,1
2026-03-14 06:15:00,drive_thru,hash_brown,3,2
2026-03-14 06:30:00,drive_thru,breakfast_wrap,2,1
2026-03-14 06:45:00,counter,hash_brown,3,1
2026-03-14 06:45:00,drive_thru,breakfast_wrap,2,1
2026-03-14 06:45:00,drive_thru,hash_brown,3,2
2026-03-14 07:00:00,counter,breakfast_wrap,3,2
2026-03-14 07:00:00,delivery,hash_brown,1,1
2026-03-14 07:15:00,counter,breakfast_wrap,7,4
2026-03-14 07:15:00,counter,hash_brown,1,1
2026-03-14 07:15:00,delivery,breakfast_wrap,1,1
2026-03-14 07:15:00,delivery,hash_brown,2,1
2026-03-14 07:15:00,drive_thru,breakfast_wrap,1,1
2026-03-14 07:30:00,counter,breakfast_wrap,5,3
2026-03-14 07:30:00,delivery,breakfast_wrap,4,4
2026-03-14 07:30:00,delivery,hash_brown,2,2
2026-03-14 07:30:00,drive_thru,hash_brown,2,1
2026-03-14 07:45:00,counter,breakfast_wrap,2,1
2026-03-14 07:45:00,counter,hash_brown,2,1
2026-03-14 07:45:00,delivery,breakfast_wrap,1,1
2026-03-14 07:45:00,delivery,hash_brown,1,1
2026-03-14 08:00:00,counter,breakfast_wrap,2,2
2026-03-14 08:00:00,counter,hash_brown,2,2
2026-03-14 08:00:00,drive_thru,breakfast_wrap,5,3
2026-03-14 08:00:00,drive_thru,hash_brown,2,2
2026-03-14 08:15:00,counter,breakfast_wrap,1,1
2026-03-14 08:15:00,counter,hash_brown,3,2
2026-03-14 08:15:00,delivery,breakfast_wrap,3,2
2026-03-14 08:15:00,delivery,hash_brown,1,1
2026-03-14 08:15:00,drive_thru,hash_brown,2,1
2026-03-14 08:30:00,counter,breakfast_wrap,4,2
2026-03-14 08:30:00,counter,hash_brown,1,1
2026-03-14 08:30:00,delivery,breakfast_wrap,1,1
2026-03-14 08:30:00,drive_thru,breakfast_wrap,5,3
2026-03-14 08:30:00,drive_thru,hash_brown,1,1
2026-03-14 08:45:00,counter,hash_brown,2,1
2026-03-14 08:45:00,delivery,breakfast_wrap,3,2
2026-03-14 08:45:00,delivery,hash_brown,4,2
2026-03-14 09:00:00,counter,breakfast_wrap,8,5
2026-03-14 09:00:00,counter,hash_brown,5,4
2026-03-14 09:00:00,delivery,breakfast_wrap,3,2
2026-03-14 09:00:00,delivery,hash_brown,1,1
2026-03-14 09:15:00,counter,breakfast_wrap,3,2
2026-03-14 09:15:00,counter,hash_brown,5,4
2026-03-14 09:15:00,delivery,breakfast_wrap,1,1
2026-03-14 09:15:00,drive_thru,hash_brown,3,3
2026-03-14 09:30:00,counter,breakfast_wrap,6,4
2026-03-14 09:30:00,counter,hash_brown,4,2
2026-03-14 09:30:00,delivery,breakfast_wrap,1,1
2026-03-14 09:30:00,drive_thru,breakfast_wrap,1,1
2026-03-14 09:30:00,drive_thru,hash_brown,5,4
2026-03-14 09:45:00,counter,breakfast_wrap,1,1
2026-03-14 09:45:00,delivery,hash_brown,5,4
2026-03-14 09:45:00,drive_thru,breakfast_wrap,2,1
2026-03-14 10:00:00,counter,breakfast_wrap,3,2
2026-03-14 10:00:00,counter,hash_brown,1,1
2026-03-14 10:00:00,delivery,breakfast_wrap,4,3
2026-03-14 10:15:00,delivery,breakfast_wrap,3,1
2026-03-14 10:15:00,drive_thru,breakfast_wrap,1,1
2026-03-14 10:30:00,delivery,hash_brown,2,1
2026-03-14 10:45:00,counter,hash_brown,1,1
2026-03-14 10:45:00,drive_thru,breakfast_wrap,3,1
2026-03-14 11:00:00,counter,chicken_tenders,3,1
2026-03-14 11:00:00,delivery,chicken_tenders,1,1
2026-03-14 11:00:00,delivery,fries,1,1
2026-03-14 11:00:00,drive_thru,chicken_tenders,1,1
2026-03-14 11:15:00,delivery,chicken_tenders,2,1
2026-03-14 11:30:00,counter,fries,1,1
2026-03-14 11:30:00,drive_thru,fries,3,2
2026-03-14 11:45:00,delivery,fries,2,1
2026-03-14 12:00:00,counter,chicken_tenders,1,1
2026-03-14 12:00:00,counter,fries,2,2
2026-03-14 12:00:00,delivery,chicken_tenders,1,1
2026-03-14 12:00:00,delivery,fries,1,1
2026-03-14 12:00:00,drive_thru,chicken_tenders,2,2
2026-03-14 12:00:00,drive_thru,fries,2,2
2026-03-14 12:15:00,counter,fries,1,1
2026-03-14 12:15:00,delivery,fries,1,1
2026-03-14 12:15:00,drive_thru,fries,2,2
2026-03-14 12:30:00,counter,chicken_tenders,5,3
2026-03-14 12:30:00,counter,fries,3,2
2026-03-14 12:30:00,delivery,chicken_tenders,1,1
2026-03-14 12:30:00,delivery,fries,2,2
2026-03-14 12:30:00,drive_thru,fries,3,2
2026-03-14 12:45:00,counter,chicken_tenders,2,2
2026-03-14 12:45:00,counter,fries,1,1
2026-03-14 12:45:00,delivery,chicken_tenders,7,4
2026-03-14 12:45:00,delivery,fries,1,1
2026-03-14 12:45:00,drive_thru,chicken_tenders,1,1
2026-03-14 12:45:00,drive_thru,fries,2,1
2026-03-14 13:00:00,counter,chicken_tenders,1,1
2026-03-14 13:00:00,counter,fries,2,2
2026-03-14 13:00:00,delivery,chicken_tenders,1,1
2026-03-14 13:00:00,drive_thru,fries,6,4
2026-03-14 13:15:00,counter,chicken_tenders,6,3
2026-03-14 13:15:00,counter,fries,3,2
2026-03-14 13:15:00,delivery,chicken_tenders,2,2
2026-03-14 13:15:00,delivery,fries,2,1
2026-03-14 13:15:00,drive_thru,chicken_tenders,5,3
2026-03-14 13:30:00,counter,fries,1,1
2026-03-14 13:30:00,drive_thru,chicken_tenders,4,4
2026-03-14 13:30:00,drive_thru,fries,3,3
2026-03-14 13:45:00,counter,chicken_tenders,1,1
2026-03-14 13:45:00,counter,fries,2,2
2026-03-14 13:45:00,delivery,chicken_tenders,7,4
2026-03-14 13:45:00,delivery,fries,1,1
2026-03-14 14:00:00,delivery,chicken_tenders,1,1
2026-03-14 14:00:00,drive_thru,chicken_tenders,2,2
2026-03-14 14:00:00,drive_thru,fries,1,1
2026-03-14 14:15:00,delivery,chicken_tenders,2,2
2026-03-14 14:15:00,delivery,fries,1,1
2026-03-14 14:30:00,counter,chicken_tenders,1,1
2026-03-14 14:30:00,delivery,fries,1,1
2026-03-14 14:45:00,counter,fries,1,1
2026-03-14 14:45:00,drive_thru,chicken_tenders,1,1
2026-03-14 15:15:00,counter,chicken_tenders,3,2
2026-03-14 15:15:00,counter,fries,1,1
2026-03-14 15:15:00,delivery,chicken_tenders,1,1
2026-03-14 15:30:00,counter,chicken_tenders,2,1
2026-03-14 15:30:00,counter,fries,2,2
2026-03-14 15:45:00,counter,chicken_tenders,5,5
2026-03-14 15:45:00,counter,fries,3,3
2026-03-14 15:45:00,drive_thru,chicken_tenders,1,1
2026-03-14 16:00:00,counter,fries,2,1
2026-03-14 16:00:00,drive_thru,fries,3,2
2026-03-14 16:15:00,counter,fries,3,2
2026-03-14 16:30:00,counter,chicken_tenders,3,2
2026-03-14 16:30:00,counter,fries,3,2
2026-03-14 16:30:00,delivery,fries,1,1
2026-03-14 16:45:00,counter,fries,2,1
2026-03-14 16:45:00,delivery,chicken_tenders,2,1
2026-03-14 16:45:00,delivery,fries,1,1
2026-03-14 16:45:00,drive_thru,chicken_tenders,1,1
2026-03-14 17:15:00,counter,chicken_tenders,3,3
2026-03-14 17:15:00,delivery,fries,4,2
2026-03-14 17:30:00,delivery,chicken_tenders,3,2
2026-03-14 17:30:00,delivery,fries,1,1
2026-03-14 17:45:00,counter,fries,1,1
2026-03-14 17:45:00,delivery,chicken_tenders,1,1
2026-03-14 17:45:00,delivery,fries,2,1
2026-03-14 18:00:00,counter,chicken_tenders,1,1
2026-03-14 18:00:00,delivery,chicken_tenders,1,1
2026-03-14 18:00:00,delivery,fries,1,1
2026-03-14 18:00:00,drive_thru,chicken_tenders,1,1
2026-03-14 18:00:00,drive_thru,fries,1,1
2026-03-14 18:15:00,delivery,chicken_tenders,1,1
2026-03-14 18:15:00,delivery,fries,4,2
2026-03-14 18:30:00,counter,chicken_tenders,3,2
2026-03-14 18:30:00,counter,fries,3,3
2026-03-14 18:30:00,delivery,fries,3,2
2026-03-14 18:30:00,drive_thru,chicken_tenders,2,1
2026-03-14 18:45:00,drive_thru,chicken_tenders,1,1
2026-03-14 18:45:00,drive_thru,fries,3,3
2026-03-14 19:00:00,counter,chicken_tenders,4,4
2026-03-14 19:00:00,counter,fries,3,2
2026-03-14 19:00:00,delivery,chicken_tenders,1,1
2026-03-14 19:00:00,delivery,fries,2,2
2026-03-14 19:00:00,drive_thru,chicken_tenders,3,1
2026-03-14 19:00:00,drive_thru,fries,3,3
2026-03-14 19:15:00,counter,chicken_tenders,5,3
2026-03-14 19:15:00,counter,fries,2,1
2026-03-14 19:30:00,counter,chicken_tenders,2,1
2026-03-14 19:30:00,counter,fries,3,3
2026-03-14 19:30:00,delivery,fries,1,1
2026-03-14 19:30:00,drive_thru,fries,1,1
2026-03-14 19:45:00,counter,chicken_tenders,3,3
2026-03-14 19:45:00,counter,fries,5,4
2026-03-14 19:45:00,drive_thru,chicken_tenders,1,1
2026-03-14 19:45:00,drive_thru,fries,2,1
2026-03-14 20:00:00,drive_thru,chicken_tenders,5,3
2026-03-14 20:15:00,counter,chicken_tenders,2,1
2026-03-14 20:15:00,counter,fries,2,1
2026-03-14 20:15:00,drive_thru,chicken_tenders,1,1
2026-03-14 20:30:00,delivery,chicken_tenders,2,1
2026-03-14 20:30:00,drive_thru,fries,2,2
2026-03-14 20:45:00,counter,fries,1,1
2026-03-14 20:45:00,drive_thru,chicken_tenders,1,1
2026-03-14 20:45:00,drive_thru,fries,2,2
2026-03-14 21:15:00,counter,chicken_tenders,3,1
2026-03-14 21:30:00,counter,chicken_tenders,1,1
2026-03-14 21:30:00,counter,fries,1,1
2026-03-14 21:45:00,counter,chicken_tenders,4,2
2026-03-14 21:45:00,counter,fries,1,1
2026-03-14 22:00:00,delivery,chicken_tenders,2,1
2026-03-14 22:00:00,delivery,fries,1,1
2026-03-15 06:00:00,counter,breakfast_wrap,1,1
2026-03-15 06:00:00,counter,hash_brown,2,2
2026-03-15 06:00:00,drive_thru,breakfast_wrap,1,1
2026-03-15 06:00:00,drive_thru,hash_brown,3,2
2026-03-15 06:15:00,counter,hash_brown,1,1
2026-03-15 06:15:00,drive_thru,breakfast_wrap,1,1
2026-03-15 06:30:00,counter,breakfast_wrap,1,1
2026-03-15 06:30:00,drive_thru,breakfast_wrap,2,2
2026-03-15 06:30:00,drive_thru,hash_brown,1,1
2026-03-15 06:45:00,counter,breakfast_wrap,2,1
2026-03-15 06:45:00,counter,hash_brown,1,1
2026-03-15 07:00:00,counter,breakfast_wrap,1,1
2026-03-15 07:00:00,counter,hash_brown,1,1
2026-03-15 07:00:00,delivery,breakfast_wrap,3,1
2026-03-15 07:00:00,drive_thru,breakfast_wrap,1,1
2026-03-15 07:00:00,drive_thru,hash_brown,1,1
2026-03-15 07:15:00,counter,breakfast_wrap,4,3
2026-03-15 07:15:00,drive_thru,breakfast_wrap,3,1
2026-03-15 07:30:00,counter,breakfast_wrap,1,1
2026-03-15 07:30:00,counter,hash_brown,2,1
2026-03-15 07:30:00,delivery,hash_brown,1,1
2026-03-15 07:45:00,counter,breakfast_wrap,2,2
2026-03-15 07:45:00,counter,hash_brown,3,3
2026-03-15 07:45:00,delivery,breakfast_wrap,2,1
2026-03-15 07:45:00,drive_thru,breakfast_wrap,2,1
2026-03-15 07:45:00,drive_thru,hash_brown,2,1
2026-03-15 08:00:00,counter,breakfast_wrap,1,1
2026-03-15 08:00:00,delivery,hash_brown,2,1
2026-03-15 08:00:00,drive_thru,breakfast_wrap,4,3
2026-03-15 08:00:00,drive_thru,hash_brown,2,1
2026-03-15 08:15:00,counter,breakfast_wrap,1,1
2026-03-15 08:15:00,counter,hash_brown,2,2
2026-03-15 08:15:00,delivery,breakfast_wrap,4,2
2026-03-15 08:15:00,drive_thru,breakfast_wrap,4,2
2026-03-15 08:15:00,drive_thru,hash_brown,3,2
2026-03-15 08:30:00,counter,breakfast_wrap,1,1
2026-03-15 08:30:00,delivery,breakfast_wrap,2,2
2026-03-15 08:30:00,delivery,hash_brown,2,2
2026-03-15 08:30:00,drive_thru,breakfast_wrap,1,1
2026-03-15 08:30:00,drive_thru,hash_brown,2,1
2026-03-15 08:45:00,counter,breakfast_wrap,2,2
2026-03-15 08:45:00,counter,hash_brown,3,2
2026-03-15 08:45:00,delivery,breakfast_wrap,1,1
2026-03-15 08:45:00,delivery,hash_brown,3,2
2026-03-15 08:45:00,drive_thru,breakfast_wrap,3,2
2026-03-15 08:45:00,drive_thru,hash_brown,1,1
2026-03-15 09:00:00,counter,hash_brown,1,1
2026-03-15 09:00:00,delivery,breakfast_wrap,1,1
2026-03-15 09:00:00,drive_thru,breakfast_wrap,1,1
2026-03-15 09:00:00,drive_thru,hash_brown,2,2
2026-03-15 09:15:00,counter,breakfast_wrap,2,2
2026-03-15 09:15:00,counter,hash_brown,1,1
2026-03-15 09:15:00,delivery,hash_brown,1,1
2026-03-15 09:15:00,drive_thru,breakfast_wrap,2,2
2026-03-15 09:15:00,drive_thru,hash_brown,1,1
2026-03-15 09:30:00,counter,breakfast_wrap,3,2
2026-03-15 09:30:00,counter,hash_brown,2,2
2026-03-15 09:30:00,delivery,breakfast_wrap,2,1
2026-03-15 09:30:00,delivery,hash_brown,1,1
2026-03-15 09:30:00,drive_thru,breakfast_wrap,1,1
2026-03-15 09:30:00,drive_thru,hash_brown,1,1
2026-03-15 09:45:00,counter,breakfast_wrap,2,2
2026-03-15 09:45:00,counter,hash_brown,2,1
2026-03-15 09:45:00,delivery,breakfast_wrap,1,1
2026-03-15 09:45:00,drive_thru,hash_brown,3,3
2026-03-15 10:00:00,counter,breakfast_wrap,1,1
2026-03-15 10:00:00,delivery,breakfast_wrap,1,1
2026-03-15 10:15:00,counter,hash_brown,1,1
2026-03-15 10:15:00,delivery,breakfast_wrap,3,2
2026-03-15 10:30:00,counter,breakfast_wrap,1,1
2026-03-15 10:30:00,counter,hash_brown,2,2
2026-03-15 10:30:00,delivery,breakfast_wrap,1,1
2026-03-15 10:30:00,drive_thru,breakfast_wrap,1,1
2026-03-15 10:30:00,drive_thru,hash_brown,1,1
2026-03-15 10:45:00,counter,breakfast_wrap,2,2
2026-03-15 10:45:00,counter,hash_brown,1,1
2026-03-15 11:00:00,counter,chicken_tenders,3,2
2026-03-15 11:00:00,counter,fries,1,1
2026-03-15 11:00:00,delivery,chicken_tenders,1,1
2026-03-15 11:00:00,delivery,fries,1,1
2026-03-15 11:00:00,drive_thru,fries,3,2
2026-03-15 11:15:00,counter,chicken_tenders,2,2
2026-03-15 11:15:00,delivery,fries,1,1
2026-03-15 11:15:00,drive_thru,chicken_tenders,3,1
2026-03-15 11:30:00,counter,chicken_tenders,1,1
2026-03-15 11:30:00,counter,fries,3,3
2026-03-15 11:45:00,drive_thru,chicken_tenders,2,1
2026-03-15 11:45:00,drive_thru,fries,1,1
2026-03-15 12:00:00,counter,chicken_tenders,1,1
2026-03-15 12:00:00,counter,fries,1,1
2026-03-15 12:00:00,delivery,chicken_tenders,8,4
2026-03-15 12:00:00,delivery,fries,1,1
2026-03-15 12:00:00,drive_thru,fries,7,6
2026-03-15 12:15:00,counter,chicken_tenders,4,3
2026-03-15 12:15:00,counter,fries,2,2
2026-03-15 12:15:00,delivery,chicken_tenders,1,1
2026-03-15 12:15:00,drive_thru,chicken_tenders,3,2
2026-03-15 12:15:00,drive_thru,fries,1,1
2026-03-15 12:30:00,counter,chicken_tenders,2,2
2026-03-15 12:30:00,counter,fries,1,1
2026-03-15 12:30:00,drive_thru,chicken_tenders,3,2
2026-03-15 12:30:00,drive_thru,fries,3,3
2026-03-15 12:45:00,counter,chicken_tenders,1,1
2026-03-15 12:45:00,counter,fries,1,1
2026-03-15 12:45:00,drive_thru,chicken_tenders,2,2
2026-03-15 12:45:00,drive_thru,fries,3,3
2026-03-15 13:00:00,delivery,chicken_tenders,2,1
2026-03-15 13:00:00,delivery,fries,2,1
2026-03-15 13:00:00,drive_thru,fries,2,1
2026-03-15 13:15:00,counter,chicken_tenders,2,2
2026-03-15 13:15:00,counter,fries,2,1
2026-03-15 13:15:00,delivery,chicken_tenders,2,2
2026-03-15 13:15:00,delivery,fries,5,3
2026-03-15 13:15:00,drive_thru,chicken_tenders,3,2
2026-03-15 13:15:00,drive_thru,fries,2,1
2026-03-15 13:30:00,counter,chicken_tenders,3,3
2026-03-15 13:30:00,counter,fries,5,4
2026-03-15 13:30:00,delivery,chicken_tenders,2,1
2026-03-15 13:30:00,delivery,fries,2,2
2026-03-15 13:30:00,drive_thru,chicken_tenders,3,3
2026-03-15 13:30:00,drive_thru,fries,1,1
2026-03-15 13:45:00,counter,fries,3,2
2026-03-15 13:45:00,delivery,fries,1,1
2026-03-15 13:45:00,drive_thru,fries,4,2
2026-03-15 14:00:00,counter,chicken_tenders,1,1
2026-03-15 14:00:00,delivery,chicken_tenders,2,2
2026-03-15 14:00:00,delivery,fries,3,2
2026-03-15 14:00:00,drive_thru,chicken_tenders,1,1
2026-03-15 14:15:00,counter,fries,1,1
2026-03-15 14:15:00,delivery,chicken_tenders,3,1
2026-03-15 14:15:00,delivery,fries,2,1
2026-03-15 14:15:00,drive_thru,chicken_tenders,2,1
2026-03-15 14:30:00,counter,fries,1,1
2026-03-15 14:45:00,counter,chicken_tenders,4,3
2026-03-15 14:45:00,counter,fries,2,1
2026-03-15 14:45:00,delivery,chicken_tenders,1,1
2026-03-15 14:45:00,delivery,fries,1,1
2026-03-15 14:45:00,drive_thru,chicken_tenders,2,2
2026-03-15 14:45:00,drive_thru,fries,2,1
2026-03-15 15:00:00,counter,fries,1,1
2026-03-15 15:00:00,delivery,fries,1,1
2026-03-15 15:00:00,drive_thru,chicken_tenders,3,2
2026-03-15 15:00:00,drive_thru,fries,2,2
2026-03-15 15:15:00,counter,chicken_tenders,1,1
2026-03-15 15:15:00,drive_thru,chicken_tenders,5,4
2026-03-15 15:15:00,drive_thru,fries,4,3
2026-03-15 15:45:00,drive_thru,fries,1,1
2026-03-15 16:00:00,counter,chicken_tenders,2,1
2026-03-15 16:00:00,counter,fries,1,1
2026-03-15 16:00:00,drive_thru,chicken_tenders,1,1
2026-03-15 16:15:00,counter,chicken_tenders,2,1
2026-03-15 16:15:00,counter,fries,1,1
2026-03-15 16:15:00,drive_thru,chicken_tenders,1,1
2026-03-15 16:15:00,drive_thru,fries,1,1
2026-03-15 16:30:00,counter,fries,3,2
2026-03-15 16:30:00,drive_thru,chicken_tenders,2,1
2026-03-15 16:45:00,counter,chicken_tenders,1,1
2026-03-15 16:45:00,counter,fries,3,3
2026-03-15 16:45:00,delivery,chicken_tenders,1,1
2026-03-15 16:45:00,delivery,fries,2,1
2026-03-15 17:00:00,counter,chicken_tenders,2,2
2026-03-15 17:00:00,counter,fries,2,2
2026-03-15 17:00:00,delivery,chicken_tenders,1,1
2026-03-15 17:00:00,drive_thru,chicken_tenders,4,3
2026-03-15 17:00:00,drive_thru,fries,2,1
2026-03-15 17:15:00,counter,chicken_tenders,2,2
2026-03-15 17:15:00,counter,fries,7,5
2026-03-15 17:15:00,delivery,chicken_tenders,1,1
2026-03-15 17:15:00,drive_thru,chicken_tenders,3,2
2026-03-15 17:15:00,drive_thru,fries,1,1
2026-03-15 17:30:00,counter,chicken_tenders,4,3
2026-03-15 17:30:00,counter,fries,3,2
2026-03-15 17:30:00,drive_thru,fries,4,2
2026-03-15 17:45:00,counter,chicken_tenders,2,2
2026-03-15 17:45:00,delivery,chicken_tenders,1,1
2026-03-15 17:45:00,delivery,fries,3,2
2026-03-15 17:45:00,drive_thru,chicken_tenders,3,2
2026-03-15 17:45:00,drive_thru,fries,1,1
2026-03-15 18:00:00,counter,fries,1,1
2026-03-15 18:00:00,delivery,chicken_tenders,2,2
2026-03-15 18:00:00,delivery,fries,1,1
2026-03-15 18:00:00,drive_thru,chicken_tenders,2,2
2026-03-15 18:00:00,drive_thru,fries,2,1
2026-03-15 18:15:00,counter,chicken_tenders,3,2
2026-03-15 18:15:00,counter,fries,3,2
2026-03-15 18:15:00,delivery,fries,1,1
2026-03-15 18:15:00,drive_thru,chicken_tenders,3,2
2026-03-15 18:15:00,drive_thru,fries,3,2
2026-03-15 18:30:00,counter,fries,3,2
2026-03-15 18:30:00,delivery,fries,1,1
2026-03-15 18:30:00,drive_thru,fries,2,1
2026-03-15 18:45:00,counter,chicken_tenders,1,1
2026-03-15 18:45:00,counter,fries,2,1
2026-03-15 18:45:00,drive_thru,fries,2,1
2026-03-15 19:00:00,counter,chicken_tenders,1,1
2026-03-15 19:00:00,counter,fries,1,1
2026-03-15 19:00:00,delivery,chicken_tenders,1,1
2026-03-15 19:00:00,drive_thru,chicken_tenders,1,1
2026-03-15 19:15:00,counter,chicken_tenders,1,1
2026-03-15 19:15:00,delivery,chicken_tenders,4,2
2026-03-15 19:15:00,drive_thru,chicken_tenders,3,2
2026-03-15 19:15:00,drive_thru,fries,2,2
2026-03-15 19:30:00,counter,chicken_tenders,3,2
2026-03-15 19:30:00,counter,fries,7,5
2026-03-15 19:30:00,delivery,fries,1,1
2026-03-15 19:30:00,drive_thru,chicken_tenders,4,2
2026-03-15 19:30:00,drive_thru,fries,1,1
2026-03-15 19:45:00,delivery,chicken_tenders,1,1
2026-03-15 19:45:00,drive_thru,chicken_tenders,2,2
2026-03-15 20:00:00,counter,fries,2,2
2026-03-15 20:00:00,delivery,chicken_tenders,1,1
2026-03-15 20:15:00,counter,chicken_tenders,2,2
2026-03-15 20:15:00,drive_thru,fries,4,2
2026-03-15 20:30:00,counter,chicken_tenders,1,1
2026-03-15 20:45:00,counter,fries,1,1
2026-03-15 20:45:00,delivery,fries,1,1
2026-03-15 21:00:00,counter,chicken_tenders,2,1
2026-03-15 21:00:00,counter,fries,1,1
2026-03-15 21:00:00,drive_thru,chicken_tenders,2,2
2026-03-15 21:00:00,drive_thru,fries,1,1
2026-03-15 21:15:00,counter,fries,1,1
2026-03-15 21:15:00,delivery,fries,1,1
2026-03-15 21:15:00,drive_thru,chicken_tenders,2,1
2026-03-15 21:15:00,drive_thru,fries,2,1
2026-03-15 21:30:00,counter,chicken_tenders,2,1
2026-03-15 21:30:00,drive_thru,fries,2,2
2026-03-15 21:45:00,counter,chicken_tenders,1,1
2026-03-15 21:45:00,counter,fries,3,2
2026-03-15 21:45:00,delivery,chicken_tenders,2,1
2026-03-15 21:45:00,delivery,fries,1,1
2026-03-15 22:00:00,delivery,fries,1,1
2026-03-16 06:00:00,counter,breakfast_wrap,1,1
2026-03-16 06:30:00,drive_thru,hash_brown,1,1
2026-03-16 06:45:00,counter,breakfast_wrap,1,1
2026-03-16 06:45:00,drive_thru,hash_brown,1,1
2026-03-16 07:00:00,counter,breakfast_wrap,1,1
2026-03-16 07:00:00,counter,hash_brown,1,1
2026-03-16 07:00:00,delivery,hash_brown,1,1
2026-03-16 07:00:00,drive_thru,breakfast_wrap,1,1
2026-03-16 07:00:00,drive_thru,hash_brown,2,2
2026-03-16 07:15:00,counter,hash_brown,3,2
2026-03-16 07:15:00,delivery,breakfast_wrap,1,1
2026-03-16 07:15:00,drive_thru,breakfast_wrap,1,1
2026-03-16 07:30:00,counter,hash_brown,3,1
2026-03-16 07:30:00,delivery,breakfast_wrap,1,1
2026-03-16 07:30:00,drive_thru,breakfast_wrap,2,1
2026-03-16 07:45:00,counter,breakfast_wrap,2,2
2026-03-16 07:45:00,counter,hash_brown,1,1
2026-03-16 07:45:00,delivery,breakfast_wrap,1,1
2026-03-16 07:45:00,drive_thru,hash_brown,2,2
2026-03-16 08:00:00,counter,breakfast_wrap,1,1
2026-03-16 08:00:00,counter,hash_brown,2,2
2026-03-16 08:00:00,delivery,breakfast_wrap,1,1
2026-03-16 08:00:00,delivery,hash_brown,5,3
2026-03-16 08:00:00,drive_thru,breakfast_wrap,2,2
2026-03-16 08:15:00,counter,breakfast_wrap,2,2
2026-03-16 08:15:00,counter,hash_brown,1,1
2026-03-16 08:15:00,delivery,breakfast_wrap,1,1
2026-03-16 08:15:00,delivery,hash_brown,2,2
2026-03-16 08:30:00,counter,breakfast_wrap,4,2
2026-03-16 08:30:00,counter,hash_brown,1,1
2026-03-16 08:30:00,delivery,breakfast_wrap,1,1
2026-03-16 08:30:00,drive_thru,breakfast_wrap,4,2
2026-03-16 08:30:00,drive_thru,hash_brown,1,1
2026-03-16 08:45:00,counter,hash_brown,2,2
2026-03-16 08:45:00,delivery,breakfast_wrap,3,2
2026-03-16 08:45:00,drive_thru,breakfast_wrap,1,1
2026-03-16 08:45:00,drive_thru,hash_brown,1,1
2026-03-16 09:00:00,counter,breakfast_wrap,1,1
2026-03-16 09:00:00,counter,hash_brown,2,1
2026-03-16 09:00:00,drive_thru,breakfast_wrap,1,1
2026-03-16 09:00:00,drive_thru,hash_brown,2,2
2026-03-16 09:15:00,counter,breakfast_wrap,2,1
2026-03-16 09:15:00,counter,hash_brown,3,2
2026-03-16 09:15:00,delivery,breakfast_wrap,1,1
2026-03-16 09:15:00,drive_thru,breakfast_wrap,1,1
2026-03-16 09:30:00,counter,breakfast_wrap,1,1
2026-03-16 09:30:00,counter,hash_brown,2,1
2026-03-16 09:45:00,counter,hash_brown,3,3
2026-03-16 09:45:00,delivery,breakfast_wrap,1,1
2026-03-16 09:45:00,delivery,hash_brown,2,2
2026-03-16 09:45:00,drive_thru,breakfast_wrap,1,1
2026-03-16 10:00:00,delivery,breakfast_wrap,2,1
2026-03-16 10:00:00,delivery,hash_brown,3,2
2026-03-16 10:00:00,drive_thru,hash_brown,1,1
2026-03-16 10:15:00,delivery,hash_brown,1,1
2026-03-16 10:30:00,counter,breakfast_wrap,1,1
2026-03-16 10:30:00,counter,hash_brown,3,3
2026-03-16 10:30:00,delivery,hash_brown,1,1
2026-03-16 10:45:00,drive_thru,breakfast_wrap,1,1
2026-03-16 11:00:00,delivery,fries,1,1
2026-03-16 11:00:00,drive_thru,chicken_tenders,2,1
2026-03-16 11:00:00,drive_thru,fries,2,1
2026-03-16 11:15:00,counter,fries,1,1
2026-03-16 11:15:00,drive_thru,fries,3,2
2026-03-16 11:30:00,counter,chicken_tenders,3,2
2026-03-16 11:30:00,delivery,chicken_tenders,1,1
2026-03-16 11:30:00,delivery,fries,1,1
2026-03-16 11:30:00,drive_thru,fries,1,1
2026-03-16 11:45:00,counter,fries,1,1
2026-03-16 11:45:00,delivery,chicken_tenders,3,1
2026-03-16 12:00:00,counter,chicken_tenders,2,2
2026-03-16 12:00:00,delivery,chicken_tenders,1,1
2026-03-16 12:15:00,counter,chicken_tenders,4,4
2026-03-16 12:15:00,counter,fries,5,4
2026-03-16 12:15:00,drive_thru,chicken_tenders,3,3
2026-03-16 12:15:00,drive_thru,fries,1,1
2026-03-16 12:30:00,delivery,chicken_tenders,1,1
2026-03-16 12:30:00,drive_thru,chicken_tenders,3,2
2026-03-16 12:30:00,drive_thru,fries,1,1
2026-03-16 12:45:00,counter,chicken_tenders,1,1
2026-03-16 12:45:00,delivery,fries,1,1
2026-03-16 12:45:00,drive_thru,chicken_tenders,3,2
2026-03-16 12:45:00,drive_thru,fries,1,1
2026-03-16 13:00:00,counter,chicken_tenders,1,1
2026-03-16 13:00:00,counter,fries,2,2
2026-03-16 13:00:00,delivery,chicken_tenders,1,1
2026-03-16 13:00:00,delivery,fries,1,1
2026-03-16 13:00:00,drive_thru,chicken_tenders,1,1
2026-03-16 13:00:00,drive_thru,fries,2,2
2026-03-16 13:15:00,counter,chicken_tenders,5,5
2026-03-16 13:15:00,counter,fries,7,4
2026-03-16 13:15:00,delivery,chicken_tenders,1,1
2026-03-16 13:15:00,delivery,fries,1,1
2026-03-16 13:15:00,drive_thru,chicken_tenders,1,1
2026-03-16 13:15:00,drive_thru,fries,1,1
2026-03-16 13:30:00,counter,chicken_tenders,1,1
2026-03-16 13:30:00,delivery,chicken_tenders,1,1
2026-03-16 13:30:00,drive_thru,chicken_tenders,2,2
2026-03-16 13:30:00,drive_thru,fries,3,2
2026-03-16 13:45:00,counter,chicken_tenders,7,4
2026-03-16 13:45:00,counter,fries,5,3
2026-03-16 13:45:00,delivery,chicken_tenders,1,1
2026-03-16 13:45:00,drive_thru,fries,2,2
2026-03-16 14:15:00,counter,chicken_tenders,1,1
2026-03-16 14:15:00,drive_thru,fries,1,1
2026-03-16 14:30:00,counter,fries,1,1
2026-03-16 14:30:00,delivery,chicken_tenders,1,1
2026-03-16 14:30:00,drive_thru,chicken_tenders,2,1
2026-03-16 15:00:00,delivery,chicken_tenders,1,1
2026-03-16 15:00:00,drive_thru,chicken_tenders,2,1
2026-03-16 15:15:00,drive_thru,chicken_tenders,1,1
2026-03-16 15:30:00,counter,chicken_tenders,1,1
2026-03-16 15:30:00,counter,fries,1,1
2026-03-16 15:45:00,counter,chicken_tenders,3,2
2026-03-16 15:45:00,counter,fries,1,1
2026-03-16 15:45:00,drive_thru,chicken_tenders,1,1
2026-03-16 15:45:00,drive_thru,fries,1,1
2026-03-16 16:00:00,counter,chicken_tenders,1,1
2026-03-16 16:00:00,counter,fries,2,1
2026-03-16 16:15:00,delivery,fries,3,1
2026-03-16 16:45:00,counter,chicken_tenders,1,1
2026-03-16 16:45:00,counter,fries,1,1
2026-03-16 17:00:00,counter,fries,1,1
2026-03-16 17:00:00,drive_thru,chicken_tenders,2,2
2026-03-16 17:15:00,counter,chicken_tenders,1,1
2026-03-16 17:15:00,counter,fries,8,5
2026-03-16 17:15:00,drive_thru,fries,1,1
2026-03-16 17:30:00,counter,fries,4,3
2026-03-16 17:30:00,delivery,chicken_tenders,2,2
2026-03-16 17:30:00,delivery,fries,1,1
2026-03-16 17:30:00,drive_thru,chicken_tenders,2,2
2026-03-16 17:45:00,counter,fries,1,1
2026-03-16 17:45:00,delivery,chicken_tenders,3,2
2026-03-16 17:45:00,delivery,fries,1,1
2026-03-16 18:00:00,counter,fries,4,2
2026-03-16 18:15:00,counter,chicken_tenders,4,3
2026-03-16 18:15:00,counter,fries,2,2
2026-03-16 18:15:00,drive_thru,fries,3,1
2026-03-16 18:30:00,delivery,chicken_tenders,1,1
2026-03-16 18:30:00,delivery,fries,5,2
2026-03-16 18:30:00,drive_thru,chicken_tenders,2,2
2026-03-16 18:30:00,drive_thru,fries,3,3
2026-03-16 18:45:00,counter,chicken_tenders,2,2
2026-03-16 18:45:00,counter,fries,3,3
2026-03-16 18:45:00,delivery,chicken_tenders,3,2
2026-03-16 18:45:00,delivery,fries,2,1
2026-03-16 18:45:00,drive_thru,fries,2,2
2026-03-16 19:00:00,counter,chicken_tenders,2,2
2026-03-16 19:00:00,counter,fries,2,2
2026-03-16 19:00:00,delivery,chicken_tenders,3,3
2026-03-16 19:00:00,drive_thru,fries,3,2
2026-03-16 19:15:00,drive_thru,chicken_tenders,1,1
2026-03-16 19:15:00,drive_thru,fries,3,1
2026-03-16 19:30:00,counter,chicken_tenders,3,2
2026-03-16 19:30:00,delivery,chicken_tenders,2,2
2026-03-16 19:30:00,delivery,fries,2,1
2026-03-16 19:45:00,counter,chicken_tenders,3,2
2026-03-16 19:45:00,counter,fries,2,2
2026-03-16 19:45:00,delivery,fries,1,1
2026-03-16 19:45:00,drive_thru,chicken_tenders,3,2
2026-03-16 19:45:00,drive_thru,fries,3,1
2026-03-16 20:00:00,counter,chicken_tenders,2,1
2026-03-16 20:15:00,drive_thru,chicken_tenders,2,1
2026-03-16 20:30:00,counter,chicken_tenders,2,1
2026-03-16 20:45:00,delivery,chicken_tenders,1,1
2026-03-16 21:00:00,counter,fries,1,1
2026-03-16 21:00:00,drive_thru,chicken_tenders,1,1
2026-03-16 21:15:00,delivery,chicken_tenders,1,1
2026-03-16 21:15:00,delivery,fries,1,1
2026-03-16 21:30:00,delivery,chicken_tenders,1,1
2026-03-16 21:30:00,delivery,fries,1,1
2026-03-16 21:45:00,delivery,fries,1,1
2026-03-16 21:45:00,drive_thru,fries,2,1
2026-03-17 06:00:00,counter,breakfast_wrap,1,1
2026-03-17 06:00:00,counter,hash_brown,1,1
2026-03-17 06:15:00,delivery,breakfast_wrap,1,1
2026-03-17 06:15:00,delivery,hash_brown,1,1
2026-03-17 06:15:00,drive_thru,hash_brown,1,1
2026-03-17 06:30:00,drive_thru,breakfast_wrap,1,1
2026-03-17 06:30:00,drive_thru,hash_brown,1,1
2026-03-17 06:45:00,delivery,breakfast_wrap,1,1
2026-03-17 06:45:00,drive_thru,breakfast_wrap,2,1
2026-03-17 07:00:00,counter,breakfast_wrap,3,1
2026-03-17 07:00:00,counter,hash_brown,1,1
2026-03-17 07:00:00,delivery,breakfast_wrap,1,1
2026-03-17 07:00:00,drive_thru,hash_brown,1,1
2026-03-17 07:15:00,counter,hash_brown,1,1
2026-03-17 07:15:00,drive_thru,hash_brown,1,1
2026-03-17 07:30:00,counter,breakfast_wrap,3,2
2026-03-17 07:30:00,counter,hash_brown,3,3
2026-03-17 07:30:00,delivery,breakfast_wrap,1,1
2026-03-17 07:45:00,counter,breakfast_wrap,3,3
2026-03-17 07:45:00,counter,hash_brown,3,3
2026-03-17 07:45:00,delivery,breakfast_wrap,2,1
2026-03-17 07:45:00,delivery,hash_brown,1,1
2026-03-17 07:45:00,drive_thru,breakfast_wrap,3,2
2026-03-17 07:45:00,drive_thru,hash_brown,1,1
2026-03-17 08:00:00,counter,breakfast_wrap,1,1
2026-03-17 08:00:00,counter,hash_brown,1,1
2026-03-17 08:00:00,delivery,breakfast_wrap,1,1
2026-03-17 08:00:00,delivery,hash_brown,1,1
2026-03-17 08:00:00,drive_thru,breakfast_wrap,4,3
2026-03-17 08:00:00,drive_thru,hash_brown,1,1
2026-03-17 08:15:00,counter,breakfast_wrap,1,1
2026-03-17 08:15:00,counter,hash_brown,1,1
2026-03-17 08:15:00,delivery,breakfast_wrap,2,1
2026-03-17 08:15:00,delivery,hash_brown,2,1
2026-03-17 08:15:00,drive_thru,breakfast_wrap,2,1
2026-03-17 08:15:00,drive_thru,hash_brown,2,2
2026-03-17 08:30:00,counter,hash_brown,1,1
2026-03-17 08:30:00,delivery,breakfast_wrap,3,2
2026-03-17 08:30:00,delivery,hash_brown,1,1
2026-03-17 08:30:00,drive_thru,breakfast_wrap,3,3
2026-03-17 08:30:00,drive_thru,hash_brown,1,1
2026-03-17 08:45:00,counter,hash_brown,3,2
2026-03-17 08:45:00,delivery,breakfast_wrap,3,2
2026-03-17 08:45:00,delivery,hash_brown,2,2
2026-03-17 09:00:00,counter,hash_brown,3,2
2026-03-17 09:00:00,delivery,breakfast_wrap,1,1
2026-03-17 09:00:00,delivery,hash_brown,1,1
2026-03-17 09:15:00,counter,breakfast_wrap,1,1
2026-03-17 09:15:00,delivery,breakfast_wrap,3,2
2026-03-17 09:15:00,delivery,hash_brown,1,1
2026-03-17 09:15:00,drive_thru,breakfast_wrap,1,1
2026-03-17 09:15:00,drive_thru,hash_brown,3,3
2026-03-17 09:30:00,counter,breakfast_wrap,1,1
2026-03-17 09:30:00,delivery,breakfast_wrap,2,1
2026-03-17 09:30:00,delivery,hash_brown,2,1
2026-03-17 09:30:00,drive_thru,breakfast_wrap,2,2
2026-03-17 09:30:00,drive_thru,hash_brown,1,1
2026-03-17 09:45:00,counter,breakfast_wrap,2,2
2026-03-17 09:45:00,counter,hash_brown,2,2
2026-03-17 09:45:00,delivery,breakfast_wrap,2,2
2026-03-17 09:45:00,drive_thru,breakfast_wrap,2,2
2026-03-17 09:45:00,drive_thru,hash_brown,3,3
2026-03-17 10:00:00,counter,hash_brown,2,1
2026-03-17 10:00:00,drive_thru,hash_brown,1,1
2026-03-17 10:15:00,drive_thru,breakfast_wrap,1,1
2026-03-17 10:15:00,drive_thru,hash_brown,2,1
2026-03-17 10:30:00,counter,breakfast_wrap,1,1
2026-03-17 10:30:00,counter,hash_brown,4,2
2026-03-17 11:00:00,counter,chicken_tenders,2,1
2026-03-17 11:00:00,counter,fries,1,1
2026-03-17 11:15:00,delivery,chicken_tenders,1,1
2026-03-17 11:15:00,delivery,fries,1,1
2026-03-17 11:15:00,drive_thru,fries,1,1
2026-03-17 11:30:00,counter,chicken_tenders,1,1
2026-03-17 11:30:00,counter,fries,2,2
2026-03-17 11:30:00,delivery,fries,2,1
2026-03-17 11:45:00,counter,chicken_tenders,1,1
2026-03-17 11:45:00,counter,fries,1,1
2026-03-17 12:00:00,counter,chicken_tenders,3,2
2026-03-17 12:00:00,delivery,fries,1,1
2026-03-17 12:00:00,drive_thru,chicken_tenders,6,3
2026-03-17 12:00:00,drive_thru,fries,1,1
2026-03-17 12:15:00,counter,chicken_tenders,2,2
2026-03-17 12:15:00,counter,fries,2,1
2026-03-17 12:15:00,delivery,fries,3,1
2026-03-17 12:15:00,drive_thru,chicken_tenders,1,1
2026-03-17 12:15:00,drive_thru,fries,1,1
2026-03-17 12:30:00,counter,chicken_tenders,1,1
2026-03-17 12:30:00,counter,fries,3,2
2026-03-17 12:30:00,delivery,chicken_tenders,2,1
2026-03-17 12:30:00,drive_thru,chicken_tenders,1,1
2026-03-17 12:45:00,counter,chicken_tenders,3,2
2026-03-17 12:45:00,counter,fries,1,1
2026-03-17 12:45:00,drive_thru,chicken_tenders,1,1
2026-03-17 13:00:00,counter,chicken_tenders,1,1
2026-03-17 13:00:00,counter,fries,1,1
2026-03-17 13:00:00,delivery,chicken_tenders,1,1
2026-03-17 13:00:00,drive_thru,fries,2,2
2026-03-17 13:15:00,counter,chicken_tenders,3,3
2026-03-17 13:15:00,counter,fries,3,3
2026-03-17 13:15:00,delivery,chicken_tenders,3,2
2026-03-17 13:15:00,drive_thru,fries,4,2
2026-03-17 13:30:00,counter,chicken_tenders,2,2
2026-03-17 13:30:00,delivery,chicken_tenders,1,1
2026-03-17 13:30:00,delivery,fries,2,1
2026-03-17 13:30:00,drive_thru,fries,1,1
2026-03-17 13:45:00,counter,chicken_tenders,2,2
2026-03-17 13:45:00,delivery,fries,2,2
2026-03-17 13:45:00,drive_thru,fries,1,1
2026-03-17 14:00:00,delivery,fries,1,1
2026-03-17 14:15:00,counter,chicken_tenders,1,1
2026-03-17 14:15:00,counter,fries,3,2
2026-03-17 14:30:00,counter,fries,2,1
2026-03-17 14:30:00,delivery,chicken_tenders,1,1
2026-03-17 14:30:00,delivery,fries,1,1
2026-03-17 14:30:00,drive_thru,chicken_tenders,2,2
2026-03-17 14:45:00,drive_thru,chicken_tenders,1,1
2026-03-17 14:45:00,drive_thru,fries,1,1
2026-03-17 15:00:00,delivery,chicken_tenders,2,1
2026-03-17 15:15:00,counter,chicken_tenders,1,1
2026-03-17 15:15:00,counter,fries,2,2
2026-03-17 15:15:00,drive_thru,chicken_tenders,3,3
2026-03-17 15:45:00,counter,chicken_tenders,1,1
2026-03-17 16:00:00,counter,fries,1,1
2026-03-17 16:00:00,delivery,chicken_tenders,2,2
2026-03-17 16:00:00,drive_thru,chicken_tenders,3,2
2026-03-17 16:00:00,drive_thru,fries,3,3
2026-03-17 16:15:00,drive_thru,fries,1,1
2026-03-17 16:45:00,drive_thru,fries,1,1
2026-03-17 17:00:00,counter,fries,1,1
2026-03-17 17:00:00,delivery,chicken_tenders,1,1
2026-03-17 17:00:00,drive_thru,chicken_tenders,3,3
2026-03-17 17:15:00,counter,fries,1,1
2026-03-17 17:15:00,delivery,chicken_tenders,1,1
2026-03-17 17:15:00,drive_thru,chicken_tenders,3,2
2026-03-17 17:15:00,drive_thru,fries,2,2
2026-03-17 17:30:00,counter,chicken_tenders,1,1
2026-03-17 17:30:00,counter,fries,1,1
2026-03-17 17:30:00,delivery,chicken_tenders,2,2
2026-03-17 17:30:00,delivery,fries,1,1
2026-03-17 17:30:00,drive_thru,chicken_tenders,1,1
2026-03-17 17:30:00,drive_thru,fries,3,2
2026-03-17 17:45:00,delivery,chicken_tenders,2,1
2026-03-17 17:45:00,delivery,fries,1,1
2026-03-17 17:45:00,drive_thru,fries,1,1
2026-03-17 18:00:00,drive_thru,chicken_tenders,2,2
2026-03-17 18:15:00,counter,chicken_tenders,2,1
2026-03-17 18:15:00,counter,fries,1,1
2026-03-17 18:15:00,delivery,chicken_tenders,2,2
2026-03-17 18:15:00,drive_thru,chicken_tenders,2,1
2026-03-17 18:30:00,counter,chicken_tenders,1,1
2026-03-17 18:30:00,counter,fries,5,3
2026-03-17 18:30:00,delivery,chicken_tenders,1,1
2026-03-17 18:30:00,delivery,fries,1,1
2026-03-17 18:45:00,counter,chicken_tenders,1,1
2026-03-17 18:45:00,counter,fries,1,1
2026-03-17 18:45:00,delivery,chicken_tenders,3,2
2026-03-17 18:45:00,delivery,fries,1,1
2026-03-17 18:45:00,drive_thru,chicken_tenders,3,2
2026-03-17 18:45:00,drive_thru,fries,2,1
2026-03-17 19:00:00,counter,chicken_tenders,2,1
2026-03-17 19:00:00,counter,fries,1,1
2026-03-17 19:00:00,drive_thru,fries,3,2
2026-03-17 19:15:00,counter,chicken_tenders,1,1
2026-03-17 19:15:00,delivery,chicken_tenders,1,1
2026-03-17 19:15:00,delivery,fries,2,2
2026-03-17 19:15:00,drive_thru,chicken_tenders,3,2
2026-03-17 19:15:00,drive_thru,fries,2,1
2026-03-17 19:30:00,delivery,fries,1,1
2026-03-17 19:45:00,counter,fries,1,1
2026-03-17 19:45:00,delivery,fries,2,2
2026-03-17 19:45:00,drive_thru,fries,2,2
2026-03-17 20:00:00,counter,fries,1,1
2026-03-17 20:00:00,drive_thru,chicken_tenders,1,1
2026-03-17 20:15:00,counter,chicken_tenders,1,1
2026-03-17 20:15:00,counter,fries,2,1
2026-03-17 20:15:00,drive_thru,chicken_tenders,3,1
2026-03-17 20:30:00,delivery,fries,1,1
2026-03-17 20:45:00,counter,chicken_tenders,1,1
2026-03-17 20:45:00,counter,fries,1,1
2026-03-17 20:45:00,delivery,fries,2,1
2026-03-17 21:00:00,counter,chicken_tenders,1,1
2026-03-17 21:00:00,counter,fries,1,1
2026-03-17 21:15:00,counter,fries,1,1
2026-03-17 21:30:00,delivery,fries,1,1
2026-03-17 21:30:00,drive_thru,fries,1,1
2026-03-17 21:45:00,counter,fries,2,1
2026-03-17 21:45:00,drive_thru,fries,2,2
2026-03-18 06:00:00,counter,breakfast_wrap,3,1
2026-03-18 06:00:00,counter,hash_brown,2,1
2026-03-18 06:15:00,counter,breakfast_wrap,4,2
2026-03-18 06:15:00,counter,hash_brown,1,1
2026-03-18 06:45:00,counter,hash_brown,2,1
2026-03-18 06:45:00,drive_thru,breakfast_wrap,1,1
2026-03-18 06:45:00,drive_thru,hash_brown,1,1
2026-03-18 07:00:00,counter,breakfast_wrap,4,3
2026-03-18 07:00:00,counter,hash_brown,1,1
2026-03-18 07:00:00,drive_thru,breakfast_wrap,2,1
2026-03-18 07:15:00,counter,breakfast_wrap,3,3
2026-03-18 07:15:00,counter,hash_brown,1,1
2026-03-18 07:15:00,drive_thru,breakfast_wrap,4,2
2026-03-18 07:15:00,drive_thru,hash_brown,3,2
2026-03-18 07:30:00,drive_thru,breakfast_wrap,3,2
2026-03-18 07:45:00,counter,breakfast_wrap,1,1
2026-03-18 07:45:00,counter,hash_brown,5,4
2026-03-18 07:45:00,delivery,breakfast_wrap,2,2
2026-03-18 07:45:00,delivery,hash_brown,2,2
2026-03-18 07:45:00,drive_thru,hash_brown,2,1
2026-03-18 08:00:00,drive_thru,hash_brown,1,1
2026-03-18 08:15:00,counter,breakfast_wrap,2,1
2026-03-18 08:15:00,delivery,breakfast_wrap,1,1
2026-03-18 08:15:00,drive_thru,breakfast_wrap,1,1
2026-03-18 08:30:00,drive_thru,breakfast_wrap,1,1
2026-03-18 08:45:00,delivery,hash_brown,2,2
2026-03-18 08:45:00,drive_thru,breakfast_wrap,1,1
2026-03-18 09:00:00,counter,breakfast_wrap,1,1
2026-03-18 09:00:00,delivery,breakfast_wrap,1,1
2026-03-18 09:00:00,drive_thru,hash_brown,1,1
2026-03-18 09:15:00,counter,hash_brown,1,1
2026-03-18 09:15:00,drive_thru,hash_brown,3,2
2026-03-18 09:30:00,delivery,breakfast_wrap,1,1
2026-03-18 09:30:00,delivery,hash_brown,1,1
2026-03-18 09:45:00,counter,breakfast_wrap,4,3
2026-03-18 09:45:00,counter,hash_brown,5,5
2026-03-18 09:45:00,delivery,breakfast_wrap,1,1
2026-03-18 09:45:00,drive_thru,breakfast_wrap,1,1
2026-03-18 10:00:00,delivery,hash_brown,1,1
2026-03-18 10:00:00,drive_thru,breakfast_wrap,1,1
2026-03-18 10:00:00,drive_thru,hash_brown,2,2
2026-03-18 10:15:00,counter,breakfast_wrap,1,1
2026-03-18 10:15:00,delivery,hash_brown,1,1
2026-03-18 10:30:00,counter,breakfast_wrap,1,1
2026-03-18 10:30:00,counter,hash_brown,2,1
2026-03-18 10:30:00,drive_thru,breakfast_wrap,1,1
2026-03-18 10:45:00,counter,hash_brown,2,1
2026-03-18 10:45:00,delivery,hash_brown,2,1
2026-03-18 11:15:00,counter,chicken_tenders,1,1
2026-03-18 11:15:00,delivery,fries,1,1
2026-03-18 11:15:00,drive_thru,chicken_tenders,3,1
2026-03-18 11:15:00,drive_thru,fries,2,2
2026-03-18 11:30:00,counter,fries,1,1
2026-03-18 11:30:00,delivery,chicken_tenders,1,1
2026-03-18 11:45:00,delivery,chicken_tenders,1,1
2026-03-18 11:45:00,delivery,fries,1,1
2026-03-18 12:00:00,counter,chicken_tenders,3,3
2026-03-18 12:00:00,counter,fries,2,2
2026-03-18 12:00:00,drive_thru,fries,1,1
2026-03-18 12:15:00,counter,fries,2,1
2026-03-18 12:15:00,drive_thru,chicken_tenders,3,2
2026-03-18 12:15:00,drive_thru,fries,4,4
2026-03-18 12:30:00,counter,fries,4,3
2026-03-18 12:30:00,drive_thru,chicken_tenders,1,1
2026-03-18 12:30:00,drive_thru,fries,3,3
2026-03-18 12:45:00,counter,chicken_tenders,1,1
2026-03-18 12:45:00,drive_thru,fries,2,1
2026-03-18 13:00:00,counter,chicken_tenders,3,2
2026-03-18 13:00:00,counter,fries,3,3
2026-03-18 13:00:00,delivery,fries,1,1
2026-03-18 13:00:00,drive_thru,chicken_tenders,1,1
2026-03-18 13:00:00,drive_thru,fries,1,1
2026-03-18 13:15:00,counter,fries,6,4
2026-03-18 13:15:00,drive_thru,chicken_tenders,1,1
2026-03-18 13:15:00,drive_thru,fries,2,1
2026-03-18 13:30:00,counter,chicken_tenders,2,1
2026-03-18 13:30:00,delivery,chicken_tenders,2,2
2026-03-18 13:30:00,delivery,fries,1,1
2026-03-18 13:30:00,drive_thru,chicken_tenders,1,1
2026-03-18 13:30:00,drive_thru,fries,1,1
2026-03-18 13:45:00,delivery,fries,2,1
2026-03-18 13:45:00,drive_thru,fries,3,2
2026-03-18 14:00:00,counter,fries,1,1
2026-03-18 14:15:00,counter,chicken_tenders,1,1
2026-03-18 14:15:00,drive_thru,chicken_tenders,1,1
2026-03-18 14:45:00,counter,fries,1,1
2026-03-18 14:45:00,drive_thru,chicken_tenders,1,1
2026-03-18 15:00:00,delivery,chicken_tenders,1,1
2026-03-18 15:00:00,delivery,fries,2,2
2026-03-18 15:15:00,counter,chicken_tenders,1,1
2026-03-18 15:30:00,counter,chicken_tenders,1,1
2026-03-18 15:30:00,counter,fries,2,1
2026-03-18 15:30:00,delivery,fries,1,1
2026-03-18 16:00:00,counter,chicken_tenders,2,1
2026-03-18 16:15:00,drive_thru,chicken_tenders,1,1
2026-03-18 16:30:00,delivery,fries,2,1
2026-03-18 17:00:00,counter,chicken_tenders,3,2
2026-03-18 17:00:00,counter,fries,2,2
2026-03-18 17:00:00,delivery,chicken_tenders,3,3
2026-03-18 17:00:00,delivery,fries,1,1
2026-03-18 17:15:00,delivery,chicken_tenders,2,1
2026-03-18 17:15:00,delivery,fries,1,1
2026-03-18 17:30:00,counter,chicken_tenders,1,1
2026-03-18 17:30:00,counter,fries,1,1
2026-03-18 17:45:00,counter,fries,2,1
2026-03-18 17:45:00,delivery,chicken_tenders,3,3
2026-03-18 17:45:00,delivery,fries,4,3
2026-03-18 18:00:00,delivery,fries,2,1
2026-03-18 18:15:00,counter,chicken_tenders,1,1
2026-03-18 18:15:00,counter,fries,3,2
2026-03-18 18:15:00,delivery,chicken_tenders,1,1
2026-03-18 18:15:00,delivery,fries,1,1
2026-03-18 18:15:00,drive_thru,fries,1,1
2026-03-18 18:30:00,drive_thru,chicken_tenders,1,1
2026-03-18 18:30:00,drive_thru,fries,2,1
2026-03-18 18:45:00,delivery,chicken_tenders,3,3
2026-03-18 18:45:00,delivery,fries,1,1
2026-03-18 18:45:00,drive_thru,chicken_tenders,2,1
2026-03-18 18:45:00,drive_thru,fries,2,2
2026-03-18 19:00:00,counter,chicken_tenders,2,2
2026-03-18 19:00:00,counter,fries,4,3
2026-03-18 19:00:00,delivery,chicken_tenders,2,2
2026-03-18 19:00:00,delivery,fries,3,3
2026-03-18 19:15:00,counter,chicken_tenders,1,1
2026-03-18 19:15:00,counter,fries,1,1
2026-03-18 19:15:00,drive_thru,fries,1,1
2026-03-18 19:30:00,counter,chicken_tenders,3,1
2026-03-18 19:30:00,counter,fries,2,2
2026-03-18 19:30:00,delivery,fries,3,3
2026-03-18 19:30:00,drive_thru,chicken_tenders,1,1
2026-03-18 19:30:00,drive_thru,fries,3,2
2026-03-18 19:45:00,counter,chicken_tenders,1,1
2026-03-18 19:45:00,counter,fries,3,2
2026-03-18 19:45:00,delivery,chicken_tenders,1,1
2026-03-18 19:45:00,drive_thru,fries,1,1
2026-03-18 20:00:00,counter,chicken_tenders,2,1
2026-03-18 20:00:00,delivery,chicken_tenders,1,1
2026-03-18 20:00:00,delivery,fries,1,1
2026-03-18 20:15:00,counter,fries,1,1
2026-03-18 20:30:00,counter,fries,1,1
2026-03-18 20:30:00,drive_thru,fries,1,1
2026-03-18 20:45:00,drive_thru,chicken_tenders,1,1
2026-03-18 21:30:00,counter,fries,1,1
2026-03-18 21:45:00,counter,chicken_tenders,1,1
2026-03-18 21:45:00,drive_thru,fries,3,1
2026-03-19 06:00:00,counter,hash_brown,1,1
2026-03-19 06:00:00,delivery,hash_brown,1,1
2026-03-19 06:00:00,drive_thru,hash_brown,1,1
2026-03-19 06:15:00,drive_thru,hash_brown,1,1
2026-03-19 06:30:00,counter,breakfast_wrap,2,2
2026-03-19 06:30:00,counter,hash_brown,2,2
2026-03-19 06:30:00,delivery,hash_brown,2,2
2026-03-19 06:30:00,drive_thru,breakfast_wrap,1,1
2026-03-19 06:45:00,drive_thru,hash_brown,1,1
2026-03-19 07:00:00,counter,breakfast_wrap,3,2
2026-03-19 07:00:00,counter,hash_brown,2,1
2026-03-19 07:00:00,delivery,hash_brown,1,1
2026-03-19 07:00:00,drive_thru,breakfast_wrap,2,2
2026-03-19 07:00:00,drive_thru,hash_brown,1,1
2026-03-19 07:15:00,counter,breakfast_wrap,1,1
2026-03-19 07:15:00,counter,hash_brown,2,2
2026-03-19 07:15:00,drive_thru,breakfast_wrap,1,1
2026-03-19 07:15:00,drive_thru,hash_brown,1,1
2026-03-19 07:30:00,counter,breakfast_wrap,3,3
2026-03-19 07:30:00,counter,hash_brown,2,2
2026-03-19 07:30:00,delivery,breakfast_wrap,1,1
2026-03-19 07:30:00,delivery,hash_brown,2,2
2026-03-19 07:30:00,drive_thru,breakfast_wrap,1,1
2026-03-19 07:30:00,drive_thru,hash_brown,1,1
2026-03-19 07:45:00,delivery,breakfast_wrap,1,1
2026-03-19 07:45:00,delivery,hash_brown,2,2
2026-03-19 07:45:00,drive_thru,breakfast_wrap,1,1
2026-03-19 08:00:00,counter,breakfast_wrap,1,1
2026-03-19 08:00:00,delivery,breakfast_wrap,3,2
2026-03-19 08:00:00,delivery,hash_brown,1,1
2026-03-19 08:00:00,drive_thru,breakfast_wrap,2,2
2026-03-19 08:15:00,counter,breakfast_wrap,1,1
2026-03-19 08:15:00,counter,hash_brown,2,1
2026-03-19 08:15:00,delivery,breakfast_wrap,1,1
2026-03-19 08:15:00,delivery,hash_brown,2,1
2026-03-19 08:15:00,drive_thru,breakfast_wrap,1,1
2026-03-19 08:30:00,counter,breakfast_wrap,6,5
2026-03-19 08:30:00,counter,hash_brown,4,4
2026-03-19 08:30:00,delivery,hash_brown,2,1
2026-03-19 08:30:00,drive_thru,breakfast_wrap,2,2
2026-03-19 08:30:00,drive_thru,hash_brown,1,1
2026-03-19 08:45:00,counter,breakfast_wrap,2,1
2026-03-19 08:45:00,delivery,breakfast_wrap,3,2
2026-03-19 08:45:00,delivery,hash_brown,1,1
2026-03-19 08:45:00,drive_thru,breakfast_wrap,2,2
2026-03-19 08:45:00,drive_thru,hash_brown,2,2
2026-03-19 09:00:00,delivery,breakfast_wrap,1,1
2026-03-19 09:15:00,counter,breakfast_wrap,4,3
2026-03-19 09:15:00,counter,hash_brown,1,1
2026-03-19 09:15:00,delivery,breakfast_wrap,5,3
2026-03-19 09:15:00,delivery,hash_brown,1,1
2026-03-19 09:15:00,drive_thru,breakfast_wrap,2,1
2026-03-19 09:15:00,drive_thru,hash_brown,1,1
2026-03-19 09:30:00,counter,hash_brown,1,1
2026-03-19 09:30:00,delivery,breakfast_wrap,2,1
2026-03-19 09:30:00,drive_thru,breakfast_wrap,1,1
2026-03-19 09:45:00,counter,breakfast_wrap,1,1
2026-03-19 09:45:00,counter,hash_brown,1,1
2026-03-19 09:45:00,delivery,breakfast_wrap,3,2
2026-03-19 09:45:00,delivery,hash_brown,3,3
2026-03-19 10:00:00,counter,hash_brown,3,2
2026-03-19 10:15:00,counter,hash_brown,1,1
2026-03-19 10:30:00,drive_thru,breakfast_wrap,1,1
2026-03-19 10:30:00,drive_thru,hash_brown,1,1
2026-03-19 10:45:00,counter,breakfast_wrap,1,1
2026-03-19 10:45:00,counter,hash_brown,2,1
2026-03-19 10:45:00,drive_thru,breakfast_wrap,1,1
2026-03-19 10:45:00,drive_thru,hash_brown,1,1
2026-03-19 11:00:00,counter,chicken_tenders,2,1
2026-03-19 11:00:00,counter,fries,2,2
2026-03-19 11:15:00,counter,chicken_tenders,3,2
2026-03-19 11:15:00,counter,fries,3,3
2026-03-19 11:15:00,delivery,fries,3,1
2026-03-19 11:30:00,counter,chicken_tenders,1,1
2026-03-19 11:30:00,drive_thru,chicken_tenders,1,1
2026-03-19 11:45:00,counter,fries,3,2
2026-03-19 12:00:00,counter,chicken_tenders,1,1
2026-03-19 12:00:00,counter,fries,5,4
2026-03-19 12:00:00,delivery,chicken_tenders,1,1
2026-03-19 12:15:00,counter,chicken_tenders,2,2
2026-03-19 12:15:00,counter,fries,1,1
2026-03-19 12:15:00,delivery,chicken_tenders,1,1
2026-03-19 12:15:00,delivery,fries,1,1
2026-03-19 12:15:00,drive_thru,chicken_tenders,1,1
2026-03-19 12:15:00,drive_thru,fries,1,1
2026-03-19 12:30:00,counter,chicken_tenders,1,1
2026-03-19 12:30:00,counter,fries,2,2
2026-03-19 12:30:00,delivery,fries,2,1
2026-03-19 12:30:00,drive_thru,chicken_tenders,1,1
2026-03-19 12:30:00,drive_thru,fries,6,3
2026-03-19 12:45:00,counter,chicken_tenders,2,1
2026-03-19 12:45:00,counter,fries,2,2
2026-03-19 12:45:00,drive_thru,chicken_tenders,1,1
2026-03-19 12:45:00,drive_thru,fries,5,3
2026-03-19 13:00:00,counter,chicken_tenders,1,1
2026-03-19 13:00:00,drive_thru,chicken_tenders,3,3
2026-03-19 13:00:00,drive_thru,fries,2,2
2026-03-19 13:15:00,counter,chicken_tenders,2,1
2026-03-19 13:15:00,delivery,chicken_tenders,3,2
2026-03-19 13:15:00,delivery,fries,2,2
2026-03-19 13:15:00,drive_thru,chicken_tenders,5,4
2026-03-19 13:15:00,drive_thru,fries,4,3
2026-03-19 13:30:00,counter,chicken_tenders,1,1
2026-03-19 13:30:00,counter,fries,2,1
2026-03-19 13:30:00,delivery,chicken_tenders,2,1
2026-03-19 13:30:00,delivery,fries,3,3
2026-03-19 13:45:00,counter,chicken_tenders,4,2
2026-03-19 13:45:00,counter,fries,1,1
2026-03-19 13:45:00,drive_thru,fries,1,1
2026-03-19 14:00:00,counter,chicken_tenders,1,1
2026-03-19 14:00:00,counter,fries,2,2
2026-03-19 14:00:00,delivery,chicken_tenders,1,1
2026-03-19 14:00:00,delivery,fries,1,1
2026-03-19 14:00:00,drive_thru,chicken_tenders,1,1
2026-03-19 14:15:00,counter,fries,1,1
2026-03-19 14:15:00,delivery,chicken_tenders,2,1
2026-03-19 14:15:00,delivery,fries,2,1
2026-03-19 14:45:00,drive_thru,fries,1,1
2026-03-19 15:00:00,counter,chicken_tenders,1,1
2026-03-19 15:00:00,drive_thru,chicken_tenders,2,1
2026-03-19 15:00:00,drive_thru,fries,3,2
2026-03-19 15:15:00,delivery,chicken_tenders,1,1
2026-03-19 15:15:00,drive_thru,chicken_tenders,1,1
2026-03-19 15:30:00,delivery,chicken_tenders,1,1
2026-03-19 15:30:00,delivery,fries,1,1
2026-03-19 15:45:00,delivery,fries,1,1
2026-03-19 15:45:00,drive_thru,chicken_tenders,1,1
2026-03-19 16:00:00,delivery,fries,1,1
2026-03-19 16:00:00,drive_thru,fries,1,1
2026-03-19 16:30:00,counter,chicken_tenders,3,3
2026-03-19 16:30:00,counter,fries,4,3
2026-03-19 16:45:00,counter,chicken_tenders,1,1
2026-03-19 16:45:00,delivery,fries,1,1
2026-03-19 17:00:00,counter,chicken_tenders,3,3
2026-03-19 17:00:00,counter,fries,1,1
2026-03-19 17:00:00,delivery,fries,1,1
2026-03-19 17:15:00,counter,chicken_tenders,1,1
2026-03-19 17:15:00,counter,fries,2,2
2026-03-19 17:15:00,delivery,fries,2,1
2026-03-19 17:15:00,drive_thru,chicken_tenders,1,1
2026-03-19 17:15:00,drive_thru,fries,4,3
2026-03-19 17:30:00,counter,fries,1,1
2026-03-19 17:30:00,delivery,chicken_tenders,1,1
2026-03-19 17:30:00,delivery,fries,1,1
2026-03-19 17:30:00,drive_thru,chicken_tenders,1,1
2026-03-19 17:30:00,drive_thru,fries,1,1
2026-03-19 17:45:00,counter,chicken_tenders,3,2
2026-03-19 17:45:00,drive_thru,fries,2,1
2026-03-19 18:00:00,counter,chicken_tenders,1,1
2026-03-19 18:00:00,counter,fries,1,1
2026-03-19 18:00:00,drive_thru,chicken_tenders,1,1
2026-03-19 18:15:00,delivery,chicken_tenders,1,1
2026-03-19 18:15:00,delivery,fries,2,2
2026-03-19 18:15:00,drive_thru,fries,1,1
2026-03-19 18:30:00,counter,chicken_tenders,2,2
2026-03-19 18:30:00,counter,fries,2,2
2026-03-19 18:30:00,delivery,chicken_tenders,2,1
2026-03-19 18:45:00,counter,chicken_tenders,3,2
2026-03-19 18:45:00,counter,fries,1,1
2026-03-19 18:45:00,delivery,chicken_tenders,2,1
2026-03-19 18:45:00,drive_thru,fries,1,1
2026-03-19 19:00:00,drive_thru,chicken_tenders,1,1
2026-03-19 19:00:00,drive_thru,fries,1,1
2026-03-19 19:15:00,counter,chicken_tenders,1,1
2026-03-19 19:15:00,counter,fries,1,1
2026-03-19 19:15:00,drive_thru,chicken_tenders,1,1
2026-03-19 19:15:00,drive_thru,fries,3,1
2026-03-19 19:30:00,drive_thru,chicken_tenders,1,1
2026-03-19 19:30:00,drive_thru,fries,1,1
2026-03-19 19:45:00,counter,chicken_tenders,1,1
2026-03-19 19:45:00,counter,fries,1,1
2026-03-19 19:45:00,drive_thru,chicken_tenders,1,1
2026-03-19 19:45:00,drive_thru,fries,2,2
2026-03-19 20:15:00,counter,chicken_tenders,2,2
2026-03-19 20:15:00,counter,fries,1,1
2026-03-19 20:30:00,delivery,chicken_tenders,1,1
2026-03-19 20:30:00,drive_thru,chicken_tenders,1,1
2026-03-19 20:30:00,drive_thru,fries,1,1
2026-03-19 20:45:00,counter,fries,1,1
2026-03-19 20:45:00,delivery,chicken_tenders,1,1
2026-03-19 20:45:00,drive_thru,fries,1,1
2026-03-19 21:00:00,counter,chicken_tenders,1,1
2026-03-19 21:00:00,counter,fries,1,1
2026-03-19 21:00:00,delivery,chicken_tenders,3,3
2026-03-19 21:00:00,delivery,fries,2,1
2026-03-19 21:15:00,counter,fries,1,1
2026-03-19 21:15:00,drive_thru,chicken_tenders,1,1
2026-03-19 21:15:00,drive_thru,fries,2,2
2026-03-19 21:30:00,counter,chicken_tenders,1,1
2026-03-19 21:45:00,counter,chicken_tenders,4,2
2026-03-20 06:00:00,delivery,hash_brown,1,1
2026-03-20 06:00:00,drive_thru,hash_brown,2,1
2026-03-20 06:15:00,counter,breakfast_wrap,2,1
2026-03-20 06:15:00,counter,hash_brown,3,2
2026-03-20 06:30:00,counter,hash_brown,1,1
2026-03-20 06:45:00,counter,breakfast_wrap,1,1
2026-03-20 06:45:00,counter,hash_brown,1,1
2026-03-20 06:45:00,drive_thru,hash_brown,2,1
2026-03-20 07:00:00,counter,breakfast_wrap,1,1
2026-03-20 07:00:00,counter,hash_brown,1,1
2026-03-20 07:00:00,delivery,breakfast_wrap,1,1
2026-03-20 07:15:00,counter,breakfast_wrap,2,2
2026-03-20 07:15:00,counter,hash_brown,2,1
2026-03-20 07:15:00,delivery,breakfast_wrap,1,1
2026-03-20 07:15:00,drive_thru,hash_brown,3,2
2026-03-20 07:30:00,counter,breakfast_wrap,5,2
2026-03-20 07:30:00,counter,hash_brown,1,1
2026-03-20 07:30:00,delivery,breakfast_wrap,1,1
2026-03-20 07:30:00,drive_thru,breakfast_wrap,1,1
2026-03-20 07:30:00,drive_thru,hash_brown,2,2
2026-03-20 07:45:00,counter,breakfast_wrap,2,1
2026-03-20 07:45:00,delivery,breakfast_wrap,3,2
2026-03-20 07:45:00,drive_thru,breakfast_wrap,1,1
2026-03-20 07:45:00,drive_thru,hash_brown,1,1
2026-03-20 08:00:00,counter,breakfast_wrap,1,1
2026-03-20 08:00:00,delivery,hash_brown,1,1
2026-03-20 08:15:00,counter,breakfast_wrap,4,4
2026-03-20 08:15:00,counter,hash_brown,7,4
2026-03-20 08:15:00,delivery,breakfast_wrap,1,1
2026-03-20 08:15:00,drive_thru,hash_brown,2,1
2026-03-20 08:30:00,counter,breakfast_wrap,1,1
2026-03-20 08:30:00,counter,hash_brown,2,2
2026-03-20 08:30:00,delivery,hash_brown,1,1
2026-03-20 08:30:00,drive_thru,breakfast_wrap,3,2
2026-03-20 08:30:00,drive_thru,hash_brown,1,1
2026-03-20 08:45:00,counter,breakfast_wrap,2,2
2026-03-20 08:45:00,counter,hash_brown,2,1
2026-03-20 08:45:00,drive_thru,breakfast_wrap,2,2
2026-03-20 09:00:00,counter,breakfast_wrap,2,1
2026-03-20 09:00:00,delivery,breakfast_wrap,1,1
2026-03-20 09:00:00,delivery,hash_brown,1,1
2026-03-20 09:00:00,drive_thru,hash_brown,4,2
2026-03-20 09:15:00,counter,breakfast_wrap,3,3
2026-03-20 09:15:00,delivery,hash_brown,1,1
2026-03-20 09:15:00,drive_thru,breakfast_wrap,3,3
2026-03-20 09:15:00,drive_thru,hash_brown,2,1
2026-03-20 09:30:00,delivery,breakfast_wrap,3,2
2026-03-20 09:30:00,delivery,hash_brown,1,1
2026-03-20 09:30:00,drive_thru,breakfast_wrap,1,1
2026-03-20 09:30:00,drive_thru,hash_brown,1,1
2026-03-20 10:15:00,counter,breakfast_wrap,1,1
2026-03-20 10:15:00,counter,hash_brown,1,1
2026-03-20 10:30:00,drive_thru,hash_brown,2,1
2026-03-20 10:45:00,counter,hash_brown,1,1
2026-03-20 10:45:00,delivery,hash_brown,1,1
2026-03-20 11:00:00,drive_thru,fries,2,1
2026-03-20 11:30:00,drive_thru,fries,1,1
2026-03-20 11:45:00,counter,chicken_tenders,3,2
2026-03-20 11:45:00,counter,fries,4,2
2026-03-20 11:45:00,delivery,chicken_tenders,1,1
2026-03-20 11:45:00,delivery,fries,1,1
2026-03-20 12:00:00,delivery,chicken_tenders,2,2
2026-03-20 12:00:00,delivery,fries,1,1
2026-03-20 12:00:00,drive_thru,chicken_tenders,1,1
2026-03-20 12:00:00,drive_thru,fries,1,1
2026-03-20 12:15:00,counter,chicken_tenders,2,2
2026-03-20 12:15:00,counter,fries,4,3
2026-03-20 12:15:00,delivery,chicken_tenders,1,1
2026-03-20 12:15:00,drive_thru,chicken_tenders,2,1
2026-03-20 12:15:00,drive_thru,fries,1,1
2026-03-20 12:30:00,counter,chicken_tenders,1,1
2026-03-20 12:30:00,counter,fries,6,3
2026-03-20 12:30:00,delivery,chicken_tenders,4,2
2026-03-20 12:30:00,drive_thru,chicken_tenders,1,1
2026-03-20 12:30:00,drive_thru,fries,2,2
2026-03-20 12:45:00,counter,chicken_tenders,2,1
2026-03-20 12:45:00,counter,fries,2,2
2026-03-20 12:45:00,delivery,chicken_tenders,2,1
2026-03-20 12:45:00,drive_thru,chicken_tenders,4,2
2026-03-20 12:45:00,drive_thru,fries,3,3
2026-03-20 13:00:00,counter,chicken_tenders,1,1
2026-03-20 13:00:00,counter,fries,1,1
2026-03-20 13:00:00,delivery,chicken_tenders,1,1
2026-03-20 13:00:00,drive_thru,chicken_tenders,2,1
2026-03-20 13:15:00,counter,chicken_tenders,2,2
2026-03-20 13:15:00,counter,fries,1,1
2026-03-20 13:15:00,delivery,chicken_tenders,4,2
2026-03-20 13:15:00,drive_thru,chicken_tenders,2,1
2026-03-20 13:30:00,counter,chicken_tenders,1,1
2026-03-20 13:30:00,counter,fries,5,4
2026-03-20 13:30:00,drive_thru,chicken_tenders,1,1
2026-03-20 13:30:00,drive_thru,fries,3,2
2026-03-20 13:45:00,counter,chicken_tenders,1,1
2026-03-20 13:45:00,delivery,fries,2,2
2026-03-20 13:45:00,drive_thru,fries,4,2
2026-03-20 14:00:00,counter,fries,1,1
2026-03-20 14:00:00,delivery,chicken_tenders,1,1
2026-03-20 14:00:00,delivery,fries,1,1
2026-03-20 14:00:00,drive_thru,chicken_tenders,1,1
2026-03-20 14:00:00,drive_thru,fries,1,1
2026-03-20 14:15:00,counter,fries,2,1
2026-03-20 14:15:00,delivery,chicken_tenders,1,1
2026-03-20 14:15:00,drive_thru,chicken_tenders,1,1
2026-03-20 14:30:00,counter,chicken_tenders,3,3
2026-03-20 14:30:00,counter,fries,2,2
2026-03-20 14:30:00,drive_thru,chicken_tenders,1,1
2026-03-20 14:45:00,counter,fries,1,1
2026-03-20 14:45:00,delivery,fries,1,1
2026-03-20 15:00:00,delivery,fries,1,1
2026-03-20 15:00:00,drive_thru,chicken_tenders,1,1
2026-03-20 15:00:00,drive_thru,fries,3,2
2026-03-20 15:15:00,delivery,fries,1,1
2026-03-20 15:30:00,delivery,chicken_tenders,1,1
2026-03-20 15:30:00,delivery,fries,1,1
2026-03-20 15:30:00,drive_thru,chicken_tenders,1,1
2026-03-20 15:45:00,counter,chicken_tenders,2,2
2026-03-20 15:45:00,counter,fries,1,1
2026-03-20 16:00:00,counter,chicken_tenders,1,1
2026-03-20 16:00:00,counter,fries,2,2
2026-03-20 16:00:00,drive_thru,fries,1,1
2026-03-20 16:15:00,counter,chicken_tenders,1,1
2026-03-20 16:30:00,counter,chicken_tenders,3,2
2026-03-20 16:30:00,drive_thru,fries,1,1
2026-03-20 16:45:00,counter,chicken_tenders,2,1
2026-03-20 16:45:00,counter,fries,2,1
2026-03-20 16:45:00,drive_thru,chicken_tenders,1,1
2026-03-20 17:00:00,counter,fries,1,1
2026-03-20 17:00:00,delivery,chicken_tenders,1,1
2026-03-20 17:00:00,drive_thru,chicken_tenders,2,2
2026-03-20 17:00:00,drive_thru,fries,4,2
2026-03-20 17:15:00,counter,chicken_tenders,1,1
2026-03-20 17:15:00,counter,fries,1,1
2026-03-20 17:15:00,delivery,chicken_tenders,4,2
2026-03-20 17:15:00,drive_thru,chicken_tenders,4,2
2026-03-20 17:30:00,counter,fries,2,1
2026-03-20 17:30:00,delivery,chicken_tenders,2,1
2026-03-20 17:30:00,delivery,fries,1,1
2026-03-20 17:45:00,counter,chicken_tenders,4,3
2026-03-20 17:45:00,counter,fries,1,1
2026-03-20 17:45:00,drive_thru,chicken_tenders,2,2
2026-03-20 18:00:00,counter,chicken_tenders,3,1
2026-03-20 18:00:00,delivery,chicken_tenders,1,1
2026-03-20 18:00:00,delivery,fries,1,1
2026-03-20 18:00:00,drive_thru,chicken_tenders,2,2
2026-03-20 18:15:00,counter,chicken_tenders,2,1
2026-03-20 18:15:00,counter,fries,4,1
2026-03-20 18:15:00,delivery,chicken_tenders,1,1
2026-03-20 18:15:00,delivery,fries,1,1
2026-03-20 18:15:00,drive_thru,chicken_tenders,1,1
2026-03-20 18:30:00,counter,chicken_tenders,2,2
2026-03-20 18:30:00,counter,fries,3,3
2026-03-20 18:30:00,delivery,fries,1,1
2026-03-20 18:30:00,drive_thru,chicken_tenders,4,2
2026-03-20 18:30:00,drive_thru,fries,1,1
2026-03-20 18:45:00,counter,chicken_tenders,1,1
2026-03-20 18:45:00,counter,fries,6,4
2026-03-20 18:45:00,delivery,fries,1,1
2026-03-20 18:45:00,drive_thru,chicken_tenders,2,2
2026-03-20 18:45:00,drive_thru,fries,4,4
2026-03-20 19:00:00,delivery,chicken_tenders,1,1
2026-03-20 19:00:00,drive_thru,fries,5,3
2026-03-20 19:15:00,counter,chicken_tenders,2,1
2026-03-20 19:15:00,counter,fries,2,1
2026-03-20 19:15:00,delivery,chicken_tenders,1,1
2026-03-20 19:15:00,delivery,fries,2,1
2026-03-20 19:15:00,drive_thru,chicken_tenders,1,1
2026-03-20 19:15:00,drive_thru,fries,2,2
2026-03-20 19:30:00,counter,fries,1,1
2026-03-20 19:30:00,delivery,fries,3,2
2026-03-20 19:30:00,drive_thru,fries,2,2
2026-03-20 19:45:00,delivery,chicken_tenders,1,1
2026-03-20 19:45:00,delivery,fries,1,1
2026-03-20 19:45:00,drive_thru,chicken_tenders,1,1
2026-03-20 20:00:00,counter,chicken_tenders,1,1
2026-03-20 20:00:00,counter,fries,2,1
2026-03-20 20:00:00,drive_thru,fries,1,1
2026-03-20 20:15:00,counter,fries,2,2
2026-03-20 20:15:00,drive_thru,chicken_tenders,2,2
2026-03-20 20:15:00,drive_thru,fries,1,1
2026-03-20 20:30:00,drive_thru,fries,1,1
2026-03-20 20:45:00,counter,fries,3,3
2026-03-20 21:00:00,drive_thru,fries,3,2
2026-03-20 21:15:00,counter,chicken_tenders,1,1
2026-03-20 21:15:00,counter,fries,1,1
2026-03-20 21:30:00,counter,fries,1,1
2026-03-20 21:30:00,drive_thru,chicken_tenders,1,1
2026-03-20 21:45:00,counter,chicken_tenders,1,1
2026-03-20 21:45:00,counter,fries,2,2
2026-03-20 21:45:00,delivery,chicken_tenders,1,1
2026-03-20 21:45:00,drive_thru,chicken_tenders,1,1
2026-03-20 21:45:00,drive_thru,fries,3,2
2026-03-21 06:00:00,delivery,hash_brown,1,1
2026-03-21 06:00:00,drive_thru,breakfast_wrap,1,1
2026-03-21 06:00:00,drive_thru,hash_brown,2,2
2026-03-21 06:15:00,counter,breakfast_wrap,1,1
2026-03-21 06:15:00,delivery,hash_brown,1,1
2026-03-21 06:15:00,drive_thru,breakfast_wrap,1,1
2026-03-21 06:15:00,drive_thru,hash_brown,1,1
2026-03-21 06:30:00,counter,breakfast_wrap,2,2
2026-03-21 06:30:00,delivery,hash_brown,2,1
2026-03-21 06:30:00,drive_thru,breakfast_wrap,1,1
2026-03-21 06:30:00,drive_thru,hash_brown,1,1
2026-03-21 06:45:00,counter,hash_brown,5,3
2026-03-21 07:00:00,counter,breakfast_wrap,1,1
2026-03-21 07:00:00,counter,hash_brown,2,2
2026-03-21 07:00:00,delivery,breakfast_wrap,1,1
2026-03-21 07:00:00,delivery,hash_brown,1,1
2026-03-21 07:00:00,drive_thru,breakfast_wrap,1,1
2026-03-21 07:00:00,drive_thru,hash_brown,2,2
2026-03-21 07:15:00,counter,breakfast_wrap,2,1
2026-03-21 07:15:00,counter,hash_brown,1,1
2026-03-21 07:15:00,delivery,hash_brown,4,3
2026-03-21 07:15:00,drive_thru,breakfast_wrap,3,2
2026-03-21 07:15:00,drive_thru,hash_brown,3,3
2026-03-21 07:30:00,counter,breakfast_wrap,4,3
2026-03-21 07:30:00,delivery,hash_brown,1,1
2026-03-21 07:30:00,drive_thru,breakfast_wrap,1,1
2026-03-21 07:30:00,drive_thru,hash_brown,1,1
2026-03-21 07:45:00,counter,breakfast_wrap,1,1
2026-03-21 07:45:00,counter,hash_brown,1,1
2026-03-21 07:45:00,drive_thru,breakfast_wrap,2,1
2026-03-21 08:00:00,counter,breakfast_wrap,2,1
2026-03-21 08:15:00,delivery,breakfast_wrap,1,1
2026-03-21 08:15:00,delivery,hash_brown,1,1
2026-03-21 08:15:00,drive_thru,breakfast_wrap,2,1
2026-03-21 08:30:00,counter,breakfast_wrap,1,1
2026-03-21 08:30:00,drive_thru,breakfast_wrap,2,1
2026-03-21 08:45:00,counter,breakfast_wrap,1,1
2026-03-21 08:45:00,counter,hash_brown,1,1
2026-03-21 08:45:00,delivery,hash_brown,1,1
2026-03-21 08:45:00,drive_thru,breakfast_wrap,5,3
2026-03-21 09:00:00,counter,breakfast_wrap,4,2
2026-03-21 09:00:00,delivery,breakfast_wrap,1,1
2026-03-21 09:00:00,drive_thru,breakfast_wrap,3,3
2026-03-21 09:00:00,drive_thru,hash_brown,2,2
2026-03-21 09:15:00,delivery,breakfast_wrap,2,1
2026-03-21 09:15:00,delivery,hash_brown,1,1
2026-03-21 09:15:00,drive_thru,breakfast_wrap,4,2
2026-03-21 09:15:00,drive_thru,hash_brown,1,1
2026-03-21 09:30:00,counter,breakfast_wrap,2,2
2026-03-21 09:30:00,counter,hash_brown,4,3
2026-03-21 09:30:00,delivery,hash_brown,1,1
2026-03-21 09:30:00,drive_thru,breakfast_wrap,1,1
2026-03-21 09:30:00,drive_thru,hash_brown,2,1
2026-03-21 09:45:00,counter,breakfast_wrap,2,2
2026-03-21 09:45:00,counter,hash_brown,2,1
2026-03-21 09:45:00,delivery,breakfast_wrap,1,1
2026-03-21 09:45:00,delivery,hash_brown,1,1
2026-03-21 09:45:00,drive_thru,breakfast_wrap,1,1
2026-03-21 09:45:00,drive_thru,hash_brown,1,1
2026-03-21 10:00:00,delivery,hash_brown,2,1
2026-03-21 10:15:00,counter,breakfast_wrap,1,1
2026-03-21 10:15:00,counter,hash_brown,1,1
2026-03-21 10:30:00,counter,hash_brown,1,1
2026-03-21 10:30:00,delivery,breakfast_wrap,1,1
2026-03-21 10:30:00,delivery,hash_brown,1,1
2026-03-21 10:45:00,counter,breakfast_wrap,2,1
2026-03-21 10:45:00,counter,hash_brown,1,1
2026-03-21 10:45:00,drive_thru,hash_brown,1,1
2026-03-21 11:00:00,counter,chicken_tenders,2,1
2026-03-21 11:00:00,delivery,fries,3,3
2026-03-21 11:00:00,drive_thru,fries,2,1
2026-03-21 11:15:00,drive_thru,chicken_tenders,1,1
2026-03-21 11:15:00,drive_thru,fries,1,1
2026-03-21 11:30:00,counter,chicken_tenders,2,1
2026-03-21 11:30:00,counter,fries,1,1
2026-03-21 11:45:00,counter,chicken_tenders,3,2
2026-03-21 11:45:00,counter,fries,1,1
2026-03-21 11:45:00,drive_thru,chicken_tenders,1,1
2026-03-21 12:00:00,counter,chicken_tenders,5,3
2026-03-21 12:00:00,counter,fries,1,1
2026-03-21 12:00:00,delivery,chicken_tenders,2,2
2026-03-21 12:15:00,counter,chicken_tenders,3,3
2026-03-21 12:15:00,counter,fries,5,3
2026-03-21 12:15:00,delivery,fries,1,1
2026-03-21 12:15:00,drive_thru,chicken_tenders,3,3
2026-03-21 12:15:00,drive_thru,fries,7,4
2026-03-21 12:30:00,counter,chicken_tenders,5,2
2026-03-21 12:30:00,counter,fries,1,1
2026-03-21 12:30:00,delivery,chicken_tenders,1,1
2026-03-21 12:30:00,drive_thru,chicken_tenders,2,2
2026-03-21 12:30:00,drive_thru,fries,3,2
2026-03-21 12:45:00,counter,chicken_tenders,5,3
2026-03-21 12:45:00,counter,fries,4,3
2026-03-21 12:45:00,delivery,chicken_tenders,1,1
2026-03-21 12:45:00,delivery,fries,1,1
2026-03-21 13:00:00,counter,fries,2,1
2026-03-21 13:00:00,delivery,chicken_tenders,1,1
2026-03-21 13:00:00,delivery,fries,1,1
2026-03-21 13:00:00,drive_thru,chicken_tenders,4,2
2026-03-21 13:00:00,drive_thru,fries,1,1
2026-03-21 13:15:00,counter,chicken_tenders,1,1
2026-03-21 13:15:00,delivery,fries,1,1
2026-03-21 13:15:00,drive_thru,chicken_tenders,1,1
2026-03-21 13:15:00,drive_thru,fries,4,3
2026-03-21 13:30:00,counter,chicken_tenders,2,2
2026-03-21 13:30:00,drive_thru,chicken_tenders,3,3
2026-03-21 13:30:00,drive_thru,fries,2,2
2026-03-21 13:45:00,counter,chicken_tenders,4,3
2026-03-21 13:45:00,counter,fries,4,4
2026-03-21 13:45:00,delivery,chicken_tenders,1,1
2026-03-21 13:45:00,delivery,fries,2,2
2026-03-21 13:45:00,drive_thru,chicken_tenders,1,1
2026-03-21 13:45:00,drive_thru,fries,2,1
2026-03-21 14:00:00,counter,chicken_tenders,1,1
2026-03-21 14:00:00,counter,fries,1,1
2026-03-21 14:15:00,counter,chicken_tenders,1,1
2026-03-21 14:30:00,counter,chicken_tenders,1,1
2026-03-21 14:30:00,counter,fries,2,1
2026-03-21 14:30:00,drive_thru,chicken_tenders,1,1
2026-03-21 14:45:00,delivery,fries,1,1
2026-03-21 15:00:00,counter,chicken_tenders,1,1
2026-03-21 15:00:00,counter,fries,1,1
2026-03-21 15:00:00,drive_thru,fries,1,1
2026-03-21 15:15:00,counter,chicken_tenders,1,1
2026-03-21 15:15:00,delivery,chicken_tenders,2,2
2026-03-21 15:15:00,delivery,fries,2,1
2026-03-21 15:15:00,drive_thru,chicken_tenders,1,1
2026-03-21 15:30:00,counter,chicken_tenders,1,1
2026-03-21 15:30:00,counter,fries,2,1
2026-03-21 15:30:00,drive_thru,chicken_tenders,2,2
2026-03-21 15:30:00,drive_thru,fries,1,1
2026-03-21 16:00:00,counter,fries,2,1
2026-03-21 16:00:00,drive_thru,chicken_tenders,1,1
2026-03-21 16:00:00,drive_thru,fries,1,1
2026-03-21 16:15:00,counter,chicken_tenders,3,2
2026-03-21 16:15:00,counter,fries,2,2
2026-03-21 16:30:00,drive_thru,fries,1,1
2026-03-21 16:45:00,counter,chicken_tenders,2,1
2026-03-21 17:00:00,counter,chicken_tenders,3,3
2026-03-21 17:00:00,counter,fries,1,1
2026-03-21 17:00:00,drive_thru,chicken_tenders,4,4
2026-03-21 17:00:00,drive_thru,fries,2,2
2026-03-21 17:15:00,counter,chicken_tenders,2,2
2026-03-21 17:15:00,delivery,fries,1,1
2026-03-21 17:15:00,drive_thru,chicken_tenders,3,3
2026-03-21 17:15:00,drive_thru,fries,7,3
2026-03-21 17:30:00,counter,chicken_tenders,2,2
2026-03-21 17:30:00,counter,fries,1,1
2026-03-21 17:30:00,delivery,chicken_tenders,2,2
2026-03-21 17:30:00,delivery,fries,1,1
2026-03-21 17:30:00,drive_thru,chicken_tenders,1,1
2026-03-21 17:30:00,drive_thru,fries,1,1
2026-03-21 17:45:00,counter,chicken_tenders,3,3
2026-03-21 17:45:00,counter,fries,4,3
2026-03-21 17:45:00,drive_thru,chicken_tenders,3,1
2026-03-21 17:45:00,drive_thru,fries,1,1
2026-03-21 18:00:00,counter,chicken_tenders,1,1
2026-03-21 18:00:00,counter,fries,4,3
2026-03-21 18:00:00,delivery,fries,2,1
2026-03-21 18:00:00,drive_thru,chicken_tenders,1,1
2026-03-21 18:15:00,counter,chicken_tenders,2,1
2026-03-21 18:15:00,delivery,chicken_tenders,2,1
2026-03-21 18:15:00,delivery,fries,3,2
2026-03-21 18:30:00,counter,fries,1,1
2026-03-21 18:30:00,delivery,chicken_tenders,1,1
2026-03-21 18:30:00,delivery,fries,2,1
2026-03-21 18:30:00,drive_thru,chicken_tenders,1,1
2026-03-21 18:30:00,drive_thru,fries,3,2
2026-03-21 18:45:00,counter,chicken_tenders,4,2
2026-03-21 18:45:00,counter,fries,1,1
2026-03-21 18:45:00,delivery,chicken_tenders,1,1
2026-03-21 18:45:00,drive_thru,chicken_tenders,1,1
2026-03-21 18:45:00,drive_thru,fries,2,2
2026-03-21 19:00:00,counter,fries,1,1
2026-03-21 19:00:00,delivery,chicken_tenders,2,1
2026-03-21 19:00:00,delivery,fries,2,2
2026-03-21 19:00:00,drive_thru,chicken_tenders,3,2
2026-03-21 19:15:00,counter,chicken_tenders,1,1
2026-03-21 19:15:00,counter,fries,2,2
2026-03-21 19:15:00,delivery,chicken_tenders,3,2
2026-03-21 19:15:00,drive_thru,chicken_tenders,2,1
2026-03-21 19:30:00,counter,chicken_tenders,1,1
2026-03-21 19:30:00,counter,fries,1,1
2026-03-21 19:30:00,delivery,chicken_tenders,1,1
2026-03-21 19:30:00,delivery,fries,2,1
2026-03-21 19:30:00,drive_thru,chicken_tenders,2,2
2026-03-21 19:30:00,drive_thru,fries,2,2
2026-03-21 19:45:00,counter,chicken_tenders,3,2
2026-03-21 19:45:00,counter,fries,4,3
2026-03-21 19:45:00,delivery,fries,1,1
2026-03-21 19:45:00,drive_thru,chicken_tenders,1,1
2026-03-21 19:45:00,drive_thru,fries,4,2
2026-03-21 20:00:00,counter,chicken_tenders,1,1
2026-03-21 20:00:00,delivery,chicken_tenders,1,1
2026-03-21 20:00:00,delivery,fries,1,1
2026-03-21 20:15:00,counter,fries,2,1
2026-03-21 20:15:00,drive_thru,chicken_tenders,1,1
2026-03-21 20:30:00,drive_thru,fries,1,1
2026-03-21 20:45:00,counter,chicken_tenders,1,1
2026-03-21 20:45:00,drive_thru,chicken_tenders,3,2
2026-03-21 21:00:00,delivery,chicken_tenders,1,1
2026-03-21 21:15:00,counter,chicken_tenders,1,1
2026-03-21 21:15:00,counter,fries,1,1
2026-03-21 21:15:00,delivery,fries,2,1
2026-03-21 21:30:00,delivery,chicken_tenders,2,1
2026-03-21 21:30:00,delivery,fries,5,4
2026-03-21 21:45:00,delivery,fries,3,2
2026-03-22 06:00:00,counter,breakfast_wrap,3,2
2026-03-22 06:00:00,delivery,breakfast_wrap,1,1
2026-03-22 06:45:00,counter,breakfast_wrap,1,1
2026-03-22 06:45:00,drive_thru,breakfast_wrap,1,1
2026-03-22 06:45:00,drive_thru,hash_brown,3,1
2026-03-22 07:00:00,counter,breakfast_wrap,1,1
2026-03-22 07:00:00,drive_thru,hash_brown,1,1
2026-03-22 07:15:00,counter,breakfast_wrap,3,3
2026-03-22 07:15:00,counter,hash_brown,4,3
2026-03-22 07:15:00,drive_thru,hash_brown,5,2
2026-03-22 07:30:00,counter,breakfast_wrap,6,3
2026-03-22 07:30:00,counter,hash_brown,1,1
2026-03-22 07:30:00,delivery,hash_brown,2,1
2026-03-22 07:30:00,drive_thru,hash_brown,3,3
2026-03-22 07:45:00,counter,breakfast_wrap,5,5
2026-03-22 07:45:00,counter,hash_brown,4,4
2026-03-22 07:45:00,drive_thru,hash_brown,4,2
2026-03-22 08:00:00,counter,breakfast_wrap,2,2
2026-03-22 08:00:00,drive_thru,breakfast_wrap,1,1
2026-03-22 08:15:00,counter,hash_brown,2,1
2026-03-22 08:15:00,delivery,breakfast_wrap,1,1
2026-03-22 08:15:00,delivery,hash_brown,2,1
2026-03-22 08:15:00,drive_thru,breakfast_wrap,2,1
2026-03-22 08:15:00,drive_thru,hash_brown,1,1
2026-03-22 08:30:00,counter,breakfast_wrap,4,4
2026-03-22 08:30:00,counter,hash_brown,3,2
2026-03-22 08:45:00,counter,breakfast_wrap,1,1
2026-03-22 08:45:00,counter,hash_brown,1,1
2026-03-22 08:45:00,delivery,breakfast_wrap,2,2
2026-03-22 08:45:00,delivery,hash_brown,2,2
2026-03-22 08:45:00,drive_thru,breakfast_wrap,3,2
2026-03-22 09:00:00,counter,hash_brown,2,2
2026-03-22 09:00:00,delivery,hash_brown,1,1
2026-03-22 09:00:00,drive_thru,breakfast_wrap,1,1
2026-03-22 09:00:00,drive_thru,hash_brown,1,1
2026-03-22 09:15:00,counter,breakfast_wrap,5,5
2026-03-22 09:15:00,counter,hash_brown,2,2
2026-03-22 09:15:00,delivery,breakfast_wrap,1,1
2026-03-22 09:15:00,drive_thru,breakfast_wrap,1,1
2026-03-22 09:15:00,drive_thru,hash_brown,1,1
2026-03-22 09:30:00,counter,breakfast_wrap,3,3
2026-03-22 09:30:00,counter,hash_brown,4,2
2026-03-22 09:30:00,delivery,breakfast_wrap,1,1
2026-03-22 09:30:00,drive_thru,breakfast_wrap,1,1
2026-03-22 09:45:00,counter,breakfast_wrap,1,1
2026-03-22 09:45:00,counter,hash_brown,2,2
2026-03-22 09:45:00,delivery,breakfast_wrap,1,1
2026-03-22 09:45:00,delivery,hash_brown,1,1
2026-03-22 09:45:00,drive_thru,breakfast_wrap,1,1
2026-03-22 10:00:00,counter,breakfast_wrap,2,1
2026-03-22 10:00:00,delivery,breakfast_wrap,3,2
2026-03-22 10:00:00,drive_thru,breakfast_wrap,1,1
2026-03-22 10:15:00,delivery,breakfast_wrap,2,1
2026-03-22 10:15:00,drive_thru,breakfast_wrap,1,1
2026-03-22 10:15:00,drive_thru,hash_brown,2,1
2026-03-22 10:30:00,counter,breakfast_wrap,2,1
2026-03-22 10:45:00,delivery,breakfast_wrap,1,1
2026-03-22 10:45:00,delivery,hash_brown,1,1
2026-03-22 11:15:00,counter,fries,2,2
2026-03-22 11:30:00,counter,chicken_tenders,3,2
2026-03-22 11:30:00,counter,fries,3,2
2026-03-22 12:00:00,counter,chicken_tenders,3,3
2026-03-22 12:00:00,counter,fries,1,1
2026-03-22 12:00:00,delivery,fries,2,1
2026-03-22 12:00:00,drive_thru,chicken_tenders,2,2
2026-03-22 12:00:00,drive_thru,fries,1,1
2026-03-22 12:15:00,counter,chicken_tenders,1,1
2026-03-22 12:15:00,counter,fries,7,4
2026-03-22 12:15:00,delivery,fries,1,1
2026-03-22 12:15:00,drive_thru,chicken_tenders,1,1
2026-03-22 12:15:00,drive_thru,fries,4,4
2026-03-22 12:30:00,counter,chicken_tenders,3,2
2026-03-22 12:30:00,counter,fries,2,2
2026-03-22 12:30:00,drive_thru,chicken_tenders,3,3
2026-03-22 12:30:00,drive_thru,fries,2,2
2026-03-22 12:45:00,counter,chicken_tenders,1,1
2026-03-22 12:45:00,counter,fries,3,3
2026-03-22 12:45:00,delivery,chicken_tenders,3,3
2026-03-22 12:45:00,delivery,fries,1,1
2026-03-22 12:45:00,drive_thru,chicken_tenders,1,1
2026-03-22 12:45:00,drive_thru,fries,1,1
2026-03-22 13:00:00,counter,fries,3,3
2026-03-22 13:00:00,delivery,chicken_tenders,3,3
2026-03-22 13:00:00,delivery,fries,4,3
2026-03-22 13:00:00,drive_thru,chicken_tenders,1,1
2026-03-22 13:15:00,counter,chicken_tenders,3,2
2026-03-22 13:15:00,counter,fries,3,2
2026-03-22 13:15:00,delivery,fries,3,1
2026-03-22 13:15:00,drive_thru,chicken_tenders,2,2
2026-03-22 13:15:00,drive_thru,fries,3,2
2026-03-22 13:30:00,counter,chicken_tenders,4,4
2026-03-22 13:30:00,counter,fries,4,3
2026-03-22 13:30:00,delivery,fries,2,1
2026-03-22 13:30:00,drive_thru,chicken_tenders,1,1
2026-03-22 13:45:00,counter,fries,2,1
2026-03-22 13:45:00,delivery,chicken_tenders,1,1
2026-03-22 13:45:00,delivery,fries,1,1
2026-03-22 13:45:00,drive_thru,chicken_tenders,4,2
2026-03-22 13:45:00,drive_thru,fries,6,2
2026-03-22 14:00:00,drive_thru,chicken_tenders,1,1
2026-03-22 14:00:00,drive_thru,fries,2,2
2026-03-22 14:15:00,delivery,chicken_tenders,1,1
2026-03-22 14:15:00,drive_thru,chicken_tenders,1,1
2026-03-22 14:15:00,drive_thru,fries,3,2
2026-03-22 14:30:00,counter,chicken_tenders,2,1
2026-03-22 14:30:00,counter,fries,1,1
2026-03-22 14:45:00,counter,chicken_tenders,2,2
2026-03-22 14:45:00,counter,fries,1,1
2026-03-22 14:45:00,drive_thru,fries,1,1
2026-03-22 15:00:00,counter,fries,2,2
2026-03-22 15:00:00,drive_thru,chicken_tenders,1,1
2026-03-22 15:15:00,drive_thru,fries,2,1
2026-03-22 15:45:00,counter,chicken_tenders,1,1
2026-03-22 15:45:00,counter,fries,3,2
2026-03-22 15:45:00,drive_thru,chicken_tenders,1,1
2026-03-22 15:45:00,drive_thru,fries,1,1
2026-03-22 16:45:00,counter,fries,2,1
2026-03-22 16:45:00,drive_thru,fries,1,1
2026-03-22 17:00:00,counter,chicken_tenders,1,1
2026-03-22 17:15:00,drive_thru,chicken_tenders,1,1
2026-03-22 17:15:00,drive_thru,fries,1,1
2026-03-22 17:30:00,counter,chicken_tenders,3,2
2026-03-22 17:30:00,delivery,chicken_tenders,1,1
2026-03-22 17:30:00,delivery,fries,1,1
2026-03-22 17:30:00,drive_thru,chicken_tenders,2,2
2026-03-22 17:45:00,counter,fries,2,1
2026-03-22 17:45:00,delivery,chicken_tenders,2,1
2026-03-22 17:45:00,delivery,fries,3,3
2026-03-22 17:45:00,drive_thru,chicken_tenders,3,3
2026-03-22 17:45:00,drive_thru,fries,6,5
2026-03-22 18:00:00,counter,chicken_tenders,2,2
2026-03-22 18:00:00,counter,fries,2,1
2026-03-22 18:00:00,delivery,fries,2,1
2026-03-22 18:00:00,drive_thru,chicken_tenders,1,1
2026-03-22 18:00:00,drive_thru,fries,1,1
2026-03-22 18:15:00,counter,fries,3,2
2026-03-22 18:15:00,delivery,chicken_tenders,1,1
2026-03-22 18:15:00,delivery,fries,1,1
2026-03-22 18:15:00,drive_thru,chicken_tenders,3,3
2026-03-22 18:15:00,drive_thru,fries,3,2
2026-03-22 18:30:00,counter,chicken_tenders,2,1
2026-03-22 18:30:00,counter,fries,3,2
2026-03-22 18:30:00,delivery,fries,1,1
2026-03-22 18:30:00,drive_thru,chicken_tenders,2,1
2026-03-22 18:30:00,drive_thru,fries,1,1
2026-03-22 18:45:00,counter,chicken_tenders,1,1
2026-03-22 18:45:00,counter,fries,3,2
2026-03-22 18:45:00,delivery,fries,1,1
2026-03-22 18:45:00,drive_thru,chicken_tenders,4,2
2026-03-22 18:45:00,drive_thru,fries,1,1
2026-03-22 19:00:00,counter,chicken_tenders,2,1
2026-03-22 19:00:00,counter,fries,2,1
2026-03-22 19:00:00,delivery,chicken_tenders,1,1
2026-03-22 19:00:00,delivery,fries,3,2
2026-03-22 19:00:00,drive_thru,chicken_tenders,1,1
2026-03-22 19:15:00,counter,chicken_tenders,2,1
2026-03-22 19:15:00,counter,fries,2,2
2026-03-22 19:15:00,delivery,fries,1,1
2026-03-22 19:15:00,drive_thru,chicken_tenders,1,1
2026-03-22 19:15:00,drive_thru,fries,2,1
2026-03-22 19:30:00,counter,chicken_tenders,1,1
2026-03-22 19:30:00,delivery,fries,1,1
2026-03-22 19:30:00,drive_thru,fries,4,2
2026-03-22 19:45:00,counter,chicken_tenders,4,3
2026-03-22 19:45:00,delivery,chicken_tenders,2,2
2026-03-22 19:45:00,delivery,fries,1,1
2026-03-22 19:45:00,drive_thru,chicken_tenders,2,2
2026-03-22 19:45:00,drive_thru,fries,1,1
2026-03-22 20:00:00,counter,chicken_tenders,2,1
2026-03-22 20:00:00,counter,fries,2,1
2026-03-22 20:00:00,delivery,chicken_tenders,1,1
2026-03-22 20:00:00,drive_thru,chicken_tenders,1,1
2026-03-22 20:15:00,delivery,chicken_tenders,1,1
2026-03-22 20:30:00,counter,chicken_tenders,2,2
2026-03-22 20:30:00,counter,fries,3,2
2026-03-22 20:30:00,delivery,fries,1,1
2026-03-22 20:45:00,counter,chicken_tenders,2,1
2026-03-22 20:45:00,counter,fries,3,2
2026-03-22 20:45:00,drive_thru,chicken_tenders,3,2
2026-03-22 21:00:00,counter,fries,1,1
2026-03-22 21:00:00,drive_thru,chicken_tenders,1,1
2026-03-22 21:00:00,drive_thru,fries,1,1
2026-03-22 21:15:00,counter,chicken_tenders,2,1
2026-03-22 21:30:00,delivery,chicken_tenders,1,1
2026-03-22 21:30:00,delivery,fries,1,1
2026-03-22 21:45:00,counter,chicken_tenders,1,1
2026-03-22 21:45:00,delivery,chicken_tenders,1,1
2026-03-22 21:45:00,delivery,fries,1,1
2026-03-22 21:45:00,drive_thru,chicken_tenders,1,1
2026-03-23 06:00:00,counter,breakfast_wrap,1,1
2026-03-23 06:00:00,counter,hash_brown,1,1
2026-03-23 06:00:00,delivery,hash_brown,2,1
2026-03-23 06:15:00,counter,breakfast_wrap,2,1
2026-03-23 06:15:00,drive_thru,breakfast_wrap,1,1
2026-03-23 06:30:00,delivery,hash_brown,1,1
2026-03-23 06:30:00,drive_thru,hash_brown,1,1
2026-03-23 06:45:00,drive_thru,hash_brown,1,1
2026-03-23 07:00:00,counter,breakfast_wrap,1,1
2026-03-23 07:00:00,counter,hash_brown,5,2
2026-03-23 07:00:00,delivery,breakfast_wrap,1,1
2026-03-23 07:00:00,delivery,hash_brown,1,1
2026-03-23 07:00:00,drive_thru,hash_brown,1,1
2026-03-23 07:15:00,counter,breakfast_wrap,4,2
2026-03-23 07:15:00,delivery,breakfast_wrap,1,1
2026-03-23 07:15:00,delivery,hash_brown,1,1
2026-03-23 07:15:00,drive_thru,hash_brown,2,2
2026-03-23 07:30:00,counter,breakfast_wrap,2,2
2026-03-23 07:30:00,counter,hash_brown,1,1
2026-03-23 07:30:00,delivery,breakfast_wrap,1,1
2026-03-23 07:30:00,drive_thru,hash_brown,1,1
2026-03-23 07:45:00,counter,breakfast_wrap,3,2
2026-03-23 07:45:00,counter,hash_brown,2,1
2026-03-23 07:45:00,delivery,breakfast_wrap,2,2
2026-03-23 07:45:00,delivery,hash_brown,2,2
2026-03-23 07:45:00,drive_thru,breakfast_wrap,2,1
2026-03-23 07:45:00,drive_thru,hash_brown,1,1
2026-03-23 08:00:00,counter,hash_brown,2,2
2026-03-23 08:00:00,drive_thru,breakfast_wrap,3,2
2026-03-23 08:00:00,drive_thru,hash_brown,2,1
2026-03-23 08:15:00,counter,hash_brown,1,1
2026-03-23 08:15:00,delivery,breakfast_wrap,1,1
2026-03-23 08:15:00,drive_thru,hash_brown,1,1
2026-03-23 08:30:00,delivery,breakfast_wrap,2,1
2026-03-23 08:30:00,drive_thru,breakfast_wrap,3,2
2026-03-23 08:30:00,drive_thru,hash_brown,5,3
2026-03-23 08:45:00,counter,breakfast_wrap,1,1
2026-03-23 08:45:00,counter,hash_brown,1,1
2026-03-23 08:45:00,drive_thru,breakfast_wrap,2,1
2026-03-23 09:00:00,counter,breakfast_wrap,1,1
2026-03-23 09:00:00,delivery,breakfast_wrap,3,2
2026-03-23 09:00:00,delivery,hash_brown,1,1
2026-03-23 09:00:00,drive_thru,breakfast_wrap,1,1
2026-03-23 09:00:00,drive_thru,hash_brown,2,1
2026-03-23 09:15:00,delivery,breakfast_wrap,1,1
2026-03-23 09:15:00,drive_thru,hash_brown,3,2
2026-03-23 09:30:00,delivery,hash_brown,1,1
2026-03-23 09:30:00,drive_thru,hash_brown,3,2
2026-03-23 09:45:00,counter,breakfast_wrap,5,3
2026-03-23 09:45:00,counter,hash_brown,1,1
2026-03-23 09:45:00,drive_thru,hash_brown,1,1
2026-03-23 10:00:00,counter,hash_brown,1,1
2026-03-23 10:00:00,delivery,hash_brown,1,1
2026-03-23 10:00:00,drive_thru,breakfast_wrap,3,2
2026-03-23 10:00:00,drive_thru,hash_brown,4,2
2026-03-23 10:15:00,drive_thru,hash_brown,1,1
2026-03-23 10:30:00,counter,hash_brown,1,1
2026-03-23 10:45:00,delivery,breakfast_wrap,1,1
2026-03-23 11:00:00,delivery,chicken_tenders,1,1
2026-03-23 11:15:00,counter,chicken_tenders,1,1
2026-03-23 11:30:00,counter,chicken_tenders,2,1
2026-03-23 11:30:00,drive_thru,fries,1,1
2026-03-23 11:45:00,counter,chicken_tenders,1,1
2026-03-23 11:45:00,drive_thru,fries,1,1
2026-03-23 12:00:00,counter,chicken_tenders,3,2
2026-03-23 12:00:00,counter,fries,8,6
2026-03-23 12:00:00,drive_thru,chicken_tenders,1,1
2026-03-23 12:15:00,counter,fries,4,2
2026-03-23 12:15:00,delivery,chicken_tenders,3,2
2026-03-23 12:15:00,delivery,fries,1,1
2026-03-23 12:15:00,drive_thru,fries,2,1
2026-03-23 12:30:00,counter,fries,1,1
2026-03-23 12:30:00,drive_thru,chicken_tenders,5,2
2026-03-23 12:45:00,counter,fries,2,1
2026-03-23 12:45:00,delivery,chicken_tenders,2,2
2026-03-23 12:45:00,delivery,fries,5,4
2026-03-23 12:45:00,drive_thru,chicken_tenders,1,1
2026-03-23 12:45:00,drive_thru,fries,1,1
2026-03-23 13:00:00,counter,chicken_tenders,2,2
2026-03-23 13:00:00,delivery,chicken_tenders,2,1
2026-03-23 13:00:00,drive_thru,chicken_tenders,2,2
2026-03-23 13:00:00,drive_thru,fries,1,1
2026-03-23 13:15:00,counter,chicken_tenders,4,2
2026-03-23 13:15:00,counter,fries,2,2
2026-03-23 13:15:00,delivery,fries,6,2
2026-03-23 13:15:00,drive_thru,chicken_tenders,4,2
2026-03-23 13:15:00,drive_thru,fries,1,1
2026-03-23 13:30:00,counter,chicken_tenders,2,1
2026-03-23 13:30:00,counter,fries,2,1
2026-03-23 13:30:00,delivery,chicken_tenders,1,1
2026-03-23 13:30:00,delivery,fries,2,1
2026-03-23 13:45:00,counter,fries,2,1
2026-03-23 13:45:00,drive_thru,chicken_tenders,2,2
2026-03-23 13:45:00,drive_thru,fries,3,2
2026-03-23 14:00:00,delivery,chicken_tenders,1,1
2026-03-23 14:00:00,drive_thru,fries,1,1
2026-03-23 14:15:00,counter,chicken_tenders,1,1
2026-03-23 14:15:00,counter,fries,1,1
2026-03-23 14:15:00,delivery,chicken_tenders,1,1
2026-03-23 14:15:00,delivery,fries,1,1
2026-03-23 14:15:00,drive_thru,chicken_tenders,1,1
2026-03-23 14:45:00,counter,fries,2,1
2026-03-23 14:45:00,drive_thru,fries,3,1
2026-03-23 15:00:00,counter,chicken_tenders,1,1
2026-03-23 15:00:00,drive_thru,chicken_tenders,1,1
2026-03-23 15:15:00,counter,fries,1,1
2026-03-23 15:15:00,drive_thru,chicken_tenders,1,1
2026-03-23 15:15:00,drive_thru,fries,3,2
2026-03-23 15:45:00,counter,fries,1,1
2026-03-23 15:45:00,drive_thru,fries,1,1
2026-03-23 16:00:00,counter,chicken_tenders,1,1
2026-03-23 16:00:00,counter,fries,1,1
2026-03-23 16:30:00,delivery,chicken_tenders,1,1
2026-03-23 16:45:00,counter,chicken_tenders,3,2
2026-03-23 17:00:00,counter,fries,3,2
2026-03-23 17:00:00,delivery,fries,1,1
2026-03-23 17:00:00,drive_thru,chicken_tenders,2,2
2026-03-23 17:00:00,drive_thru,fries,4,3
2026-03-23 17:15:00,counter,chicken_tenders,1,1
2026-03-23 17:15:00,counter,fries,3,1
2026-03-23 17:15:00,delivery,chicken_tenders,1,1
2026-03-23 17:15:00,delivery,fries,1,1
2026-03-23 17:15:00,drive_thru,fries,5,2
2026-03-23 17:30:00,counter,chicken_tenders,2,1
2026-03-23 17:30:00,counter,fries,2,2
2026-03-23 17:30:00,delivery,fries,1,1
2026-03-23 17:30:00,drive_thru,chicken_tenders,1,1
2026-03-23 17:45:00,counter,chicken_tenders,6,4
2026-03-23 17:45:00,counter,fries,5,3
2026-03-23 17:45:00,delivery,fries,1,1
2026-03-23 17:45:00,drive_thru,chicken_tenders,1,1
2026-03-23 17:45:00,drive_thru,fries,2,1
2026-03-23 18:00:00,delivery,fries,2,1
2026-03-23 18:00:00,drive_thru,chicken_tenders,5,4
2026-03-23 18:00:00,drive_thru,fries,4,3
2026-03-23 18:15:00,counter,chicken_tenders,2,2
2026-03-23 18:15:00,counter,fries,2,2
2026-03-23 18:15:00,delivery,chicken_tenders,2,1
2026-03-23 18:15:00,delivery,fries,1,1
2026-03-23 18:15:00,drive_thru,chicken_tenders,4,4
2026-03-23 18:15:00,drive_thru,fries,2,2
2026-03-23 18:30:00,delivery,chicken_tenders,2,2
2026-03-23 18:30:00,delivery,fries,2,1
2026-03-23 18:30:00,drive_thru,chicken_tenders,1,1
2026-03-23 18:45:00,counter,fries,1,1
2026-03-23 18:45:00,drive_thru,chicken_tenders,1,1
2026-03-23 19:00:00,counter,chicken_tenders,2,2
2026-03-23 19:00:00,counter,fries,3,3
2026-03-23 19:00:00,delivery,chicken_tenders,3,2
2026-03-23 19:00:00,delivery,fries,4,2
2026-03-23 19:00:00,drive_thru,fries,2,2
2026-03-23 19:15:00,counter,chicken_tenders,3,2
2026-03-23 19:15:00,counter,fries,1,1
2026-03-23 19:15:00,delivery,fries,1,1
2026-03-23 19:15:00,drive_thru,chicken_tenders,3,3
2026-03-23 19:30:00,counter,chicken_tenders,4,3
2026-03-23 19:30:00,delivery,fries,1,1
2026-03-23 19:30:00,drive_thru,chicken_tenders,4,2
2026-03-23 19:30:00,drive_thru,fries,2,2
2026-03-23 19:45:00,counter,chicken_tenders,3,2
2026-03-23 19:45:00,counter,fries,1,1
2026-03-23 19:45:00,drive_thru,chicken_tenders,1,1
2026-03-23 19:45:00,drive_thru,fries,2,2
2026-03-23 20:00:00,counter,chicken_tenders,1,1
2026-03-23 20:00:00,counter,fries,1,1
2026-03-23 20:15:00,drive_thru,fries,1,1
2026-03-23 20:30:00,drive_thru,fries,3,2
2026-03-23 21:00:00,counter,fries,2,1
2026-03-23 21:00:00,drive_thru,chicken_tenders,1,1
2026-03-23 21:15:00,counter,chicken_tenders,1,1
2026-03-23 21:15:00,counter,fries,1,1
2026-03-23 21:30:00,counter,chicken_tenders,3,2
2026-03-23 21:30:00,drive_thru,fries,1,1
2026-03-23 21:45:00,counter,fries,1,1
2026-03-23 21:45:00,delivery,fries,2,1
2026-03-23 21:45:00,drive_thru,chicken_tenders,1,1
2026-03-24 06:00:00,drive_thru,breakfast_wrap,1,1
2026-03-24 06:00:00,drive_thru,hash_brown,2,2
2026-03-24 06:15:00,drive_thru,breakfast_wrap,2,1
2026-03-24 06:15:00,drive_thru,hash_brown,1,1
2026-03-24 07:00:00,counter,breakfast_wrap,3,3
2026-03-24 07:00:00,counter,hash_brown,5,5
2026-03-24 07:00:00,drive_thru,breakfast_wrap,1,1
2026-03-24 07:00:00,drive_thru,hash_brown,1,1
2026-03-24 07:15:00,counter,breakfast_wrap,2,2
2026-03-24 07:15:00,counter,hash_brown,1,1
2026-03-24 07:15:00,delivery,hash_brown,1,1
2026-03-24 07:15:00,drive_thru,breakfast_wrap,1,1
2026-03-24 07:15:00,drive_thru,hash_brown,1,1
2026-03-24 07:30:00,counter,breakfast_wrap,2,2
2026-03-24 07:30:00,counter,hash_brown,4,2
2026-03-24 07:30:00,delivery,breakfast_wrap,2,2
2026-03-24 07:30:00,drive_thru,breakfast_wrap,3,2
2026-03-24 07:30:00,drive_thru,hash_brown,1,1
2026-03-24 07:45:00,counter,breakfast_wrap,1,1
2026-03-24 07:45:00,counter,hash_brown,2,2
2026-03-24 07:45:00,delivery,breakfast_wrap,1,1
2026-03-24 07:45:00,delivery,hash_brown,1,1
2026-03-24 07:45:00,drive_thru,breakfast_wrap,3,2
2026-03-24 08:00:00,drive_thru,hash_brown,1,1
2026-03-24 08:15:00,counter,hash_brown,2,2
2026-03-24 08:15:00,delivery,breakfast_wrap,1,1
2026-03-24 08:15:00,drive_thru,hash_brown,2,1
2026-03-24 08:30:00,counter,hash_brown,1,1
2026-03-24 08:30:00,delivery,hash_brown,1,1
2026-03-24 08:30:00,drive_thru,breakfast_wrap,1,1
2026-03-24 08:30:00,drive_thru,hash_brown,1,1
2026-03-24 08:45:00,counter,breakfast_wrap,3,2
2026-03-24 08:45:00,counter,hash_brown,7,4
2026-03-24 08:45:00,delivery,hash_brown,4,2
2026-03-24 08:45:00,drive_thru,breakfast_wrap,1,1
2026-03-24 08:45:00,drive_thru,hash_brown,1,1
2026-03-24 09:00:00,counter,breakfast_wrap,2,1
2026-03-24 09:00:00,delivery,breakfast_wrap,2,1
2026-03-24 09:15:00,counter,breakfast_wrap,1,1
2026-03-24 09:15:00,counter,hash_brown,3,2
2026-03-24 09:15:00,delivery,breakfast_wrap,2,1
2026-03-24 09:15:00,delivery,hash_brown,1,1
2026-03-24 09:15:00,drive_thru,hash_brown,2,1
2026-03-24 09:30:00,counter,breakfast_wrap,1,1
2026-03-24 09:30:00,delivery,breakfast_wrap,3,1
2026-03-24 09:30:00,delivery,hash_brown,1,1
2026-03-24 09:30:00,drive_thru,breakfast_wrap,1,1
2026-03-24 09:30:00,drive_thru,hash_brown,2,1
2026-03-24 09:45:00,counter,breakfast_wrap,1,1
2026-03-24 09:45:00,drive_thru,breakfast_wrap,1,1
2026-03-24 10:00:00,counter,breakfast_wrap,1,1
2026-03-24 10:00:00,counter,hash_brown,1,1
2026-03-24 10:00:00,delivery,breakfast_wrap,3,2
2026-03-24 10:15:00,drive_thru,hash_brown,1,1
2026-03-24 10:30:00,delivery,breakfast_wrap,2,1
2026-03-24 10:30:00,drive_thru,breakfast_wrap,2,2
2026-03-24 10:30:00,drive_thru,hash_brown,1,1
2026-03-24 10:45:00,delivery,breakfast_wrap,1,1
2026-03-24 11:00:00,delivery,hash_brown,1,1
2026-03-24 11:30:00,counter,chicken_tenders,1,1
2026-03-24 11:30:00,drive_thru,chicken_tenders,2,1
2026-03-24 11:45:00,drive_thru,chicken_tenders,2,1
2026-03-24 11:45:00,drive_thru,fries,1,1
2026-03-24 12:00:00,counter,chicken_tenders,6,5
2026-03-24 12:00:00,counter,fries,2,2
2026-03-24 12:00:00,delivery,chicken_tenders,1,1
2026-03-24 12:00:00,drive_thru,chicken_tenders,3,3
2026-03-24 12:00:00,drive_thru,fries,1,1
2026-03-24 12:15:00,counter,chicken_tenders,1,1
2026-03-24 12:15:00,counter,fries,1,1
2026-03-24 12:15:00,delivery,chicken_tenders,3,1
2026-03-24 12:15:00,drive_thru,chicken_tenders,3,2
2026-03-24 12:15:00,drive_thru,fries,3,3
2026-03-24 12:30:00,counter,fries,1,1
2026-03-24 12:30:00,delivery,fries,2,2
2026-03-24 12:30:00,drive_thru,fries,1,1
2026-03-24 12:45:00,counter,chicken_tenders,8,4
2026-03-24 12:45:00,counter,fries,4,3
2026-03-24 12:45:00,delivery,fries,1,1
2026-03-24 12:45:00,drive_thru,fries,1,1
2026-03-24 13:00:00,counter,chicken_tenders,1,1
2026-03-24 13:00:00,delivery,chicken_tenders,1,1
2026-03-24 13:00:00,delivery,fries,1,1
2026-03-24 13:00:00,drive_thru,chicken_tenders,1,1
2026-03-24 13:00:00,drive_thru,fries,1,1
2026-03-24 13:15:00,counter,chicken_tenders,2,1
2026-03-24 13:15:00,drive_thru,chicken_tenders,2,1
2026-03-24 13:15:00,drive_thru,fries,2,1
2026-03-24 13:30:00,counter,chicken_tenders,2,2
2026-03-24 13:30:00,counter,fries,2,1
2026-03-24 13:45:00,counter,fries,1,1
2026-03-24 13:45:00,delivery,fries,3,2
2026-03-24 13:45:00,drive_thru,chicken_tenders,1,1
2026-03-24 13:45:00,drive_thru,fries,4,2
2026-03-24 14:00:00,delivery,fries,2,2
2026-03-24 14:15:00,drive_thru,fries,2,1
2026-03-24 14:30:00,counter,chicken_tenders,1,1
2026-03-24 14:30:00,delivery,fries,1,1
2026-03-24 14:30:00,drive_thru,chicken_tenders,2,1
2026-03-24 14:45:00,counter,chicken_tenders,2,2
2026-03-24 14:45:00,counter,fries,1,1
2026-03-24 15:00:00,counter,chicken_tenders,3,2
2026-03-24 15:00:00,counter,fries,1,1
2026-03-24 15:00:00,delivery,chicken_tenders,1,1
2026-03-24 15:00:00,drive_thru,chicken_tenders,1,1
2026-03-24 15:00:00,drive_thru,fries,1,1
2026-03-24 15:15:00,counter,chicken_tenders,2,2
2026-03-24 15:30:00,delivery,chicken_tenders,1,1
2026-03-24 15:30:00,delivery,fries,1,1
2026-03-24 15:45:00,counter,chicken_tenders,1,1
2026-03-24 16:00:00,drive_thru,chicken_tenders,2,1
2026-03-24 16:15:00,counter,fries,1,1
2026-03-24 16:15:00,drive_thru,chicken_tenders,2,1
2026-03-24 16:15:00,drive_thru,fries,2,1
2026-03-24 16:30:00,counter,fries,1,1
2026-03-24 16:30:00,drive_thru,chicken_tenders,2,1
2026-03-24 16:45:00,delivery,fries,1,1
2026-03-24 16:45:00,drive_thru,chicken_tenders,1,1
2026-03-24 17:00:00,counter,fries,3,2
2026-03-24 17:00:00,delivery,chicken_tenders,1,1
2026-03-24 17:00:00,drive_thru,fries,3,2
2026-03-24 17:15:00,counter,chicken_tenders,1,1
2026-03-24 17:15:00,counter,fries,1,1
2026-03-24 17:15:00,delivery,fries,2,1
2026-03-24 17:15:00,drive_thru,chicken_tenders,1,1
2026-03-24 17:15:00,drive_thru,fries,1,1
2026-03-24 17:30:00,drive_thru,chicken_tenders,1,1
2026-03-24 17:30:00,drive_thru,fries,2,2
2026-03-24 17:45:00,counter,chicken_tenders,1,1
2026-03-24 17:45:00,counter,fries,3,3
2026-03-24 17:45:00,delivery,fries,2,2
2026-03-24 17:45:00,drive_thru,chicken_tenders,4,3
2026-03-24 17:45:00,drive_thru,fries,3,2
2026-03-24 18:00:00,counter,chicken_tenders,2,2
2026-03-24 18:00:00,counter,fries,1,1
2026-03-24 18:00:00,drive_thru,chicken_tenders,2,1
2026-03-24 18:00:00,drive_thru,fries,1,1
2026-03-24 18:15:00,counter,fries,1,1
2026-03-24 18:15:00,drive_thru,fries,2,1
2026-03-24 18:30:00,counter,fries,2,1
2026-03-24 18:30:00,delivery,chicken_tenders,2,2
2026-03-24 18:30:00,delivery,fries,2,2
2026-03-24 18:30:00,drive_thru,chicken_tenders,1,1
2026-03-24 18:45:00,counter,chicken_tenders,1,1
2026-03-24 19:00:00,delivery,chicken_tenders,1,1
2026-03-24 19:00:00,delivery,fries,1,1
2026-03-24 19:00:00,drive_thru,fries,1,1
2026-03-24 19:15:00,counter,chicken_tenders,5,3
2026-03-24 19:15:00,drive_thru,fries,2,2
2026-03-24 19:30:00,counter,fries,1,1
2026-03-24 19:30:00,drive_thru,fries,4,3
2026-03-24 19:45:00,counter,chicken_tenders,3,2
2026-03-24 19:45:00,counter,fries,1,1
2026-03-24 19:45:00,delivery,chicken_tenders,1,1
2026-03-24 19:45:00,delivery,fries,2,1
2026-03-24 20:00:00,counter,fries,1,1
2026-03-24 20:00:00,drive_thru,fries,2,1
2026-03-24 20:15:00,counter,chicken_tenders,3,2
2026-03-24 20:15:00,delivery,fries,1,1
2026-03-24 20:45:00,counter,chicken_tenders,4,2
2026-03-24 20:45:00,delivery,chicken_tenders,1,1
2026-03-24 20:45:00,delivery,fries,2,1
2026-03-24 20:45:00,drive_thru,fries,1,1
2026-03-24 21:00:00,delivery,chicken_tenders,1,1
2026-03-24 21:00:00,drive_thru,fries,1,1
2026-03-24 21:15:00,counter,fries,2,1
2026-03-24 21:15:00,drive_thru,chicken_tenders,2,2
2026-03-24 21:15:00,drive_thru,fries,2,2
2026-03-24 21:45:00,delivery,chicken_tenders,1,1
2026-03-24 22:00:00,delivery,fries,1,1
2026-03-25 06:00:00,delivery,breakfast_wrap,1,1
2026-03-25 06:00:00,drive_thru,breakfast_wrap,2,1
2026-03-25 06:00:00,drive_thru,hash_brown,1,1
2026-03-25 06:30:00,counter,breakfast_wrap,1,1
2026-03-25 06:30:00,delivery,breakfast_wrap,1,1
2026-03-25 06:45:00,delivery,breakfast_wrap,2,1
2026-03-25 06:45:00,delivery,hash_brown,2,1
2026-03-25 06:45:00,drive_thru,breakfast_wrap,1,1
2026-03-25 07:00:00,counter,breakfast_wrap,4,3
2026-03-25 07:15:00,counter,breakfast_wrap,3,2
2026-03-25 07:15:00,counter,hash_brown,1,1
2026-03-25 07:15:00,delivery,hash_brown,2,1
2026-03-25 07:15:00,drive_thru,hash_brown,3,3
2026-03-25 07:30:00,counter,breakfast_wrap,1,1
2026-03-25 07:30:00,drive_thru,breakfast_wrap,3,1
2026-03-25 07:30:00,drive_thru,hash_brown,2,1
2026-03-25 07:45:00,counter,breakfast_wrap,1,1
2026-03-25 07:45:00,counter,hash_brown,2,2
2026-03-25 07:45:00,delivery,breakfast_wrap,5,3
2026-03-25 07:45:00,delivery,hash_brown,2,1
2026-03-25 07:45:00,drive_thru,breakfast_wrap,1,1
2026-03-25 07:45:00,drive_thru,hash_brown,1,1
2026-03-25 08:00:00,counter,breakfast_wrap,3,2
2026-03-25 08:00:00,counter,hash_brown,3,3
2026-03-25 08:00:00,delivery,breakfast_wrap,4,2
2026-03-25 08:00:00,delivery,hash_brown,2,1
2026-03-25 08:00:00,drive_thru,breakfast_wrap,3,2
2026-03-25 08:00:00,drive_thru,hash_brown,2,2
2026-03-25 08:15:00,counter,breakfast_wrap,1,1
2026-03-25 08:15:00,delivery,breakfast_wrap,1,1
2026-03-25 08:15:00,delivery,hash_brown,1,1
2026-03-25 08:45:00,counter,hash_brown,1,1
2026-03-25 08:45:00,drive_thru,hash_brown,3,2
2026-03-25 09:00:00,counter,hash_brown,3,2
2026-03-25 09:00:00,drive_thru,hash_brown,1,1
2026-03-25 09:15:00,drive_thru,breakfast_wrap,2,2
2026-03-25 09:15:00,drive_thru,hash_brown,2,2
2026-03-25 09:30:00,counter,breakfast_wrap,1,1
2026-03-25 09:30:00,counter,hash_brown,4,3
2026-03-25 09:30:00,delivery,breakfast_wrap,1,1
2026-03-25 09:30:00,drive_thru,breakfast_wrap,1,1
2026-03-25 09:30:00,drive_thru,hash_brown,2,1
2026-03-25 09:45:00,counter,breakfast_wrap,3,2
2026-03-25 09:45:00,counter,hash_brown,3,3
2026-03-25 09:45:00,delivery,breakfast_wrap,2,1
2026-03-25 09:45:00,drive_thru,breakfast_wrap,1,1
2026-03-25 10:00:00,counter,breakfast_wrap,2,1
2026-03-25 10:00:00,delivery,hash_brown,2,1
2026-03-25 10:00:00,drive_thru,hash_brown,1,1
2026-03-25 10:15:00,counter,breakfast_wrap,3,3
2026-03-25 10:15:00,counter,hash_brown,1,1
2026-03-25 10:15:00,delivery,hash_brown,1,1
2026-03-25 10:30:00,counter,hash_brown,1,1
2026-03-25 10:30:00,drive_thru,breakfast_wrap,2,1
2026-03-25 10:30:00,drive_thru,hash_brown,1,1
2026-03-25 10:45:00,delivery,hash_brown,1,1
2026-03-25 11:00:00,counter,chicken_tenders,1,1
2026-03-25 11:00:00,counter,fries,3,3
2026-03-25 11:15:00,counter,chicken_tenders,1,1
2026-03-25 11:15:00,delivery,chicken_tenders,1,1
2026-03-25 11:30:00,counter,chicken_tenders,2,2
2026-03-25 11:45:00,drive_thru,chicken_tenders,1,1
2026-03-25 11:45:00,drive_thru,fries,1,1
2026-03-25 12:00:00,counter,fries,1,1
2026-03-25 12:00:00,delivery,fries,1,1
2026-03-25 12:00:00,drive_thru,chicken_tenders,2,1
2026-03-25 12:00:00,drive_thru,fries,3,3
2026-03-25 12:15:00,counter,fries,3,2
2026-03-25 12:15:00,delivery,chicken_tenders,1,1
2026-03-25 12:15:00,drive_thru,chicken_tenders,2,2
2026-03-25 12:30:00,counter,chicken_tenders,1,1
2026-03-25 12:30:00,delivery,chicken_tenders,1,1
2026-03-25 12:30:00,delivery,fries,1,1
2026-03-25 12:30:00,drive_thru,chicken_tenders,2,2
2026-03-25 12:30:00,drive_thru,fries,1,1
2026-03-25 12:45:00,counter,chicken_tenders,5,2
2026-03-25 12:45:00,counter,fries,1,1
2026-03-25 12:45:00,delivery,fries,3,1
2026-03-25 13:00:00,counter,fries,2,2
2026-03-25 13:00:00,delivery,fries,1,1
2026-03-25 13:00:00,drive_thru,chicken_tenders,5,3
2026-03-25 13:00:00,drive_thru,fries,1,1
2026-03-25 13:15:00,counter,chicken_tenders,1,1
2026-03-25 13:15:00,counter,fries,1,1
2026-03-25 13:15:00,delivery,fries,1,1
2026-03-25 13:15:00,drive_thru,chicken_tenders,1,1
2026-03-25 13:30:00,counter,chicken_tenders,1,1
2026-03-25 13:30:00,counter,fries,1,1
2026-03-25 13:30:00,delivery,fries,2,1
2026-03-25 13:30:00,drive_thru,chicken_tenders,1,1
2026-03-25 13:45:00,counter,chicken_tenders,3,2
2026-03-25 13:45:00,counter,fries,1,1
2026-03-25 13:45:00,delivery,chicken_tenders,2,2
2026-03-25 13:45:00,delivery,fries,5,3
2026-03-25 13:45:00,drive_thru,fries,4,2
2026-03-25 14:00:00,delivery,fries,1,1
2026-03-25 14:15:00,counter,chicken_tenders,1,1
2026-03-25 14:15:00,drive_thru,fries,1,1
2026-03-25 14:30:00,counter,chicken_tenders,2,1
2026-03-25 14:30:00,delivery,chicken_tenders,1,1
2026-03-25 14:30:00,drive_thru,chicken_tenders,1,1
2026-03-25 14:45:00,delivery,fries,1,1
2026-03-25 14:45:00,drive_thru,chicken_tenders,1,1
2026-03-25 14:45:00,drive_thru,fries,3,2
2026-03-25 15:00:00,counter,chicken_tenders,2,2
2026-03-25 15:00:00,delivery,chicken_tenders,1,1
2026-03-25 15:00:00,delivery,fries,2,2
2026-03-25 15:00:00,drive_thru,chicken_tenders,1,1
2026-03-25 15:15:00,drive_thru,fries,2,1
2026-03-25 15:30:00,counter,chicken_tenders,1,1
2026-03-25 15:45:00,drive_thru,fries,2,1
2026-03-25 16:00:00,counter,chicken_tenders,1,1
2026-03-25 16:00:00,counter,fries,1,1
2026-03-25 16:15:00,counter,chicken_tenders,1,1
2026-03-25 16:15:00,delivery,chicken_tenders,1,1
2026-03-25 16:15:00,delivery,fries,1,1
2026-03-25 16:15:00,drive_thru,chicken_tenders,1,1
2026-03-25 16:30:00,counter,fries,1,1
2026-03-25 16:30:00,drive_thru,chicken_tenders,1,1
2026-03-25 16:30:00,drive_thru,fries,1,1
2026-03-25 16:45:00,counter,chicken_tenders,2,1
2026-03-25 16:45:00,delivery,chicken_tenders,1,1
2026-03-25 16:45:00,delivery,fries,3,1
2026-03-25 17:00:00,counter,chicken_tenders,3,2
2026-03-25 17:00:00,counter,fries,1,1
2026-03-25 17:15:00,counter,chicken_tenders,6,4
2026-03-25 17:15:00,counter,fries,3,3
2026-03-25 17:15:00,drive_thru,fries,2,1
2026-03-25 17:30:00,counter,fries,4,2
2026-03-25 17:30:00,delivery,fries,1,1
2026-03-25 17:30:00,drive_thru,fries,3,1
2026-03-25 17:45:00,counter,fries,1,1
2026-03-25 17:45:00,delivery,chicken_tenders,1,1
2026-03-25 17:45:00,drive_thru,fries,3,2
2026-03-25 18:00:00,counter,chicken_tenders,1,1
2026-03-25 18:00:00,delivery,chicken_tenders,1,1
2026-03-25 18:00:00,drive_thru,fries,3,1
2026-03-25 18:15:00,counter,chicken_tenders,3,3
2026-03-25 18:15:00,counter,fries,9,6
2026-03-25 18:15:00,delivery,chicken_tenders,1,1
2026-03-25 18:15:00,delivery,fries,1,1
2026-03-25 18:15:00,drive_thru,chicken_tenders,1,1
2026-03-25 18:30:00,counter,fries,2,1
2026-03-25 18:30:00,drive_thru,chicken_tenders,1,1
2026-03-25 18:30:00,drive_thru,fries,2,1
2026-03-25 18:45:00,counter,chicken_tenders,2,1
2026-03-25 18:45:00,delivery,chicken_tenders,1,1
2026-03-25 19:00:00,counter,chicken_tenders,3,2
2026-03-25 19:15:00,counter,chicken_tenders,2,2
2026-03-25 19:15:00,counter,fries,4,3
2026-03-25 19:30:00,counter,chicken_tenders,2,2
2026-03-25 19:30:00,counter,fries,1,1
2026-03-25 19:30:00,delivery,fries,2,1
2026-03-25 19:30:00,drive_thru,chicken_tenders,1,1
2026-03-25 19:30:00,drive_thru,fries,1,1
2026-03-25 19:45:00,counter,chicken_tenders,3,2
2026-03-25 19:45:00,delivery,chicken_tenders,4,2
2026-03-25 19:45:00,delivery,fries,2,2
2026-03-25 19:45:00,drive_thru,chicken_tenders,2,2
2026-03-25 19:45:00,drive_thru,fries,3,2
2026-03-25 20:00:00,counter,fries,1,1
2026-03-25 20:00:00,drive_thru,fries,2,2
2026-03-25 20:15:00,counter,chicken_tenders,1,1
2026-03-25 20:15:00,counter,fries,1,1
2026-03-25 20:15:00,delivery,fries,3,2
2026-03-25 20:30:00,drive_thru,chicken_tenders,2,1
2026-03-25 20:45:00,drive_thru,chicken_tenders,2,2
2026-03-25 20:45:00,drive_thru,fries,1,1
2026-03-25 21:00:00,counter,fries,1,1
2026-03-25 21:15:00,counter,fries,1,1
2026-03-25 21:30:00,counter,fries,1,1
2026-03-25 21:30:00,delivery,fries,1,1
2026-03-25 21:45:00,counter,chicken_tenders,1,1
2026-03-26 06:00:00,counter,breakfast_wrap,1,1
2026-03-26 06:00:00,counter,hash_brown,2,2
2026-03-26 06:00:00,drive_thru,hash_brown,1,1
2026-03-26 06:15:00,drive_thru,breakfast_wrap,2,1
2026-03-26 06:30:00,counter,breakfast_wrap,1,1
2026-03-26 06:30:00,counter,hash_brown,2,1
2026-03-26 06:45:00,counter,hash_brown,1,1
2026-03-26 06:45:00,delivery,breakfast_wrap,1,1
2026-03-26 06:45:00,drive_thru,breakfast_wrap,1,1
2026-03-26 07:00:00,counter,breakfast_wrap,1,1
2026-03-26 07:00:00,counter,hash_brown,1,1
2026-03-26 07:15:00,counter,breakfast_wrap,4,3
2026-03-26 07:15:00,counter,hash_brown,1,1
2026-03-26 07:15:00,delivery,breakfast_wrap,1,1
2026-03-26 07:15:00,delivery,hash_brown,1,1
2026-03-26 07:30:00,counter,hash_brown,6,4
2026-03-26 07:30:00,delivery,hash_brown,1,1
2026-03-26 07:30:00,drive_thru,breakfast_wrap,1,1
2026-03-26 07:30:00,drive_thru,hash_brown,3,2
2026-03-26 07:45:00,delivery,breakfast_wrap,3,1
2026-03-26 07:45:00,drive_thru,breakfast_wrap,4,3
2026-03-26 07:45:00,drive_thru,hash_brown,1,1
2026-03-26 08:00:00,counter,breakfast_wrap,2,1
2026-03-26 08:00:00,delivery,hash_brown,1,1
2026-03-26 08:00:00,drive_thru,breakfast_wrap,1,1
2026-03-26 08:00:00,drive_thru,hash_brown,4,2
2026-03-26 08:15:00,counter,breakfast_wrap,1,1
2026-03-26 08:15:00,delivery,hash_brown,1,1
2026-03-26 08:15:00,drive_thru,breakfast_wrap,1,1
2026-03-26 08:15:00,drive_thru,hash_brown,1,1
2026-03-26 08:30:00,drive_thru,breakfast_wrap,4,2
2026-03-26 08:30:00,drive_thru,hash_brown,4,2
2026-03-26 08:45:00,counter,breakfast_wrap,1,1
2026-03-26 08:45:00,counter,hash_brown,2,2
2026-03-26 08:45:00,delivery,hash_brown,1,1
2026-03-26 08:45:00,drive_thru,breakfast_wrap,1,1
2026-03-26 08:45:00,drive_thru,hash_brown,1,1
2026-03-26 09:00:00,counter,breakfast_wrap,2,2
2026-03-26 09:00:00,counter,hash_brown,1,1
2026-03-26 09:00:00,delivery,breakfast_wrap,1,1
2026-03-26 09:00:00,drive_thru,breakfast_wrap,1,1
2026-03-26 09:00:00,drive_thru,hash_brown,1,1
2026-03-26 09:15:00,counter,breakfast_wrap,1,1
2026-03-26 09:15:00,counter,hash_brown,1,1
2026-03-26 09:15:00,delivery,hash_brown,3,1
2026-03-26 09:15:00,drive_thru,breakfast_wrap,1,1
2026-03-26 09:15:00,drive_thru,hash_brown,3,2
2026-03-26 09:30:00,counter,hash_brown,4,2
2026-03-26 09:30:00,drive_thru,hash_brown,1,1
2026-03-26 09:45:00,counter,hash_brown,1,1
2026-03-26 09:45:00,delivery,hash_brown,1,1
2026-03-26 09:45:00,drive_thru,breakfast_wrap,3,3
2026-03-26 09:45:00,drive_thru,hash_brown,4,3
2026-03-26 10:15:00,counter,hash_brown,2,1
2026-03-26 10:45:00,delivery,breakfast_wrap,1,1
2026-03-26 10:45:00,delivery,hash_brown,2,2
2026-03-26 10:45:00,drive_thru,hash_brown,2,1
2026-03-26 11:00:00,counter,fries,1,1
2026-03-26 11:00:00,delivery,fries,3,1
2026-03-26 11:00:00,drive_thru,chicken_tenders,1,1
2026-03-26 11:00:00,drive_thru,fries,1,1
2026-03-26 11:15:00,delivery,fries,1,1
2026-03-26 11:15:00,drive_thru,fries,2,2
2026-03-26 11:45:00,counter,fries,2,2
2026-03-26 11:45:00,delivery,chicken_tenders,1,1
2026-03-26 11:45:00,delivery,fries,1,1
2026-03-26 12:00:00,counter,fries,4,4
2026-03-26 12:00:00,drive_thru,fries,2,1
2026-03-26 12:15:00,counter,fries,1,1
2026-03-26 12:15:00,delivery,chicken_tenders,1,1
2026-03-26 12:15:00,delivery,fries,1,1
2026-03-26 12:15:00,drive_thru,chicken_tenders,1,1
2026-03-26 12:15:00,drive_thru,fries,2,2
2026-03-26 12:30:00,counter,chicken_tenders,1,1
2026-03-26 12:30:00,counter,fries,2,2
2026-03-26 12:30:00,drive_thru,fries,2,1
2026-03-26 12:45:00,counter,chicken_tenders,5,3
2026-03-26 12:45:00,counter,fries,2,2
2026-03-26 12:45:00,delivery,chicken_tenders,3,2
2026-03-26 12:45:00,delivery,fries,1,1
2026-03-26 12:45:00,drive_thru,chicken_tenders,3,2
2026-03-26 12:45:00,drive_thru,fries,1,1
2026-03-26 13:00:00,counter,chicken_tenders,1,1
2026-03-26 13:00:00,counter,fries,1,1
2026-03-26 13:00:00,delivery,fries,1,1
2026-03-26 13:15:00,counter,chicken_tenders,1,1
2026-03-26 13:15:00,counter,fries,2,2
2026-03-26 13:15:00,delivery,chicken_tenders,2,2
2026-03-26 13:15:00,delivery,fries,1,1
2026-03-26 13:15:00,drive_thru,chicken_tenders,2,1
2026-03-26 13:15:00,drive_thru,fries,5,3
2026-03-26 13:30:00,counter,chicken_tenders,2,1
2026-03-26 13:30:00,drive_thru,fries,2,1
2026-03-26 13:45:00,counter,chicken_tenders,1,1
2026-03-26 13:45:00,counter,fries,2,1
2026-03-26 13:45:00,delivery,chicken_tenders,1,1
2026-03-26 13:45:00,drive_thru,chicken_tenders,1,1
2026-03-26 14:00:00,counter,chicken_tenders,1,1
2026-03-26 14:00:00,counter,fries,1,1
2026-03-26 14:00:00,delivery,chicken_tenders,2,2
2026-03-26 14:15:00,counter,chicken_tenders,1,1
2026-03-26 14:15:00,counter,fries,2,1
2026-03-26 14:15:00,delivery,chicken_tenders,1,1
2026-03-26 14:15:00,drive_thru,chicken_tenders,1,1
2026-03-26 14:15:00,drive_thru,fries,1,1
2026-03-26 14:30:00,counter,fries,2,1
2026-03-26 14:30:00,delivery,fries,4,3
2026-03-26 14:45:00,counter,chicken_tenders,1,1
2026-03-26 14:45:00,drive_thru,fries,2,1
2026-03-26 15:00:00,counter,chicken_tenders,3,3
2026-03-26 15:00:00,counter,fries,2,2
2026-03-26 15:00:00,delivery,chicken_tenders,1,1
2026-03-26 15:00:00,delivery,fries,1,1
2026-03-26 15:30:00,counter,fries,3,2
2026-03-26 16:00:00,drive_thru,chicken_tenders,1,1
2026-03-26 16:00:00,drive_thru,fries,1,1
2026-03-26 16:15:00,delivery,chicken_tenders,1,1
2026-03-26 16:15:00,delivery,fries,1,1
2026-03-26 16:30:00,counter,chicken_tenders,1,1
2026-03-26 16:30:00,counter,fries,2,1
2026-03-26 16:45:00,counter,chicken_tenders,1,1
2026-03-26 16:45:00,counter,fries,5,2
2026-03-26 16:45:00,delivery,chicken_tenders,4,1
2026-03-26 17:00:00,counter,fries,1,1
2026-03-26 17:00:00,delivery,chicken_tenders,1,1
2026-03-26 17:00:00,drive_thru,chicken_tenders,1,1
2026-03-26 17:00:00,drive_thru,fries,1,1
2026-03-26 17:15:00,counter,chicken_tenders,1,1
2026-03-26 17:15:00,drive_thru,fries,2,1
2026-03-26 17:30:00,counter,chicken_tenders,5,2
2026-03-26 17:30:00,drive_thru,chicken_tenders,1,1
2026-03-26 17:30:00,drive_thru,fries,1,1
2026-03-26 17:45:00,counter,chicken_tenders,2,2
2026-03-26 17:45:00,counter,fries,3,2
2026-03-26 17:45:00,delivery,chicken_tenders,2,2
2026-03-26 17:45:00,drive_thru,fries,2,1
2026-03-26 18:00:00,counter,chicken_tenders,1,1
2026-03-26 18:00:00,counter,fries,3,3
2026-03-26 18:00:00,delivery,chicken_tenders,2,2
2026-03-26 18:00:00,delivery,fries,1,1
2026-03-26 18:00:00,drive_thru,chicken_tenders,1,1
2026-03-26 18:15:00,drive_thru,fries,3,1
2026-03-26 18:30:00,counter,chicken_tenders,2,2
2026-03-26 18:30:00,counter,fries,5,2
2026-03-26 18:30:00,delivery,chicken_tenders,1,1
2026-03-26 18:30:00,delivery,fries,3,2
2026-03-26 18:45:00,counter,fries,1,1
2026-03-26 18:45:00,delivery,fries,2,1
2026-03-26 18:45:00,drive_thru,fries,3,2
2026-03-26 19:00:00,counter,chicken_tenders,5,3
2026-03-26 19:00:00,counter,fries,3,1
2026-03-26 19:15:00,counter,chicken_tenders,1,1
2026-03-26 19:15:00,counter,fries,4,3
2026-03-26 19:30:00,counter,fries,1,1
2026-03-26 19:30:00,drive_thru,fries,1,1
2026-03-26 19:45:00,counter,fries,3,1
2026-03-26 19:45:00,delivery,fries,3,1
2026-03-26 19:45:00,drive_thru,chicken_tenders,2,2
2026-03-26 19:45:00,drive_thru,fries,3,2
2026-03-26 20:00:00,counter,fries,2,1
2026-03-26 20:00:00,delivery,chicken_tenders,1,1
2026-03-26 20:00:00,delivery,fries,2,1
2026-03-26 20:15:00,counter,fries,1,1
2026-03-26 20:15:00,drive_thru,chicken_tenders,1,1
2026-03-26 20:30:00,delivery,chicken_tenders,1,1
2026-03-26 20:45:00,counter,chicken_tenders,1,1
2026-03-26 20:45:00,drive_thru,fries,1,1
2026-03-26 21:15:00,counter,chicken_tenders,1,1
2026-03-26 21:15:00,delivery,chicken_tenders,1,1
2026-03-26 21:15:00,delivery,fries,1,1
2026-03-26 21:15:00,drive_thru,chicken_tenders,2,1
2026-03-26 21:15:00,drive_thru,fries,3,1
2026-03-26 21:30:00,counter,chicken_tenders,1,1
2026-03-26 21:30:00,counter,fries,1,1
2026-03-26 21:30:00,delivery,fries,1,1
2026-03-27 06:00:00,counter,breakfast_wrap,3,3
2026-03-27 06:00:00,counter,hash_brown,3,2
2026-03-27 06:15:00,counter,hash_brown,1,1
2026-03-27 06:15:00,delivery,breakfast_wrap,1,1
2026-03-27 06:30:00,counter,hash_brown,2,1
2026-03-27 07:00:00,drive_thru,breakfast_wrap,1,1
2026-03-27 07:00:00,drive_thru,hash_brown,1,1
2026-03-27 07:15:00,counter,hash_brown,2,2
2026-03-27 07:15:00,drive_thru,breakfast_wrap,1,1
2026-03-27 07:15:00,drive_thru,hash_brown,1,1
2026-03-27 07:30:00,counter,hash_brown,1,1
2026-03-27 07:30:00,drive_thru,breakfast_wrap,4,3
2026-03-27 07:30:00,drive_thru,hash_brown,3,3
2026-03-27 07:45:00,counter,breakfast_wrap,2,1
2026-03-27 07:45:00,counter,hash_brown,2,1
2026-03-27 07:45:00,delivery,hash_brown,1,1
2026-03-27 08:00:00,delivery,hash_brown,1,1
2026-03-27 08:15:00,counter,breakfast_wrap,2,2
2026-03-27 08:15:00,counter,hash_brown,2,1
2026-03-27 08:15:00,drive_thru,breakfast_wrap,1,1
2026-03-27 08:15:00,drive_thru,hash_brown,1,1
2026-03-27 08:30:00,counter,breakfast_wrap,1,1
2026-03-27 08:30:00,delivery,breakfast_wrap,3,1
2026-03-27 08:30:00,delivery,hash_brown,2,2
2026-03-27 08:30:00,drive_thru,hash_brown,2,1
2026-03-27 08:45:00,counter,breakfast_wrap,2,2
2026-03-27 08:45:00,counter,hash_brown,6,3
2026-03-27 08:45:00,delivery,breakfast_wrap,2,1
2026-03-27 08:45:00,delivery,hash_brown,3,3
2026-03-27 08:45:00,drive_thru,breakfast_wrap,1,1
2026-03-27 08:45:00,drive_thru,hash_brown,3,2
2026-03-27 09:00:00,counter,breakfast_wrap,2,1
2026-03-27 09:00:00,counter,hash_brown,1,1
2026-03-27 09:00:00,delivery,breakfast_wrap,1,1
2026-03-27 09:00:00,delivery,hash_brown,1,1
2026-03-27 09:15:00,counter,breakfast_wrap,3,3
2026-03-27 09:15:00,counter,hash_brown,2,2
2026-03-27 09:15:00,delivery,breakfast_wrap,3,2
2026-03-27 09:15:00,drive_thru,breakfast_wrap,3,1
2026-03-27 09:15:00,drive_thru,hash_brown,2,1
2026-03-27 09:30:00,counter,breakfast_wrap,5,4
2026-03-27 09:30:00,counter,hash_brown,1,1
2026-03-27 09:30:00,delivery,breakfast_wrap,2,1
2026-03-27 09:30:00,delivery,hash_brown,1,1
2026-03-27 09:30:00,drive_thru,hash_brown,1,1
2026-03-27 09:45:00,counter,hash_brown,1,1
2026-03-27 09:45:00,drive_thru,hash_brown,2,2
2026-03-27 10:00:00,counter,breakfast_wrap,1,1
2026-03-27 10:00:00,drive_thru,breakfast_wrap,1,1
2026-03-27 10:15:00,drive_thru,breakfast_wrap,1,1
2026-03-27 10:30:00,counter,hash_brown,2,1
2026-03-27 10:30:00,delivery,hash_brown,1,1
2026-03-27 10:30:00,drive_thru,breakfast_wrap,1,1
2026-03-27 10:30:00,drive_thru,hash_brown,1,1
2026-03-27 10:45:00,counter,breakfast_wrap,1,1
2026-03-27 10:45:00,counter,hash_brown,1,1
2026-03-27 11:00:00,drive_thru,chicken_tenders,1,1
2026-03-27 11:00:00,drive_thru,fries,2,1
2026-03-27 11:15:00,delivery,fries,4,2
2026-03-27 11:30:00,counter,fries,2,1
2026-03-27 11:30:00,delivery,fries,3,2
2026-03-27 11:45:00,counter,chicken_tenders,1,1
2026-03-27 11:45:00,counter,fries,1,1
2026-03-27 11:45:00,drive_thru,fries,2,1
2026-03-27 12:00:00,counter,chicken_tenders,2,2
2026-03-27 12:00:00,counter,fries,4,3
2026-03-27 12:00:00,drive_thru,chicken_tenders,2,1
2026-03-27 12:15:00,counter,chicken_tenders,1,1
2026-03-27 12:15:00,counter,fries,1,1
2026-03-27 12:15:00,delivery,chicken_tenders,1,1
2026-03-27 12:15:00,delivery,fries,2,2
2026-03-27 12:15:00,drive_thru,chicken_tenders,2,1
2026-03-27 12:15:00,drive_thru,fries,1,1
2026-03-27 12:30:00,counter,fries,4,3
2026-03-27 12:30:00,delivery,fries,2,1
2026-03-27 12:30:00,drive_thru,chicken_tenders,5,4
2026-03-27 12:30:00,drive_thru,fries,1,1
2026-03-27 12:45:00,counter,chicken_tenders,1,1
2026-03-27 12:45:00,delivery,chicken_tenders,1,1
2026-03-27 12:45:00,delivery,fries,1,1
2026-03-27 12:45:00,drive_thru,fries,3,2
2026-03-27 13:00:00,counter,fries,2,2
2026-03-27 13:00:00,delivery,chicken_tenders,5,2
2026-03-27 13:00:00,delivery,fries,1,1
2026-03-27 13:15:00,counter,chicken_tenders,1,1
2026-03-27 13:15:00,counter,fries,1,1
2026-03-27 13:15:00,delivery,fries,1,1
2026-03-27 13:15:00,drive_thru,chicken_tenders,4,3
2026-03-27 13:15:00,drive_thru,fries,3,3
2026-03-27 13:30:00,counter,chicken_tenders,6,4
2026-03-27 13:30:00,counter,fries,1,1
2026-03-27 13:30:00,delivery,chicken_tenders,2,1
2026-03-27 13:45:00,counter,chicken_tenders,1,1
2026-03-27 13:45:00,drive_thru,chicken_tenders,3,2
2026-03-27 13:45:00,drive_thru,fries,1,1
2026-03-27 14:00:00,counter,fries,1,1
2026-03-27 14:00:00,drive_thru,fries,1,1
2026-03-27 14:30:00,counter,chicken_tenders,1,1
2026-03-27 14:30:00,delivery,chicken_tenders,1,1
2026-03-27 15:00:00,drive_thru,fries,2,1
2026-03-27 15:30:00,delivery,fries,2,1
2026-03-27 15:30:00,drive_thru,fries,1,1
2026-03-27 15:45:00,drive_thru,chicken_tenders,2,2
2026-03-27 16:00:00,delivery,chicken_tenders,1,1
2026-03-27 16:00:00,drive_thru,fries,5,3
2026-03-27 16:15:00,delivery,chicken_tenders,2,1
2026-03-27 16:15:00,drive_thru,chicken_tenders,2,2
2026-03-27 16:15:00,drive_thru,fries,3,3
2026-03-27 16:30:00,counter,chicken_tenders,1,1
2026-03-27 16:30:00,counter,fries,1,1
2026-03-27 16:30:00,drive_thru,fries,2,2
2026-03-27 16:45:00,counter,chicken_tenders,2,2
2026-03-27 16:45:00,delivery,chicken_tenders,1,1
2026-03-27 16:45:00,drive_thru,fries,1,1
2026-03-27 17:00:00,counter,fries,2,2
2026-03-27 17:00:00,delivery,chicken_tenders,1,1
2026-03-27 17:00:00,delivery,fries,2,2
2026-03-27 17:00:00,drive_thru,chicken_tenders,1,1
2026-03-27 17:15:00,counter,chicken_tenders,2,1
2026-03-27 17:15:00,counter,fries,6,3
2026-03-27 17:30:00,counter,chicken_tenders,2,2
2026-03-27 17:30:00,counter,fries,3,2
2026-03-27 17:30:00,drive_thru,chicken_tenders,1,1
2026-03-27 17:45:00,counter,fries,5,3
2026-03-27 17:45:00,delivery,fries,1,1
2026-03-27 17:45:00,drive_thru,chicken_tenders,4,2
2026-03-27 17:45:00,drive_thru,fries,1,1
2026-03-27 18:00:00,delivery,fries,3,1
2026-03-27 18:00:00,drive_thru,fries,4,2
2026-03-27 18:15:00,counter,chicken_tenders,1,1
2026-03-27 18:15:00,counter,fries,1,1
2026-03-27 18:15:00,drive_thru,chicken_tenders,2,1
2026-03-27 18:30:00,counter,chicken_tenders,3,3
2026-03-27 18:30:00,counter,fries,3,2
2026-03-27 18:30:00,drive_thru,chicken_tenders,2,2
2026-03-27 18:30:00,drive_thru,fries,3,2
2026-03-27 18:45:00,counter,chicken_tenders,1,1
2026-03-27 18:45:00,counter,fries,4,3
2026-03-27 18:45:00,delivery,chicken_tenders,1,1
2026-03-27 18:45:00,delivery,fries,1,1
2026-03-27 18:45:00,drive_thru,chicken_tenders,1,1
2026-03-27 18:45:00,drive_thru,fries,5,3
2026-03-27 19:00:00,counter,fries,2,2
2026-03-27 19:00:00,delivery,chicken_tenders,1,1
2026-03-27 19:00:00,delivery,fries,1,1
2026-03-27 19:00:00,drive_thru,chicken_tenders,3,2
2026-03-27 19:00:00,drive_thru,fries,3,3
2026-03-27 19:15:00,counter,chicken_tenders,3,3
2026-03-27 19:15:00,counter,fries,3,2
2026-03-27 19:15:00,delivery,chicken_tenders,3,1
2026-03-27 19:15:00,delivery,fries,1,1
2026-03-27 19:15:00,drive_thru,chicken_tenders,1,1
2026-03-27 19:15:00,drive_thru,fries,2,1
2026-03-27 19:30:00,counter,chicken_tenders,2,1
2026-03-27 19:30:00,counter,fries,1,1
2026-03-27 19:30:00,drive_thru,chicken_tenders,2,1
2026-03-27 19:30:00,drive_thru,fries,1,1
2026-03-27 19:45:00,counter,chicken_tenders,2,2
2026-03-27 19:45:00,delivery,chicken_tenders,4,2
2026-03-27 19:45:00,delivery,fries,1,1
2026-03-27 19:45:00,drive_thru,fries,2,2
2026-03-27 20:00:00,drive_thru,chicken_tenders,1,1
2026-03-27 20:15:00,counter,chicken_tenders,1,1
2026-03-27 20:15:00,delivery,chicken_tenders,1,1
2026-03-27 20:15:00,delivery,fries,1,1
2026-03-27 20:15:00,drive_thru,chicken_tenders,1,1
2026-03-27 20:15:00,drive_thru,fries,4,4
2026-03-27 20:30:00,counter,chicken_tenders,1,1
2026-03-27 20:30:00,drive_thru,chicken_tenders,3,2
2026-03-27 20:45:00,counter,fries,1,1
2026-03-27 20:45:00,drive_thru,chicken_tenders,2,1
2026-03-27 21:00:00,counter,chicken_tenders,1,1
2026-03-27 21:00:00,counter,fries,1,1
2026-03-27 21:15:00,drive_thru,chicken_tenders,1,1
2026-03-27 21:30:00,counter,fries,1,1
2026-03-27 21:30:00,drive_thru,fries,1,1
2026-03-27 21:45:00,counter,chicken_tenders,1,1
2026-03-27 21:45:00,delivery,chicken_tenders,2,1
2026-03-27 22:00:00,delivery,chicken_tenders,1,1
2026-03-28 06:00:00,counter,hash_brown,1,1
2026-03-28 06:15:00,drive_thru,breakfast_wrap,1,1
2026-03-28 06:30:00,delivery,hash_brown,2,1
2026-03-28 06:30:00,drive_thru,breakfast_wrap,4,3
2026-03-28 06:30:00,drive_thru,hash_brown,1,1
2026-03-28 06:45:00,counter,breakfast_wrap,2,2
2026-03-28 06:45:00,counter,hash_brown,1,1
2026-03-28 07:00:00,counter,breakfast_wrap,1,1
2026-03-28 07:00:00,drive_thru,hash_brown,1,1
2026-03-28 07:15:00,counter,breakfast_wrap,1,1
2026-03-28 07:15:00,counter,hash_brown,2,2
2026-03-28 07:15:00,delivery,hash_brown,1,1
2026-03-28 07:15:00,drive_thru,breakfast_wrap,1,1
2026-03-28 07:15:00,drive_thru,hash_brown,1,1
2026-03-28 07:30:00,counter,breakfast_wrap,3,2
2026-03-28 07:30:00,delivery,breakfast_wrap,1,1
2026-03-28 07:30:00,drive_thru,breakfast_wrap,1,1
2026-03-28 07:30:00,drive_thru,hash_brown,1,1
2026-03-28 07:45:00,delivery,breakfast_wrap,3,2
2026-03-28 07:45:00,delivery,hash_brown,1,1
2026-03-28 07:45:00,drive_thru,breakfast_wrap,2,2
2026-03-28 08:00:00,counter,breakfast_wrap,2,2
2026-03-28 08:00:00,delivery,breakfast_wrap,1,1
2026-03-28 08:00:00,delivery,hash_brown,2,2
2026-03-28 08:00:00,drive_thru,breakfast_wrap,3,2
2026-03-28 08:15:00,counter,breakfast_wrap,4,4
2026-03-28 08:15:00,counter,hash_brown,5,5
2026-03-28 08:15:00,delivery,hash_brown,2,1
2026-03-28 08:15:00,drive_thru,breakfast_wrap,1,1
2026-03-28 08:30:00,counter,breakfast_wrap,2,1
2026-03-28 08:30:00,counter,hash_brown,3,2
2026-03-28 08:30:00,delivery,breakfast_wrap,3,2
2026-03-28 08:30:00,delivery,hash_brown,1,1
2026-03-28 08:30:00,drive_thru,breakfast_wrap,1,1
2026-03-28 08:30:00,drive_thru,hash_brown,3,3
2026-03-28 08:45:00,delivery,hash_brown,1,1
2026-03-28 08:45:00,drive_thru,breakfast_wrap,3,3
2026-03-28 08:45:00,drive_thru,hash_brown,2,2
2026-03-28 09:00:00,counter,hash_brown,5,3
2026-03-28 09:00:00,drive_thru,breakfast_wrap,5,4
2026-03-28 09:00:00,drive_thru,hash_brown,2,2
2026-03-28 09:15:00,counter,breakfast_wrap,1,1
2026-03-28 09:15:00,counter,hash_brown,1,1
2026-03-28 09:15:00,delivery,breakfast_wrap,5,3
2026-03-28 09:15:00,drive_thru,breakfast_wrap,1,1
2026-03-28 09:15:00,drive_thru,hash_brown,2,1
2026-03-28 09:30:00,drive_thru,breakfast_wrap,1,1
2026-03-28 09:30:00,drive_thru,hash_brown,2,2
2026-03-28 09:45:00,counter,breakfast_wrap,3,2
2026-03-28 09:45:00,delivery,breakfast_wrap,2,1
2026-03-28 10:00:00,counter,breakfast_wrap,2,1
2026-03-28 10:00:00,delivery,breakfast_wrap,1,1
2026-03-28 10:00:00,delivery,hash_brown,1,1
2026-03-28 10:15:00,delivery,breakfast_wrap,2,1
2026-03-28 10:15:00,delivery,hash_brown,1,1
2026-03-28 10:15:00,drive_thru,breakfast_wrap,1,1
2026-03-28 10:15:00,drive_thru,hash_brown,3,2
2026-03-28 10:30:00,counter,breakfast_wrap,5,2
2026-03-28 10:30:00,counter,hash_brown,1,1
2026-03-28 10:30:00,drive_thru,hash_brown,1,1
2026-03-28 10:45:00,counter,breakfast_wrap,4,3
2026-03-28 11:00:00,counter,chicken_tenders,2,1
2026-03-28 11:00:00,delivery,breakfast_wrap,2,1
2026-03-28 11:00:00,drive_thru,chicken_tenders,1,1
2026-03-28 11:45:00,counter,fries,3,2
2026-03-28 11:45:00,delivery,chicken_tenders,1,1
2026-03-28 12:00:00,counter,chicken_tenders,4,3
2026-03-28 12:00:00,counter,fries,2,2
2026-03-28 12:00:00,delivery,chicken_tenders,3,2
2026-03-28 12:00:00,delivery,fries,3,2
2026-03-28 12:00:00,drive_thru,fries,1,1
2026-03-28 12:15:00,counter,fries,2,1
2026-03-28 12:15:00,delivery,chicken_tenders,2,1
2026-03-28 12:15:00,drive_thru,chicken_tenders,3,2
2026-03-28 12:15:00,drive_thru,fries,3,2
2026-03-28 12:30:00,counter,chicken_tenders,3,2
2026-03-28 12:30:00,counter,fries,5,3
2026-03-28 12:30:00,delivery,chicken_tenders,1,1
2026-03-28 12:30:00,delivery,fries,1,1
2026-03-28 12:30:00,drive_thru,chicken_tenders,1,1
2026-03-28 12:30:00,drive_thru,fries,1,1
2026-03-28 12:45:00,counter,chicken_tenders,4,4
2026-03-28 12:45:00,counter,fries,3,2
2026-03-28 12:45:00,delivery,chicken_tenders,3,1
2026-03-28 12:45:00,drive_thru,chicken_tenders,5,5
2026-03-28 12:45:00,drive_thru,fries,5,4
2026-03-28 13:00:00,counter,chicken_tenders,2,2
2026-03-28 13:00:00,counter,fries,4,3
2026-03-28 13:00:00,drive_thru,chicken_tenders,2,1
2026-03-28 13:00:00,drive_thru,fries,1,1
2026-03-28 13:15:00,counter,fries,3,2
2026-03-28 13:15:00,delivery,chicken_tenders,5,3
2026-03-28 13:15:00,delivery,fries,1,1
2026-03-28 13:30:00,counter,chicken_tenders,3,2
2026-03-28 13:30:00,counter,fries,1,1
2026-03-28 13:30:00,delivery,chicken_tenders,3,1
2026-03-28 13:30:00,drive_thru,chicken_tenders,3,3
2026-03-28 13:30:00,drive_thru,fries,1,1
2026-03-28 13:45:00,counter,fries,2,1
2026-03-28 13:45:00,delivery,chicken_tenders,2,1
2026-03-28 13:45:00,delivery,fries,2,1
2026-03-28 13:45:00,drive_thru,chicken_tenders,2,1
2026-03-28 14:00:00,counter,chicken_tenders,1,1
2026-03-28 14:00:00,counter,fries,2,2
2026-03-28 14:00:00,drive_thru,fries,2,1
2026-03-28 14:15:00,counter,fries,1,1
2026-03-28 14:15:00,drive_thru,chicken_tenders,2,1
2026-03-28 14:30:00,counter,chicken_tenders,1,1
2026-03-28 14:45:00,delivery,fries,1,1
2026-03-28 14:45:00,drive_thru,chicken_tenders,2,1
2026-03-28 14:45:00,drive_thru,fries,1,1
2026-03-28 15:00:00,delivery,fries,3,1
2026-03-28 15:00:00,drive_thru,chicken_tenders,2,1
2026-03-28 15:15:00,counter,fries,2,1
2026-03-28 15:30:00,counter,fries,2,1
2026-03-28 15:30:00,delivery,chicken_tenders,6,3
2026-03-28 15:30:00,delivery,fries,2,1
2026-03-28 15:45:00,counter,chicken_tenders,2,2
2026-03-28 15:45:00,counter,fries,2,1
2026-03-28 15:45:00,drive_thru,chicken_tenders,3,2
2026-03-28 15:45:00,drive_thru,fries,3,3
2026-03-28 16:00:00,counter,chicken_tenders,1,1
2026-03-28 16:00:00,drive_thru,chicken_tenders,3,1
2026-03-28 16:15:00,drive_thru,chicken_tenders,1,1
2026-03-28 16:15:00,drive_thru,fries,4,2
2026-03-28 16:30:00,counter,fries,3,2
2026-03-28 16:30:00,delivery,chicken_tenders,3,1
2026-03-28 16:45:00,delivery,fries,1,1
2026-03-28 16:45:00,drive_thru,chicken_tenders,1,1
2026-03-28 16:45:00,drive_thru,fries,1,1
2026-03-28 17:00:00,counter,chicken_tenders,1,1
2026-03-28 17:00:00,counter,fries,2,2
2026-03-28 17:00:00,delivery,chicken_tenders,2,1
2026-03-28 17:00:00,drive_thru,fries,1,1
2026-03-28 17:15:00,counter,chicken_tenders,1,1
2026-03-28 17:15:00,drive_thru,fries,3,2
2026-03-28 17:30:00,counter,chicken_tenders,1,1
2026-03-28 17:30:00,counter,fries,4,3
2026-03-28 17:30:00,delivery,fries,1,1
2026-03-28 17:30:00,drive_thru,chicken_tenders,2,2
2026-03-28 17:30:00,drive_thru,fries,4,4
2026-03-28 17:45:00,counter,fries,3,2
2026-03-28 17:45:00,delivery,chicken_tenders,3,2
2026-03-28 17:45:00,drive_thru,chicken_tenders,1,1
2026-03-28 18:00:00,delivery,chicken_tenders,1,1
2026-03-28 18:00:00,delivery,fries,4,2
2026-03-28 18:00:00,drive_thru,fries,3,2
2026-03-28 18:15:00,counter,chicken_tenders,3,2
2026-03-28 18:15:00,counter,fries,1,1
2026-03-28 18:15:00,drive_thru,chicken_tenders,1,1
2026-03-28 18:30:00,counter,fries,1,1
2026-03-28 18:30:00,delivery,chicken_tenders,3,2
2026-03-28 18:30:00,delivery,fries,1,1
2026-03-28 18:30:00,drive_thru,chicken_tenders,4,4
2026-03-28 18:30:00,drive_thru,fries,3,3
2026-03-28 18:45:00,counter,fries,2,1
2026-03-28 18:45:00,delivery,fries,1,1
2026-03-28 18:45:00,drive_thru,chicken_tenders,3,2
2026-03-28 18:45:00,drive_thru,fries,2,2
2026-03-28 19:00:00,counter,chicken_tenders,1,1
2026-03-28 19:00:00,counter,fries,4,3
2026-03-28 19:00:00,delivery,fries,2,1
2026-03-28 19:00:00,drive_thru,fries,2,1
2026-03-28 19:15:00,counter,chicken_tenders,1,1
2026-03-28 19:15:00,counter,fries,1,1
2026-03-28 19:15:00,delivery,chicken_tenders,1,1
2026-03-28 19:30:00,delivery,chicken_tenders,2,1
2026-03-28 19:30:00,drive_thru,chicken_tenders,1,1
2026-03-28 19:45:00,counter,fries,5,3
2026-03-28 19:45:00,delivery,chicken_tenders,1,1
2026-03-28 19:45:00,delivery,fries,2,2
2026-03-28 19:45:00,drive_thru,fries,1,1
2026-03-28 20:00:00,delivery,chicken_tenders,3,2
2026-03-28 20:00:00,delivery,fries,1,1
2026-03-28 20:00:00,drive_thru,fries,1,1
2026-03-28 20:15:00,delivery,chicken_tenders,1,1
2026-03-28 20:15:00,drive_thru,fries,2,1
2026-03-28 20:30:00,drive_thru,chicken_tenders,4,2
2026-03-28 20:30:00,drive_thru,fries,1,1
2026-03-28 20:45:00,counter,chicken_tenders,2,1
2026-03-28 20:45:00,counter,fries,1,1
2026-03-28 20:45:00,drive_thru,chicken_tenders,2,1
2026-03-28 20:45:00,drive_thru,fries,1,1
2026-03-28 21:00:00,counter,chicken_tenders,1,1
2026-03-28 21:15:00,counter,chicken_tenders,1,1
2026-03-28 21:15:00,counter,fries,2,1
2026-03-28 21:15:00,drive_thru,fries,1,1
2026-03-28 21:45:00,counter,chicken_tenders,1,1
2026-03-28 21:45:00,counter,fries,1,1
2026-03-29 06:00:00,drive_thru,hash_brown,1,1
2026-03-29 06:15:00,counter,hash_brown,1,1
2026-03-29 06:15:00,drive_thru,breakfast_wrap,2,1
2026-03-29 06:30:00,counter,breakfast_wrap,3,2
2026-03-29 06:30:00,counter,hash_brown,1,1
2026-03-29 06:45:00,delivery,hash_brown,1,1
2026-03-29 07:00:00,counter,breakfast_wrap,1,1
2026-03-29 07:00:00,delivery,hash_brown,2,2
2026-03-29 07:00:00,drive_thru,breakfast_wrap,2,2
2026-03-29 07:15:00,counter,breakfast_wrap,5,3
2026-03-29 07:15:00,counter,hash_brown,2,2
2026-03-29 07:15:00,delivery,breakfast_wrap,4,2
2026-03-29 07:15:00,delivery,hash_brown,1,1
2026-03-29 07:30:00,counter,breakfast_wrap,4,3
2026-03-29 07:30:00,counter,hash_brown,2,2
2026-03-29 07:30:00,drive_thru,hash_brown,1,1
2026-03-29 07:45:00,counter,breakfast_wrap,2,2
2026-03-29 07:45:00,counter,hash_brown,2,1
2026-03-29 07:45:00,drive_thru,breakfast_wrap,2,1
2026-03-29 08:00:00,counter,breakfast_wrap,1,1
2026-03-29 08:00:00,counter,hash_brown,4,3
2026-03-29 08:00:00,delivery,breakfast_wrap,1,1
2026-03-29 08:00:00,delivery,hash_brown,3,2
2026-03-29 08:00:00,drive_thru,hash_brown,1,1
2026-03-29 08:15:00,counter,breakfast_wrap,4,3
2026-03-29 08:15:00,counter,hash_brown,3,2
2026-03-29 08:15:00,drive_thru,hash_brown,5,3
2026-03-29 08:30:00,counter,breakfast_wrap,2,2
2026-03-29 08:30:00,counter,hash_brown,1,1
2026-03-29 08:30:00,delivery,breakfast_wrap,2,1
2026-03-29 08:30:00,drive_thru,breakfast_wrap,1,1
2026-03-29 08:45:00,counter,breakfast_wrap,3,3
2026-03-29 08:45:00,counter,hash_brown,2,2
2026-03-29 08:45:00,delivery,breakfast_wrap,1,1
2026-03-29 08:45:00,drive_thru,breakfast_wrap,1,1
2026-03-29 08:45:00,drive_thru,hash_brown,2,1
2026-03-29 09:00:00,counter,breakfast_wrap,6,4
2026-03-29 09:00:00,counter,hash_brown,3,3
2026-03-29 09:00:00,delivery,breakfast_wrap,2,2
2026-03-29 09:00:00,delivery,hash_brown,1,1
2026-03-29 09:00:00,drive_thru,breakfast_wrap,1,1
2026-03-29 09:15:00,counter,hash_brown,1,1
2026-03-29 09:15:00,drive_thru,breakfast_wrap,1,1
2026-03-29 09:30:00,counter,breakfast_wrap,1,1
2026-03-29 09:30:00,counter,hash_brown,1,1
2026-03-29 09:30:00,delivery,hash_brown,7,4
2026-03-29 09:30:00,drive_thru,breakfast_wrap,4,2
2026-03-29 09:30:00,drive_thru,hash_brown,3,2
2026-03-29 10:00:00,counter,breakfast_wrap,1,1
2026-03-29 10:00:00,delivery,breakfast_wrap,2,1
2026-03-29 10:00:00,drive_thru,breakfast_wrap,1,1
2026-03-29 10:15:00,counter,hash_brown,1,1
2026-03-29 10:15:00,drive_thru,breakfast_wrap,1,1
2026-03-29 10:15:00,drive_thru,hash_brown,1,1
2026-03-29 10:30:00,delivery,breakfast_wrap,1,1
2026-03-29 10:30:00,drive_thru,hash_brown,1,1
2026-03-29 10:45:00,counter,breakfast_wrap,3,2
2026-03-29 10:45:00,delivery,breakfast_wrap,1,1
2026-03-29 10:45:00,delivery,hash_brown,1,1
2026-03-29 11:00:00,drive_thru,fries,2,2
2026-03-29 11:15:00,counter,fries,2,1
2026-03-29 11:15:00,delivery,chicken_tenders,2,2
2026-03-29 11:15:00,delivery,fries,2,2
2026-03-29 11:30:00,counter,fries,1,1
2026-03-29 11:30:00,delivery,chicken_tenders,2,1
2026-03-29 11:30:00,delivery,fries,2,1
2026-03-29 11:45:00,counter,chicken_tenders,1,1
2026-03-29 11:45:00,delivery,chicken_tenders,1,1
2026-03-29 11:45:00,delivery,fries,1,1
2026-03-29 12:00:00,counter,chicken_tenders,1,1
2026-03-29 12:00:00,counter,fries,3,3
2026-03-29 12:00:00,delivery,fries,2,2
2026-03-29 12:00:00,drive_thru,chicken_tenders,3,2
2026-03-29 12:00:00,drive_thru,fries,2,2
2026-03-29 12:15:00,counter,chicken_tenders,9,5
2026-03-29 12:15:00,counter,fries,1,1
2026-03-29 12:15:00,delivery,chicken_tenders,1,1
2026-03-29 12:15:00,delivery,fries,4,2
2026-03-29 12:15:00,drive_thru,chicken_tenders,1,1
2026-03-29 12:15:00,drive_thru,fries,1,1
2026-03-29 12:30:00,counter,chicken_tenders,2,1
2026-03-29 12:30:00,counter,fries,4,1
2026-03-29 12:30:00,drive_thru,chicken_tenders,1,1
2026-03-29 12:30:00,drive_thru,fries,2,1
2026-03-29 12:45:00,counter,fries,1,1
2026-03-29 12:45:00,delivery,chicken_tenders,2,2
2026-03-29 12:45:00,delivery,fries,2,2
2026-03-29 12:45:00,drive_thru,chicken_tenders,3,2
2026-03-29 12:45:00,drive_thru,fries,5,3
2026-03-29 13:00:00,counter,chicken_tenders,5,4
2026-03-29 13:00:00,counter,fries,3,2
2026-03-29 13:00:00,delivery,fries,3,2
2026-03-29 13:00:00,drive_thru,fries,1,1
2026-03-29 13:15:00,counter,chicken_tenders,3,2
2026-03-29 13:15:00,counter,fries,1,1
2026-03-29 13:15:00,delivery,chicken_tenders,2,2
2026-03-29 13:15:00,delivery,fries,2,1
2026-03-29 13:15:00,drive_thru,chicken_tenders,4,3
2026-03-29 13:15:00,drive_thru,fries,2,2
2026-03-29 13:30:00,counter,chicken_tenders,3,3
2026-03-29 13:30:00,counter,fries,2,2
2026-03-29 13:30:00,delivery,chicken_tenders,1,1
2026-03-29 13:30:00,delivery,fries,1,1
2026-03-29 13:30:00,drive_thru,fries,1,1
2026-03-29 13:45:00,counter,chicken_tenders,4,2
2026-03-29 13:45:00,counter,fries,1,1
2026-03-29 13:45:00,delivery,chicken_tenders,2,1
2026-03-29 13:45:00,delivery,fries,2,1
2026-03-29 13:45:00,drive_thru,fries,1,1
2026-03-29 14:15:00,counter,chicken_tenders,2,1
2026-03-29 14:15:00,delivery,chicken_tenders,1,1
2026-03-29 14:15:00,delivery,fries,2,1
2026-03-29 14:15:00,drive_thru,chicken_tenders,2,1
2026-03-29 14:15:00,drive_thru,fries,2,2
2026-03-29 14:30:00,counter,chicken_tenders,2,2
2026-03-29 14:30:00,counter,fries,1,1
2026-03-29 14:30:00,drive_thru,chicken_tenders,1,1
2026-03-29 14:45:00,counter,chicken_tenders,9,5
2026-03-29 14:45:00,counter,fries,2,2
2026-03-29 14:45:00,delivery,chicken_tenders,2,1
2026-03-29 14:45:00,drive_thru,chicken_tenders,1,1
2026-03-29 15:00:00,counter,chicken_tenders,1,1
2026-03-29 15:00:00,drive_thru,chicken_tenders,1,1
2026-03-29 15:00:00,drive_thru,fries,1,1
2026-03-29 15:15:00,counter,chicken_tenders,1,1
2026-03-29 15:15:00,delivery,chicken_tenders,1,1
2026-03-29 15:15:00,drive_thru,chicken_tenders,2,1
2026-03-29 15:30:00,counter,chicken_tenders,1,1
2026-03-29 15:30:00,counter,fries,2,1
2026-03-29 15:30:00,delivery,chicken_tenders,1,1
2026-03-29 15:30:00,drive_thru,chicken_tenders,1,1
2026-03-29 15:30:00,drive_thru,fries,1,1
2026-03-29 15:45:00,delivery,chicken_tenders,1,1
2026-03-29 15:45:00,delivery,fries,1,1
2026-03-29 16:00:00,counter,chicken_tenders,3,2
2026-03-29 16:00:00,counter,fries,2,2
2026-03-29 16:00:00,drive_thru,fries,3,1
2026-03-29 16:15:00,counter,chicken_tenders,1,1
2026-03-29 16:15:00,delivery,chicken_tenders,1,1
2026-03-29 16:15:00,delivery,fries,3,2
2026-03-29 16:15:00,drive_thru,chicken_tenders,2,1
2026-03-29 16:30:00,counter,fries,1,1
2026-03-29 16:45:00,delivery,chicken_tenders,3,2
2026-03-29 16:45:00,delivery,fries,3,2
2026-03-29 16:45:00,drive_thru,chicken_tenders,1,1
2026-03-29 16:45:00,drive_thru,fries,1,1
2026-03-29 17:00:00,counter,chicken_tenders,4,3
2026-03-29 17:00:00,counter,fries,2,2
2026-03-29 17:00:00,delivery,chicken_tenders,3,2
2026-03-29 17:00:00,delivery,fries,1,1
2026-03-29 17:00:00,drive_thru,chicken_tenders,3,2
2026-03-29 17:00:00,drive_thru,fries,1,1
2026-03-29 17:15:00,counter,chicken_tenders,1,1
2026-03-29 17:15:00,counter,fries,3,2
2026-03-29 17:15:00,delivery,fries,1,1
2026-03-29 17:15:00,drive_thru,chicken_tenders,3,2
2026-03-29 17:15:00,drive_thru,fries,2,2
2026-03-29 17:30:00,counter,chicken_tenders,1,1
2026-03-29 17:30:00,counter,fries,3,3
2026-03-29 17:30:00,delivery,chicken_tenders,1,1
2026-03-29 17:30:00,drive_thru,fries,1,1
2026-03-29 17:45:00,counter,chicken_tenders,3,1
2026-03-29 17:45:00,counter,fries,4,3
2026-03-29 18:00:00,drive_thru,chicken_tenders,2,1
2026-03-29 18:00:00,drive_thru,fries,4,3
2026-03-29 18:15:00,delivery,fries,1,1
2026-03-29 18:15:00,drive_thru,chicken_tenders,3,2
2026-03-29 18:15:00,drive_thru,fries,1,1
2026-03-29 18:30:00,drive_thru,chicken_tenders,4,4
2026-03-29 18:30:00,drive_thru,fries,5,3
2026-03-29 18:45:00,drive_thru,chicken_tenders,2,2
2026-03-29 19:00:00,counter,fries,2,1
2026-03-29 19:00:00,delivery,chicken_tenders,2,2
2026-03-29 19:00:00,delivery,fries,1,1
2026-03-29 19:00:00,drive_thru,chicken_tenders,1,1
2026-03-29 19:00:00,drive_thru,fries,1,1
2026-03-29 19:15:00,counter,fries,1,1
2026-03-29 19:15:00,delivery,chicken_tenders,3,2
2026-03-29 19:15:00,delivery,fries,6,5
2026-03-29 19:15:00,drive_thru,fries,1,1
2026-03-29 19:30:00,counter,chicken_tenders,1,1
2026-03-29 19:30:00,counter,fries,1,1
2026-03-29 19:30:00,delivery,fries,1,1
2026-03-29 19:30:00,drive_thru,fries,3,2
2026-03-29 19:45:00,counter,fries,1,1
2026-03-29 19:45:00,drive_thru,chicken_tenders,2,2
2026-03-29 20:00:00,delivery,chicken_tenders,5,2
2026-03-29 20:00:00,delivery,fries,1,1
2026-03-29 20:00:00,drive_thru,chicken_tenders,2,2
2026-03-29 20:15:00,counter,fries,1,1
2026-03-29 20:15:00,delivery,fries,1,1
2026-03-29 20:30:00,counter,fries,2,2
2026-03-29 20:45:00,counter,chicken_tenders,2,1
2026-03-29 20:45:00,counter,fries,1,1
2026-03-29 20:45:00,delivery,fries,1,1
2026-03-29 20:45:00,drive_thru,chicken_tenders,2,1
2026-03-29 21:00:00,delivery,chicken_tenders,2,2
2026-03-29 21:00:00,delivery,fries,1,1
2026-03-29 21:15:00,delivery,chicken_tenders,1,1
2026-03-29 21:15:00,delivery,fries,1,1
2026-03-29 21:30:00,counter,chicken_tenders,2,2
2026-03-29 21:30:00,counter,fries,2,2
2026-03-29 21:30:00,delivery,chicken_tenders,2,2
2026-03-29 21:30:00,delivery,fries,1,1
2026-03-29 21:45:00,counter,chicken_tenders,1,1
2026-03-29 21:45:00,counter,fries,2,1
2026-03-30 06:00:00,counter,breakfast_wrap,3,1
2026-03-30 06:00:00,counter,hash_brown,4,2
2026-03-30 06:00:00,drive_thru,breakfast_wrap,1,1
2026-03-30 06:15:00,counter,hash_brown,2,1
2026-03-30 06:15:00,drive_thru,breakfast_wrap,1,1
2026-03-30 06:15:00,drive_thru,hash_brown,2,1
2026-03-30 06:30:00,counter,breakfast_wrap,2,2
2026-03-30 06:30:00,drive_thru,breakfast_wrap,1,1
2026-03-30 06:45:00,delivery,breakfast_wrap,1,1
2026-03-30 06:45:00,drive_thru,breakfast_wrap,1,1
2026-03-30 06:45:00,drive_thru,hash_brown,2,1
2026-03-30 07:00:00,delivery,breakfast_wrap,1,1
2026-03-30 07:00:00,delivery,hash_brown,1,1
2026-03-30 07:00:00,drive_thru,breakfast_wrap,2,1
2026-03-30 07:00:00,drive_thru,hash_brown,2,2
2026-03-30 07:15:00,counter,breakfast_wrap,1,1
2026-03-30 07:15:00,counter,hash_brown,2,2
2026-03-30 07:15:00,delivery,hash_brown,1,1
2026-03-30 07:15:00,drive_thru,breakfast_wrap,1,1
2026-03-30 07:15:00,drive_thru,hash_brown,1,1
2026-03-30 07:30:00,drive_thru,breakfast_wrap,3,2
2026-03-30 07:30:00,drive_thru,hash_brown,2,2
2026-03-30 07:45:00,counter,breakfast_wrap,1,1
2026-03-30 07:45:00,drive_thru,hash_brown,4,3
2026-03-30 08:00:00,counter,breakfast_wrap,3,3
2026-03-30 08:00:00,counter,hash_brown,8,7
2026-03-30 08:00:00,drive_thru,hash_brown,1,1
2026-03-30 08:15:00,counter,breakfast_wrap,4,4
2026-03-30 08:15:00,counter,hash_brown,2,2
2026-03-30 08:15:00,drive_thru,breakfast_wrap,2,2
2026-03-30 08:15:00,drive_thru,hash_brown,1,1
2026-03-30 08:30:00,counter,hash_brown,3,2
2026-03-30 08:30:00,delivery,breakfast_wrap,1,1
2026-03-30 08:30:00,delivery,hash_brown,3,3
2026-03-30 08:30:00,drive_thru,hash_brown,2,1
2026-03-30 08:45:00,counter,breakfast_wrap,1,1
2026-03-30 08:45:00,delivery,breakfast_wrap,3,1
2026-03-30 08:45:00,delivery,hash_brown,2,1
2026-03-30 09:00:00,counter,hash_brown,2,2
2026-03-30 09:15:00,counter,breakfast_wrap,1,1
2026-03-30 09:15:00,counter,hash_brown,3,2
2026-03-30 09:15:00,drive_thru,breakfast_wrap,1,1
2026-03-30 09:15:00,drive_thru,hash_brown,2,1
2026-03-30 09:30:00,counter,breakfast_wrap,1,1
2026-03-30 09:30:00,counter,hash_brown,1,1
2026-03-30 09:30:00,drive_thru,hash_brown,1,1
2026-03-30 09:45:00,counter,breakfast_wrap,3,2
2026-03-30 09:45:00,counter,hash_brown,2,2
2026-03-30 09:45:00,delivery,breakfast_wrap,3,3
2026-03-30 09:45:00,delivery,hash_brown,4,4
2026-03-30 09:45:00,drive_thru,breakfast_wrap,1,1
2026-03-30 09:45:00,drive_thru,hash_brown,2,2
2026-03-30 10:00:00,drive_thru,breakfast_wrap,2,1
2026-03-30 10:15:00,counter,hash_brown,5,3
2026-03-30 10:30:00,counter,breakfast_wrap,1,1
2026-03-30 10:30:00,counter,hash_brown,1,1
2026-03-30 10:30:00,delivery,breakfast_wrap,1,1
2026-03-30 10:45:00,counter,breakfast_wrap,3,2
2026-03-30 10:45:00,counter,hash_brown,2,1
2026-03-30 10:45:00,drive_thru,hash_brown,3,2
2026-03-30 11:00:00,counter,chicken_tenders,2,1
2026-03-30 11:00:00,counter,fries,1,1
2026-03-30 11:00:00,drive_thru,fries,2,1
2026-03-30 11:15:00,counter,chicken_tenders,1,1
2026-03-30 11:15:00,counter,fries,3,2
2026-03-30 11:15:00,delivery,fries,1,1
2026-03-30 11:30:00,counter,chicken_tenders,1,1
2026-03-30 11:30:00,counter,fries,1,1
2026-03-30 11:45:00,drive_thru,chicken_tenders,1,1
2026-03-30 11:45:00,drive_thru,fries,1,1
2026-03-30 12:00:00,counter,chicken_tenders,1,1
2026-03-30 12:00:00,counter,fries,5,3
2026-03-30 12:00:00,delivery,chicken_tenders,3,2
2026-03-30 12:00:00,delivery,fries,1,1
2026-03-30 12:00:00,drive_thru,chicken_tenders,1,1
2026-03-30 12:00:00,drive_thru,fries,4,2
2026-03-30 12:15:00,counter,chicken_tenders,1,1
2026-03-30 12:15:00,delivery,chicken_tenders,3,3
2026-03-30 12:15:00,drive_thru,chicken_tenders,4,3
2026-03-30 12:15:00,drive_thru,fries,4,4
2026-03-30 12:30:00,counter,chicken_tenders,5,3
2026-03-30 12:30:00,counter,fries,3,2
2026-03-30 12:30:00,delivery,chicken_tenders,1,1
2026-03-30 12:30:00,drive_thru,chicken_tenders,3,3
2026-03-30 12:30:00,drive_thru,fries,5,3
2026-03-30 12:45:00,counter,chicken_tenders,3,2
2026-03-30 12:45:00,delivery,fries,1,1
2026-03-30 12:45:00,drive_thru,chicken_tenders,6,3
2026-03-30 12:45:00,drive_thru,fries,1,1
2026-03-30 13:00:00,delivery,fries,3,2
2026-03-30 13:00:00,drive_thru,chicken_tenders,1,1
2026-03-30 13:00:00,drive_thru,fries,3,2
2026-03-30 13:15:00,drive_thru,chicken_tenders,4,3
2026-03-30 13:15:00,drive_thru,fries,1,1
2026-03-30 13:30:00,counter,chicken_tenders,3,2
2026-03-30 13:30:00,delivery,chicken_tenders,3,3
2026-03-30 13:30:00,delivery,fries,4,4
2026-03-30 13:30:00,drive_thru,chicken_tenders,2,1
2026-03-30 13:30:00,drive_thru,fries,3,3
2026-03-30 13:45:00,counter,chicken_tenders,3,2
2026-03-30 13:45:00,counter,fries,2,2
2026-03-30 13:45:00,delivery,fries,2,1
2026-03-30 13:45:00,drive_thru,chicken_tenders,4,3
2026-03-30 13:45:00,drive_thru,fries,4,3
2026-03-30 14:15:00,counter,chicken_tenders,1,1
2026-03-30 14:15:00,counter,fries,2,1
2026-03-30 14:15:00,drive_thru,chicken_tenders,1,1
2026-03-30 14:30:00,drive_thru,chicken_tenders,1,1
2026-03-30 14:30:00,drive_thru,fries,1,1
2026-03-30 14:45:00,counter,chicken_tenders,1,1
2026-03-30 14:45:00,delivery,chicken_tenders,3,2
2026-03-30 14:45:00,delivery,fries,1,1
2026-03-30 14:45:00,drive_thru,chicken_tenders,1,1
2026-03-30 14:45:00,drive_thru,fries,2,1
2026-03-30 15:15:00,counter,fries,1,1
2026-03-30 15:30:00,delivery,chicken_tenders,2,1
2026-03-30 15:30:00,drive_thru,chicken_tenders,2,2
2026-03-30 15:45:00,delivery,chicken_tenders,2,2
2026-03-30 15:45:00,delivery,fries,4,3
2026-03-30 15:45:00,drive_thru,chicken_tenders,1,1
2026-03-30 16:00:00,counter,chicken_tenders,1,1
2026-03-30 16:00:00,drive_thru,chicken_tenders,1,1
2026-03-30 16:00:00,drive_thru,fries,1,1
2026-03-30 16:15:00,counter,fries,2,1
2026-03-30 16:15:00,drive_thru,chicken_tenders,1,1
2026-03-30 16:30:00,counter,chicken_tenders,1,1
2026-03-30 16:30:00,counter,fries,1,1
2026-03-30 16:30:00,delivery,chicken_tenders,1,1
2026-03-30 16:30:00,drive_thru,fries,1,1
2026-03-30 16:45:00,counter,chicken_tenders,1,1
2026-03-30 16:45:00,counter,fries,1,1
2026-03-30 16:45:00,drive_thru,chicken_tenders,1,1
2026-03-30 16:45:00,drive_thru,fries,1,1
2026-03-30 17:00:00,counter,chicken_tenders,1,1
2026-03-30 17:00:00,counter,fries,3,3
2026-03-30 17:00:00,delivery,chicken_tenders,1,1
2026-03-30 17:00:00,delivery,fries,2,1
2026-03-30 17:15:00,counter,chicken_tenders,1,1
2026-03-30 17:15:00,counter,fries,1,1
2026-03-30 17:15:00,delivery,chicken_tenders,1,1
2026-03-30 17:15:00,drive_thru,fries,2,2
2026-03-30 17:30:00,counter,chicken_tenders,4,4
2026-03-30 17:30:00,counter,fries,3,2
2026-03-30 17:30:00,delivery,fries,1,1
2026-03-30 17:30:00,drive_thru,chicken_tenders,1,1
2026-03-30 17:30:00,drive_thru,fries,2,2
2026-03-30 17:45:00,counter,chicken_tenders,2,2
2026-03-30 17:45:00,counter,fries,3,2
2026-03-30 17:45:00,delivery,chicken_tenders,2,1
2026-03-30 17:45:00,drive_thru,chicken_tenders,3,2
2026-03-30 18:00:00,counter,chicken_tenders,1,1
2026-03-30 18:00:00,delivery,fries,2,1
2026-03-30 18:00:00,drive_thru,chicken_tenders,1,1
2026-03-30 18:00:00,drive_thru,fries,5,4
2026-03-30 18:15:00,counter,chicken_tenders,2,2
2026-03-30 18:15:00,delivery,fries,1,1
2026-03-30 18:15:00,drive_thru,fries,1,1
2026-03-30 18:30:00,counter,chicken_tenders,1,1
2026-03-30 18:30:00,delivery,fries,1,1
2026-03-30 18:30:00,drive_thru,chicken_tenders,5,3
2026-03-30 18:30:00,drive_thru,fries,2,2
2026-03-30 18:45:00,counter,chicken_tenders,2,2
2026-03-30 18:45:00,counter,fries,3,3
2026-03-30 18:45:00,delivery,chicken_tenders,1,1
2026-03-30 18:45:00,drive_thru,chicken_tenders,1,1
2026-03-30 19:00:00,counter,chicken_tenders,1,1
2026-03-30 19:00:00,counter,fries,1,1
2026-03-30 19:00:00,drive_thru,chicken_tenders,4,3
2026-03-30 19:15:00,counter,chicken_tenders,1,1
2026-03-30 19:15:00,counter,fries,4,3
2026-03-30 19:15:00,drive_thru,fries,3,3
2026-03-30 19:30:00,counter,chicken_tenders,1,1
2026-03-30 19:30:00,drive_thru,chicken_tenders,1,1
2026-03-30 19:30:00,drive_thru,fries,1,1
2026-03-30 19:45:00,drive_thru,fries,1,1
2026-03-30 20:00:00,counter,chicken_tenders,2,1
2026-03-30 20:00:00,drive_thru,chicken_tenders,3,2
2026-03-30 20:00:00,drive_thru,fries,1,1
2026-03-30 20:15:00,delivery,chicken_tenders,1,1
2026-03-30 20:15:00,delivery,fries,1,1
2026-03-30 20:30:00,counter,chicken_tenders,2,2
2026-03-30 20:30:00,counter,fries,1,1
2026-03-30 20:30:00,drive_thru,chicken_tenders,2,1
2026-03-30 20:45:00,counter,chicken_tenders,2,2
2026-03-30 20:45:00,counter,fries,1,1
2026-03-30 20:45:00,delivery,chicken_tenders,1,1
2026-03-30 20:45:00,delivery,fries,1,1
2026-03-30 20:45:00,drive_thru,chicken_tenders,1,1
2026-03-30 21:00:00,counter,chicken_tenders,4,3
2026-03-30 21:15:00,counter,fries,1,1
2026-03-30 21:30:00,counter,chicken_tenders,2,2
2026-03-30 21:30:00,counter,fries,5,3
2026-03-30 21:30:00,delivery,chicken_tenders,1,1
2026-03-30 21:30:00,delivery,fries,1,1
2026-03-30 21:45:00,counter,chicken_tenders,2,1
2026-03-30 21:45:00,counter,fries,1,1
2026-03-31 06:00:00,drive_thru,hash_brown,2,1
2026-03-31 06:15:00,counter,breakfast_wrap,1,1
2026-03-31 06:15:00,drive_thru,hash_brown,3,1
2026-03-31 06:30:00,counter,breakfast_wrap,1,1
2026-03-31 06:30:00,counter,hash_brown,3,2
2026-03-31 06:45:00,counter,hash_brown,2,1
2026-03-31 07:00:00,counter,breakfast_wrap,1,1
2026-03-31 07:00:00,counter,hash_brown,4,2
2026-03-31 07:00:00,drive_thru,hash_brown,1,1
2026-03-31 07:15:00,counter,hash_brown,5,3
2026-03-31 07:15:00,delivery,breakfast_wrap,1,1
2026-03-31 07:15:00,delivery,hash_brown,2,1
2026-03-31 07:15:00,drive_thru,breakfast_wrap,1,1
2026-03-31 07:30:00,counter,breakfast_wrap,6,3
2026-03-31 07:30:00,counter,hash_brown,2,2
2026-03-31 07:30:00,delivery,breakfast_wrap,2,2
2026-03-31 07:30:00,delivery,hash_brown,1,1
2026-03-31 07:30:00,drive_thru,breakfast_wrap,1,1
2026-03-31 07:30:00,drive_thru,hash_brown,2,2
2026-03-31 07:45:00,counter,hash_brown,4,2
2026-03-31 07:45:00,delivery,hash_brown,2,1
2026-03-31 07:45:00,drive_thru,breakfast_wrap,1,1
2026-03-31 08:00:00,counter,hash_brown,3,3
2026-03-31 08:00:00,delivery,breakfast_wrap,1,1
2026-03-31 08:00:00,delivery,hash_brown,1,1
2026-03-31 08:00:00,drive_thru,breakfast_wrap,2,1
2026-03-31 08:15:00,drive_thru,breakfast_wrap,1,1
2026-03-31 08:15:00,drive_thru,hash_brown,1,1
2026-03-31 08:30:00,counter,breakfast_wrap,2,1
2026-03-31 08:30:00,counter,hash_brown,12,6
2026-03-31 08:30:00,delivery,breakfast_wrap,2,2
2026-03-31 08:30:00,drive_thru,breakfast_wrap,2,2
2026-03-31 08:30:00,drive_thru,hash_brown,3,2
2026-03-31 08:45:00,counter,breakfast_wrap,1,1
2026-03-31 08:45:00,counter,hash_brown,1,1
2026-03-31 08:45:00,delivery,breakfast_wrap,2,2
2026-03-31 08:45:00,delivery,hash_brown,2,2
2026-03-31 09:00:00,counter,breakfast_wrap,1,1
2026-03-31 09:00:00,counter,hash_brown,1,1
2026-03-31 09:00:00,delivery,breakfast_wrap,3,2
2026-03-31 09:00:00,delivery,hash_brown,2,1
2026-03-31 09:00:00,drive_thru,breakfast_wrap,1,1
2026-03-31 09:15:00,counter,hash_brown,2,2
2026-03-31 09:15:00,delivery,breakfast_wrap,1,1
2026-03-31 09:15:00,delivery,hash_brown,2,1
2026-03-31 09:15:00,drive_thru,breakfast_wrap,7,4
2026-03-31 09:30:00,counter,breakfast_wrap,1,1
2026-03-31 09:30:00,counter,hash_brown,1,1
2026-03-31 09:30:00,delivery,hash_brown,1,1
2026-03-31 09:30:00,drive_thru,breakfast_wrap,2,2
2026-03-31 09:30:00,drive_thru,hash_brown,5,3
2026-03-31 09:45:00,counter,breakfast_wrap,1,1
2026-03-31 09:45:00,counter,hash_brown,2,1
2026-03-31 09:45:00,delivery,hash_brown,1,1
2026-03-31 09:45:00,drive_thru,hash_brown,1,1
2026-03-31 10:00:00,drive_thru,breakfast_wrap,1,1
2026-03-31 10:00:00,drive_thru,hash_brown,1,1
2026-03-31 10:15:00,counter,breakfast_wrap,1,1
2026-03-31 10:15:00,counter,hash_brown,1,1
2026-03-31 10:15:00,delivery,hash_brown,1,1
2026-03-31 10:30:00,delivery,hash_brown,2,1
2026-03-31 10:45:00,counter,breakfast_wrap,1,1
2026-03-31 10:45:00,counter,hash_brown,1,1
2026-03-31 11:00:00,drive_thru,chicken_tenders,4,1
2026-03-31 11:15:00,counter,chicken_tenders,1,1
2026-03-31 11:15:00,delivery,fries,1,1
2026-03-31 11:15:00,drive_thru,fries,1,1
2026-03-31 11:30:00,drive_thru,chicken_tenders,1,1
2026-03-31 12:00:00,counter,chicken_tenders,5,4
2026-03-31 12:00:00,counter,fries,2,2
2026-03-31 12:00:00,drive_thru,chicken_tenders,3,2
2026-03-31 12:00:00,drive_thru,fries,3,3
2026-03-31 12:15:00,delivery,chicken_tenders,1,1
2026-03-31 12:15:00,drive_thru,chicken_tenders,1,1
2026-03-31 12:15:00,drive_thru,fries,2,2
2026-03-31 12:30:00,counter,chicken_tenders,1,1
2026-03-31 12:30:00,drive_thru,chicken_tenders,2,2
2026-03-31 12:30:00,drive_thru,fries,2,1
2026-03-31 12:45:00,counter,fries,3,2
2026-03-31 12:45:00,delivery,chicken_tenders,2,1
2026-03-31 12:45:00,delivery,fries,2,2
2026-03-31 12:45:00,drive_thru,chicken_tenders,3,2
2026-03-31 12:45:00,drive_thru,fries,3,2
2026-03-31 13:00:00,delivery,fries,2,2
2026-03-31 13:00:00,drive_thru,chicken_tenders,4,3
2026-03-31 13:15:00,counter,chicken_tenders,1,1
2026-03-31 13:15:00,counter,fries,5,4
2026-03-31 13:15:00,delivery,chicken_tenders,1,1
2026-03-31 13:15:00,delivery,fries,1,1
2026-03-31 13:15:00,drive_thru,fries,4,2
2026-03-31 13:30:00,counter,fries,1,1
2026-03-31 13:30:00,delivery,fries,1,1
2026-03-31 13:30:00,drive_thru,chicken_tenders,4,2
2026-03-31 13:45:00,counter,chicken_tenders,4,3
2026-03-31 13:45:00,counter,fries,2,1
2026-03-31 13:45:00,drive_thru,fries,5,2
2026-03-31 14:00:00,drive_thru,fries,1,1
2026-03-31 14:15:00,drive_thru,chicken_tenders,1,1
2026-03-31 14:30:00,counter,chicken_tenders,1,1
2026-03-31 14:30:00,counter,fries,1,1
2026-03-31 14:30:00,delivery,fries,1,1
2026-03-31 14:45:00,counter,fries,4,1
2026-03-31 15:00:00,drive_thru,fries,1,1
2026-03-31 15:30:00,drive_thru,chicken_tenders,2,1
2026-03-31 15:45:00,drive_thru,chicken_tenders,3,2
2026-03-31 15:45:00,drive_thru,fries,1,1
2026-03-31 16:00:00,counter,chicken_tenders,2,1
2026-03-31 16:00:00,counter,fries,1,1
2026-03-31 16:00:00,delivery,chicken_tenders,1,1
2026-03-31 16:00:00,drive_thru,chicken_tenders,2,2
2026-03-31 16:00:00,drive_thru,fries,1,1
2026-03-31 16:15:00,counter,chicken_tenders,6,4
2026-03-31 16:15:00,counter,fries,1,1
2026-03-31 16:30:00,counter,fries,1,1
2026-03-31 16:30:00,delivery,chicken_tenders,2,1
2026-03-31 16:30:00,drive_thru,chicken_tenders,2,1
2026-03-31 16:30:00,drive_thru,fries,1,1
2026-03-31 16:45:00,drive_thru,fries,1,1
2026-03-31 17:00:00,counter,chicken_tenders,1,1
2026-03-31 17:00:00,counter,fries,3,3
2026-03-31 17:00:00,drive_thru,chicken_tenders,3,2
2026-03-31 17:00:00,drive_thru,fries,2,1
2026-03-31 17:15:00,counter,chicken_tenders,2,2
2026-03-31 17:15:00,counter,fries,1,1
2026-03-31 17:30:00,delivery,chicken_tenders,1,1
2026-03-31 17:30:00,delivery,fries,1,1
2026-03-31 17:30:00,drive_thru,chicken_tenders,3,2
2026-03-31 17:30:00,drive_thru,fries,3,1
2026-03-31 17:45:00,counter,fries,1,1
2026-03-31 17:45:00,delivery,fries,1,1
2026-03-31 17:45:00,drive_thru,chicken_tenders,2,2
2026-03-31 18:00:00,counter,chicken_tenders,2,2
2026-03-31 18:00:00,counter,fries,1,1
2026-03-31 18:00:00,drive_thru,chicken_tenders,3,2
2026-03-31 18:00:00,drive_thru,fries,3,3
2026-03-31 18:15:00,counter,chicken_tenders,1,1
2026-03-31 18:15:00,delivery,chicken_tenders,3,2
2026-03-31 18:15:00,drive_thru,chicken_tenders,2,2
2026-03-31 18:15:00,drive_thru,fries,1,1
2026-03-31 18:30:00,counter,chicken_tenders,2,1
2026-03-31 18:30:00,counter,fries,1,1
2026-03-31 18:30:00,drive_thru,chicken_tenders,2,1
2026-03-31 18:30:00,drive_thru,fries,3,2
2026-03-31 18:45:00,counter,chicken_tenders,1,1
2026-03-31 18:45:00,counter,fries,2,1
2026-03-31 18:45:00,delivery,chicken_tenders,1,1
2026-03-31 18:45:00,delivery,fries,1,1
2026-03-31 18:45:00,drive_thru,chicken_tenders,2,1
2026-03-31 18:45:00,drive_thru,fries,2,1
2026-03-31 19:00:00,delivery,chicken_tenders,1,1
2026-03-31 19:00:00,delivery,fries,1,1
2026-03-31 19:00:00,drive_thru,fries,1,1
2026-03-31 19:15:00,counter,chicken_tenders,2,1
2026-03-31 19:15:00,counter,fries,1,1
2026-03-31 19:15:00,delivery,chicken_tenders,1,1
2026-03-31 19:15:00,delivery,fries,2,2
2026-03-31 19:15:00,drive_thru,chicken_tenders,2,2
2026-03-31 19:15:00,drive_thru,fries,3,2
2026-03-31 19:30:00,counter,fries,4,3
2026-03-31 19:30:00,delivery,fries,2,2
2026-03-31 19:30:00,drive_thru,chicken_tenders,1,1
2026-03-31 19:30:00,drive_thru,fries,1,1
2026-03-31 19:45:00,counter,fries,2,1
2026-03-31 19:45:00,delivery,chicken_tenders,2,1
2026-03-31 19:45:00,delivery,fries,2,1
2026-03-31 19:45:00,drive_thru,fries,3,1
2026-03-31 20:15:00,delivery,chicken_tenders,2,1
2026-03-31 20:15:00,drive_thru,fries,2,1
2026-03-31 20:30:00,counter,chicken_tenders,1,1
2026-03-31 20:30:00,drive_thru,chicken_tenders,1,1
2026-03-31 20:45:00,counter,chicken_tenders,3,1
2026-03-31 21:00:00,drive_thru,fries,2,2
2026-03-31 21:15:00,counter,fries,1,1
2026-03-31 21:15:00,delivery,chicken_tenders,2,2
2026-03-31 21:45:00,counter,fries,3,1
2026-03-31 21:45:00,drive_thru,chicken_tenders,2,1
